customer_id,customer_name,email,country,signup_date,customer_type,age,updated_at
1,Rachel Mcgee,davidsontaylor@example.org,,2025-12-03,Premium,,2026-07-19 13:22:07.325394
2,Elizabeth Roth,stephanietaylor@example.com,USA,2025-04-18,Standard,65.0,2026-07-19 13:22:07.325394
3,Cynthia Davies,melaniemorales@example.net,,2022-05-25,Premium,,2026-07-19 13:22:07.325394
4,John Simmons,cindybarker@example.org,Canada,2026-05-19,Premium,31.0,2026-07-19 13:22:07.325394
5,Amber Kelly,goodwinharry@example.net,UK,2023-03-05,Premium,53.0,2026-07-19 13:22:07.325394
6,Paul Gonzales,wwheeler@example.org,,2022-11-27,,,2026-07-19 13:22:07.326395
7,Nicholas Daniels,edwardvalencia@example.org,UK,2024-12-27,Premium,66.0,2026-07-19 13:22:07.326395
8,Laura Johnston,turnermichelle@example.com,,2024-03-06,premium,35.0,2026-07-19 13:22:07.326395
9,Ernest Levy,rglover@example.net,USA,2021-03-07,premium,24.0,2026-07-19 13:22:07.326395
10,Jessica Berry,watsonandrea@example.com,Germany,2026-01-02,premium,,2026-07-19 13:22:07.326395
11,Alison Little,evansmatthew@example.org,Canada,2022-06-16,,52.0,2026-07-19 13:22:07.326395
12,Larry Lloyd,uhughes@example.com,Germany,2026-02-08,premium,,2026-07-19 13:22:07.326395
13,Anthony Obrien,amandayang@example.org,UK,2025-06-21,Premium,20.0,2026-07-19 13:22:07.327394
14,Jeremy Knox,stephen69@example.com,India,2026-02-06,Standard,,2026-07-19 13:22:07.327394
15,Denise Lindsey,brandoncombs@example.net,India,2024-01-03,premium,,2026-07-19 13:22:07.327394
16,Felicia Davidson,adrianachandler@example.org,India,2025-05-16,premium,62.0,2026-07-19 13:22:07.327394
17,Amber Hart,ashley78@example.org,UK,2022-12-27,Standard,52.0,2026-07-19 13:22:07.327394
18,Michael Herrera,kingmaria@example.com,USA,2023-12-16,,35.0,2026-07-19 13:22:07.327394
19,Heather Arroyo,bjennings@example.com,,2024-09-23,Premium,32.0,2026-07-19 13:22:07.327394
20,Ann Wheeler,hoffmanmary@example.net,India,2024-04-19,premium,22.0,2026-07-19 13:22:07.327394
21,Margaret Ross,cindy43@example.net,UK,2021-08-20,premium,,2026-07-19 13:22:07.327394
22,Larry Martinez,willistanya@example.com,Germany,2021-08-03,,,2026-07-19 13:22:07.328394
23,Gregory Hill,xdelgado@example.org,USA,2025-03-01,premium,,2026-07-19 13:22:07.328394
24,Drew Wiggins,sarahtaylor@example.net,UK,2024-04-23,premium,32.0,2026-07-19 13:22:07.328394
25,Michael Atkinson,anna17@example.org,UK,2023-10-13,Premium,66.0,2026-07-19 13:22:07.328394
26,Sarah Rangel,michael62@example.com,Canada,2025-09-09,Standard,,2026-07-19 13:22:07.328394
27,Bradley Ray,kristina37@example.com,UK,2026-03-11,,,2026-07-19 13:22:07.328394
28,Derek Lee,mcgrathbenjamin@example.org,UK,2025-02-20,Premium,61.0,2026-07-19 13:22:07.328394
29,Matthew Petersen,leonpowell@example.net,,2021-08-02,premium,,2026-07-19 13:22:07.328394
30,Joshua Fischer,troberson@example.net,Canada,2024-11-25,,,2026-07-19 13:22:07.329394
31,Mary Morris,kaylachase@example.org,Canada,2021-03-14,premium,50.0,2026-07-19 13:22:07.329394
32,Brandon Wilson,bakernicole@example.com,UK,2021-06-06,Premium,,2026-07-19 13:22:07.329394
33,Stefanie Hahn,aramirez@example.org,,2023-09-14,Standard,,2026-07-19 13:22:07.329394
34,Tamara Montgomery,debbie32@example.com,USA,2023-07-11,Premium,,2026-07-19 13:22:07.329394
35,Sarah Mccoy,ymoore@example.com,Germany,2026-06-10,Premium,,2026-07-19 13:22:07.329394
36,Richard Parker,sandrapayne@example.org,USA,2026-03-23,Standard,54.0,2026-07-19 13:22:07.329394
37,Cynthia Johnson,david29@example.net,Canada,2022-06-12,,70.0,2026-07-19 13:22:07.329394
38,Emily Garcia,diana50@example.com,UK,2022-04-03,Standard,,2026-07-19 13:22:07.330424
39,Samantha Bean,daniel00@example.net,UK,2025-08-15,premium,,2026-07-19 13:22:07.330424
40,Katherine Steele,yjohnson@example.com,USA,2021-05-04,Standard,,2026-07-19 13:22:07.330424
41,Barbara Barrett,nicole00@example.org,Germany,2022-10-13,premium,,2026-07-19 13:22:07.330424
42,Tanner Adams,fkaufman@example.net,Canada,2025-02-27,Standard,,2026-07-19 13:22:07.330424
43,James Thompson DDS,dpadilla@example.org,Canada,2023-04-02,Standard,55.0,2026-07-19 13:22:07.330424
44,Megan Mccullough,david94@example.org,Canada,2026-02-24,Premium,32.0,2026-07-19 13:22:07.330424
45,Robert Lara,debra67@example.org,Canada,2021-09-23,premium,22.0,2026-07-19 13:22:07.330424
46,Spencer Clark,sarah01@example.org,India,2022-10-18,,31.0,2026-07-19 13:22:07.331394
47,Jason Rogers,robinsonbarbara@example.net,,2021-04-21,,,2026-07-19 13:22:07.331394
48,Denise Bond,brooksashley@example.com,Germany,2025-06-25,Premium,,2026-07-19 13:22:07.331394
49,Tiffany Miles MD,elizabethsullivan@example.com,India,2024-03-04,,47.0,2026-07-19 13:22:07.331394
50,Michelle Williams,erin37@example.com,,2022-11-19,Premium,,2026-07-19 13:22:07.331394
51,Eric Lee,dawnmoore@example.org,,2024-08-24,Premium,33.0,2026-07-19 13:22:07.331394
52,Jeff Lambert,george47@example.com,USA,2023-07-17,,,2026-07-19 13:22:07.332421
53,Joanna Fuller,asalinas@example.com,USA,2024-12-26,,33.0,2026-07-19 13:22:07.332421
54,Stephanie Walker,harrismichelle@example.com,Germany,2022-01-07,Premium,21.0,2026-07-19 13:22:07.332421
55,Jeffrey Owens,zachary27@example.org,Canada,2021-05-09,Standard,,2026-07-19 13:22:07.332421
56,Matthew Holt,hannahwhite@example.net,Germany,2023-11-07,Standard,43.0,2026-07-19 13:22:07.332421
57,Zachary Wood,jeffreyhampton@example.net,USA,2024-06-03,Premium,,2026-07-19 13:22:07.332421
58,Jason Obrien,kristen04@example.org,Germany,2024-12-12,,,2026-07-19 13:22:07.332421
59,David Miller,donnagallagher@example.com,USA,2025-06-26,premium,31.0,2026-07-19 13:22:07.332421
60,Devin Young,imoody@example.net,UK,2022-06-04,Premium,,2026-07-19 13:22:07.333411
61,Isaiah Burgess,joelawrence@example.org,Canada,2026-04-08,,50.0,2026-07-19 13:22:07.333411
62,Jimmy James,hernandezrobert@example.net,Canada,2021-02-28,Premium,29.0,2026-07-19 13:22:07.333411
63,Bethany Stewart,johnsonthomas@example.com,UK,2026-03-02,Standard,43.0,2026-07-19 13:22:07.333411
64,Kathryn Clark,wbriggs@example.org,UK,2025-03-02,Premium,57.0,2026-07-19 13:22:07.333411
65,Anthony Austin MD,christopher67@example.net,Germany,2022-11-11,premium,34.0,2026-07-19 13:22:07.333411
66,Haley Jackson,devinmeyer@example.org,,2022-07-14,premium,,2026-07-19 13:22:07.333411
67,James Moreno,brian42@example.com,Germany,2025-10-24,premium,,2026-07-19 13:22:07.333411
68,Judith Bell,denise42@example.org,Canada,2026-06-30,,57.0,2026-07-19 13:22:07.333411
69,Gregory Thomas,tony44@example.net,Canada,2023-07-14,Standard,,2026-07-19 13:22:07.333411
70,Olivia Baldwin,troyherrera@example.org,USA,2021-04-25,premium,22.0,2026-07-19 13:22:07.333411
71,Chloe Davis,laura36@example.org,India,2024-12-13,Standard,,2026-07-19 13:22:07.333411
72,Bryan Owens,thomasrice@example.net,UK,2022-01-09,Premium,,2026-07-19 13:22:07.334918
73,Rachel Richards MD,kevingreen@example.com,,2025-12-19,Standard,34.0,2026-07-19 13:22:07.334918
74,Darrell Fox,angelawilliams@example.org,Canada,2022-05-21,Standard,,2026-07-19 13:22:07.334918
75,Barbara Alvarado,travismcclure@example.org,UK,2025-05-14,premium,,2026-07-19 13:22:07.334918
76,William Berry,daleholt@example.net,UK,2023-10-23,premium,21.0,2026-07-19 13:22:07.334918
77,Denise Lopez PhD,rose68@example.org,,2024-03-04,premium,20.0,2026-07-19 13:22:07.334918
78,Michael Palmer,amymitchell@example.org,India,2022-03-23,Standard,,2026-07-19 13:22:07.334918
79,Laura Shaw,aaroncooper@example.net,USA,2022-05-23,,,2026-07-19 13:22:07.334918
80,Rebecca Castaneda MD,peter77@example.com,UK,2026-06-30,Premium,22.0,2026-07-19 13:22:07.335939
81,Justin Mcdonald,currycorey@example.net,UK,2026-05-07,premium,55.0,2026-07-19 13:22:07.335939
82,Bradley Anthony,schmittkathy@example.org,Germany,2025-10-31,Premium,,2026-07-19 13:22:07.335939
83,Stephen Young,kimberly63@example.org,Canada,2021-07-05,premium,31.0,2026-07-19 13:22:07.335939
84,Hailey Osborne,simmonssherry@example.net,,2025-12-21,premium,,2026-07-19 13:22:07.335939
85,Janet Welch,kristinacarter@example.net,UK,2022-05-07,Standard,33.0,2026-07-19 13:22:07.335939
86,Carol Vargas,webbjulie@example.com,USA,2021-08-09,,19.0,2026-07-19 13:22:07.335939
87,Alexandria Sheppard DVM,davidmartin@example.org,,2021-05-13,premium,,2026-07-19 13:22:07.335939
88,Jake Kennedy,owensrobert@example.com,,2021-09-14,Standard,35.0,2026-07-19 13:22:07.336938
89,Hannah Hall,williampeterson@example.net,,2025-12-10,,,2026-07-19 13:22:07.336938
90,Maureen Nelson,matthewbrown@example.net,USA,2025-06-06,,,2026-07-19 13:22:07.336938
91,Bryan Terry,virginiamejia@example.net,USA,2025-04-19,Premium,60.0,2026-07-19 13:22:07.336938
92,David Peterson,maryriggs@example.net,Germany,2024-09-15,premium,,2026-07-19 13:22:07.336938
93,Cole Chavez,amyprice@example.com,India,2022-12-14,,,2026-07-19 13:22:07.336938
94,Rhonda White,vcasey@example.org,Canada,2025-11-25,premium,,2026-07-19 13:22:07.336938
95,Scott Edwards,ysharp@example.org,Canada,2025-12-09,,,2026-07-19 13:22:07.336938
96,Michael Horn,tamara37@example.org,Germany,2023-02-24,Premium,42.0,2026-07-19 13:22:07.337939
97,Monica Butler,daniellewhite@example.com,India,2026-04-20,,18.0,2026-07-19 13:22:07.337939
98,Kimberly Vasquez,christopher55@example.org,India,2024-02-17,Premium,,2026-07-19 13:22:07.337939
99,Matthew Fisher,richardwyatt@example.com,UK,2024-10-15,Premium,,2026-07-19 13:22:07.337939
100,Thomas Moore,sandra71@example.org,UK,2024-10-24,,,2026-07-19 13:22:07.337939
101,Robert Blanchard,josephmelton@example.net,,2024-11-21,Standard,,2026-07-19 13:22:07.337939
102,Gary White,tonimccarty@example.com,,2021-04-11,,61.0,2026-07-19 13:22:07.337939
103,Christopher Hughes,robertscott@example.org,UK,2023-05-11,premium,43.0,2026-07-19 13:22:07.337939
104,Tyler Reed,matthewsmith@example.com,India,2024-12-09,Standard,,2026-07-19 13:22:07.338940
105,Jennifer Ross,bakermichael@example.com,Germany,2024-01-27,,61.0,2026-07-19 13:22:07.338940
106,Lisa Wolf,benjaminstevens@example.com,UK,2023-11-23,Standard,60.0,2026-07-19 13:22:07.338940
107,Dr. Sara Hamilton MD,lsnyder@example.org,India,2023-08-29,premium,23.0,2026-07-19 13:22:07.338940
108,Raymond Moore,grobinson@example.com,,2024-10-22,Standard,69.0,2026-07-19 13:22:07.338940
109,Jesse Monroe,troy79@example.net,USA,2026-05-30,Premium,,2026-07-19 13:22:07.338940
110,Ashley Bradford,blaircaroline@example.com,UK,2021-10-13,Premium,,2026-07-19 13:22:07.338940
111,Colin Walker,qhiggins@example.com,,2023-04-28,Standard,,2026-07-19 13:22:07.338940
112,Kelly Martinez,mhall@example.net,Germany,2024-04-22,Standard,27.0,2026-07-19 13:22:07.339939
113,Matthew Bennett,laurengonzalez@example.org,Canada,2022-03-08,,32.0,2026-07-19 13:22:07.339939
114,Juan Hopkins,fishercory@example.com,,2023-08-24,,21.0,2026-07-19 13:22:07.339939
115,Jennifer Luna,amber87@example.com,Canada,2023-12-28,Standard,,2026-07-19 13:22:07.339939
116,Natasha Russell,qperez@example.net,,2023-07-28,premium,,2026-07-19 13:22:07.339939
117,Dylan Durham,jessica54@example.net,UK,2021-12-23,,,2026-07-19 13:22:07.339939
118,Emily Williams,ndelacruz@example.org,USA,2022-05-18,,,2026-07-19 13:22:07.339939
119,Christopher Shelton,stephaniesullivan@example.org,USA,2021-11-02,premium,,2026-07-19 13:22:07.339939
120,Steve Moore,cjensen@example.com,,2025-03-17,premium,46.0,2026-07-19 13:22:07.340922
121,Derek Greene,kanderson@example.net,,2024-12-11,Standard,,2026-07-19 13:22:07.340922
122,Richard Williams,rachel12@example.org,India,2021-07-17,Premium,26.0,2026-07-19 13:22:07.340922
123,Dalton Sanchez,jacob44@example.net,USA,2024-05-26,Standard,63.0,2026-07-19 13:22:07.340922
124,Sara Church,jwallace@example.org,Canada,2024-03-22,,,2026-07-19 13:22:07.340922
125,Jonathan Lee,kyliemurphy@example.net,Germany,2026-03-14,Standard,,2026-07-19 13:22:07.340922
126,Joshua Baker,kimberlyvillegas@example.net,UK,2021-03-30,Premium,,2026-07-19 13:22:07.340922
127,Carla Williams,ryankimberly@example.net,Germany,2026-07-07,premium,,2026-07-19 13:22:07.340922
128,Amanda Cortez,kellypeter@example.com,Germany,2023-07-13,Standard,49.0,2026-07-19 13:22:07.341943
129,Walter Long,timothyandrade@example.org,India,2024-02-08,,,2026-07-19 13:22:07.341943
130,Mark Rodriguez,summersmichael@example.net,India,2022-10-19,,64.0,2026-07-19 13:22:07.341943
131,James Holloway,lauren69@example.net,Germany,2021-05-23,Standard,57.0,2026-07-19 13:22:07.341943
132,Margaret Watson,yorkjackie@example.net,Germany,2023-03-25,Premium,,2026-07-19 13:22:07.341943
133,Bob Reed,lori54@example.net,USA,2021-09-08,,29.0,2026-07-19 13:22:07.341943
134,Christopher Graves,kirkmatthew@example.org,India,2024-06-03,premium,,2026-07-19 13:22:07.341943
135,Cody Clark,uwatkins@example.com,India,2024-08-27,,,2026-07-19 13:22:07.341943
136,Hayley Nelson,vdavidson@example.com,India,2021-11-13,Premium,48.0,2026-07-19 13:22:07.341943
137,Miss Betty Anderson,kristin95@example.com,,2023-07-11,Premium,40.0,2026-07-19 13:22:07.342937
138,Melanie Boyle,collinlarsen@example.org,,2026-03-01,Premium,66.0,2026-07-19 13:22:07.342937
139,Michael Henderson,gbishop@example.org,USA,2025-06-06,Premium,57.0,2026-07-19 13:22:07.342937
140,Mason Anderson,jasonpeters@example.org,USA,2025-11-03,,60.0,2026-07-19 13:22:07.342937
141,Mary Lee,michael87@example.org,UK,2021-03-26,Standard,,2026-07-19 13:22:07.342937
142,Lisa Pruitt,adamslaura@example.org,India,2025-08-10,Premium,67.0,2026-07-19 13:22:07.342937
143,Peter Schultz,chaveztimothy@example.com,India,2025-12-10,Premium,,2026-07-19 13:22:07.342937
144,Jeffrey Weaver,elizabethlee@example.org,Germany,2021-04-08,Standard,22.0,2026-07-19 13:22:07.342937
145,Luis Roberts,douglasrojas@example.net,Canada,2022-08-22,premium,61.0,2026-07-19 13:22:07.343938
146,Carla Shah,nadams@example.net,UK,2022-02-28,Premium,,2026-07-19 13:22:07.343938
147,Omar Greer,bassphyllis@example.org,,2024-06-21,Premium,,2026-07-19 13:22:07.343938
148,Bradley Garcia,gardnerstephanie@example.com,Canada,2021-10-14,,,2026-07-19 13:22:07.343938
149,Jesse Mckay,jrobinson@example.org,Canada,2024-02-13,premium,,2026-07-19 13:22:07.343938
150,Yesenia Middleton,jacqueline39@example.org,,2025-09-09,,,2026-07-19 13:22:07.343938
151,Brian Arnold,agilbert@example.com,UK,2022-01-06,,,2026-07-19 13:22:07.343938
152,Stephen Smith,jreynolds@example.net,,2023-03-24,premium,38.0,2026-07-19 13:22:07.343938
153,Peter Anderson,sgould@example.net,Canada,2024-12-25,,,2026-07-19 13:22:07.343938
154,Gary Meyer,ronald46@example.com,UK,2023-02-16,,39.0,2026-07-19 13:22:07.344942
155,George Williams,davidrobertson@example.com,Germany,2021-10-11,premium,,2026-07-19 13:22:07.344942
156,Todd Thompson,christianmartin@example.net,USA,2024-07-23,premium,,2026-07-19 13:22:07.344942
157,David Mcdonald,zchapman@example.com,UK,2022-08-13,premium,53.0,2026-07-19 13:22:07.344942
158,Christopher Johnson,karendiaz@example.org,UK,2021-03-26,Standard,23.0,2026-07-19 13:22:07.344942
159,Joshua Small,ssummers@example.net,,2024-04-08,,53.0,2026-07-19 13:22:07.344942
160,Ashley Lewis,jeffreywolfe@example.org,,2023-11-17,,46.0,2026-07-19 13:22:07.344942
161,Edward Cook,ryanoliver@example.org,Canada,2024-11-24,Standard,43.0,2026-07-19 13:22:07.344942
162,Jonathan Hudson,ralph48@example.org,India,2022-10-29,premium,,2026-07-19 13:22:07.345941
163,Brittany George,alicia30@example.org,Germany,2022-05-14,premium,,2026-07-19 13:22:07.345941
164,Jennifer Young,wmitchell@example.net,India,2024-10-30,premium,32.0,2026-07-19 13:22:07.345941
165,Melissa Diaz,bgalloway@example.org,,2025-06-20,premium,25.0,2026-07-19 13:22:07.345941
166,Gary Brennan,rtapia@example.com,USA,2025-05-02,,,2026-07-19 13:22:07.345941
167,Christy Taylor,joshuathomas@example.com,Canada,2021-11-17,Standard,36.0,2026-07-19 13:22:07.345941
168,Tim Melendez,gmata@example.org,India,2025-07-17,premium,18.0,2026-07-19 13:22:07.345941
169,Thomas White,michaelaguilar@example.com,India,2026-04-17,Premium,,2026-07-19 13:22:07.345941
170,Carlos Cohen,joytaylor@example.com,,2021-04-03,Standard,,2026-07-19 13:22:07.345941
171,Jessica Beck,masoneric@example.net,Canada,2021-08-27,Premium,,2026-07-19 13:22:07.346938
172,James Gray DVM,elizabethbanks@example.org,Germany,2023-11-12,,39.0,2026-07-19 13:22:07.346938
173,Carrie Henderson,andrewlynch@example.com,Canada,2025-02-17,,25.0,2026-07-19 13:22:07.346938
174,Cheryl Owens,matthewball@example.org,Germany,2023-10-16,Premium,54.0,2026-07-19 13:22:07.346938
175,Jasmin Delgado,ericeaton@example.com,USA,2025-09-17,premium,23.0,2026-07-19 13:22:07.347924
176,Ryan Jacobs,veronicayork@example.org,Canada,2023-06-03,,56.0,2026-07-19 13:22:07.347924
177,William Arroyo,bpeterson@example.org,UK,2024-05-31,,,2026-07-19 13:22:07.347924
178,Robert Dunn,ortegasean@example.org,UK,2024-02-22,premium,54.0,2026-07-19 13:22:07.347924
179,Alejandra Tanner,chad28@example.com,UK,2021-03-01,Premium,66.0,2026-07-19 13:22:07.347924
180,Dr. Gabriel Campbell,odominguez@example.com,,2025-05-13,premium,60.0,2026-07-19 13:22:07.347924
181,Tyler Nelson,christopherpeters@example.com,USA,2025-03-15,Standard,53.0,2026-07-19 13:22:07.347924
182,Tiffany Russell,vjones@example.org,USA,2026-07-14,,,2026-07-19 13:22:07.347924
183,Javier Walls,pgreen@example.org,India,2026-05-14,Standard,,2026-07-19 13:22:07.347924
184,Carlos Gonzalez,heidi29@example.com,,2021-09-23,,22.0,2026-07-19 13:22:07.348938
185,Peggy Mills,ppearson@example.net,India,2022-02-17,Standard,45.0,2026-07-19 13:22:07.348938
186,Brian Davis,alyssaoliver@example.com,UK,2025-04-15,Standard,35.0,2026-07-19 13:22:07.348938
187,Charles Garcia,sandovalsarah@example.com,Canada,2026-03-19,Standard,,2026-07-19 13:22:07.348938
188,Carrie Warren,garciasara@example.net,UK,2022-05-08,premium,46.0,2026-07-19 13:22:07.348938
189,Charles Sullivan,gloverarthur@example.org,Germany,2022-09-08,premium,,2026-07-19 13:22:07.348938
190,David Rogers,apotter@example.net,India,2023-09-29,,46.0,2026-07-19 13:22:07.348938
191,Jennifer Baldwin,josephthompson@example.com,UK,2026-04-29,,,2026-07-19 13:22:07.348938
192,Kurt Kirby,gibbsjamie@example.net,UK,2025-02-22,Premium,23.0,2026-07-19 13:22:07.349938
193,Sandra Jones,lbailey@example.net,,2021-11-10,Premium,,2026-07-19 13:22:07.349938
194,Andre Ramsey,reidmichael@example.net,UK,2026-04-28,Standard,,2026-07-19 13:22:07.349938
195,Hayden Estrada,annamurray@example.net,India,2025-07-13,,,2026-07-19 13:22:07.349938
196,Linda Jenkins,vduke@example.com,Canada,2023-11-30,premium,,2026-07-19 13:22:07.349938
197,Susan Silva,hsmith@example.net,India,2022-10-16,Premium,,2026-07-19 13:22:07.349938
198,Gabrielle Simmons,ochoastephanie@example.org,Germany,2022-08-29,,,2026-07-19 13:22:07.349938
199,Theresa Jackson,lgregory@example.com,UK,2026-05-05,,,2026-07-19 13:22:07.349938
200,Tommy Bryant,ellen77@example.com,India,2024-09-25,Premium,,2026-07-19 13:22:07.350938
201,Miss Valerie Lopez,fkelly@example.net,UK,2021-12-03,Premium,,2026-07-19 13:22:07.350938
202,Darren Fernandez,joseph62@example.com,Germany,2026-03-30,Standard,,2026-07-19 13:22:07.350938
203,Charles Richardson,william12@example.org,UK,2022-04-22,,,2026-07-19 13:22:07.350938
204,Cameron Lowe,ericoneill@example.net,Canada,2025-05-29,premium,53.0,2026-07-19 13:22:07.350938
205,Lisa Carr,qarmstrong@example.net,India,2024-02-03,,25.0,2026-07-19 13:22:07.350938
206,Tasha Miller,ostafford@example.com,,2023-02-19,Standard,63.0,2026-07-19 13:22:07.350938
207,Richard Burton,wcoleman@example.net,India,2023-06-17,Premium,,2026-07-19 13:22:07.350938
208,Ashley Ellis,carrie93@example.org,Canada,2025-04-15,Premium,47.0,2026-07-19 13:22:07.350938
209,Jamie Cunningham,brian45@example.net,,2021-11-18,Standard,,2026-07-19 13:22:07.351939
210,Matthew Estrada,griley@example.org,UK,2022-08-05,premium,,2026-07-19 13:22:07.351939
211,Tiffany Jackson,audreycook@example.com,Germany,2025-03-07,,53.0,2026-07-19 13:22:07.351939
212,Joseph Reed,miguel07@example.org,Germany,2025-06-24,Standard,,2026-07-19 13:22:07.351939
213,Anna Kennedy,nelsonraymond@example.com,Germany,2024-08-22,premium,70.0,2026-07-19 13:22:07.351939
214,Scott Burns,nicholas14@example.org,India,2022-06-24,premium,,2026-07-19 13:22:07.351939
215,Jonathan Cruz,amyrobinson@example.net,USA,2024-01-17,,,2026-07-19 13:22:07.351939
216,James Willis,gdavis@example.com,UK,2022-04-09,,,2026-07-19 13:22:07.351939
217,Vanessa Spears,hgood@example.com,USA,2022-08-21,Standard,,2026-07-19 13:22:07.352923
218,Michael Davidson,morgan89@example.net,USA,2021-09-30,,,2026-07-19 13:22:07.352923
219,Thomas Smith,martinamanda@example.org,,2023-11-24,,42.0,2026-07-19 13:22:07.352923
220,Veronica Cabrera,crystal15@example.com,Germany,2021-02-20,Premium,,2026-07-19 13:22:07.352923
221,Justin Taylor,alexwallace@example.com,Canada,2021-08-24,,,2026-07-19 13:22:07.352923
222,Karen Lopez,jameswillis@example.com,Canada,2022-07-01,Standard,44.0,2026-07-19 13:22:07.352923
223,Steven Bates,adamscarla@example.org,Canada,2023-12-01,premium,,2026-07-19 13:22:07.352923
224,Faith Barr,pyoung@example.org,,2026-02-05,premium,,2026-07-19 13:22:07.352923
225,Rebecca Hawkins,monica52@example.org,India,2023-01-13,,52.0,2026-07-19 13:22:07.353921
226,Kimberly Hernandez,bthomas@example.com,UK,2026-03-01,Standard,,2026-07-19 13:22:07.353921
227,Brandon Duncan,opaul@example.org,USA,2022-05-12,Premium,45.0,2026-07-19 13:22:07.353921
228,Michael Murray,coleernest@example.net,,2022-08-08,Premium,46.0,2026-07-19 13:22:07.353921
229,Carol Silva,feliciatodd@example.net,,2024-11-13,Premium,,2026-07-19 13:22:07.353921
230,Caleb Esparza,diazchristopher@example.org,Canada,2024-11-26,premium,,2026-07-19 13:22:07.353921
231,Dakota Mcdaniel,kylemckinney@example.org,USA,2025-03-06,,54.0,2026-07-19 13:22:07.353921
232,David Gonzalez,tuckersusan@example.com,USA,2025-07-26,Premium,,2026-07-19 13:22:07.353921
233,Deborah Moore,lopezjessica@example.org,UK,2022-09-19,Standard,49.0,2026-07-19 13:22:07.354946
234,Nicole Adams MD,xross@example.com,USA,2023-12-18,premium,,2026-07-19 13:22:07.354946
235,Jeffery Donaldson,molly59@example.net,,2026-06-30,,36.0,2026-07-19 13:22:07.354946
236,Sonya Costa,tiffany40@example.com,Canada,2024-01-27,premium,,2026-07-19 13:22:07.354946
237,Joseph Phelps,xgreene@example.com,,2021-02-25,,,2026-07-19 13:22:07.354946
238,Brenda Howell,nicholas44@example.org,Germany,2021-10-22,premium,,2026-07-19 13:22:07.354946
239,Michael Hernandez,xsmith@example.net,Germany,2025-12-13,Standard,,2026-07-19 13:22:07.354946
240,Sean Ford,sara11@example.org,UK,2024-11-21,premium,,2026-07-19 13:22:07.354946
241,Gregory Fisher,markpadilla@example.net,India,2026-07-03,Premium,,2026-07-19 13:22:07.354946
242,Beverly Rose,carol71@example.net,India,2022-03-14,Standard,,2026-07-19 13:22:07.354946
243,John Davis,perezteresa@example.com,USA,2022-12-24,Standard,,2026-07-19 13:22:07.355939
244,Nicholas Mcclain,lauragriffin@example.org,,2022-04-24,Standard,58.0,2026-07-19 13:22:07.355939
245,Brittany Wolfe,john10@example.org,,2022-12-04,Premium,,2026-07-19 13:22:07.355939
246,Michael Foster,ubryant@example.com,Canada,2023-04-20,premium,64.0,2026-07-19 13:22:07.355939
247,Justin Beard,yatesmichael@example.net,Canada,2021-06-13,premium,,2026-07-19 13:22:07.355939
248,Paul Phillips,sarahkim@example.net,USA,2025-06-03,Standard,,2026-07-19 13:22:07.355939
249,Elizabeth Waters,jsummers@example.com,UK,2023-09-26,premium,,2026-07-19 13:22:07.355939
250,Mallory Howard MD,amanda60@example.net,Germany,2021-02-14,premium,,2026-07-19 13:22:07.355939
251,Michael Wallace,victorialawrence@example.com,Canada,2023-12-03,Premium,27.0,2026-07-19 13:22:07.355939
252,Antonio Vincent,nancy97@example.net,,2022-06-27,,,2026-07-19 13:22:07.356937
253,Zachary Lewis,ronald47@example.com,Canada,2022-02-11,,,2026-07-19 13:22:07.356937
254,John Brady,sarah39@example.com,UK,2025-11-08,,,2026-07-19 13:22:07.356937
255,Benjamin Rogers MD,nicholas74@example.com,UK,2024-05-30,premium,24.0,2026-07-19 13:22:07.356937
256,Joe Collins,jason67@example.net,Germany,2026-05-29,premium,57.0,2026-07-19 13:22:07.356937
257,James Smith,terryanderson@example.net,,2026-03-12,,,2026-07-19 13:22:07.356937
258,Timothy Daniels,ellisrebecca@example.net,,2024-04-04,Premium,26.0,2026-07-19 13:22:07.356937
259,Tiffany Smith,rsalazar@example.org,Canada,2024-11-03,,25.0,2026-07-19 13:22:07.356937
260,Michael Casey,laurenwalsh@example.net,USA,2021-07-28,Standard,,2026-07-19 13:22:07.357922
261,Ronnie Wade,randallcook@example.com,India,2022-10-15,,55.0,2026-07-19 13:22:07.357922
262,Ms. Eileen Brown,amber99@example.org,Germany,2022-11-16,Premium,,2026-07-19 13:22:07.357922
263,Larry Duncan,george30@example.org,India,2026-05-13,premium,,2026-07-19 13:22:07.357922
264,Nicholas Parrish,ashleybrown@example.org,Germany,2021-03-21,Standard,41.0,2026-07-19 13:22:07.357922
265,Rebecca Buchanan,steven28@example.org,,2024-06-27,premium,,2026-07-19 13:22:07.357922
266,Bradley Smith,katrina20@example.org,India,2025-06-26,Premium,,2026-07-19 13:22:07.357922
267,Charles Montgomery,thompsonregina@example.com,Canada,2022-10-31,Standard,59.0,2026-07-19 13:22:07.357922
268,Edward Wright,mallen@example.org,Canada,2022-02-19,premium,33.0,2026-07-19 13:22:07.358923
269,Kristi Christian,vincentdecker@example.org,UK,2025-05-25,Premium,66.0,2026-07-19 13:22:07.358923
270,Molly Nelson,mcgeejoseph@example.net,UK,2025-05-03,Standard,39.0,2026-07-19 13:22:07.358923
271,Philip Sharp,njohnson@example.com,UK,2026-07-14,premium,27.0,2026-07-19 13:22:07.358923
272,Douglas Smith,debbiebennett@example.org,UK,2025-02-21,Standard,25.0,2026-07-19 13:22:07.358923
273,Jeffrey Wong,laurasherman@example.org,USA,2026-06-19,premium,68.0,2026-07-19 13:22:07.358923
274,Mr. Brandon Munoz,wayne29@example.net,UK,2024-09-24,Premium,,2026-07-19 13:22:07.359923
275,Dale Matthews,kimberly36@example.net,Canada,2025-11-02,,51.0,2026-07-19 13:22:07.359923
276,Anthony Williams,fisherstephanie@example.net,,2026-03-11,,,2026-07-19 13:22:07.359923
277,Kathleen Murphy,kathyjames@example.org,UK,2023-03-22,Premium,46.0,2026-07-19 13:22:07.359923
278,Michele Andrews,charlesharris@example.org,UK,2026-04-22,premium,47.0,2026-07-19 13:22:07.359923
279,Evelyn Jenkins,tgilbert@example.org,Canada,2023-11-12,,45.0,2026-07-19 13:22:07.359923
280,Charles Smith,samuelarmstrong@example.net,Germany,2022-07-22,,22.0,2026-07-19 13:22:07.359923
281,Larry Herrera,davisjacqueline@example.net,India,2023-02-20,Standard,22.0,2026-07-19 13:22:07.359923
282,Douglas Morgan,harrisgail@example.net,India,2023-01-18,premium,,2026-07-19 13:22:07.360921
283,Keith Padilla,michellerowe@example.org,Germany,2023-09-18,,24.0,2026-07-19 13:22:07.360921
284,Duane Hartman,michael93@example.org,,2022-11-24,Standard,,2026-07-19 13:22:07.360921
285,Cameron Burns,latoyalong@example.org,USA,2024-03-24,premium,,2026-07-19 13:22:07.360921
286,Stephanie Yoder,cody23@example.org,Germany,2024-03-20,Premium,,2026-07-19 13:22:07.360921
287,Julia Ramsey,shanna@example.net,India,2022-10-26,premium,41.0,2026-07-19 13:22:07.360921
288,Lucas Johnson,kathleenenglish@example.org,,2021-05-16,,22.0,2026-07-19 13:22:07.360921
289,Heather Sutton,ninascott@example.com,Canada,2026-01-10,,,2026-07-19 13:22:07.361922
290,Donald Rhodes,benjamin77@example.net,USA,2023-06-06,Premium,,2026-07-19 13:22:07.361922
291,Elaine Ware,jeremyclark@example.com,,2025-11-11,,,2026-07-19 13:22:07.361922
292,Patricia James,valeriewelch@example.net,,2026-04-05,premium,,2026-07-19 13:22:07.361922
293,Amanda Baker,kristawells@example.org,India,2025-12-19,Standard,,2026-07-19 13:22:07.361922
294,Samuel Rivera,robinsonjuan@example.org,USA,2021-10-18,Premium,,2026-07-19 13:22:07.361922
295,Amanda Lowe,ogrant@example.org,Canada,2022-04-10,premium,54.0,2026-07-19 13:22:07.362959
296,Christopher Jackson,veronicaross@example.net,Germany,2021-10-23,Premium,,2026-07-19 13:22:07.362959
297,Jerry Rush,ywalton@example.com,Canada,2025-07-15,premium,,2026-07-19 13:22:07.362959
298,Anthony Jones,paula95@example.com,India,2024-07-31,Premium,29.0,2026-07-19 13:22:07.362959
299,Nicole Lee,logan55@example.com,UK,2022-11-11,,22.0,2026-07-19 13:22:07.362959
300,Benjamin Vargas,floressharon@example.com,,2022-12-31,Premium,23.0,2026-07-19 13:22:07.362959
301,Gina Reese DDS,morgankline@example.org,Germany,2024-03-12,,39.0,2026-07-19 13:22:07.362959
302,Roger Murphy,judypearson@example.com,India,2024-10-19,premium,67.0,2026-07-19 13:22:07.362959
303,Stacey Murray,isullivan@example.net,Canada,2025-09-04,Standard,66.0,2026-07-19 13:22:07.363921
304,Sara Torres,janet06@example.net,,2026-02-02,premium,,2026-07-19 13:22:07.363921
305,John Fisher,osantana@example.com,Germany,2023-02-22,,,2026-07-19 13:22:07.363921
306,Jill Norris,jeffreyodonnell@example.com,USA,2022-04-25,Premium,,2026-07-19 13:22:07.363921
307,Sara Smith,ryancarter@example.com,Canada,2024-12-16,,,2026-07-19 13:22:07.363921
308,John Thompson,mariahduncan@example.com,Canada,2025-04-24,,56.0,2026-07-19 13:22:07.363921
309,Richard Dodson,amandamurphy@example.com,Canada,2025-05-27,premium,31.0,2026-07-19 13:22:07.363921
310,Dominique Lloyd,qflores@example.net,India,2024-12-04,premium,25.0,2026-07-19 13:22:07.363921
311,Tracy Moran,david61@example.net,Germany,2022-05-12,,29.0,2026-07-19 13:22:07.364921
312,David Smith,jonathanmorris@example.org,Germany,2023-07-25,Standard,,2026-07-19 13:22:07.364921
313,Emily Foley,brich@example.net,Canada,2024-04-27,Premium,45.0,2026-07-19 13:22:07.364921
314,Matthew Pacheco,ujohnson@example.net,Germany,2021-05-20,Premium,,2026-07-19 13:22:07.364921
315,Jessica Baker,kellerapril@example.org,UK,2024-04-12,,36.0,2026-07-19 13:22:07.364921
316,Michael Miller,wevans@example.net,Germany,2026-06-07,premium,,2026-07-19 13:22:07.364921
317,Breanna Hall,frankwood@example.com,,2021-05-23,premium,,2026-07-19 13:22:07.364921
318,Robert Taylor,ohall@example.org,Canada,2025-03-08,,,2026-07-19 13:22:07.364921
319,Susan Tate,benjamin50@example.net,UK,2026-02-08,,,2026-07-19 13:22:07.365922
320,Ricky Parker,sullivankelly@example.org,USA,2024-09-05,Standard,22.0,2026-07-19 13:22:07.365922
321,Richard Daniel,thansen@example.com,UK,2023-09-09,Standard,,2026-07-19 13:22:07.365922
322,Brian Francis,tmartinez@example.com,India,2022-06-21,Standard,33.0,2026-07-19 13:22:07.365922
323,Jennifer Bush,dominique64@example.net,USA,2025-02-10,Standard,29.0,2026-07-19 13:22:07.365922
324,David Sullivan,brittney86@example.com,,2026-02-15,Standard,,2026-07-19 13:22:07.365922
325,Brooke Moody,stephanie54@example.org,Germany,2022-04-26,,,2026-07-19 13:22:07.365922
326,Denise Hunter,smithnicole@example.net,,2024-10-10,Standard,46.0,2026-07-19 13:22:07.365922
327,Dana Wilson,gloria50@example.com,Germany,2024-01-26,premium,,2026-07-19 13:22:07.365922
328,Mr. Timothy Lopez DVM,ronald99@example.net,UK,2026-03-26,premium,50.0,2026-07-19 13:22:07.366921
329,Bradley Lopez,barkerraymond@example.com,India,2023-12-17,,20.0,2026-07-19 13:22:07.366921
330,Denise Hensley,phameric@example.net,India,2021-11-19,premium,22.0,2026-07-19 13:22:07.366921
331,Tina Hill,kelly01@example.net,UK,2023-03-21,,47.0,2026-07-19 13:22:07.366921
332,Jill Boyer,krausewilliam@example.com,Germany,2021-06-14,Standard,,2026-07-19 13:22:07.366921
333,Craig Chapman,barnesmelissa@example.com,UK,2025-09-14,Premium,46.0,2026-07-19 13:22:07.366921
334,Jonathan Perkins,dpatton@example.org,India,2022-07-18,Premium,50.0,2026-07-19 13:22:07.366921
335,Valerie Lambert,thomas11@example.com,Canada,2025-02-27,,46.0,2026-07-19 13:22:07.366921
336,Shawna Johnson,agray@example.org,India,2024-06-16,premium,,2026-07-19 13:22:07.366921
337,Kelli Sanders,annette25@example.com,India,2022-09-28,Premium,,2026-07-19 13:22:07.367929
338,Dr. Jeremy Lopez,dharrison@example.com,Canada,2024-09-12,Premium,,2026-07-19 13:22:07.367929
339,Scott Garrett,jonesalison@example.net,India,2025-02-18,Standard,39.0,2026-07-19 13:22:07.367929
340,Nicholas Jackson,pthomas@example.net,UK,2022-10-29,Standard,,2026-07-19 13:22:07.367929
341,Ashley Reid,cassandra52@example.com,,2022-08-19,,26.0,2026-07-19 13:22:07.367929
342,Mark Allen,joshua47@example.com,India,2023-06-01,,,2026-07-19 13:22:07.367929
343,Benjamin Sullivan,peter18@example.org,USA,2022-10-16,Premium,,2026-07-19 13:22:07.367929
344,Erin Gonzalez,vincentlinda@example.net,UK,2024-07-08,Premium,,2026-07-19 13:22:07.367929
345,Monique Garcia,dalecuevas@example.com,USA,2021-03-20,Standard,,2026-07-19 13:22:07.367929
346,Benjamin Garrison,schmidtmelissa@example.com,USA,2025-04-12,Standard,27.0,2026-07-19 13:22:07.368941
347,Howard Baker,andersonelizabeth@example.com,India,2021-10-24,Premium,50.0,2026-07-19 13:22:07.368941
348,Eric Wagner,greenkatherine@example.net,,2024-08-29,Standard,,2026-07-19 13:22:07.368941
349,Emily Harris,agonzalez@example.org,USA,2025-08-21,Standard,62.0,2026-07-19 13:22:07.368941
350,Christopher Stout,anthonyanthony@example.org,,2024-02-04,Premium,,2026-07-19 13:22:07.368941
351,Jaime Francis,monroeamanda@example.org,,2022-07-07,Standard,,2026-07-19 13:22:07.368941
352,Rodney Walker,annafleming@example.net,,2022-02-25,,32.0,2026-07-19 13:22:07.368941
353,Stacy Sanchez,noahrodriguez@example.com,India,2021-02-18,,,2026-07-19 13:22:07.368941
354,Kenneth Simmons,ycaldwell@example.org,,2021-03-28,,,2026-07-19 13:22:07.369937
355,Ronald Munoz,dcox@example.org,Germany,2023-09-24,,28.0,2026-07-19 13:22:07.369937
356,Amy Davis,youngjames@example.com,UK,2025-10-09,premium,,2026-07-19 13:22:07.369937
357,Valerie Brewer,dperez@example.org,India,2023-06-10,Premium,63.0,2026-07-19 13:22:07.369937
358,Nathan Logan,haleymartin@example.net,India,2026-01-29,Standard,,2026-07-19 13:22:07.369937
359,Victoria Case,chapmanpamela@example.com,UK,2025-09-21,,23.0,2026-07-19 13:22:07.369937
360,Mark Mcclure,nvazquez@example.org,Germany,2021-08-03,premium,,2026-07-19 13:22:07.369937
361,Cody Brown,rramirez@example.net,Canada,2024-04-29,premium,,2026-07-19 13:22:07.369937
362,Bob Watkins,fsanchez@example.net,Canada,2024-06-12,Standard,,2026-07-19 13:22:07.369937
363,Holly Duke,christinamckinney@example.net,Canada,2021-11-04,premium,68.0,2026-07-19 13:22:07.370938
364,Rebecca Shields,curtis14@example.com,USA,2026-05-02,premium,48.0,2026-07-19 13:22:07.370938
365,Tonya Colon,john24@example.com,,2023-12-02,,57.0,2026-07-19 13:22:07.370938
366,Gregory Robinson,pjacobs@example.com,Canada,2026-06-11,premium,31.0,2026-07-19 13:22:07.370938
367,Regina Johnson,kmoore@example.com,UK,2021-04-11,,,2026-07-19 13:22:07.370938
368,Benjamin Norris,deborah14@example.org,USA,2024-11-10,Premium,21.0,2026-07-19 13:22:07.370938
369,Randall Sullivan,kenneth31@example.com,Germany,2022-12-19,,22.0,2026-07-19 13:22:07.370938
370,Meagan Osborn,andersonsharon@example.net,Germany,2023-03-15,Premium,58.0,2026-07-19 13:22:07.370938
371,David Gallegos,josephkelly@example.com,,2025-09-28,premium,45.0,2026-07-19 13:22:07.370938
372,James Marquez,dwest@example.org,UK,2024-07-27,Standard,,2026-07-19 13:22:07.371938
373,Angela Gillespie,floresanthony@example.org,USA,2022-10-28,Premium,,2026-07-19 13:22:07.371938
374,Stephanie Mcintyre,wendy66@example.org,Canada,2021-03-15,Premium,,2026-07-19 13:22:07.371938
375,Nathan Thomas,melindarussell@example.org,Canada,2022-12-26,,,2026-07-19 13:22:07.371938
376,Alicia Hill,deanna38@example.com,,2026-06-16,premium,68.0,2026-07-19 13:22:07.371938
377,Caleb Diaz,hodgeserica@example.org,India,2025-03-13,Premium,,2026-07-19 13:22:07.371938
378,Kevin Mcconnell,nicoletravis@example.org,USA,2026-04-20,premium,,2026-07-19 13:22:07.371938
379,Jennifer Simpson,shepherdsue@example.net,,2025-07-26,,,2026-07-19 13:22:07.371938
380,Samantha Cox,michael40@example.com,,2025-07-11,Standard,,2026-07-19 13:22:07.371938
381,Maria Buchanan,stewartsara@example.com,Canada,2024-11-26,Standard,20.0,2026-07-19 13:22:07.372937
382,John Tran,briansanders@example.net,Canada,2024-10-11,premium,,2026-07-19 13:22:07.372937
383,Tyler Thomas,gfisher@example.net,UK,2023-11-23,premium,20.0,2026-07-19 13:22:07.372937
384,Patrick White,pramsey@example.com,India,2024-07-18,Premium,,2026-07-19 13:22:07.372937
385,Dr. Vincent Wood,jennifer04@example.org,India,2025-11-07,premium,,2026-07-19 13:22:07.372937
386,Jasmine Wong,thompsonalexandra@example.net,,2024-01-31,,39.0,2026-07-19 13:22:07.372937
387,Brandon Matthews,gregg83@example.net,Germany,2022-09-01,,,2026-07-19 13:22:07.372937
388,Gary Campos,ncline@example.com,Canada,2022-06-21,,,2026-07-19 13:22:07.372937
389,Jacqueline Johnson,wwolf@example.com,UK,2021-12-08,Standard,,2026-07-19 13:22:07.372937
390,Adam Long,tsnyder@example.org,India,2025-12-21,Premium,,2026-07-19 13:22:07.373922
391,Adrienne Young,abigailstone@example.net,India,2024-01-18,,,2026-07-19 13:22:07.373922
392,Jodi Olsen,dianaharris@example.org,India,2024-01-16,Premium,,2026-07-19 13:22:07.373922
393,Deborah Landry,wilsonscott@example.com,UK,2024-02-10,premium,58.0,2026-07-19 13:22:07.373922
394,Amanda Jones,xbowers@example.org,Canada,2022-10-14,,41.0,2026-07-19 13:22:07.373922
395,Douglas Foster,raymondjohnson@example.org,Canada,2025-09-30,,20.0,2026-07-19 13:22:07.373922
396,Joshua Santos,stephenrice@example.org,Canada,2025-03-23,premium,,2026-07-19 13:22:07.373922
397,Justin Aguilar,lewislaura@example.net,UK,2026-05-14,Standard,,2026-07-19 13:22:07.374922
398,Scott Taylor,joshuabrown@example.org,India,2024-06-18,,66.0,2026-07-19 13:22:07.374922
399,Laura Rios,edwin16@example.org,UK,2025-10-11,premium,,2026-07-19 13:22:07.374922
400,Tracy Pennington,tdaniels@example.org,,2024-12-26,Standard,25.0,2026-07-19 13:22:07.374922
401,Raymond Ballard,huynhvincent@example.org,,2025-07-03,,,2026-07-19 13:22:07.374922
402,Jonathan Marsh,kimberly11@example.org,UK,2025-11-20,premium,,2026-07-19 13:22:07.374922
403,Savannah Brown,william87@example.org,,2024-01-18,Standard,,2026-07-19 13:22:07.374922
404,Richard Price,eleblanc@example.org,,2021-05-30,,30.0,2026-07-19 13:22:07.374922
405,Samantha Robinson,kimberly25@example.net,USA,2021-10-07,Premium,46.0,2026-07-19 13:22:07.375939
406,Vincent Bennett,kylie51@example.net,,2024-01-20,Premium,,2026-07-19 13:22:07.375939
407,Tanya Johnson,nsullivan@example.org,,2024-08-07,Premium,,2026-07-19 13:22:07.375939
408,Jennifer Howard,ajohnson@example.org,India,2021-10-10,Standard,63.0,2026-07-19 13:22:07.375939
409,Linda Hickman,vblack@example.org,India,2023-09-12,Standard,25.0,2026-07-19 13:22:07.375939
410,Linda Oneill,calhounbrian@example.com,USA,2025-03-22,,,2026-07-19 13:22:07.375939
411,Lisa Barrera,masonblake@example.net,UK,2023-05-04,premium,47.0,2026-07-19 13:22:07.375939
412,Ryan Weaver,frederick59@example.com,UK,2021-08-04,Premium,,2026-07-19 13:22:07.375939
413,Larry Bentley,cheryl13@example.org,Germany,2022-07-12,,,2026-07-19 13:22:07.375939
414,Michael Watts,rachel20@example.com,Germany,2021-12-06,Premium,,2026-07-19 13:22:07.376938
415,Pamela Cox,kaylabecker@example.net,,2026-02-18,,,2026-07-19 13:22:07.376938
416,Timothy Davidson,tprice@example.com,USA,2021-08-16,Standard,67.0,2026-07-19 13:22:07.376938
417,Alexander Robinson,cisnerosaustin@example.com,Germany,2023-09-24,Premium,25.0,2026-07-19 13:22:07.376938
418,Christina Peterson,whiteblake@example.org,India,2025-08-16,Standard,38.0,2026-07-19 13:22:07.376938
419,Tanya Ortiz,elizabethroman@example.org,India,2021-03-27,premium,,2026-07-19 13:22:07.376938
420,Willie Bailey,pruittvictoria@example.net,USA,2022-12-27,premium,,2026-07-19 13:22:07.376938
421,Andrea Long,danielayers@example.com,UK,2023-07-23,Premium,50.0,2026-07-19 13:22:07.376938
422,Gabriel Jones,garrettkyle@example.org,UK,2021-04-08,Standard,,2026-07-19 13:22:07.377937
423,Miss Mary Lewis,fwagner@example.org,UK,2026-04-26,Premium,23.0,2026-07-19 13:22:07.377937
424,James Short,ewilliams@example.org,,2022-03-23,premium,59.0,2026-07-19 13:22:07.377937
425,Seth Turner,gregory32@example.org,UK,2024-03-18,Premium,,2026-07-19 13:22:07.377937
426,Jeremy Welch,lori63@example.com,,2021-03-08,premium,48.0,2026-07-19 13:22:07.377937
427,Jackson Robinson,obrienmonique@example.com,,2024-04-09,premium,47.0,2026-07-19 13:22:07.377937
428,Edgar Pearson,sanchezrebecca@example.net,,2026-03-19,Standard,,2026-07-19 13:22:07.377937
429,Dennis Nichols,watkinson@example.com,Germany,2023-12-11,Standard,39.0,2026-07-19 13:22:07.377937
430,Thomas Kim,xbrown@example.net,India,2021-09-19,premium,,2026-07-19 13:22:07.377937
431,Brenda Newman,timothywalker@example.com,Germany,2025-10-25,premium,50.0,2026-07-19 13:22:07.378923
432,Sara Mcconnell,chaveznorma@example.org,India,2025-03-11,,,2026-07-19 13:22:07.378923
433,Laura Reynolds,john21@example.com,Germany,2025-02-27,Standard,24.0,2026-07-19 13:22:07.378923
434,Gregory Garcia,jamesbutler@example.org,India,2021-03-31,,,2026-07-19 13:22:07.378923
435,Ariel Shelton,kevans@example.com,USA,2021-02-24,Standard,,2026-07-19 13:22:07.379429
436,Jennifer Morton,caitlinmiller@example.com,UK,2022-07-04,premium,30.0,2026-07-19 13:22:07.379429
437,Frank Trevino,fbailey@example.org,Germany,2023-08-30,,,2026-07-19 13:22:07.379429
438,Michael Lynch,brittanycardenas@example.net,Germany,2026-06-02,Premium,,2026-07-19 13:22:07.379429
439,Daniel Bowman,lauren61@example.org,USA,2025-05-05,premium,21.0,2026-07-19 13:22:07.379429
440,Robert Torres,brookethompson@example.net,India,2023-10-10,,36.0,2026-07-19 13:22:07.379429
441,Sarah Baker,morrowamber@example.org,Canada,2024-02-18,Standard,,2026-07-19 13:22:07.379429
442,David Jacobs,kstokes@example.net,Germany,2024-06-30,Premium,43.0,2026-07-19 13:22:07.379429
443,David Vega,cynthiaharrell@example.org,UK,2023-05-26,Standard,,2026-07-19 13:22:07.380438
444,Eric Green,baileyjenkins@example.org,Canada,2024-05-19,,,2026-07-19 13:22:07.380438
445,Christian Jackson,hjenkins@example.com,UK,2022-09-25,Premium,26.0,2026-07-19 13:22:07.380438
446,Ronald Andrade,ronald82@example.net,Germany,2024-06-15,premium,,2026-07-19 13:22:07.380438
447,Michael Ross,kim09@example.com,USA,2025-06-07,,50.0,2026-07-19 13:22:07.380438
448,Joseph Lewis,chavezclinton@example.org,Canada,2026-05-01,Standard,,2026-07-19 13:22:07.380438
449,John Wolfe,stephanie99@example.com,Germany,2023-08-21,,27.0,2026-07-19 13:22:07.380438
450,John Perkins,nguzman@example.org,India,2021-04-29,premium,,2026-07-19 13:22:07.380438
451,Caitlin Nelson,garciamatthew@example.com,UK,2022-05-27,premium,,2026-07-19 13:22:07.380438
452,Stacey Roth,laura76@example.net,UK,2021-11-26,,,2026-07-19 13:22:07.381434
453,Monica Mcgrath,pattersonamber@example.org,Germany,2021-12-22,Premium,,2026-07-19 13:22:07.381434
454,Dr. Katherine Johnson PhD,alexis72@example.com,,2025-12-07,,,2026-07-19 13:22:07.381434
455,Dawn Santana,anita93@example.com,,2021-08-28,Premium,,2026-07-19 13:22:07.381434
456,Megan Barr,robertreid@example.com,India,2021-02-15,Standard,64.0,2026-07-19 13:22:07.381434
457,Megan Rich,hharrington@example.org,UK,2023-11-09,Standard,,2026-07-19 13:22:07.381434
458,Michael Diaz,sharonhamilton@example.net,USA,2021-12-10,Standard,20.0,2026-07-19 13:22:07.381434
459,Peter Bowen,ryanpollard@example.com,USA,2026-06-11,,,2026-07-19 13:22:07.381434
460,Jaime Khan,jonesjason@example.net,USA,2024-03-26,Standard,,2026-07-19 13:22:07.381434
461,Jessica Banks,mbaker@example.org,,2022-06-21,Premium,63.0,2026-07-19 13:22:07.382450
462,James Santiago,crystal20@example.org,UK,2025-05-21,premium,,2026-07-19 13:22:07.382450
463,Jessica Morse,timothy70@example.com,UK,2024-06-08,premium,,2026-07-19 13:22:07.382450
464,Susan Mcknight,igarner@example.net,UK,2024-08-17,premium,,2026-07-19 13:22:07.382450
465,Margaret Elliott,thomasmccall@example.org,UK,2023-11-01,Standard,,2026-07-19 13:22:07.382450
466,Catherine Walker,spencerjohnathan@example.com,UK,2024-11-15,Standard,,2026-07-19 13:22:07.382450
467,Zachary Preston,sextonapril@example.net,,2025-05-21,,,2026-07-19 13:22:07.382450
468,Lynn Harris,jose69@example.net,India,2023-05-29,premium,36.0,2026-07-19 13:22:07.382450
469,Rebecca Franco,robertking@example.net,UK,2022-10-03,,,2026-07-19 13:22:07.382450
470,Carla Rodriguez,biancahopkins@example.com,USA,2024-12-02,Premium,36.0,2026-07-19 13:22:07.383472
471,Charles Smith,wyatt68@example.com,India,2021-05-14,,,2026-07-19 13:22:07.383472
472,Erika Clark,stevensanchez@example.org,,2023-11-11,Standard,,2026-07-19 13:22:07.383472
473,Randy Martin,lsullivan@example.com,UK,2022-08-24,premium,26.0,2026-07-19 13:22:07.383472
474,Edward Baker,rossjennifer@example.net,UK,2022-05-24,Standard,33.0,2026-07-19 13:22:07.383472
475,Matthew Strong Jr.,keithbaker@example.org,,2021-06-22,Standard,58.0,2026-07-19 13:22:07.383472
476,Amber Doyle,chendavid@example.com,Canada,2025-12-26,,,2026-07-19 13:22:07.383472
477,Paul Fisher,matthewanderson@example.com,Canada,2022-09-23,Standard,18.0,2026-07-19 13:22:07.383472
478,Thomas Newton,schroederandrew@example.com,Germany,2022-11-20,,48.0,2026-07-19 13:22:07.383472
479,Christine Wood,jason14@example.com,India,2024-09-30,premium,59.0,2026-07-19 13:22:07.383472
480,Lorraine Kelly,cruzkristie@example.com,Canada,2022-11-22,Standard,52.0,2026-07-19 13:22:07.383472
481,Rebecca Brady,rachel49@example.org,USA,2024-03-16,Standard,,2026-07-19 13:22:07.383472
482,Jesse Odonnell Jr.,msoto@example.net,Germany,2025-07-03,premium,20.0,2026-07-19 13:22:07.385004
483,Brandon Jackson,matthewjohnson@example.org,India,2023-05-13,Premium,,2026-07-19 13:22:07.385004
484,Chelsea Johnson,noahweber@example.com,Germany,2022-12-14,,,2026-07-19 13:22:07.385004
485,Bradley Lawrence,raymond77@example.org,India,2025-06-20,Premium,39.0,2026-07-19 13:22:07.385004
486,Paul Holland,holtandrea@example.com,,2023-12-23,premium,63.0,2026-07-19 13:22:07.385004
487,Wendy Jackson,emilyporter@example.com,Canada,2022-06-02,premium,,2026-07-19 13:22:07.385004
488,Jennifer Washington,deniseking@example.net,UK,2022-10-07,Standard,,2026-07-19 13:22:07.385004
489,Douglas Hunter,kevinadams@example.net,Germany,2023-08-29,premium,,2026-07-19 13:22:07.385004
490,Dale Roman,william47@example.com,,2026-01-05,Standard,,2026-07-19 13:22:07.385004
491,Jacqueline Peterson,qrichmond@example.net,India,2021-04-20,Standard,,2026-07-19 13:22:07.386034
492,Christopher Rojas,mariah94@example.com,Germany,2025-03-24,,,2026-07-19 13:22:07.386034
493,Mrs. Sarah Martinez,jennifer63@example.org,India,2024-11-08,Premium,,2026-07-19 13:22:07.386034
494,Todd Peterson,kim24@example.com,,2025-03-23,Premium,60.0,2026-07-19 13:22:07.386034
495,Clifford Hoffman,lcastillo@example.org,Germany,2024-10-29,Standard,,2026-07-19 13:22:07.386034
496,Blake Andrade,sarah49@example.net,,2025-11-21,premium,41.0,2026-07-19 13:22:07.386034
497,Jeffery Kent,barry23@example.com,USA,2021-03-07,Standard,48.0,2026-07-19 13:22:07.386034
498,Phillip Rivera,ericnovak@example.org,Germany,2022-05-10,premium,,2026-07-19 13:22:07.386034
499,Jessica Mack,millstiffany@example.net,UK,2022-01-19,Standard,66.0,2026-07-19 13:22:07.386034
500,Lisa Murray,christopherhurley@example.org,,2022-04-26,Premium,,2026-07-19 13:22:07.386034
501,Douglas Mullen DVM,vaughnjennifer@example.org,UK,2022-08-08,premium,22.0,2026-07-19 13:22:07.386034
502,Shirley Davila,chavezdale@example.net,Canada,2021-11-25,Standard,54.0,2026-07-19 13:22:07.386034
503,Lisa Nunez,everettchristopher@example.net,USA,2024-09-16,,25.0,2026-07-19 13:22:07.387541
504,Holly Donaldson,jacobbrown@example.com,,2023-04-12,,,2026-07-19 13:22:07.387541
505,Ronald Cruz,carterlaura@example.com,Canada,2024-01-03,Standard,,2026-07-19 13:22:07.387541
506,Anthony Levine,smithkari@example.net,Germany,2023-05-22,Premium,,2026-07-19 13:22:07.387541
507,Christopher Barton,nsosa@example.com,,2022-01-09,premium,64.0,2026-07-19 13:22:07.387541
508,Beverly Gray,andrew54@example.org,Germany,2025-02-13,Premium,65.0,2026-07-19 13:22:07.387541
509,Martin Haney,troy19@example.net,UK,2026-02-20,Premium,,2026-07-19 13:22:07.388546
510,Kirk Shaffer,christianheather@example.org,,2026-03-11,Premium,,2026-07-19 13:22:07.388546
511,Patrick Wilson,klee@example.com,Canada,2024-12-09,,29.0,2026-07-19 13:22:07.388546
512,Alexander Wiggins,ramosbrendan@example.net,,2022-06-17,,,2026-07-19 13:22:07.388546
513,Brittany Cobb,ginadavis@example.com,Germany,2021-09-03,,42.0,2026-07-19 13:22:07.388546
514,Tiffany Lynch,joseph86@example.net,,2021-02-21,Standard,,2026-07-19 13:22:07.388546
515,Benjamin King,brenda92@example.com,Canada,2025-07-19,,51.0,2026-07-19 13:22:07.388546
516,Amy Deleon,tammyrubio@example.net,,2025-04-19,Premium,66.0,2026-07-19 13:22:07.389546
517,Rhonda Herring,qharris@example.net,India,2023-12-14,,,2026-07-19 13:22:07.389546
518,Sandra Potter,wendykrueger@example.com,USA,2025-02-28,,40.0,2026-07-19 13:22:07.389546
519,Karen Clements,ashley65@example.com,India,2025-06-28,Premium,,2026-07-19 13:22:07.389546
520,Jordan Sanchez,alicia79@example.com,UK,2022-04-03,Premium,33.0,2026-07-19 13:22:07.389546
521,Thomas Smith,kdiaz@example.com,Canada,2025-12-25,Premium,46.0,2026-07-19 13:22:07.389546
522,Anthony Stephens,kennethgarner@example.com,USA,2022-05-25,Premium,,2026-07-19 13:22:07.389546
523,Alexis Williams,pottszachary@example.com,USA,2023-07-10,Standard,66.0,2026-07-19 13:22:07.389546
524,Jack Cervantes,stephenhall@example.net,USA,2023-09-22,premium,,2026-07-19 13:22:07.390546
525,Joseph Montgomery,ffisher@example.org,UK,2023-03-13,premium,,2026-07-19 13:22:07.390546
526,Megan Pratt,jamesperkins@example.com,USA,2022-11-05,Standard,,2026-07-19 13:22:07.390546
527,Brent Mosley,reedjacqueline@example.com,India,2026-03-17,Standard,,2026-07-19 13:22:07.390546
528,Nicole Long,edavis@example.net,UK,2023-10-08,Premium,,2026-07-19 13:22:07.390546
529,Nicholas Payne,jamesbeck@example.net,UK,2024-10-05,,44.0,2026-07-19 13:22:07.390546
530,Kaylee Montes,vcarlson@example.com,India,2024-06-09,Standard,,2026-07-19 13:22:07.390546
531,Stephanie Moore,bensonheidi@example.net,USA,2021-10-14,Standard,37.0,2026-07-19 13:22:07.390546
532,Joshua Morris,fordcharles@example.org,Germany,2021-06-02,Premium,,2026-07-19 13:22:07.391546
533,Stephanie Richardson,christine72@example.net,Germany,2023-06-04,Standard,42.0,2026-07-19 13:22:07.391546
534,Kimberly Bean,valerie43@example.com,India,2025-05-29,premium,59.0,2026-07-19 13:22:07.391546
535,Alan Hutchinson,hphelps@example.org,Germany,2021-10-19,premium,23.0,2026-07-19 13:22:07.391546
536,Robert Obrien,jessica63@example.com,Canada,2025-01-16,,61.0,2026-07-19 13:22:07.391546
537,John Jones,carpentereric@example.com,Canada,2025-06-29,Standard,48.0,2026-07-19 13:22:07.391546
538,Sara Santos,melinda96@example.org,India,2024-11-06,Premium,31.0,2026-07-19 13:22:07.391546
539,Amanda Schmidt,nelsonmaria@example.net,,2025-11-21,,33.0,2026-07-19 13:22:07.391546
540,Kevin Mills,jessicacallahan@example.org,Germany,2021-06-01,Standard,,2026-07-19 13:22:07.391546
541,Daniel Thompson,qthompson@example.net,India,2024-05-31,,,2026-07-19 13:22:07.392545
542,Alexandra Gonzalez,sheilatorres@example.com,India,2025-01-30,premium,,2026-07-19 13:22:07.392545
543,Kevin Diaz,ibarralisa@example.net,Germany,2025-12-30,,,2026-07-19 13:22:07.392545
544,Sonia Wilkerson,hoodnancy@example.net,USA,2024-06-20,premium,44.0,2026-07-19 13:22:07.392545
545,Richard Meyer,daniellebarton@example.net,UK,2021-09-14,Standard,65.0,2026-07-19 13:22:07.392545
546,Ashley Daniel,renee20@example.net,Canada,2025-01-31,,36.0,2026-07-19 13:22:07.392545
547,Zachary Mahoney,vlee@example.org,USA,2024-09-12,Standard,42.0,2026-07-19 13:22:07.392545
548,Michael Jones,grichards@example.com,Germany,2023-06-18,premium,,2026-07-19 13:22:07.392545
549,Aaron Gonzales,ztanner@example.org,,2022-12-13,,47.0,2026-07-19 13:22:07.393546
550,Sandra Brewer,pandrews@example.com,,2022-02-02,premium,28.0,2026-07-19 13:22:07.393546
551,Bryan White,aaron37@example.org,,2023-06-26,,29.0,2026-07-19 13:22:07.393546
552,Dominique Fritz,paulamurphy@example.org,UK,2026-05-11,Premium,70.0,2026-07-19 13:22:07.393546
553,Stacy Wilson,matthewvega@example.net,Canada,2024-03-27,Standard,58.0,2026-07-19 13:22:07.393546
554,Barbara Cole,todd29@example.net,Canada,2022-08-01,Standard,18.0,2026-07-19 13:22:07.393546
555,Allison Perez,huntlauren@example.com,UK,2023-12-29,premium,,2026-07-19 13:22:07.393546
556,Shane Moore,brandisparks@example.net,,2023-10-24,Premium,,2026-07-19 13:22:07.393546
557,Jasmine Foley,fprice@example.net,Canada,2026-06-15,premium,,2026-07-19 13:22:07.393546
558,Bobby Carter,andreamartinez@example.com,Canada,2023-09-25,,69.0,2026-07-19 13:22:07.395049
559,Julia Newman,dale70@example.net,Canada,2021-05-26,Premium,51.0,2026-07-19 13:22:07.395049
560,Ms. Sharon Keller MD,casey84@example.net,USA,2025-06-21,premium,,2026-07-19 13:22:07.395049
561,Holly Joseph,waderachel@example.org,India,2022-02-02,,,2026-07-19 13:22:07.395049
562,Kelly Pena,mullenallison@example.com,Germany,2023-12-22,Standard,62.0,2026-07-19 13:22:07.395049
563,Patricia Hernandez,christophersantos@example.net,India,2022-09-18,Premium,59.0,2026-07-19 13:22:07.395049
564,Angela Nielsen,adamsalicia@example.net,Canada,2024-04-10,,,2026-07-19 13:22:07.395049
565,Carolyn Whitney,amanda00@example.net,Canada,2022-12-23,Premium,62.0,2026-07-19 13:22:07.395049
566,Bryan Copeland,michaelbarnett@example.org,Canada,2023-09-30,,,2026-07-19 13:22:07.396092
567,Leah Webb,matthewwang@example.net,UK,2021-09-26,Premium,51.0,2026-07-19 13:22:07.396092
568,Sarah Payne,brandon78@example.org,USA,2025-05-13,,35.0,2026-07-19 13:22:07.396092
569,Olivia Freeman,nmorris@example.org,Canada,2022-09-17,premium,52.0,2026-07-19 13:22:07.396092
570,Gerald Howard,jeremy68@example.net,USA,2021-05-04,premium,19.0,2026-07-19 13:22:07.396092
571,Elizabeth Dean,ortizlaura@example.com,UK,2025-09-27,,,2026-07-19 13:22:07.396092
572,Kimberly Nichols,kcollins@example.com,USA,2023-05-22,Standard,,2026-07-19 13:22:07.396092
573,Holly Davis,riveracharlotte@example.net,,2021-07-09,premium,42.0,2026-07-19 13:22:07.396092
574,Joseph Edwards,brian90@example.net,,2022-06-27,Premium,,2026-07-19 13:22:07.396092
575,Kimberly Campbell,ymclaughlin@example.org,Canada,2025-12-31,,32.0,2026-07-19 13:22:07.397074
576,Miranda Bishop,perezglenn@example.org,India,2023-02-26,,,2026-07-19 13:22:07.397074
577,Amanda Good,jamesmaynard@example.com,Canada,2022-12-29,premium,,2026-07-19 13:22:07.397074
578,Donald Montes,wrightthomas@example.org,Germany,2025-04-08,premium,,2026-07-19 13:22:07.397074
579,Tracey Gilbert,mary73@example.com,Germany,2025-07-04,,,2026-07-19 13:22:07.397074
580,Linda Hester,mcdonaldjennifer@example.org,USA,2022-07-20,Premium,,2026-07-19 13:22:07.397074
581,Samantha Knight,danielwilliams@example.com,USA,2024-06-01,Standard,,2026-07-19 13:22:07.397074
582,Jennifer Warner,lrodriguez@example.com,India,2024-07-11,Premium,23.0,2026-07-19 13:22:07.398055
583,Michelle Lopez,jcunningham@example.net,India,2024-01-21,premium,,2026-07-19 13:22:07.398055
584,Andrew Diaz,lancefrank@example.net,Canada,2025-10-21,Premium,,2026-07-19 13:22:07.398055
585,Gabriel Harvey,gregory04@example.net,Germany,2023-06-05,,24.0,2026-07-19 13:22:07.398055
586,Kirsten Thompson,garrisonmichael@example.org,Canada,2024-07-25,Premium,,2026-07-19 13:22:07.398055
587,Jessica Anderson,moralesjessica@example.org,Germany,2026-06-24,premium,,2026-07-19 13:22:07.398055
588,Jeremy Austin,mhudson@example.org,Canada,2022-06-26,Standard,54.0,2026-07-19 13:22:07.398055
589,Kim Aguilar,mark72@example.org,,2024-05-31,Standard,,2026-07-19 13:22:07.398055
590,Dominic Martin,finleyscott@example.com,India,2025-01-16,,27.0,2026-07-19 13:22:07.398055
591,Alexis Turner,kpeterson@example.net,USA,2024-02-10,premium,,2026-07-19 13:22:07.399072
592,Latoya Lopez,lindsay05@example.com,Germany,2022-02-28,Premium,,2026-07-19 13:22:07.399072
593,Lauren House,janemurphy@example.net,USA,2022-07-04,,56.0,2026-07-19 13:22:07.399072
594,Andrea West,sextonbrenda@example.org,Germany,2025-12-12,Standard,37.0,2026-07-19 13:22:07.399072
595,Julie Ross,nandrews@example.com,Germany,2024-09-07,,,2026-07-19 13:22:07.399072
596,Caitlin Rodgers,mendozamarilyn@example.net,Germany,2024-09-02,,70.0,2026-07-19 13:22:07.399072
597,David Lloyd,ebush@example.com,India,2024-10-01,Standard,,2026-07-19 13:22:07.399072
598,William Atkinson,benjamin84@example.com,USA,2021-02-20,,,2026-07-19 13:22:07.399072
599,Christina Moore,kgibson@example.com,,2022-08-26,,54.0,2026-07-19 13:22:07.400074
600,Sheryl Lowe,joshua28@example.com,India,2024-06-09,premium,,2026-07-19 13:22:07.400074
601,Carmen Jenkins,shortshawna@example.com,India,2025-11-28,Standard,55.0,2026-07-19 13:22:07.400074
602,Laura Brown,fosterjeffrey@example.com,,2022-03-30,Premium,,2026-07-19 13:22:07.400074
603,Jason Martinez,jennifertrevino@example.org,,2025-05-16,,,2026-07-19 13:22:07.400074
604,Cynthia Shaw,wallersamantha@example.com,,2026-02-28,,,2026-07-19 13:22:07.400074
605,Wayne Hernandez,xsmith@example.com,USA,2022-12-30,premium,,2026-07-19 13:22:07.400074
606,Brandon Johnson,jeffreyrodriguez@example.org,,2025-09-07,,,2026-07-19 13:22:07.400074
607,Brittany Larson,welchsharon@example.net,Canada,2024-01-12,,,2026-07-19 13:22:07.401055
608,Lucas Martinez,cooperkristy@example.org,UK,2023-09-16,,52.0,2026-07-19 13:22:07.401055
609,Annette Miller,oscarhernandez@example.com,India,2022-08-13,Premium,24.0,2026-07-19 13:22:07.401055
610,Mark Fisher,thartman@example.com,,2022-10-27,premium,28.0,2026-07-19 13:22:07.401055
611,Sara Clark,bking@example.net,UK,2022-12-06,,,2026-07-19 13:22:07.401055
612,Ryan Jones,anna45@example.org,Germany,2025-12-15,Premium,,2026-07-19 13:22:07.401055
613,Matthew Reynolds,pamelaschneider@example.org,USA,2023-09-08,Standard,,2026-07-19 13:22:07.401055
614,Laurie Howard,christopher91@example.org,Germany,2023-12-14,Standard,40.0,2026-07-19 13:22:07.401055
615,Kristi Baker,hessandrew@example.com,Germany,2025-12-17,premium,44.0,2026-07-19 13:22:07.401055
616,Andrew Marshall,rburch@example.org,Canada,2021-11-20,Standard,,2026-07-19 13:22:07.402056
617,Daniel Jones,yvonneherrera@example.com,India,2023-12-30,Standard,,2026-07-19 13:22:07.402056
618,James Weber,zwatson@example.org,India,2023-11-17,Premium,,2026-07-19 13:22:07.402056
619,Evelyn Mills,dunndonald@example.com,India,2026-03-04,premium,20.0,2026-07-19 13:22:07.402056
620,Julie Walker,gallegosjohn@example.com,Canada,2021-10-14,premium,59.0,2026-07-19 13:22:07.402056
621,Christopher Johnson,jessica06@example.org,,2022-01-23,Standard,65.0,2026-07-19 13:22:07.402056
622,Frank Palmer,ftaylor@example.org,UK,2025-07-27,Standard,,2026-07-19 13:22:07.402056
623,Anna Nelson,alexanderjoshua@example.com,Germany,2025-04-01,,58.0,2026-07-19 13:22:07.402056
624,Karen Martinez,daniel19@example.org,USA,2022-12-16,,43.0,2026-07-19 13:22:07.403055
625,Joann Dixon,joseph79@example.net,,2023-02-08,Standard,,2026-07-19 13:22:07.403055
626,Haley Santana,ncarpenter@example.com,Germany,2026-07-10,Standard,,2026-07-19 13:22:07.403055
627,Dale Mack,ann52@example.net,,2022-01-05,Premium,54.0,2026-07-19 13:22:07.403055
628,Robert Parrish,brandon49@example.net,UK,2025-07-02,premium,38.0,2026-07-19 13:22:07.403055
629,Kimberly West,davidthornton@example.org,Germany,2025-11-28,premium,,2026-07-19 13:22:07.403055
630,Nicole Leonard,transharon@example.org,UK,2021-02-17,premium,,2026-07-19 13:22:07.403055
631,Evan Butler,hortonjason@example.net,UK,2024-05-07,Premium,,2026-07-19 13:22:07.403055
632,Christopher Beasley,carlsharp@example.net,Germany,2023-02-01,Standard,,2026-07-19 13:22:07.403055
633,Nicholas Cole,victor86@example.com,UK,2023-03-29,Premium,61.0,2026-07-19 13:22:07.404054
634,Eric Obrien,rebecca40@example.net,India,2025-11-20,Standard,37.0,2026-07-19 13:22:07.404054
635,David Paul,ogibson@example.net,USA,2024-06-15,Standard,,2026-07-19 13:22:07.404054
636,Molly Ruiz,kathy92@example.org,Germany,2023-03-16,Standard,,2026-07-19 13:22:07.404054
637,Jeremy Robinson,leonronald@example.org,Germany,2025-07-04,,58.0,2026-07-19 13:22:07.404054
638,Shane Valentine,reedalicia@example.net,UK,2025-08-12,,36.0,2026-07-19 13:22:07.404054
639,William Miller,jacquelinewaters@example.com,USA,2024-10-13,,57.0,2026-07-19 13:22:07.404054
640,Mathew Kelly,kaylamckay@example.com,India,2021-03-18,Premium,49.0,2026-07-19 13:22:07.405063
641,David Chaney,vbaldwin@example.com,USA,2021-12-23,,,2026-07-19 13:22:07.405063
642,Kyle Allen,lhughes@example.org,Germany,2022-09-16,,,2026-07-19 13:22:07.405063
643,Crystal Cole,zbrown@example.com,Germany,2025-08-11,Premium,54.0,2026-07-19 13:22:07.405063
644,Timothy Kramer,timothy37@example.com,USA,2024-11-28,Premium,35.0,2026-07-19 13:22:07.405063
645,Andrea Lynch,jonathanmeadows@example.org,UK,2024-12-05,Standard,,2026-07-19 13:22:07.405063
646,Tamara Baker,shannonmoses@example.com,UK,2022-05-21,,53.0,2026-07-19 13:22:07.405063
647,Gavin Mosley,gonzaleztimothy@example.org,UK,2025-11-28,premium,,2026-07-19 13:22:07.405063
648,Margaret Thompson,jonathan34@example.net,UK,2021-12-08,Premium,,2026-07-19 13:22:07.406067
649,Misty Forbes,george65@example.com,UK,2025-04-28,,24.0,2026-07-19 13:22:07.406067
650,Roger Sellers,mcfarlandterri@example.com,India,2021-08-23,Premium,,2026-07-19 13:22:07.406067
651,Susan Brock,vasquezgina@example.org,India,2021-09-18,Premium,46.0,2026-07-19 13:22:07.406067
652,Jasmine Robinson,diana03@example.org,USA,2025-05-16,premium,,2026-07-19 13:22:07.406067
653,Tiffany Watson,allison65@example.net,USA,2023-02-04,Standard,68.0,2026-07-19 13:22:07.406067
654,Mary Watson,linda26@example.com,USA,2022-01-12,Premium,,2026-07-19 13:22:07.406067
655,Jeffrey Clayton,owillis@example.com,UK,2024-12-21,Standard,,2026-07-19 13:22:07.406067
656,Eric Martinez,katherine49@example.com,India,2023-05-04,premium,50.0,2026-07-19 13:22:07.406067
657,Sarah Meyer DVM,emily01@example.com,USA,2021-02-24,,,2026-07-19 13:22:07.406067
658,Emily Hernandez,badams@example.org,,2025-11-02,Standard,33.0,2026-07-19 13:22:07.407067
659,Teresa Goodwin,judy20@example.org,,2024-09-28,Standard,,2026-07-19 13:22:07.407067
660,Kristen Johnston,fallen@example.org,Germany,2025-10-01,premium,,2026-07-19 13:22:07.407067
661,Anthony Hubbard,angelvillegas@example.net,Germany,2024-01-06,Premium,58.0,2026-07-19 13:22:07.407067
662,Antonio Monroe,jennifer90@example.net,Germany,2023-08-29,premium,,2026-07-19 13:22:07.407067
663,Jennifer Cook,rachel15@example.org,Germany,2021-03-21,,38.0,2026-07-19 13:22:07.407067
664,John Jenkins,rrobinson@example.com,,2026-01-10,,,2026-07-19 13:22:07.407067
665,James Lucas,jamesmeyers@example.net,Canada,2022-02-01,,,2026-07-19 13:22:07.408072
666,Ryan Miller,freyes@example.com,USA,2023-10-10,premium,,2026-07-19 13:22:07.408072
667,Scott Smith,nhoward@example.com,India,2023-06-25,Standard,,2026-07-19 13:22:07.408072
668,James Flowers,dellis@example.com,India,2021-07-14,Premium,20.0,2026-07-19 13:22:07.408072
669,Logan Wong,andrew60@example.com,,2022-02-25,,19.0,2026-07-19 13:22:07.408072
670,Nicole Garcia,valentinemegan@example.com,USA,2024-01-28,,,2026-07-19 13:22:07.408072
671,Ryan Ramirez,martinezjames@example.org,USA,2022-09-08,Standard,,2026-07-19 13:22:07.408072
672,Susan Cruz,ymueller@example.org,USA,2021-08-24,premium,,2026-07-19 13:22:07.408072
673,Cheryl Scott,pamela69@example.net,India,2026-02-01,premium,60.0,2026-07-19 13:22:07.408072
674,Norma Carrillo,martindaniel@example.net,Canada,2024-04-29,premium,64.0,2026-07-19 13:22:07.409067
675,Thomas Walker,connorhouse@example.com,Germany,2022-11-15,Premium,63.0,2026-07-19 13:22:07.409067
676,Bonnie Lewis,doris40@example.org,Canada,2025-05-08,,22.0,2026-07-19 13:22:07.409067
677,Sarah Maxwell,baileyzachary@example.net,UK,2025-04-12,,18.0,2026-07-19 13:22:07.409067
678,Nathan Horn,ocunningham@example.org,,2024-08-15,Premium,45.0,2026-07-19 13:22:07.410068
679,Wanda Macdonald,matthew74@example.com,Germany,2026-02-24,Standard,42.0,2026-07-19 13:22:07.410068
680,Glenn White,connerderek@example.org,,2022-01-11,Premium,,2026-07-19 13:22:07.410068
681,John Hernandez,rodgersemma@example.net,India,2021-08-10,premium,,2026-07-19 13:22:07.410068
682,Krista Thompson,cynthiamcdonald@example.com,USA,2022-12-14,Standard,22.0,2026-07-19 13:22:07.410068
683,Susan Johnson,clementstiffany@example.com,UK,2022-11-26,Standard,,2026-07-19 13:22:07.410068
684,Robert Wyatt,phillipfields@example.org,,2025-05-09,Standard,,2026-07-19 13:22:07.410068
685,Kelly Jacobson,barbarahamilton@example.com,USA,2026-01-23,Premium,26.0,2026-07-19 13:22:07.410068
686,Shawn Kim,smorton@example.org,UK,2022-06-15,,,2026-07-19 13:22:07.411067
687,David Robinson,lauramartin@example.com,India,2022-02-10,Standard,,2026-07-19 13:22:07.411067
688,George Greer,john56@example.org,,2026-01-28,Standard,,2026-07-19 13:22:07.411067
689,Lauren Fernandez,valdeztheresa@example.com,,2026-05-26,premium,31.0,2026-07-19 13:22:07.411067
690,Chelsea Garcia,gshaffer@example.org,,2024-05-08,premium,59.0,2026-07-19 13:22:07.411067
691,David Sanders,amybond@example.org,USA,2023-10-10,,25.0,2026-07-19 13:22:07.411067
692,Mary Woodward,julie72@example.com,Germany,2022-12-21,Premium,51.0,2026-07-19 13:22:07.411067
693,Mr. Chad Williams PhD,vbaird@example.net,India,2021-04-24,premium,,2026-07-19 13:22:07.411067
694,Daniel Riley,mark06@example.net,UK,2024-03-10,premium,52.0,2026-07-19 13:22:07.411067
695,Julie Tyler,davisjoanna@example.net,Germany,2021-03-13,Premium,19.0,2026-07-19 13:22:07.412067
696,Cody Kelly,pachecomelanie@example.org,Canada,2025-01-29,Standard,20.0,2026-07-19 13:22:07.412067
697,Cheryl Kim,tiffany56@example.com,Germany,2023-09-16,premium,,2026-07-19 13:22:07.412067
698,Dwayne Benson,tim44@example.org,Germany,2022-08-12,,23.0,2026-07-19 13:22:07.412067
699,Mary Valdez,taylorlandry@example.net,India,2026-01-29,premium,23.0,2026-07-19 13:22:07.412067
700,Natalie Smith,michael32@example.net,USA,2023-07-17,premium,43.0,2026-07-19 13:22:07.412067
701,Julie Reynolds,malik39@example.com,India,2022-08-19,,64.0,2026-07-19 13:22:07.412067
702,Susan Carter,welchsusan@example.net,Canada,2025-03-06,Premium,45.0,2026-07-19 13:22:07.412067
703,Joshua Phillips,dowen@example.com,Germany,2023-02-12,Premium,37.0,2026-07-19 13:22:07.413074
704,Pam Mann,vargaskatherine@example.org,Canada,2026-06-24,Standard,62.0,2026-07-19 13:22:07.413074
705,Alexandra Conner,icooley@example.com,USA,2023-10-07,premium,,2026-07-19 13:22:07.413074
706,Kevin Myers,hamptonchad@example.com,USA,2024-06-18,Standard,,2026-07-19 13:22:07.413074
707,Diana Dean,brandonnunez@example.net,,2021-07-30,Premium,67.0,2026-07-19 13:22:07.413074
708,Natasha Mckee,catherine79@example.net,India,2022-01-09,,35.0,2026-07-19 13:22:07.413074
709,Gerald Bennett,kwilson@example.com,India,2022-07-22,Premium,,2026-07-19 13:22:07.414070
710,Joshua Foley,ashleysutton@example.org,UK,2024-07-12,Premium,49.0,2026-07-19 13:22:07.414070
711,Roberto Archer,lopezethan@example.com,India,2025-08-31,premium,67.0,2026-07-19 13:22:07.414070
712,Scott Miles,vincent84@example.com,UK,2022-10-08,Premium,32.0,2026-07-19 13:22:07.415068
713,Cathy Lee,george05@example.org,Canada,2021-09-25,Premium,33.0,2026-07-19 13:22:07.415068
714,Joseph Garcia,amy98@example.com,Germany,2024-07-04,,27.0,2026-07-19 13:22:07.415068
715,Gary Brown,evanspamela@example.net,Canada,2023-06-13,,,2026-07-19 13:22:07.415068
716,Mr. Christopher Jackson,thomas82@example.net,USA,2024-03-19,premium,35.0,2026-07-19 13:22:07.415068
717,Linda Henry,youngcory@example.net,UK,2024-06-16,Premium,50.0,2026-07-19 13:22:07.415068
718,Adrienne Lewis,stephen70@example.org,USA,2025-04-18,Premium,43.0,2026-07-19 13:22:07.415068
719,Anthony Austin,stephanielopez@example.com,Germany,2021-09-10,premium,,2026-07-19 13:22:07.415068
720,Keith Mcintosh,justin54@example.org,India,2026-01-24,,,2026-07-19 13:22:07.415068
721,Bailey Elliott,carrjordan@example.org,USA,2024-11-29,premium,65.0,2026-07-19 13:22:07.416096
722,Megan Morton,zgomez@example.com,Germany,2024-06-25,,67.0,2026-07-19 13:22:07.416096
723,Tiffany Robinson,wilsonwilliam@example.org,,2021-07-01,Standard,27.0,2026-07-19 13:22:07.416096
724,Cindy Ortega,richard22@example.org,Germany,2026-06-01,Standard,,2026-07-19 13:22:07.416096
725,Jim Williams,michelle92@example.net,,2021-11-03,Premium,39.0,2026-07-19 13:22:07.416096
726,Amanda Morris,josephritter@example.org,,2024-06-09,premium,24.0,2026-07-19 13:22:07.416096
727,Angela Wells,carrollkelly@example.com,UK,2025-03-19,,49.0,2026-07-19 13:22:07.416096
728,Andrew Duncan,nbarnett@example.net,USA,2022-07-23,premium,23.0,2026-07-19 13:22:07.416096
729,Cynthia Aguilar,myershannah@example.org,USA,2021-07-08,,,2026-07-19 13:22:07.417084
730,Keith Sanford,glenmoon@example.com,Germany,2021-01-31,Premium,55.0,2026-07-19 13:22:07.417084
731,Lisa Clay,esandoval@example.org,UK,2025-10-19,,22.0,2026-07-19 13:22:07.417084
732,Jordan Nash,mmaxwell@example.com,Germany,2022-11-01,Standard,,2026-07-19 13:22:07.417084
733,Rita Snyder,ericwilcox@example.net,India,2021-10-11,premium,,2026-07-19 13:22:07.417084
734,Bradley Tucker,mendozamatthew@example.org,,2021-11-19,premium,,2026-07-19 13:22:07.417084
735,Jill Green,glennbenjamin@example.org,India,2025-03-28,Premium,30.0,2026-07-19 13:22:07.417084
736,Robert Edwards,patricksmith@example.com,UK,2025-12-08,Standard,24.0,2026-07-19 13:22:07.418082
737,Tiffany Jacobs,hamiltonjacob@example.org,Germany,2023-12-08,premium,44.0,2026-07-19 13:22:07.418082
738,Katelyn Richardson,hamiltonfrank@example.net,UK,2024-07-16,Standard,,2026-07-19 13:22:07.418082
739,Kevin Taylor,valeriejuarez@example.net,Germany,2025-01-23,Premium,23.0,2026-07-19 13:22:07.418082
740,Jason Larson,williamroberson@example.com,,2024-11-03,Premium,,2026-07-19 13:22:07.418082
741,Benjamin Phillips,jevans@example.net,USA,2026-01-14,Standard,,2026-07-19 13:22:07.418082
742,Kevin Gill,tyler38@example.com,UK,2026-04-10,premium,34.0,2026-07-19 13:22:07.418082
743,Pamela Smith PhD,manuel40@example.net,Canada,2021-03-18,,46.0,2026-07-19 13:22:07.418082
744,Theodore Jimenez,markcaldwell@example.org,Canada,2023-12-16,Premium,69.0,2026-07-19 13:22:07.419084
745,Elizabeth Everett,monica44@example.com,Canada,2026-06-25,Premium,67.0,2026-07-19 13:22:07.419084
746,Amber Hardin,nbennett@example.com,USA,2025-06-09,,41.0,2026-07-19 13:22:07.419084
747,Earl Compton,ycarroll@example.net,UK,2023-04-06,premium,70.0,2026-07-19 13:22:07.419084
748,Scott Rose,tanderson@example.org,Canada,2026-03-09,Standard,,2026-07-19 13:22:07.419084
749,Christopher Maxwell,michelle27@example.com,USA,2026-01-12,premium,25.0,2026-07-19 13:22:07.419084
750,Melissa Barnett,snowcarly@example.net,Germany,2026-04-07,Standard,,2026-07-19 13:22:07.419084
751,Timothy Frank,gkennedy@example.net,,2024-05-02,,,2026-07-19 13:22:07.419084
752,Thomas Estrada,samuelcosta@example.org,,2024-02-27,Standard,40.0,2026-07-19 13:22:07.419084
753,Matthew Fisher,victoriasanders@example.org,USA,2025-01-02,premium,46.0,2026-07-19 13:22:07.420084
754,Ryan Hull,christopherhess@example.com,Canada,2023-02-08,Standard,,2026-07-19 13:22:07.420084
755,Christine Davis,bradleymartinez@example.org,Germany,2024-03-28,,21.0,2026-07-19 13:22:07.420084
756,Jason Perez,myerskim@example.org,India,2024-05-26,Standard,44.0,2026-07-19 13:22:07.420084
757,Steven Richardson,ychristian@example.org,,2021-08-03,Standard,58.0,2026-07-19 13:22:07.420084
758,Jamie Powell,patrickpage@example.net,Germany,2022-03-01,premium,,2026-07-19 13:22:07.420084
759,Travis Doyle,angelaowens@example.org,India,2021-06-06,premium,,2026-07-19 13:22:07.420084
760,Cynthia Khan,ythompson@example.com,USA,2026-05-27,premium,56.0,2026-07-19 13:22:07.420084
761,Rhonda Alexander,debra11@example.net,Canada,2021-07-11,premium,,2026-07-19 13:22:07.421068
762,Justin Horne,jorge13@example.org,UK,2024-07-17,Standard,28.0,2026-07-19 13:22:07.421068
763,Jacqueline Thornton,danderson@example.org,USA,2022-11-12,Standard,35.0,2026-07-19 13:22:07.421068
764,Thomas Mendez,barnesstephanie@example.net,USA,2023-04-27,,40.0,2026-07-19 13:22:07.421068
765,Tammy Gardner DDS,gcurtis@example.net,USA,2025-03-22,premium,,2026-07-19 13:22:07.421068
766,Norman Stevens,jeffery39@example.org,UK,2026-05-23,premium,54.0,2026-07-19 13:22:07.421068
767,Edward Werner,pughchristina@example.net,UK,2021-03-25,Standard,,2026-07-19 13:22:07.421068
768,Allen Caldwell,zwhite@example.org,UK,2024-10-25,Standard,49.0,2026-07-19 13:22:07.422083
769,Sandra Morgan,ashleymartin@example.com,Canada,2026-03-26,Standard,56.0,2026-07-19 13:22:07.422083
770,Alan Dixon,fbrown@example.net,Canada,2023-08-06,,,2026-07-19 13:22:07.422083
771,Gregory Miller,robinsonstephen@example.net,UK,2025-06-02,Standard,39.0,2026-07-19 13:22:07.422083
772,Thomas Franklin,wilkinspaige@example.org,India,2026-03-20,Premium,27.0,2026-07-19 13:22:07.422083
773,Edward Mendoza,lisa63@example.org,Canada,2021-10-20,premium,,2026-07-19 13:22:07.422083
774,Peter Murray,stephanie62@example.org,,2021-04-07,,55.0,2026-07-19 13:22:07.423067
775,Barbara Cooper,glennadams@example.org,India,2024-11-08,premium,26.0,2026-07-19 13:22:07.423067
776,John Brown,joanna66@example.org,,2021-03-25,,,2026-07-19 13:22:07.423067
777,Kathleen Greer,lisamckay@example.net,,2024-10-08,Standard,,2026-07-19 13:22:07.423067
778,Jeffrey Benson,latoyamoody@example.com,USA,2022-10-25,Standard,,2026-07-19 13:22:07.423067
779,Eric Jacobson,vparker@example.net,,2022-09-08,premium,26.0,2026-07-19 13:22:07.423067
780,Angela Mcdowell,pharrell@example.org,,2026-07-16,,67.0,2026-07-19 13:22:07.423067
781,Joanne Bridges,vshah@example.org,USA,2023-03-04,premium,69.0,2026-07-19 13:22:07.424067
782,Tonya Washington,rstokes@example.com,,2023-05-18,Premium,49.0,2026-07-19 13:22:07.424067
783,Tim Davenport,mdelgado@example.org,India,2022-05-15,Premium,,2026-07-19 13:22:07.424067
784,Isaac Edwards,john89@example.org,India,2025-08-10,Premium,,2026-07-19 13:22:07.424067
785,Michelle Navarro,colleen18@example.org,Germany,2026-06-26,premium,31.0,2026-07-19 13:22:07.424067
786,Kenneth Hood,freemandominic@example.net,,2026-03-03,premium,34.0,2026-07-19 13:22:07.424067
787,Andrew Wolfe,nashlinda@example.com,,2026-07-17,Premium,,2026-07-19 13:22:07.424067
788,Mr. Dominic Allen,kevin92@example.org,,2024-03-12,Standard,,2026-07-19 13:22:07.424067
789,Benjamin Dawson,brandon73@example.com,Germany,2024-07-30,,,2026-07-19 13:22:07.425067
790,Felicia Collins,joseph23@example.net,UK,2022-11-24,Standard,,2026-07-19 13:22:07.425067
791,Sara Walker,paynelindsey@example.net,Canada,2022-01-25,Premium,36.0,2026-07-19 13:22:07.425067
792,Walter Ramirez,johncarroll@example.org,India,2025-01-31,Premium,,2026-07-19 13:22:07.425067
793,Carolyn Smith,joshua01@example.net,USA,2021-07-27,,28.0,2026-07-19 13:22:07.425067
794,David Wright,kelly83@example.net,UK,2021-04-08,Premium,,2026-07-19 13:22:07.425067
795,Terri Brock,ijennings@example.net,,2026-05-17,,59.0,2026-07-19 13:22:07.425067
796,Kenneth Howard,michael65@example.org,UK,2021-07-23,,28.0,2026-07-19 13:22:07.426070
797,Angel Vang MD,julie70@example.org,Canada,2024-09-09,Standard,,2026-07-19 13:22:07.426070
798,Tiffany Merritt,uromero@example.com,,2023-06-11,premium,,2026-07-19 13:22:07.426070
799,Brittany Silva,jmiller@example.net,India,2025-03-20,Premium,,2026-07-19 13:22:07.426070
800,Elizabeth Gonzalez,john22@example.com,UK,2023-06-20,,27.0,2026-07-19 13:22:07.426070
801,Tara Warner,hudsonjoseph@example.com,India,2026-07-12,,,2026-07-19 13:22:07.426070
802,Lori Elliott,ryanatkinson@example.net,,2023-01-16,,30.0,2026-07-19 13:22:07.426070
803,Johnathan Lynch,adam41@example.org,Canada,2025-05-22,Standard,,2026-07-19 13:22:07.426070
804,Shannon Lyons,leslie81@example.net,Canada,2023-11-23,Premium,,2026-07-19 13:22:07.426070
805,Angela Wright,qjohnson@example.net,Germany,2023-10-22,premium,,2026-07-19 13:22:07.427070
806,Tiffany Kane,mrichardson@example.net,USA,2024-06-20,,41.0,2026-07-19 13:22:07.427070
807,Adam Coffey,penningtonjeff@example.net,Germany,2026-04-19,premium,,2026-07-19 13:22:07.427070
808,Jennifer Suarez,proberts@example.com,India,2025-04-12,premium,54.0,2026-07-19 13:22:07.427070
809,Paul Collins,cobbelizabeth@example.net,USA,2022-05-01,Premium,,2026-07-19 13:22:07.427070
810,Cindy Page,baileyalexander@example.net,UK,2024-03-24,Standard,53.0,2026-07-19 13:22:07.427070
811,Vanessa Wilson,leealyssa@example.org,Germany,2021-12-16,,,2026-07-19 13:22:07.427070
812,Justin Moore,davislisa@example.net,UK,2021-08-09,Standard,,2026-07-19 13:22:07.427070
813,Lindsey Duncan,owilson@example.net,Canada,2024-05-02,Premium,50.0,2026-07-19 13:22:07.428095
814,Edward Bolton,emily16@example.org,Canada,2021-03-23,,29.0,2026-07-19 13:22:07.428095
815,Julian Jones,markgraham@example.org,USA,2022-01-06,Standard,26.0,2026-07-19 13:22:07.428095
816,Kaitlyn Gordon,brookeestrada@example.net,Germany,2026-02-09,,30.0,2026-07-19 13:22:07.428095
817,Tiffany Santos,michaelnunez@example.org,UK,2025-02-06,premium,64.0,2026-07-19 13:22:07.428095
818,Alisha Schmitt,tara36@example.net,Canada,2024-05-16,,,2026-07-19 13:22:07.428095
819,Theresa Bruce,alexa32@example.org,India,2023-08-20,,,2026-07-19 13:22:07.428095
820,Jennifer Nelson,callahanfrank@example.com,Canada,2024-03-23,Standard,27.0,2026-07-19 13:22:07.428095
821,Tanya Cummings,parkermarcus@example.org,Canada,2023-05-24,Premium,,2026-07-19 13:22:07.429071
822,Lisa Jennings,jamesbradley@example.com,UK,2021-08-12,premium,,2026-07-19 13:22:07.429071
823,Maria Fletcher,ugallegos@example.net,Germany,2022-11-16,,,2026-07-19 13:22:07.429071
824,Stacy Johns,osbornematthew@example.org,Canada,2025-08-01,premium,43.0,2026-07-19 13:22:07.429071
825,Emily King,nataliewalker@example.com,UK,2023-02-19,,,2026-07-19 13:22:07.429071
826,Megan Thomas,pnichols@example.org,India,2022-09-04,Standard,,2026-07-19 13:22:07.429071
827,Mitchell Nielsen,chasegreen@example.org,India,2021-07-08,premium,,2026-07-19 13:22:07.429071
828,Steven Long,zacharybyrd@example.net,India,2024-10-21,premium,49.0,2026-07-19 13:22:07.429071
829,Zachary Castaneda,dchan@example.net,USA,2025-10-17,premium,,2026-07-19 13:22:07.430087
830,Traci Becker,philliptucker@example.com,India,2025-01-14,,56.0,2026-07-19 13:22:07.430087
831,Gabriela Taylor,pjohnson@example.org,USA,2024-01-27,Standard,,2026-07-19 13:22:07.430087
832,Justin Jensen,tuckerjames@example.com,,2023-10-31,premium,70.0,2026-07-19 13:22:07.430087
833,Robin Kelly,brittany29@example.net,UK,2022-02-10,Standard,,2026-07-19 13:22:07.430087
834,Bryan Campbell,megan28@example.net,,2023-09-16,,26.0,2026-07-19 13:22:07.430087
835,Tim Gillespie,djones@example.com,USA,2025-06-20,Standard,21.0,2026-07-19 13:22:07.430087
836,Cassandra Cross,brownchase@example.org,Canada,2023-12-28,Premium,41.0,2026-07-19 13:22:07.430087
837,Brooke Lane,elizabethconner@example.com,India,2024-06-25,,,2026-07-19 13:22:07.431073
838,Peter Anderson,mdyer@example.net,,2021-05-16,Premium,61.0,2026-07-19 13:22:07.431073
839,Kathleen Brown,eprince@example.net,USA,2024-06-17,,,2026-07-19 13:22:07.431073
840,Lisa Anderson,hartaustin@example.org,USA,2021-02-28,,,2026-07-19 13:22:07.431073
841,Tiffany Owens,ohutchinson@example.org,India,2025-08-19,premium,65.0,2026-07-19 13:22:07.431073
842,Mariah Bates,brownnicole@example.net,India,2026-05-24,,21.0,2026-07-19 13:22:07.431073
843,Stacy Oconnor,tsmith@example.com,UK,2022-03-05,Standard,32.0,2026-07-19 13:22:07.431073
844,Christopher Shepard,ljames@example.com,,2025-05-22,premium,,2026-07-19 13:22:07.432071
845,Eric Jenkins,vdavis@example.net,UK,2026-06-08,Premium,48.0,2026-07-19 13:22:07.432071
846,William King,barbarashepherd@example.org,,2025-07-30,Premium,,2026-07-19 13:22:07.432071
847,Tina Hernandez,fmitchell@example.org,UK,2022-01-13,premium,,2026-07-19 13:22:07.432071
848,Stephanie Brown,robinsonmichael@example.net,Germany,2021-07-12,,,2026-07-19 13:22:07.432071
849,Ashley Lopez,hstein@example.org,India,2025-04-29,,,2026-07-19 13:22:07.432071
850,Eric Cummings,stacymartin@example.org,UK,2025-12-22,Premium,,2026-07-19 13:22:07.432071
851,Randy Ortiz,millslatoya@example.com,UK,2022-12-02,premium,37.0,2026-07-19 13:22:07.432071
852,Kayla Johnson,zhenderson@example.net,Germany,2026-03-11,premium,,2026-07-19 13:22:07.432071
853,Tracey Ortega,cbradley@example.com,India,2025-01-31,premium,30.0,2026-07-19 13:22:07.433087
854,Brian Leonard,bonnieleonard@example.org,UK,2022-04-04,Standard,,2026-07-19 13:22:07.433087
855,Gary Johnson,mcannon@example.org,,2024-10-03,Standard,64.0,2026-07-19 13:22:07.433087
856,Laurie Griffith,lauriecoleman@example.org,,2023-10-05,premium,,2026-07-19 13:22:07.433087
857,Cynthia Briggs,adam02@example.net,Germany,2024-05-15,Premium,55.0,2026-07-19 13:22:07.433087
858,Mark Ramirez,tiffany29@example.com,India,2022-06-23,Standard,,2026-07-19 13:22:07.433087
859,Kaitlin Rivers,jennifer41@example.org,,2024-07-15,premium,28.0,2026-07-19 13:22:07.433087
860,Jimmy Velazquez,theresa33@example.com,India,2026-01-01,,,2026-07-19 13:22:07.433087
861,Amanda Willis,johnsonwilliam@example.net,,2022-01-06,Standard,,2026-07-19 13:22:07.433087
862,Kelsey Smith,lauraconway@example.net,,2026-01-18,Standard,40.0,2026-07-19 13:22:07.434083
863,Jamie Dunn,jonesseth@example.net,,2021-08-30,premium,,2026-07-19 13:22:07.434083
864,Jennifer Leon,katrinapalmer@example.com,India,2025-02-01,premium,47.0,2026-07-19 13:22:07.434083
865,Cassie Moreno,hollynorman@example.com,Germany,2026-04-01,Premium,48.0,2026-07-19 13:22:07.434083
866,Amanda Vaughn,joshuagross@example.com,UK,2025-11-16,,,2026-07-19 13:22:07.434083
867,Barbara Armstrong,bonnie87@example.org,Germany,2026-03-31,Standard,26.0,2026-07-19 13:22:07.434083
868,Caroline Reese,ujohnson@example.com,India,2024-04-02,,,2026-07-19 13:22:07.434083
869,Katherine Hunter,michael23@example.net,,2025-07-15,Premium,,2026-07-19 13:22:07.435093
870,Ronald Livingston,wdavis@example.org,,2025-07-22,premium,58.0,2026-07-19 13:22:07.435093
871,Christian Ferguson,tchen@example.org,Canada,2024-01-06,premium,31.0,2026-07-19 13:22:07.435093
872,Derrick Pham,jessicagonzales@example.com,UK,2022-04-06,Standard,49.0,2026-07-19 13:22:07.435093
873,Tina Grant,dgordon@example.com,USA,2023-02-07,,,2026-07-19 13:22:07.435093
874,Jason Contreras,whitney06@example.net,Germany,2024-02-22,,42.0,2026-07-19 13:22:07.435093
875,Alexa Robinson,yfarrell@example.com,Canada,2023-07-22,Standard,,2026-07-19 13:22:07.435093
876,Robin Flowers,cummingsjoseph@example.org,Canada,2021-07-19,premium,66.0,2026-07-19 13:22:07.435093
877,Kathleen Higgins,alexandercampos@example.com,Canada,2022-10-03,Premium,58.0,2026-07-19 13:22:07.435093
878,Michael Barton,vmurray@example.net,USA,2022-08-29,premium,37.0,2026-07-19 13:22:07.436088
879,Melissa Lopez,vleblanc@example.org,Canada,2024-05-25,premium,28.0,2026-07-19 13:22:07.436088
880,Michelle Lara,adamscrystal@example.net,Canada,2024-11-16,premium,,2026-07-19 13:22:07.436088
881,Anna Daniel,nicholasdavis@example.net,Germany,2021-07-27,Standard,,2026-07-19 13:22:07.436088
882,Jennifer Vasquez,privera@example.net,India,2022-05-05,Standard,,2026-07-19 13:22:07.436088
883,Jaclyn Harris,lisabrown@example.net,Canada,2025-04-08,Standard,64.0,2026-07-19 13:22:07.436088
884,Carla West,djennings@example.org,USA,2022-06-07,Premium,55.0,2026-07-19 13:22:07.436088
885,Natalie Boyd,amiller@example.com,Canada,2024-06-29,Premium,,2026-07-19 13:22:07.436088
886,Melissa Rodriguez,olsenangela@example.com,UK,2023-01-20,Premium,56.0,2026-07-19 13:22:07.437074
887,Robert Stevenson,scottcatherine@example.com,,2025-12-10,Premium,21.0,2026-07-19 13:22:07.437074
888,Erin Adkins,christopherwilliams@example.net,Germany,2024-01-22,,,2026-07-19 13:22:07.437074
889,Kristin Heath,debra26@example.com,Germany,2022-08-12,Standard,31.0,2026-07-19 13:22:07.437074
890,Adam Sharp,ublair@example.net,India,2024-03-10,Premium,,2026-07-19 13:22:07.437074
891,Michael Johnson,sean70@example.net,UK,2023-02-25,Standard,44.0,2026-07-19 13:22:07.437074
892,Jeremy Mcclure,lekathleen@example.net,UK,2022-07-08,Premium,36.0,2026-07-19 13:22:07.437074
893,Vincent Mann,sherry31@example.net,Canada,2023-10-04,Standard,56.0,2026-07-19 13:22:07.437074
894,Vanessa Arias,hunterperkins@example.com,India,2021-11-20,Standard,,2026-07-19 13:22:07.438071
895,Melinda Hall,goodmancolleen@example.org,India,2025-08-25,Premium,,2026-07-19 13:22:07.438071
896,Bruce Gomez,ruthsalazar@example.org,USA,2022-09-09,,39.0,2026-07-19 13:22:07.438071
897,Angela Cruz,tmaynard@example.net,Canada,2026-06-23,Premium,,2026-07-19 13:22:07.438071
898,Stephanie Roth,lisa76@example.com,USA,2021-03-23,Premium,67.0,2026-07-19 13:22:07.438071
899,Michael Rosales,fmiller@example.org,,2022-06-29,Premium,34.0,2026-07-19 13:22:07.438071
900,Debra Morgan,rnelson@example.org,Germany,2024-11-20,premium,47.0,2026-07-19 13:22:07.438071
901,Breanna Thornton,jimmyyork@example.com,Canada,2021-12-27,Standard,,2026-07-19 13:22:07.438071
902,Sara Mccoy,ryan31@example.net,India,2022-01-20,premium,45.0,2026-07-19 13:22:07.438071
903,Denise Morales,lee36@example.net,Canada,2021-10-10,Premium,18.0,2026-07-19 13:22:07.439086
904,Ashley Hernandez,ywallace@example.net,,2022-12-02,Standard,,2026-07-19 13:22:07.439086
905,Marie Little,jasminecrawford@example.org,Germany,2021-03-11,premium,64.0,2026-07-19 13:22:07.439086
906,Randy Bradley MD,wspencer@example.net,India,2021-12-23,premium,29.0,2026-07-19 13:22:07.439086
907,Joshua Sanford,saunderslaura@example.org,Germany,2024-04-21,,,2026-07-19 13:22:07.439086
908,Brandy Palmer,dianadean@example.com,,2021-10-11,,,2026-07-19 13:22:07.439086
909,Robin Rios,qwilson@example.com,,2021-07-31,Standard,25.0,2026-07-19 13:22:07.439086
910,Peggy Meyer,andersonjason@example.com,,2022-06-23,Premium,28.0,2026-07-19 13:22:07.439086
911,Tyler Rodgers,wilkinstodd@example.org,Germany,2021-06-09,,,2026-07-19 13:22:07.439086
912,Brian Lynch,christopher59@example.net,USA,2023-02-14,,,2026-07-19 13:22:07.440088
913,Melissa Rivera,stacey70@example.net,UK,2026-05-21,Standard,,2026-07-19 13:22:07.440088
914,Rebekah Hooper,pgray@example.org,Canada,2021-07-28,,46.0,2026-07-19 13:22:07.440088
915,Gary Clark,baileymaria@example.net,Canada,2025-01-30,premium,18.0,2026-07-19 13:22:07.440088
916,Laura Wright,qdiaz@example.org,,2021-08-26,premium,51.0,2026-07-19 13:22:07.440088
917,Brandon Hernandez,websterapril@example.net,Germany,2022-11-02,Standard,,2026-07-19 13:22:07.440088
918,Paul Crane,mallorydixon@example.com,,2022-10-03,,27.0,2026-07-19 13:22:07.441073
919,Jessica Bryan,timbrock@example.org,Canada,2022-12-10,Standard,,2026-07-19 13:22:07.441073
920,Tanner Moses,ufisher@example.org,Germany,2021-09-03,Standard,,2026-07-19 13:22:07.441073
921,Michael Burke,adrianhogan@example.org,India,2025-03-13,premium,35.0,2026-07-19 13:22:07.441073
922,Marie Bean,mistywarner@example.com,UK,2025-04-19,,43.0,2026-07-19 13:22:07.441073
923,Erin Herman,otate@example.com,Canada,2023-12-22,,,2026-07-19 13:22:07.441073
924,Daniel Dean,careybrian@example.org,Canada,2021-09-29,,,2026-07-19 13:22:07.442071
925,Glenn Johnson,ryansheppard@example.com,Canada,2023-10-05,Premium,,2026-07-19 13:22:07.442071
926,Laura Riley,kenneth60@example.org,Germany,2026-05-07,Premium,70.0,2026-07-19 13:22:07.442071
927,Adam Thomas,murphyclayton@example.org,UK,2021-02-23,premium,50.0,2026-07-19 13:22:07.442071
928,Sean Yang,jdonovan@example.org,,2022-10-13,,,2026-07-19 13:22:07.442071
929,Lori Martin,jeremypayne@example.org,Canada,2021-12-20,Standard,,2026-07-19 13:22:07.442071
930,Danielle Smith,vanceteresa@example.com,UK,2022-03-31,,,2026-07-19 13:22:07.442071
931,Spencer Valenzuela,douglaswalters@example.com,,2024-01-05,Premium,24.0,2026-07-19 13:22:07.443087
932,Erin Werner,ishelton@example.net,Canada,2024-08-19,premium,,2026-07-19 13:22:07.443087
933,Tara Lyons,joshualawson@example.net,UK,2023-08-15,premium,62.0,2026-07-19 13:22:07.443087
934,Regina Mitchell,melissa33@example.org,Canada,2021-07-09,Standard,49.0,2026-07-19 13:22:07.443087
935,Charles Burton,thomasbarton@example.net,,2022-05-21,,,2026-07-19 13:22:07.443087
936,Barry Gross,fsmith@example.net,UK,2025-06-13,Standard,,2026-07-19 13:22:07.443087
937,Brian Harris,thompsoncharles@example.org,USA,2023-12-26,Standard,,2026-07-19 13:22:07.443087
938,Grace Gonzalez,jenny47@example.net,Canada,2022-04-21,,20.0,2026-07-19 13:22:07.443087
939,Aaron Sutton,reedalexandria@example.com,Germany,2023-12-26,Standard,49.0,2026-07-19 13:22:07.444087
940,Gina Ward,dylan59@example.net,UK,2022-06-03,Premium,,2026-07-19 13:22:07.444087
941,Leslie Reyes,vaughnwayne@example.org,UK,2023-11-03,Standard,62.0,2026-07-19 13:22:07.444087
942,George Wilcox,bbass@example.org,,2021-12-23,Standard,,2026-07-19 13:22:07.444087
943,Troy Wells,michaelbrown@example.com,,2023-03-08,premium,,2026-07-19 13:22:07.444087
944,Jason Stark,brownmelissa@example.net,Germany,2023-02-18,Standard,,2026-07-19 13:22:07.444087
945,Eric Dean,jasonmurray@example.org,India,2021-02-08,premium,46.0,2026-07-19 13:22:07.444087
946,Anita Lopez,nschroeder@example.org,USA,2024-03-26,premium,,2026-07-19 13:22:07.444087
947,Michael Scott,joseking@example.com,,2022-06-01,Standard,30.0,2026-07-19 13:22:07.445093
948,Alicia Morris,vgarza@example.net,UK,2022-07-17,premium,,2026-07-19 13:22:07.445093
949,Melanie Kim,ashleyfox@example.com,,2025-10-21,Standard,,2026-07-19 13:22:07.445093
950,Justin Miller,orogers@example.org,,2025-11-25,premium,,2026-07-19 13:22:07.445093
951,Misty Hamilton,tuckerrobert@example.org,UK,2023-05-08,,,2026-07-19 13:22:07.445093
952,Brandon Wolfe,brandon61@example.net,Germany,2022-01-06,Premium,51.0,2026-07-19 13:22:07.445093
953,Hailey Gonzalez,xaguilar@example.org,Canada,2024-05-30,Standard,21.0,2026-07-19 13:22:07.445093
954,Kathryn Hester,charlesvaughan@example.com,USA,2025-01-19,Standard,,2026-07-19 13:22:07.445093
955,James Garcia,samuel49@example.org,USA,2021-11-03,Premium,,2026-07-19 13:22:07.446088
956,Cindy Smith,smithmitchell@example.com,USA,2022-04-28,Premium,,2026-07-19 13:22:07.446088
957,Angel May,wflores@example.com,Canada,2023-02-04,Standard,,2026-07-19 13:22:07.446088
958,Mrs. Amanda Roberson,melissa01@example.net,USA,2023-09-07,premium,62.0,2026-07-19 13:22:07.446088
959,Justin Nichols,adamsjustin@example.com,Germany,2024-05-17,,,2026-07-19 13:22:07.446088
960,Brenda King,adavis@example.net,UK,2026-03-31,Premium,,2026-07-19 13:22:07.446088
961,Jason Ryan,michaelbaxter@example.com,USA,2023-01-26,,,2026-07-19 13:22:07.446088
962,Michele Brooks,austin77@example.org,UK,2023-06-26,Standard,67.0,2026-07-19 13:22:07.446088
963,Victoria Kim,ubass@example.net,India,2024-01-12,Standard,61.0,2026-07-19 13:22:07.446088
964,Daniel Vazquez,nfreeman@example.com,USA,2021-02-24,Standard,65.0,2026-07-19 13:22:07.447087
965,Crystal Rich,jose35@example.com,Germany,2026-04-27,,,2026-07-19 13:22:07.447087
966,Walter Gray,roberthickman@example.org,USA,2025-08-24,premium,,2026-07-19 13:22:07.447087
967,Chloe Romero,jesse47@example.org,Germany,2022-07-27,Standard,20.0,2026-07-19 13:22:07.447087
968,Sylvia Allen,scottamanda@example.com,India,2023-03-15,Premium,,2026-07-19 13:22:07.447087
969,Brandon Brown,johnferrell@example.net,Germany,2022-02-13,premium,,2026-07-19 13:22:07.447087
970,Brian Rosales,william66@example.net,UK,2025-04-25,Standard,51.0,2026-07-19 13:22:07.447087
971,Stephanie Carter,wcampos@example.com,UK,2025-08-27,,,2026-07-19 13:22:07.447087
972,Paula Cook,orozconicholas@example.org,Canada,2024-08-03,Standard,,2026-07-19 13:22:07.447087
973,April Smith,anthonyschaefer@example.org,India,2024-07-11,premium,,2026-07-19 13:22:07.448087
974,Andrew Morton,ellisonmeghan@example.org,UK,2021-12-06,Premium,,2026-07-19 13:22:07.448087
975,Laura Miller,staylor@example.org,Germany,2025-03-14,Standard,,2026-07-19 13:22:07.448087
976,Diane Cannon,andersonlisa@example.org,Germany,2021-05-31,Premium,,2026-07-19 13:22:07.448087
977,Jo Jackson,zachary68@example.com,UK,2022-06-28,premium,,2026-07-19 13:22:07.448087
978,Karen Tucker,timothygarcia@example.org,UK,2022-01-17,,49.0,2026-07-19 13:22:07.448087
979,Molly Baker,lreid@example.org,India,2021-07-06,Standard,38.0,2026-07-19 13:22:07.448087
980,Angela Nguyen,gary65@example.net,Canada,2025-08-11,Premium,58.0,2026-07-19 13:22:07.448087
981,Steven Kelly,colleendiaz@example.net,USA,2022-10-16,Standard,,2026-07-19 13:22:07.449088
982,Lisa Bradley,philipblair@example.org,Canada,2025-05-24,,59.0,2026-07-19 13:22:07.449088
983,Dalton Stewart,whayes@example.org,,2022-09-13,Standard,,2026-07-19 13:22:07.449088
984,Andrea Mueller,morganmichael@example.com,,2024-09-08,Premium,23.0,2026-07-19 13:22:07.449088
985,Timothy Callahan,amanda64@example.org,Canada,2025-07-20,premium,53.0,2026-07-19 13:22:07.449088
986,Mary Garcia PhD,efuller@example.org,UK,2021-12-10,Standard,,2026-07-19 13:22:07.449088
987,Michael Sanchez,banderson@example.com,Germany,2024-01-08,,,2026-07-19 13:22:07.449088
988,Laurie Duncan,florestimothy@example.net,Canada,2024-05-13,Premium,52.0,2026-07-19 13:22:07.449088
989,Kyle James,bairdmichael@example.com,,2022-07-05,Premium,66.0,2026-07-19 13:22:07.450071
990,Brandon Walton,dduarte@example.org,,2021-10-16,Premium,40.0,2026-07-19 13:22:07.450071
991,Crystal Gregory,carlos90@example.org,India,2022-02-19,premium,56.0,2026-07-19 13:22:07.450071
992,Christopher Williams,marcbenjamin@example.org,India,2022-04-04,,,2026-07-19 13:22:07.450071
993,Michael Fleming,beardmichael@example.org,,2026-05-17,,28.0,2026-07-19 13:22:07.450071
994,Heather Gray,garymcclain@example.com,USA,2022-05-12,,,2026-07-19 13:22:07.450071
995,James Kelly,nathan57@example.org,,2025-09-27,premium,,2026-07-19 13:22:07.451071
996,Carlos Henderson,dshaw@example.org,Canada,2023-06-12,Standard,25.0,2026-07-19 13:22:07.451071
997,Allen Figueroa,burkebriana@example.com,Canada,2023-05-04,,52.0,2026-07-19 13:22:07.451071
998,Allen Burns,qweiss@example.org,India,2025-05-15,premium,,2026-07-19 13:22:07.451071
999,Gary Hughes,jeremy17@example.org,,2021-10-10,Standard,28.0,2026-07-19 13:22:07.451071
1000,Ashley Watson,zoe24@example.org,USA,2023-02-02,premium,30.0,2026-07-19 13:22:07.451071
1001,Michael Lin,watsonjames@example.net,USA,2022-10-14,Premium,,2026-07-19 13:22:07.451071
1002,Alan Lee,bellandrew@example.org,,2023-06-20,Premium,36.0,2026-07-19 13:22:07.452072
1003,Ricky Barajas,elizabethirwin@example.net,India,2025-12-30,Standard,,2026-07-19 13:22:07.452072
1004,James Wilson,zfarley@example.com,India,2024-07-18,Standard,60.0,2026-07-19 13:22:07.452072
1005,Lorraine Stark,bonniegalvan@example.com,Canada,2024-12-13,Premium,,2026-07-19 13:22:07.452072
1006,Stacy Thomas,donnabuckley@example.com,Germany,2024-01-09,premium,,2026-07-19 13:22:07.452072
1007,George King,elizabethhill@example.net,,2023-04-10,Standard,,2026-07-19 13:22:07.452072
1008,Kristina White,kevindavis@example.org,India,2021-03-04,,28.0,2026-07-19 13:22:07.452072
1009,Joshua Brooks,shannontricia@example.org,India,2025-03-02,Standard,,2026-07-19 13:22:07.452072
1010,Natalie Bender,williamsrobert@example.com,India,2021-11-02,premium,,2026-07-19 13:22:07.453080
1011,Tamara Powell,moorerobert@example.org,Germany,2023-12-15,,,2026-07-19 13:22:07.453080
1012,Julie Martin,jeremyrodgers@example.net,Germany,2023-06-16,Premium,29.0,2026-07-19 13:22:07.453080
1013,Fernando Acevedo,jasonbecker@example.net,India,2021-09-25,Standard,52.0,2026-07-19 13:22:07.453080
1014,Ronald Patterson,joyceryan@example.com,India,2022-06-08,Premium,64.0,2026-07-19 13:22:07.453080
1015,Richard White,jacob49@example.org,Canada,2021-10-14,Premium,,2026-07-19 13:22:07.453080
1016,Jacob Horton,cooklucas@example.org,UK,2025-05-10,Premium,,2026-07-19 13:22:07.454087
1017,Sarah Morris,mitchellzoe@example.com,UK,2021-07-15,,59.0,2026-07-19 13:22:07.454087
1018,Jacqueline Scott,kevinturner@example.net,India,2024-05-07,Standard,,2026-07-19 13:22:07.454087
1019,Robert Cook,joseprince@example.com,USA,2023-12-11,Premium,,2026-07-19 13:22:07.454087
1020,David Sanders,jennifer93@example.net,UK,2026-06-28,Standard,69.0,2026-07-19 13:22:07.454087
1021,Tiffany Barnes,kerrystuart@example.net,UK,2025-10-05,,28.0,2026-07-19 13:22:07.454087
1022,Kayla Vang,burnsjessica@example.net,UK,2021-03-25,Standard,,2026-07-19 13:22:07.455073
1023,Morgan Meyer,zbrown@example.net,India,2026-04-28,Standard,,2026-07-19 13:22:07.455073
1024,Bonnie Wells,andersonkirk@example.org,USA,2026-03-13,premium,41.0,2026-07-19 13:22:07.455073
1025,Joel Chase,gonzalezpamela@example.org,Canada,2022-10-19,Standard,,2026-07-19 13:22:07.455073
1026,James Garcia,larnold@example.net,Germany,2023-12-01,,20.0,2026-07-19 13:22:07.455073
1027,Traci Butler,sware@example.org,,2024-09-24,Premium,,2026-07-19 13:22:07.455073
1028,Robert Willis,hughesjimmy@example.com,,2025-01-26,Standard,,2026-07-19 13:22:07.455073
1029,Cassidy Mosley,lauren64@example.com,India,2023-04-03,Premium,,2026-07-19 13:22:07.455073
1030,Dr. Mary Ball MD,joshuashields@example.com,Germany,2021-02-03,Standard,,2026-07-19 13:22:07.456088
1031,Jessica Davenport,smithrodney@example.org,India,2021-12-19,premium,,2026-07-19 13:22:07.456088
1032,Michael Johnson,joshua50@example.com,UK,2026-07-06,Standard,46.0,2026-07-19 13:22:07.456088
1033,Wayne Thompson,josegreen@example.org,USA,2026-02-12,premium,31.0,2026-07-19 13:22:07.456088
1034,Michael Green,ralexander@example.net,USA,2025-08-31,premium,56.0,2026-07-19 13:22:07.456088
1035,Teresa Evans,rrobinson@example.org,,2025-04-04,,,2026-07-19 13:22:07.457076
1036,Cynthia Gould,vmurillo@example.com,,2025-11-29,,,2026-07-19 13:22:07.457076
1037,Paul Rodriguez,qtaylor@example.org,Germany,2025-05-14,Standard,,2026-07-19 13:22:07.457076
1038,Michele Gilmore,wrobinson@example.com,Canada,2025-03-07,Premium,26.0,2026-07-19 13:22:07.457076
1039,Linda Hubbard,enorman@example.org,USA,2023-01-07,Premium,54.0,2026-07-19 13:22:07.457076
1040,Ryan Hill,kingkarla@example.net,Canada,2025-08-13,premium,,2026-07-19 13:22:07.457076
1041,Kathryn Lutz,pyoder@example.net,UK,2021-02-10,Premium,,2026-07-19 13:22:07.458072
1042,Shelby Simmons,aatkinson@example.org,Canada,2025-05-02,,,2026-07-19 13:22:07.458072
1043,Tracey Newman,moranerin@example.com,Germany,2025-08-04,Standard,44.0,2026-07-19 13:22:07.458072
1044,William Taylor,nwilliams@example.org,UK,2021-12-12,Standard,,2026-07-19 13:22:07.458072
1045,Connor Nielsen,bonnie00@example.com,USA,2022-06-27,premium,47.0,2026-07-19 13:22:07.458072
1046,Thomas Martin,lopezmichael@example.org,USA,2024-06-05,,26.0,2026-07-19 13:22:07.458072
1047,Joseph Wright,plopez@example.net,Canada,2025-05-31,,70.0,2026-07-19 13:22:07.458072
1048,Anna White,mvilla@example.net,UK,2026-01-03,Standard,48.0,2026-07-19 13:22:07.458072
1049,John Novak,lindabean@example.net,UK,2023-09-23,Premium,,2026-07-19 13:22:07.458072
1050,Paul Brandt,hansonbrenda@example.com,,2025-10-26,Premium,,2026-07-19 13:22:07.458072
1051,Jorge Mills,kevin42@example.org,UK,2024-03-10,premium,,2026-07-19 13:22:07.459354
1052,Natalie Maldonado,craig60@example.com,USA,2021-04-15,,,2026-07-19 13:22:07.459354
1053,Anthony Brown,shelley30@example.com,India,2023-03-31,Premium,45.0,2026-07-19 13:22:07.459354
1054,Joanne Crawford,pamelabarker@example.org,India,2023-11-15,Standard,,2026-07-19 13:22:07.459354
1055,Melissa Johnson,torresjanet@example.net,UK,2021-08-19,,34.0,2026-07-19 13:22:07.459354
1056,Brandon Hayes,meghan27@example.net,Canada,2022-07-28,Premium,54.0,2026-07-19 13:22:07.459354
1057,Meghan Walsh,penajoseph@example.com,UK,2026-07-05,,59.0,2026-07-19 13:22:07.459354
1058,James Tyler,imccarthy@example.net,,2022-01-14,premium,,2026-07-19 13:22:07.459354
1059,Katherine Gibson,millerrichard@example.net,Canada,2025-09-06,,,2026-07-19 13:22:07.459354
1060,Kevin Huynh,qbell@example.com,India,2021-10-03,,,2026-07-19 13:22:07.460359
1061,Alyssa Flores,sanchezmary@example.com,UK,2025-01-01,,66.0,2026-07-19 13:22:07.460359
1062,Douglas May,christian69@example.net,Germany,2023-06-15,,,2026-07-19 13:22:07.460359
1063,Edward Burnett,kenneth71@example.org,UK,2023-06-09,,,2026-07-19 13:22:07.460359
1064,Audrey Smith,willisdavid@example.org,UK,2024-08-13,,65.0,2026-07-19 13:22:07.460359
1065,Pamela Lee,gjones@example.org,,2025-11-18,Standard,46.0,2026-07-19 13:22:07.460359
1066,Michael Smith DDS,corey57@example.net,Canada,2025-05-06,,,2026-07-19 13:22:07.460359
1067,Kathy Conway,philipharrell@example.org,UK,2023-02-08,Premium,,2026-07-19 13:22:07.461358
1068,Jonathan Ramsey,yateslisa@example.org,,2026-07-09,Premium,70.0,2026-07-19 13:22:07.461358
1069,Amanda Best,srivera@example.net,Germany,2021-05-10,,23.0,2026-07-19 13:22:07.461358
1070,Susan Richmond,who@example.com,India,2025-04-21,premium,23.0,2026-07-19 13:22:07.461358
1071,Sherry Farrell,fwood@example.org,,2024-05-23,,,2026-07-19 13:22:07.461358
1072,Brian Williams,wolfekathryn@example.com,,2021-02-22,Premium,67.0,2026-07-19 13:22:07.461358
1073,Jessica Schmidt,ejohnston@example.com,,2023-10-11,,18.0,2026-07-19 13:22:07.461358
1074,Stephanie Jones,csmith@example.com,,2021-04-30,premium,30.0,2026-07-19 13:22:07.461358
1075,Clayton Cole,orosario@example.org,UK,2023-09-08,Standard,57.0,2026-07-19 13:22:07.462362
1076,Brenda Chaney,jessica38@example.com,,2026-05-07,premium,33.0,2026-07-19 13:22:07.462362
1077,Richard Adams,gordonbenson@example.org,USA,2026-01-23,premium,,2026-07-19 13:22:07.462362
1078,Rick Norman,christianromero@example.com,India,2022-10-17,,43.0,2026-07-19 13:22:07.462362
1079,Tanya Smith DDS,eblack@example.com,UK,2026-06-18,Premium,,2026-07-19 13:22:07.462362
1080,Edward Knox,lopezmarisa@example.net,,2021-11-23,premium,,2026-07-19 13:22:07.462362
1081,Lisa Brady,hesswilliam@example.net,USA,2023-02-24,Standard,,2026-07-19 13:22:07.462362
1082,James Moody,fcharles@example.org,UK,2026-07-10,premium,,2026-07-19 13:22:07.462362
1083,Mark Martin,dwest@example.net,UK,2025-12-13,Premium,,2026-07-19 13:22:07.463358
1084,Christopher Hernandez,nancylucas@example.org,India,2021-03-28,Premium,,2026-07-19 13:22:07.463358
1085,Tiffany Garza,emily72@example.com,UK,2021-12-27,premium,,2026-07-19 13:22:07.463358
1086,Benjamin Green,kristi48@example.net,Germany,2023-05-23,,67.0,2026-07-19 13:22:07.463358
1087,Juan Parker,jose17@example.net,India,2021-02-27,,,2026-07-19 13:22:07.463358
1088,Trevor Johnson,katherinethomas@example.net,UK,2021-09-18,Premium,48.0,2026-07-19 13:22:07.463358
1089,Maria Hunt,timothygreen@example.net,India,2026-03-03,,58.0,2026-07-19 13:22:07.464359
1090,Mrs. Leah Aguilar DDS,mclaughlinthomas@example.org,,2022-08-13,Standard,,2026-07-19 13:22:07.464359
1091,Lynn King,margaretramos@example.com,Germany,2021-03-11,premium,51.0,2026-07-19 13:22:07.464359
1092,Pamela Garcia,mary81@example.net,,2021-11-18,premium,,2026-07-19 13:22:07.464359
1093,James Evans,watersangela@example.com,Canada,2024-04-23,premium,22.0,2026-07-19 13:22:07.465360
1094,Alexis Villanueva,cthomas@example.org,Germany,2024-10-15,premium,,2026-07-19 13:22:07.465360
1095,Janet Owen,brianna33@example.org,USA,2021-03-28,Standard,49.0,2026-07-19 13:22:07.465360
1096,Andrew Gonzales,austinmelissa@example.com,USA,2022-06-04,Standard,34.0,2026-07-19 13:22:07.465360
1097,Timothy Reynolds,paullee@example.org,USA,2025-05-30,Standard,,2026-07-19 13:22:07.465360
1098,Keith Williams,kevinwilliams@example.com,USA,2022-03-07,Premium,25.0,2026-07-19 13:22:07.465360
1099,Tanya Rodriguez,elizabethbradford@example.org,,2021-03-10,,57.0,2026-07-19 13:22:07.465360
1100,Jessica Gordon,tjackson@example.net,UK,2021-03-06,Premium,,2026-07-19 13:22:07.466359
1101,Carlos Glass,youngevan@example.com,UK,2024-10-12,,,2026-07-19 13:22:07.466359
1102,Angela Gregory,washingtonjeremy@example.net,Germany,2025-07-10,premium,43.0,2026-07-19 13:22:07.466359
1103,Luis Williams,thomasjenna@example.net,UK,2025-10-30,Premium,,2026-07-19 13:22:07.466359
1104,William Wilcox,gsmith@example.org,Germany,2021-04-12,Premium,,2026-07-19 13:22:07.466359
1105,Crystal Waller,millerjanice@example.org,Germany,2021-09-21,Standard,47.0,2026-07-19 13:22:07.466359
1106,Heather Smith,lrichard@example.org,,2023-08-23,,38.0,2026-07-19 13:22:07.466359
1107,Dominique Barber,hahnmarcia@example.org,Canada,2022-10-08,Standard,42.0,2026-07-19 13:22:07.467359
1108,Matthew Cooper,ayalastephen@example.org,India,2024-07-09,premium,,2026-07-19 13:22:07.467359
1109,Jessica Washington,gloriaroth@example.net,USA,2025-01-14,,,2026-07-19 13:22:07.467359
1110,Shelby Murphy,karensmith@example.com,India,2025-07-08,,45.0,2026-07-19 13:22:07.467359
1111,Destiny Brown,emilyharris@example.net,Germany,2022-08-14,premium,,2026-07-19 13:22:07.467359
1112,Samantha Mullen,vincentmoyer@example.org,India,2024-01-08,Standard,54.0,2026-07-19 13:22:07.467359
1113,Pamela Ware DDS,bpeters@example.com,UK,2022-09-14,Standard,70.0,2026-07-19 13:22:07.467359
1114,Robert Clark,sharpmike@example.org,,2025-01-13,Standard,,2026-07-19 13:22:07.468358
1115,Lisa Moss,vthompson@example.com,Germany,2025-06-13,Standard,69.0,2026-07-19 13:22:07.468358
1116,Alan Bailey,donald18@example.org,Germany,2022-01-11,Premium,,2026-07-19 13:22:07.468358
1117,Daniel King,ncain@example.net,Germany,2025-10-17,premium,,2026-07-19 13:22:07.468358
1118,April Moon,paulaward@example.net,India,2025-02-21,Premium,43.0,2026-07-19 13:22:07.468358
1119,Dale Clarke,katherine25@example.org,,2025-08-19,Premium,,2026-07-19 13:22:07.468358
1120,Derek Miller,vmoore@example.org,Germany,2021-11-04,Premium,,2026-07-19 13:22:07.468358
1121,Diana Ward,drew63@example.com,India,2024-07-10,premium,,2026-07-19 13:22:07.468358
1122,Natasha Adams,pdaniels@example.net,India,2026-06-09,,,2026-07-19 13:22:07.468358
1123,Donna Clark,ijackson@example.com,,2021-02-23,Standard,54.0,2026-07-19 13:22:07.469359
1124,Steven Shaw,ryan83@example.com,India,2024-07-22,premium,,2026-07-19 13:22:07.469359
1125,Frank Johnson,ashleysoto@example.org,,2024-01-16,Premium,,2026-07-19 13:22:07.469359
1126,Nancy Phillips,mercedesespinoza@example.org,Germany,2023-01-03,Standard,,2026-07-19 13:22:07.469359
1127,Dana Davis,kingcheyenne@example.org,Germany,2023-01-04,,22.0,2026-07-19 13:22:07.469359
1128,Stephen Ross,roger57@example.com,USA,2024-08-15,Standard,,2026-07-19 13:22:07.469359
1129,Christopher Ruiz,reynoldsrobin@example.com,,2024-11-30,premium,,2026-07-19 13:22:07.469359
1130,Debra Rivera,santosdiana@example.com,India,2021-07-28,,,2026-07-19 13:22:07.470358
1131,Nicole Cruz,johnford@example.net,,2023-04-04,,44.0,2026-07-19 13:22:07.470358
1132,David Potts,lindajones@example.net,USA,2021-10-04,Premium,26.0,2026-07-19 13:22:07.470358
1133,Karen Hunt,ericedwards@example.org,,2025-02-19,Premium,31.0,2026-07-19 13:22:07.470358
1134,James Gray,popestacey@example.org,Germany,2025-12-21,Premium,,2026-07-19 13:22:07.470358
1135,Gary Wood,williamsalbert@example.org,UK,2026-03-31,Premium,,2026-07-19 13:22:07.470358
1136,Cheryl Johnson,richardobrien@example.net,UK,2022-04-05,Premium,,2026-07-19 13:22:07.470358
1137,Monica Sanders,erinhayden@example.org,UK,2025-09-04,Premium,,2026-07-19 13:22:07.470358
1138,Jeffrey Brown,camposmolly@example.org,India,2025-04-06,Standard,,2026-07-19 13:22:07.471358
1139,Joel Murray,smithjohn@example.net,Germany,2023-01-13,Standard,26.0,2026-07-19 13:22:07.471358
1140,Lisa Johnson,daviskevin@example.com,Canada,2026-05-09,premium,,2026-07-19 13:22:07.471358
1141,Julie Banks,jacoblozano@example.com,Germany,2021-01-30,premium,,2026-07-19 13:22:07.471358
1142,Matthew Peterson,shawn45@example.org,USA,2021-02-10,Standard,,2026-07-19 13:22:07.471358
1143,Bradley Austin,james98@example.com,,2022-05-08,,,2026-07-19 13:22:07.471358
1144,Luke Barnes,fgardner@example.com,India,2023-11-06,Standard,69.0,2026-07-19 13:22:07.471358
1145,Gregory Gutierrez,claudiagordon@example.com,Germany,2024-10-27,premium,,2026-07-19 13:22:07.472359
1146,Melissa Reyes MD,jesseperkins@example.net,USA,2024-11-05,Premium,18.0,2026-07-19 13:22:07.472359
1147,Cathy Parker,kevin90@example.com,India,2024-12-09,,52.0,2026-07-19 13:22:07.472359
1148,Megan Ellis,amanda31@example.org,,2021-05-18,,,2026-07-19 13:22:07.472359
1149,Luis Joyce,davisbrittany@example.org,India,2026-07-01,,,2026-07-19 13:22:07.472359
1150,Andrew Nelson,deborahbeck@example.com,UK,2025-04-02,Premium,,2026-07-19 13:22:07.472359
1151,Christina Hubbard,usmith@example.org,USA,2024-03-28,,43.0,2026-07-19 13:22:07.472359
1152,Harry Fisher,odomshelby@example.com,USA,2022-07-16,,42.0,2026-07-19 13:22:07.472359
1153,John Anderson,glenhall@example.org,India,2026-02-07,,58.0,2026-07-19 13:22:07.473358
1154,Chelsea Miller,bakermichael@example.net,UK,2022-04-06,premium,,2026-07-19 13:22:07.473358
1155,Taylor Glenn,bweeks@example.org,Germany,2025-06-29,Premium,29.0,2026-07-19 13:22:07.473358
1156,David Newton,paulhall@example.com,India,2025-12-05,,,2026-07-19 13:22:07.473358
1157,Amy Ryan,williamfields@example.com,India,2022-08-15,,,2026-07-19 13:22:07.473358
1158,Christopher Bell,qclayton@example.net,Canada,2025-09-11,Premium,52.0,2026-07-19 13:22:07.473358
1159,Douglas Myers,mark01@example.com,USA,2021-02-04,Premium,,2026-07-19 13:22:07.473358
1160,John Williams,robert96@example.com,USA,2022-07-16,,64.0,2026-07-19 13:22:07.473358
1161,Christian Maldonado,sarahmurphy@example.org,USA,2026-01-16,Standard,,2026-07-19 13:22:07.473358
1162,Jeffrey Thornton MD,brianbright@example.net,USA,2024-08-18,,,2026-07-19 13:22:07.474358
1163,Shelby Fields,smithmichelle@example.com,India,2023-12-13,Premium,39.0,2026-07-19 13:22:07.474358
1164,Jeffrey Price,susancarter@example.org,USA,2026-03-27,premium,,2026-07-19 13:22:07.474358
1165,Sara Griffith,robinsonphyllis@example.net,Canada,2023-07-03,,29.0,2026-07-19 13:22:07.474358
1166,Sabrina Patterson,diazjane@example.org,India,2021-12-19,,18.0,2026-07-19 13:22:07.474358
1167,Susan Chang,karen59@example.org,,2025-02-25,,,2026-07-19 13:22:07.474358
1168,Stephen Fleming,xwilson@example.com,USA,2022-05-31,Premium,,2026-07-19 13:22:07.475362
1169,Shawn Gregory,stevenselizabeth@example.org,,2022-03-24,Premium,51.0,2026-07-19 13:22:07.475362
1170,Samantha Hughes,ucook@example.com,Germany,2024-05-14,premium,38.0,2026-07-19 13:22:07.475362
1171,Jasmine Mitchell,ericsmith@example.org,,2022-06-19,Premium,65.0,2026-07-19 13:22:07.475362
1172,Susan Young,jasonjames@example.com,India,2023-11-07,premium,,2026-07-19 13:22:07.475362
1173,Craig Johnson,markbonilla@example.net,Canada,2021-09-15,Standard,25.0,2026-07-19 13:22:07.475362
1174,Kristin Williams,millerdiane@example.com,,2024-02-11,premium,18.0,2026-07-19 13:22:07.475362
1175,Lindsey Conrad,ufoster@example.org,India,2023-04-09,Premium,43.0,2026-07-19 13:22:07.475362
1176,Bradley Johnson,amandagarrett@example.com,Canada,2021-02-11,Premium,,2026-07-19 13:22:07.475362
1177,Kelly Stanley,wkoch@example.com,,2023-03-16,Standard,41.0,2026-07-19 13:22:07.476362
1178,Sandra Wilson,adam61@example.net,USA,2025-08-31,,,2026-07-19 13:22:07.476362
1179,Tyler Edwards,joshua64@example.net,,2026-03-19,Premium,40.0,2026-07-19 13:22:07.476362
1180,Katherine Grant,brian31@example.org,,2023-07-17,Premium,,2026-07-19 13:22:07.476362
1181,William Rollins,jacobsrachel@example.net,USA,2024-10-09,premium,,2026-07-19 13:22:07.476362
1182,Beverly Mccarty,tyler14@example.com,,2025-06-19,Premium,,2026-07-19 13:22:07.476362
1183,Shane Morrison,mark50@example.net,India,2022-06-27,Standard,34.0,2026-07-19 13:22:07.476362
1184,Mrs. Carol Johnson MD,williamssharon@example.com,Germany,2022-08-02,,,2026-07-19 13:22:07.476362
1185,Ryan Ramsey,alan10@example.net,UK,2022-08-22,,30.0,2026-07-19 13:22:07.477362
1186,Michael Stevens,anguyen@example.com,UK,2024-08-06,premium,,2026-07-19 13:22:07.477362
1187,Adam Chen,ericreed@example.net,India,2021-09-07,Standard,22.0,2026-07-19 13:22:07.477362
1188,Karen Costa,denisehernandez@example.com,Germany,2024-11-21,premium,,2026-07-19 13:22:07.477362
1189,Benjamin Jones,susan38@example.org,Germany,2026-07-18,,64.0,2026-07-19 13:22:07.477362
1190,Timothy Austin,kylereynolds@example.com,Canada,2023-01-27,premium,67.0,2026-07-19 13:22:07.477362
1191,Brittany Contreras,brownbrian@example.com,India,2022-07-04,Premium,,2026-07-19 13:22:07.477362
1192,Carl Leonard,mcdonaldalexander@example.org,USA,2023-08-11,,67.0,2026-07-19 13:22:07.477362
1193,Kelly Nichols,charlesweiss@example.net,UK,2024-12-17,premium,,2026-07-19 13:22:07.477362
1194,Diane Jordan,shannonkristen@example.org,Canada,2026-01-03,Premium,20.0,2026-07-19 13:22:07.478362
1195,Thomas Chapman,michael62@example.com,USA,2021-08-26,Premium,30.0,2026-07-19 13:22:07.478362
1196,Jerome Cobb,james54@example.net,Germany,2025-06-22,Premium,,2026-07-19 13:22:07.478362
1197,Natalie White,yvette80@example.net,,2023-10-20,premium,,2026-07-19 13:22:07.478362
1198,Steve Riley,shawnbaker@example.org,USA,2023-02-25,Premium,18.0,2026-07-19 13:22:07.478362
1199,Rachel Hall,nhobbs@example.org,,2023-10-17,Premium,47.0,2026-07-19 13:22:07.478362
1200,Elizabeth Bradford,dawn43@example.net,India,2023-06-03,,,2026-07-19 13:22:07.478362
1201,Michael Harris,cvillegas@example.com,,2026-03-22,premium,51.0,2026-07-19 13:22:07.478362
1202,Tiffany Hammond,farleyrobert@example.com,,2026-02-25,premium,22.0,2026-07-19 13:22:07.478362
1203,David Morrison,kristina63@example.com,UK,2026-01-02,Premium,64.0,2026-07-19 13:22:07.479362
1204,Wanda Guerrero,loganwebster@example.com,UK,2024-05-21,Standard,30.0,2026-07-19 13:22:07.479362
1205,Lauren Jenkins,shaunsmith@example.org,UK,2023-01-16,Standard,,2026-07-19 13:22:07.479362
1206,Charles Lawrence,andrearoth@example.org,,2025-12-15,premium,,2026-07-19 13:22:07.479362
1207,Joshua Peters,sara86@example.com,,2022-10-26,,24.0,2026-07-19 13:22:07.479362
1208,Evan Ortiz,icooke@example.net,USA,2023-06-19,,,2026-07-19 13:22:07.479362
1209,Zachary Camacho,tcarroll@example.net,,2025-08-30,,,2026-07-19 13:22:07.479362
1210,Duane Richmond,burnschristine@example.net,UK,2024-09-23,premium,,2026-07-19 13:22:07.479362
1211,Bethany Stewart,qgardner@example.com,,2024-09-25,Standard,54.0,2026-07-19 13:22:07.480362
1212,Jonathan Adams,eatonbrandy@example.com,Germany,2022-04-03,premium,,2026-07-19 13:22:07.480362
1213,Lori Rivera,pwood@example.net,Germany,2021-03-02,,18.0,2026-07-19 13:22:07.480362
1214,Sara Gilbert,josephroberts@example.com,India,2023-03-17,Premium,51.0,2026-07-19 13:22:07.480362
1215,David Miller,ihood@example.org,India,2026-07-06,premium,32.0,2026-07-19 13:22:07.480362
1216,Steven Campbell,jane93@example.org,India,2026-06-05,premium,53.0,2026-07-19 13:22:07.480362
1217,Karen Curtis,teresa82@example.com,Canada,2026-05-03,,40.0,2026-07-19 13:22:07.480362
1218,Andrew Wolfe,frankwilliams@example.org,USA,2025-01-23,premium,55.0,2026-07-19 13:22:07.480362
1219,Patrick Fisher,qhensley@example.com,USA,2025-02-10,premium,,2026-07-19 13:22:07.481362
1220,Lisa Robinson,bowerstiffany@example.org,UK,2021-05-27,Standard,64.0,2026-07-19 13:22:07.481362
1221,Lindsey Cole,mevans@example.net,,2024-09-23,,,2026-07-19 13:22:07.481362
1222,Monica Myers,mayalyssa@example.net,,2022-08-10,Premium,,2026-07-19 13:22:07.481362
1223,Thomas Clark,forbesian@example.org,Canada,2022-06-14,,23.0,2026-07-19 13:22:07.481362
1224,Timothy Rodriguez,cbecker@example.org,India,2024-08-06,,44.0,2026-07-19 13:22:07.481362
1225,Susan Rubio,darylortiz@example.net,USA,2022-05-10,Premium,,2026-07-19 13:22:07.481362
1226,Nicole Edwards,mwolf@example.net,Canada,2024-11-02,Premium,38.0,2026-07-19 13:22:07.481362
1227,Vincent Silva,njones@example.net,India,2023-09-25,Standard,27.0,2026-07-19 13:22:07.481362
1228,Kim Smith,woodnancy@example.org,,2022-06-12,,46.0,2026-07-19 13:22:07.482362
1229,Rachel Evans,zhuang@example.net,USA,2024-02-16,premium,,2026-07-19 13:22:07.482362
1230,Michelle Matthews,perkinsstephanie@example.net,USA,2025-10-22,premium,,2026-07-19 13:22:07.482362
1231,Stacy Bates,luke71@example.org,UK,2022-05-15,Premium,,2026-07-19 13:22:07.482362
1232,Russell Olson,kevinfernandez@example.com,India,2026-01-26,,,2026-07-19 13:22:07.482362
1233,Rachel Garza,christinewalker@example.net,,2025-10-25,Standard,48.0,2026-07-19 13:22:07.482362
1234,Rodney May,opitts@example.net,Germany,2024-05-01,Standard,53.0,2026-07-19 13:22:07.482362
1235,Kimberly Hinton,wanda36@example.org,USA,2026-02-23,premium,,2026-07-19 13:22:07.482362
1236,Natalie Mcintyre,fcraig@example.net,India,2022-09-16,Premium,,2026-07-19 13:22:07.482362
1237,Mr. Leonard Rangel IV,iwilliams@example.net,Germany,2024-07-01,premium,,2026-07-19 13:22:07.483362
1238,Gary Taylor,davisleah@example.com,India,2023-03-21,Premium,,2026-07-19 13:22:07.483362
1239,Jeremy Watkins,xguzman@example.com,USA,2024-08-02,,57.0,2026-07-19 13:22:07.483362
1240,Jason Reed,haroldraymond@example.com,Germany,2026-04-19,Standard,,2026-07-19 13:22:07.483362
1241,Tony Garrett,cesarsmith@example.com,USA,2022-04-20,Premium,25.0,2026-07-19 13:22:07.483362
1242,Stacey Douglas,hardynathaniel@example.com,USA,2021-03-24,Standard,,2026-07-19 13:22:07.483362
1243,Heather Washington,paul31@example.com,Canada,2024-08-15,Premium,,2026-07-19 13:22:07.483362
1244,Erin Burnett,lbrown@example.org,Germany,2026-06-03,premium,31.0,2026-07-19 13:22:07.484362
1245,Anthony Baker,diaztracy@example.com,USA,2023-06-26,premium,,2026-07-19 13:22:07.484362
1246,Shannon Bennett,josborne@example.net,UK,2022-06-16,Standard,62.0,2026-07-19 13:22:07.484362
1247,Pamela Howard,matthew15@example.org,Germany,2023-04-13,Premium,34.0,2026-07-19 13:22:07.484362
1248,Heather Gonzalez,jillpeterson@example.com,Canada,2024-12-15,Standard,,2026-07-19 13:22:07.484362
1249,Bobby Parker,april75@example.com,Canada,2023-12-10,Premium,,2026-07-19 13:22:07.484362
1250,Lauren Garcia,joshuacastro@example.org,,2025-01-10,premium,24.0,2026-07-19 13:22:07.485365
1251,Bryan Peters,michaeladams@example.org,India,2021-09-07,,,2026-07-19 13:22:07.485365
1252,Tonya Little,johnstonpatrick@example.net,UK,2021-01-26,Premium,,2026-07-19 13:22:07.485365
1253,Jasmine Jones,carsondavid@example.net,UK,2023-07-27,Premium,29.0,2026-07-19 13:22:07.485365
1254,Robert Shelton,brownbrenda@example.net,UK,2021-02-16,,53.0,2026-07-19 13:22:07.485365
1255,Lee Johnson,tfisher@example.com,Canada,2025-02-28,premium,,2026-07-19 13:22:07.485365
1256,Kenneth Morris,anthonystephens@example.com,Germany,2022-05-17,Standard,,2026-07-19 13:22:07.485365
1257,Eric Jensen MD,paulatkins@example.org,,2024-07-29,premium,,2026-07-19 13:22:07.486366
1258,Samantha Arellano DDS,morganamber@example.com,USA,2023-09-27,premium,69.0,2026-07-19 13:22:07.486366
1259,Wayne Chavez,hwright@example.net,,2025-02-07,,70.0,2026-07-19 13:22:07.486366
1260,Olivia Mccarty,david42@example.org,UK,2021-03-24,premium,32.0,2026-07-19 13:22:07.486366
1261,Joseph Nelson,sean41@example.com,India,2021-07-08,,60.0,2026-07-19 13:22:07.486366
1262,Nicole Norton,njones@example.com,Canada,2022-06-16,,51.0,2026-07-19 13:22:07.486366
1263,Alex Gordon,hvazquez@example.com,Germany,2025-03-14,Standard,,2026-07-19 13:22:07.486366
1264,Howard Chen,joann87@example.com,UK,2024-09-13,,52.0,2026-07-19 13:22:07.486366
1265,David Brown,edwardsstephen@example.com,USA,2022-11-21,Standard,55.0,2026-07-19 13:22:07.487365
1266,Thomas Navarro,aramirez@example.com,USA,2024-10-25,Standard,45.0,2026-07-19 13:22:07.487365
1267,Rachel Armstrong,escobarmiranda@example.com,,2021-04-26,Standard,38.0,2026-07-19 13:22:07.487365
1268,Brian Smith,bianca48@example.net,UK,2023-07-24,Premium,,2026-07-19 13:22:07.487365
1269,Lauren Frazier,josephbentley@example.com,USA,2022-06-21,Premium,,2026-07-19 13:22:07.487869
1270,Cameron Daniel,barnettlarry@example.org,Germany,2021-02-27,,,2026-07-19 13:22:07.487869
1271,Melissa Lambert,jmills@example.com,,2021-04-24,premium,27.0,2026-07-19 13:22:07.487869
1272,Sarah Whitehead,kathrynmiller@example.net,Canada,2025-10-23,Standard,,2026-07-19 13:22:07.487869
1273,Richard Brown,jeremy31@example.org,UK,2023-05-15,Standard,56.0,2026-07-19 13:22:07.487869
1274,Elizabeth Warren,douglas25@example.org,USA,2022-09-11,Premium,40.0,2026-07-19 13:22:07.487869
1275,Phyllis Ellison,teresa72@example.org,,2022-03-05,,,2026-07-19 13:22:07.487869
1276,Allison Monroe,blanchardblake@example.net,,2022-11-27,premium,,2026-07-19 13:22:07.487869
1277,Allen Farrell,fordpaula@example.net,Germany,2023-11-22,Standard,28.0,2026-07-19 13:22:07.488873
1278,Scott Wilson,annettekent@example.net,USA,2026-05-14,,66.0,2026-07-19 13:22:07.488873
1279,Michelle Lee,williammendez@example.org,India,2021-03-21,,32.0,2026-07-19 13:22:07.488873
1280,Andrew Hall,greenmark@example.net,USA,2026-03-06,Standard,,2026-07-19 13:22:07.488873
1281,Stephen Rodriguez,andrew23@example.net,,2024-09-22,,,2026-07-19 13:22:07.488873
1282,Ryan Watson,carpenterchristina@example.com,Germany,2022-03-13,Premium,,2026-07-19 13:22:07.488873
1283,Cory Thompson,macdonaldpaul@example.net,,2024-10-17,,57.0,2026-07-19 13:22:07.488873
1284,Christopher Spencer,parkssummer@example.net,UK,2025-12-08,,47.0,2026-07-19 13:22:07.488873
1285,Tyler Garrison,manuel50@example.com,USA,2023-08-22,,65.0,2026-07-19 13:22:07.488873
1286,Todd Neal,cynthiajohnson@example.net,UK,2024-05-17,Premium,,2026-07-19 13:22:07.489873
1287,Andrew Zimmerman,lisa00@example.net,Germany,2024-04-25,premium,,2026-07-19 13:22:07.489873
1288,Andrew Morton,qwallace@example.org,Germany,2025-08-13,,36.0,2026-07-19 13:22:07.489873
1289,James Bell,jasonwalsh@example.com,,2023-08-26,Standard,,2026-07-19 13:22:07.489873
1290,Antonio Johnson,aedwards@example.net,Canada,2022-07-01,Premium,29.0,2026-07-19 13:22:07.489873
1291,Sara Jackson,courtneyrivera@example.net,Germany,2024-03-25,premium,46.0,2026-07-19 13:22:07.489873
1292,James Davis,amy83@example.com,USA,2024-01-02,Standard,47.0,2026-07-19 13:22:07.489873
1293,Stephanie Green,marissadillon@example.com,India,2024-09-24,Standard,63.0,2026-07-19 13:22:07.489873
1294,Christine Allen,afox@example.com,Canada,2025-11-28,,,2026-07-19 13:22:07.489873
1295,Steven Lopez,osbornejessica@example.org,Canada,2023-08-12,,64.0,2026-07-19 13:22:07.490873
1296,George Woodard,stevenking@example.net,Germany,2023-06-18,,20.0,2026-07-19 13:22:07.490873
1297,Patricia Wagner,fosterdavid@example.org,India,2023-05-18,Standard,28.0,2026-07-19 13:22:07.490873
1298,Stephanie Roberts,webbjessica@example.org,USA,2022-03-27,Premium,,2026-07-19 13:22:07.490873
1299,Carrie Walker,yvette12@example.com,India,2022-06-15,,36.0,2026-07-19 13:22:07.490873
1300,Glenn Summers,ethomas@example.net,Canada,2021-07-05,Standard,30.0,2026-07-19 13:22:07.490873
1301,Christina Abbott,ellen25@example.org,UK,2022-04-04,premium,,2026-07-19 13:22:07.491874
1302,Patrick Brooks,georgecourtney@example.org,Germany,2021-10-02,,52.0,2026-07-19 13:22:07.491874
1303,Melissa Anderson,daniel17@example.com,UK,2021-08-07,,33.0,2026-07-19 13:22:07.491874
1304,Dr. Heather Vega,lwolf@example.net,UK,2022-11-07,,,2026-07-19 13:22:07.491874
1305,Joshua Dunn,turnersara@example.net,Germany,2026-02-07,Premium,,2026-07-19 13:22:07.491874
1306,Karen Sanchez,williamssamantha@example.com,UK,2023-01-09,Standard,21.0,2026-07-19 13:22:07.491874
1307,Tonya Powers,josephnichols@example.net,USA,2026-03-29,premium,20.0,2026-07-19 13:22:07.491874
1308,Alexa Chandler,hporter@example.com,Canada,2022-10-22,premium,39.0,2026-07-19 13:22:07.491874
1309,Kimberly Morris,cmiller@example.org,Canada,2025-12-08,,29.0,2026-07-19 13:22:07.491874
1310,Dr. Chris Brown,higginsernest@example.com,,2024-12-14,Standard,,2026-07-19 13:22:07.492873
1311,Casey Kaiser,jessicagay@example.com,Canada,2026-01-10,premium,,2026-07-19 13:22:07.492873
1312,Victor Knox,trevinofrank@example.net,Germany,2021-12-13,Premium,,2026-07-19 13:22:07.492873
1313,Melody Johnson,jennifer95@example.com,UK,2026-03-09,premium,48.0,2026-07-19 13:22:07.492873
1314,James Baker,sean14@example.net,Canada,2022-08-27,premium,,2026-07-19 13:22:07.492873
1315,Mark Reyes Jr.,jamesluna@example.net,UK,2025-05-16,Standard,57.0,2026-07-19 13:22:07.492873
1316,David Guerrero,matthew07@example.org,Canada,2023-05-06,Premium,,2026-07-19 13:22:07.492873
1317,Ruth Wilson,garzarebekah@example.org,Germany,2023-02-19,premium,,2026-07-19 13:22:07.492873
1318,Crystal Montgomery,erika05@example.org,USA,2023-02-07,,,2026-07-19 13:22:07.492873
1319,William Wheeler,heidi41@example.net,Germany,2022-01-07,Standard,57.0,2026-07-19 13:22:07.493873
1320,Maria Cannon,benjamin08@example.com,,2024-12-02,Standard,18.0,2026-07-19 13:22:07.493873
1321,Timothy Huynh,hhale@example.net,Canada,2023-12-10,Premium,65.0,2026-07-19 13:22:07.493873
1322,Mr. Mario Carter,austin02@example.org,UK,2024-03-22,,,2026-07-19 13:22:07.493873
1323,Steven Freeman,waltersmike@example.com,India,2023-05-29,Standard,18.0,2026-07-19 13:22:07.493873
1324,Maria White,ericpineda@example.net,,2024-12-20,premium,68.0,2026-07-19 13:22:07.493873
1325,Melanie Alexander,kyang@example.org,India,2024-11-12,premium,67.0,2026-07-19 13:22:07.493873
1326,Zachary Ramsey,michael21@example.com,Canada,2022-09-14,premium,,2026-07-19 13:22:07.493873
1327,Diane Greene,billywells@example.net,,2023-05-11,Premium,29.0,2026-07-19 13:22:07.493873
1328,Charles Hansen,jdavis@example.org,India,2021-11-15,premium,,2026-07-19 13:22:07.493873
1329,Patrick Williams,edwardskyle@example.org,Germany,2022-01-29,Premium,59.0,2026-07-19 13:22:07.493873
1330,Joshua Tyler,alejandromoore@example.net,Germany,2025-09-04,,,2026-07-19 13:22:07.493873
1331,Kathy Thomas,crystalallison@example.net,Germany,2022-02-25,,65.0,2026-07-19 13:22:07.493873
1332,Judy Larsen,davispeter@example.net,UK,2024-11-13,premium,53.0,2026-07-19 13:22:07.495377
1333,Kayla Harrison,curtistim@example.com,USA,2023-04-24,premium,,2026-07-19 13:22:07.495377
1334,Sharon Bates,cannonlouis@example.org,Canada,2021-02-10,Standard,35.0,2026-07-19 13:22:07.495377
1335,William Barr,dalehale@example.org,India,2024-06-11,Standard,,2026-07-19 13:22:07.495377
1336,Frank Atkins,courtney37@example.com,USA,2023-03-19,Premium,,2026-07-19 13:22:07.495377
1337,Jacob Zuniga,gonzalesdeborah@example.org,,2021-09-27,premium,63.0,2026-07-19 13:22:07.495377
1338,Erin Gutierrez,harveymichael@example.com,India,2024-03-24,Premium,49.0,2026-07-19 13:22:07.496418
1339,Andrea Bennett,ybates@example.net,India,2024-01-06,premium,,2026-07-19 13:22:07.496418
1340,Roberto Gill,william28@example.com,USA,2025-12-02,premium,68.0,2026-07-19 13:22:07.496418
1341,Rebecca Garcia,tarahart@example.com,USA,2021-06-05,Premium,46.0,2026-07-19 13:22:07.496418
1342,Derrick Howe,irodriguez@example.org,Germany,2021-06-22,Standard,,2026-07-19 13:22:07.496418
1343,Savannah Robinson,lewischristopher@example.org,Germany,2022-06-10,premium,,2026-07-19 13:22:07.496418
1344,Jeffrey Hughes,rhodeskevin@example.com,USA,2022-03-27,Premium,70.0,2026-07-19 13:22:07.496418
1345,Nicholas Allen,dominguezmicheal@example.com,USA,2022-06-27,Premium,,2026-07-19 13:22:07.496418
1346,Christopher Phelps,tdavis@example.org,,2021-09-12,Premium,,2026-07-19 13:22:07.497401
1347,Brian Brady,forbesstacy@example.com,Canada,2022-09-11,Premium,,2026-07-19 13:22:07.497401
1348,Adam Mcintyre,jill63@example.net,Canada,2025-12-20,premium,,2026-07-19 13:22:07.497401
1349,Ms. Caitlin Bauer MD,joshuareyes@example.org,,2021-07-18,Standard,38.0,2026-07-19 13:22:07.497401
1350,Jillian Lucero,jeremyjenkins@example.com,USA,2024-12-10,premium,,2026-07-19 13:22:07.497401
1351,Sally Meyer,mark70@example.com,Germany,2022-10-14,Premium,35.0,2026-07-19 13:22:07.497401
1352,Michelle Mooney,phillipschad@example.com,USA,2025-01-05,Premium,18.0,2026-07-19 13:22:07.497401
1353,Christina Barrett,robertofields@example.net,USA,2023-07-04,premium,,2026-07-19 13:22:07.497401
1354,Nathan King,perezsusan@example.com,India,2025-10-03,premium,54.0,2026-07-19 13:22:07.498384
1355,James Hernandez,lindsay63@example.net,USA,2026-02-24,premium,,2026-07-19 13:22:07.498384
1356,Melissa Weaver,catherinegrant@example.net,UK,2024-01-23,Premium,26.0,2026-07-19 13:22:07.498384
1357,Christopher Rice,mcdanieljessica@example.net,Germany,2021-06-26,Premium,,2026-07-19 13:22:07.498384
1358,Connor Alexander,cprince@example.net,Canada,2026-01-24,,43.0,2026-07-19 13:22:07.498384
1359,Mandy Becker,timothy44@example.com,,2023-03-17,,,2026-07-19 13:22:07.498384
1360,Catherine Lee,michaelfuller@example.org,India,2024-09-07,Standard,63.0,2026-07-19 13:22:07.498384
1361,Joshua Bailey,gsnyder@example.net,Germany,2023-05-14,Standard,,2026-07-19 13:22:07.498384
1362,Gabriel Sanchez,lturner@example.net,Canada,2023-12-29,premium,,2026-07-19 13:22:07.498384
1363,Timothy Pruitt,catherine24@example.com,Germany,2025-04-01,Standard,,2026-07-19 13:22:07.499383
1364,Deborah Shaw,walkermelinda@example.org,India,2024-05-08,Standard,,2026-07-19 13:22:07.499383
1365,Julia Johnson,nguyenmichael@example.org,India,2024-01-03,,19.0,2026-07-19 13:22:07.499383
1366,Judy Mccarty,dcervantes@example.net,Germany,2025-11-30,premium,,2026-07-19 13:22:07.499383
1367,Randy Burns PhD,xwood@example.org,USA,2024-12-18,premium,56.0,2026-07-19 13:22:07.499383
1368,Kyle West,darryl73@example.com,UK,2025-12-21,,70.0,2026-07-19 13:22:07.499383
1369,John Parker,kspencer@example.com,India,2023-06-07,Premium,,2026-07-19 13:22:07.499383
1370,Jessica Rice,nolsen@example.com,UK,2023-12-18,,,2026-07-19 13:22:07.499383
1371,Shannon Yu,ojones@example.com,USA,2023-01-25,Standard,53.0,2026-07-19 13:22:07.500400
1372,Charles Bruce,laurenharrison@example.net,Germany,2024-05-24,Premium,39.0,2026-07-19 13:22:07.500400
1373,Melissa Smith,vincentronnie@example.net,,2023-03-27,,,2026-07-19 13:22:07.500400
1374,James Johnson,hgriffith@example.org,UK,2022-02-18,premium,52.0,2026-07-19 13:22:07.500400
1375,Amy Rodriguez,orozcojoseph@example.org,USA,2022-10-31,Premium,,2026-07-19 13:22:07.500400
1376,Lance Watts,matthewdelgado@example.org,Canada,2023-03-25,,38.0,2026-07-19 13:22:07.500400
1377,Lauren Stewart,nathan71@example.com,Germany,2025-07-24,premium,43.0,2026-07-19 13:22:07.500400
1378,Chelsea Johnson,andrea94@example.org,UK,2025-12-09,,,2026-07-19 13:22:07.500400
1379,Joseph Avila,wgrant@example.com,,2022-11-05,Premium,23.0,2026-07-19 13:22:07.501383
1380,Michelle Davis,kimberly94@example.org,USA,2021-07-28,Premium,66.0,2026-07-19 13:22:07.501383
1381,Crystal Saunders,ucasey@example.org,,2025-09-17,,,2026-07-19 13:22:07.501383
1382,Thomas Wilson,xlewis@example.com,Germany,2023-02-05,,30.0,2026-07-19 13:22:07.501383
1383,Brandon Flores,dawsonsamantha@example.net,,2021-08-18,premium,,2026-07-19 13:22:07.501383
1384,Lisa Barrett,brian41@example.org,Germany,2022-07-10,premium,23.0,2026-07-19 13:22:07.501383
1385,Mr. Brett Richardson,kimberlyhunt@example.com,UK,2023-09-08,,,2026-07-19 13:22:07.501383
1386,Michael Taylor,tyrone05@example.net,Canada,2024-06-23,Premium,,2026-07-19 13:22:07.501383
1387,Preston Rodriguez,afowler@example.net,Canada,2021-09-20,premium,19.0,2026-07-19 13:22:07.501383
1388,Mary Cook,robinsonzachary@example.com,Germany,2022-08-11,,,2026-07-19 13:22:07.501383
1389,David Henry,tkidd@example.net,,2024-05-27,,,2026-07-19 13:22:07.502399
1390,Tracy Johnson,jbriggs@example.com,UK,2025-05-13,Standard,48.0,2026-07-19 13:22:07.502399
1391,Kenneth Arnold,erowe@example.com,USA,2023-06-08,,,2026-07-19 13:22:07.502399
1392,Harold Lee,wellsrobert@example.net,USA,2024-12-06,Standard,26.0,2026-07-19 13:22:07.502399
1393,Tracy Howe,joshuamyers@example.net,Canada,2022-11-30,Premium,,2026-07-19 13:22:07.502399
1394,Dorothy Davis,hneal@example.net,,2024-02-06,Standard,23.0,2026-07-19 13:22:07.502399
1395,Tracy Shelton,lisa48@example.com,,2022-01-11,,,2026-07-19 13:22:07.502399
1396,Whitney Davis,collinsanna@example.com,UK,2025-07-16,,,2026-07-19 13:22:07.502399
1397,Kimberly Bennett,ismith@example.org,UK,2021-12-13,,,2026-07-19 13:22:07.502399
1398,Timothy Beasley,michael83@example.com,USA,2025-07-04,,56.0,2026-07-19 13:22:07.503399
1399,Benjamin Johnson,barbara52@example.net,UK,2023-10-03,Standard,,2026-07-19 13:22:07.503399
1400,Jillian Wilson,lisa06@example.net,Germany,2021-05-09,premium,20.0,2026-07-19 13:22:07.503399
1401,Kim Kelly,zoconnor@example.com,UK,2023-11-03,premium,,2026-07-19 13:22:07.503399
1402,Jeffrey Roberts,elizabethhull@example.net,,2026-02-06,Standard,,2026-07-19 13:22:07.503399
1403,Scott James,vvega@example.com,Germany,2023-08-26,Premium,51.0,2026-07-19 13:22:07.503399
1404,Sarah Baker,jessicawebb@example.com,USA,2023-11-25,Premium,,2026-07-19 13:22:07.503399
1405,Stephanie Wolfe,tracy75@example.com,UK,2026-04-02,premium,52.0,2026-07-19 13:22:07.503399
1406,Rebecca Ford,jonesaaron@example.net,Germany,2024-01-02,,,2026-07-19 13:22:07.504383
1407,Elizabeth Williams,awilliams@example.net,Germany,2024-07-27,premium,36.0,2026-07-19 13:22:07.504383
1408,Christina Davis,william10@example.net,Canada,2022-08-26,premium,,2026-07-19 13:22:07.504383
1409,Helen Williams,sarahroberson@example.net,Canada,2023-01-08,,55.0,2026-07-19 13:22:07.504383
1410,Amber Wright,maldonadomatthew@example.com,UK,2026-04-05,premium,69.0,2026-07-19 13:22:07.504383
1411,Emily Jackson,vmunoz@example.org,India,2023-10-31,Premium,26.0,2026-07-19 13:22:07.504383
1412,Ryan Young,shepardamy@example.org,India,2025-02-18,Standard,,2026-07-19 13:22:07.504383
1413,Scott Bowman,ilee@example.org,India,2021-09-27,premium,18.0,2026-07-19 13:22:07.504383
1414,Michael Prince,hbrown@example.org,UK,2025-07-27,Standard,,2026-07-19 13:22:07.504383
1415,Erin Marshall,mherman@example.com,India,2022-01-07,Standard,34.0,2026-07-19 13:22:07.505383
1416,Robert Hatfield,christopherrhodes@example.net,Germany,2025-07-14,Premium,39.0,2026-07-19 13:22:07.505383
1417,Amber Arellano,martinezcharles@example.net,USA,2023-03-18,Standard,,2026-07-19 13:22:07.505383
1418,James Davis,katherinejohnson@example.net,Germany,2025-03-19,,64.0,2026-07-19 13:22:07.505383
1419,Victoria Collins,edwardseddie@example.org,USA,2023-04-23,premium,,2026-07-19 13:22:07.505383
1420,Susan Koch,kowens@example.com,Canada,2026-04-03,Standard,,2026-07-19 13:22:07.505383
1421,Jacqueline Stephenson,tina74@example.com,Germany,2024-11-09,,65.0,2026-07-19 13:22:07.505383
1422,Jessica Livingston,natalieford@example.org,Germany,2022-09-19,,,2026-07-19 13:22:07.506413
1423,John Ryan,lewisjoseph@example.com,USA,2023-07-29,,,2026-07-19 13:22:07.506413
1424,Jason Reynolds,butlerjacqueline@example.com,Germany,2024-05-28,premium,51.0,2026-07-19 13:22:07.506413
1425,Todd Klein,olivialevy@example.com,Canada,2021-05-27,premium,,2026-07-19 13:22:07.506413
1426,Mark Cook,parkerdiana@example.net,India,2025-01-12,premium,69.0,2026-07-19 13:22:07.506413
1427,Michael Sutton,cjackson@example.org,India,2022-11-17,,47.0,2026-07-19 13:22:07.506413
1428,Audrey Romero,solislynn@example.com,,2022-10-12,Standard,,2026-07-19 13:22:07.506413
1429,Desiree Wood,fsmith@example.com,,2022-09-05,Standard,38.0,2026-07-19 13:22:07.507400
1430,Ruben Wood,imcdowell@example.com,,2026-07-02,Premium,,2026-07-19 13:22:07.507400
1431,Benjamin Wheeler,lmays@example.net,Canada,2023-08-09,Premium,,2026-07-19 13:22:07.507400
1432,Sarah Carr,wsullivan@example.com,India,2025-04-26,premium,34.0,2026-07-19 13:22:07.507400
1433,Jennifer Decker,gcastaneda@example.org,Canada,2026-06-01,Premium,21.0,2026-07-19 13:22:07.507400
1434,Kara Ball,btucker@example.com,UK,2022-12-21,Premium,63.0,2026-07-19 13:22:07.507400
1435,Brandon Perry,dennis71@example.net,Canada,2021-09-30,Standard,42.0,2026-07-19 13:22:07.507400
1436,John Quinn,andrea30@example.net,Canada,2022-08-25,Standard,,2026-07-19 13:22:07.507400
1437,Megan Mitchell,michaelpennington@example.org,Germany,2022-11-05,Premium,,2026-07-19 13:22:07.507400
1438,Ashley Hall,vazquezannette@example.net,India,2022-03-27,,,2026-07-19 13:22:07.508383
1439,Nicholas Finley,qjarvis@example.com,India,2025-08-22,Premium,35.0,2026-07-19 13:22:07.508383
1440,Kim Allen,leebrown@example.net,Germany,2024-05-15,premium,,2026-07-19 13:22:07.508383
1441,Marcus Hernandez,scole@example.net,India,2025-07-20,,,2026-07-19 13:22:07.508383
1442,Michael Singh,qwright@example.org,USA,2023-02-16,,,2026-07-19 13:22:07.508383
1443,Deborah Calderon,garcialeonard@example.org,Canada,2025-09-28,,31.0,2026-07-19 13:22:07.508383
1444,Dawn Jones,walterssteve@example.com,Germany,2022-07-15,premium,24.0,2026-07-19 13:22:07.508383
1445,Wendy Jennings,ryan48@example.org,Canada,2026-02-25,premium,,2026-07-19 13:22:07.508383
1446,Ethan Wright,shansen@example.com,Canada,2021-07-09,,27.0,2026-07-19 13:22:07.508383
1447,Kathleen Welch,brodriguez@example.com,Canada,2022-10-27,,35.0,2026-07-19 13:22:07.509399
1448,Alicia Hill,destinypetersen@example.org,,2024-09-12,,54.0,2026-07-19 13:22:07.509399
1449,Jennifer Smith,priceleah@example.net,UK,2022-07-31,,,2026-07-19 13:22:07.509399
1450,Randy Tyler,lisa85@example.net,Germany,2021-10-25,Premium,52.0,2026-07-19 13:22:07.509399
1451,Jennifer Vazquez,michael43@example.net,Canada,2024-05-23,,,2026-07-19 13:22:07.509399
1452,Amber Nguyen,veronica62@example.org,India,2022-09-22,premium,43.0,2026-07-19 13:22:07.509399
1453,Tara Guerrero,williamthomas@example.net,,2021-03-04,Premium,,2026-07-19 13:22:07.509399
1454,Jesus Benitez,taylorallison@example.com,Canada,2021-10-31,,,2026-07-19 13:22:07.509399
1455,Kristen Molina,seanharris@example.org,,2025-05-30,Standard,53.0,2026-07-19 13:22:07.510399
1456,Sarah Williams,daniel23@example.com,Germany,2022-11-04,Standard,,2026-07-19 13:22:07.510399
1457,Stephanie Williams,tanthony@example.org,Canada,2023-01-05,premium,49.0,2026-07-19 13:22:07.510399
1458,Brian Higgins,mwilson@example.com,,2024-02-04,Standard,26.0,2026-07-19 13:22:07.510399
1459,Alejandro Norton,tsimmons@example.org,USA,2026-05-29,Standard,,2026-07-19 13:22:07.510399
1460,Tamara Flores,adrian49@example.org,Canada,2022-02-07,premium,,2026-07-19 13:22:07.510399
1461,Sara Kelley,morenoluis@example.org,Canada,2026-05-05,premium,,2026-07-19 13:22:07.510399
1462,Zachary Jackson,cameron19@example.net,,2026-04-23,,25.0,2026-07-19 13:22:07.510399
1463,Richard Kaufman,ngibson@example.com,,2022-10-22,,61.0,2026-07-19 13:22:07.511385
1464,Kevin Davis,cunninghamchristopher@example.org,,2023-04-20,Standard,22.0,2026-07-19 13:22:07.511385
1465,Katie Lynch,blacklaura@example.org,,2025-10-03,,59.0,2026-07-19 13:22:07.511385
1466,Richard Freeman,elizabethvaughn@example.net,Germany,2021-06-18,Premium,33.0,2026-07-19 13:22:07.511385
1467,Janice Anderson,bradleywalters@example.org,Canada,2025-08-01,Premium,37.0,2026-07-19 13:22:07.511385
1468,Phillip Hill,shannon47@example.org,Germany,2023-02-14,Standard,55.0,2026-07-19 13:22:07.512383
1469,Jill Martin,rodney70@example.net,Canada,2025-11-28,,56.0,2026-07-19 13:22:07.512383
1470,Michael Brown,twagner@example.net,Canada,2022-01-14,Standard,,2026-07-19 13:22:07.512383
1471,Joann Melton,valeriepark@example.com,,2022-09-29,,38.0,2026-07-19 13:22:07.512383
1472,Samuel Roman,ugomez@example.org,,2023-04-27,Standard,38.0,2026-07-19 13:22:07.512383
1473,Jessica Cowan,gonzaleztroy@example.com,Canada,2023-03-23,Standard,39.0,2026-07-19 13:22:07.512383
1474,Chris Williams,patricia58@example.org,Canada,2025-01-05,Standard,,2026-07-19 13:22:07.512383
1475,Joseph Lewis,esparzamary@example.org,USA,2022-08-23,premium,53.0,2026-07-19 13:22:07.513383
1476,Jessica Burton,savannah58@example.com,Germany,2025-03-08,Premium,26.0,2026-07-19 13:22:07.513383
1477,Erik Gonzales,fbyrd@example.org,,2023-02-11,,67.0,2026-07-19 13:22:07.513383
1478,Kristy Warner,jmoran@example.com,Canada,2021-08-13,,23.0,2026-07-19 13:22:07.513383
1479,Sean Henson,amber48@example.net,Canada,2025-07-17,Premium,,2026-07-19 13:22:07.513383
1480,David Novak,michellesantana@example.org,Germany,2022-08-29,,62.0,2026-07-19 13:22:07.513383
1481,Bryan Ellison,mcmillanalexa@example.org,USA,2025-09-29,premium,,2026-07-19 13:22:07.513383
1482,Jeffrey Dennis,prestonjessica@example.com,Germany,2025-03-17,Standard,57.0,2026-07-19 13:22:07.514385
1483,Katherine Rivera,sarah96@example.net,UK,2025-07-16,,57.0,2026-07-19 13:22:07.514385
1484,Judy Powers,peterssamantha@example.com,,2021-11-30,premium,,2026-07-19 13:22:07.514385
1485,Christina Guzman,contrerascaitlin@example.com,Canada,2023-06-03,Standard,30.0,2026-07-19 13:22:07.514385
1486,Tonya Fields,kaylamarshall@example.org,UK,2021-01-26,Premium,,2026-07-19 13:22:07.514385
1487,Jerry Hunt,keithsilva@example.net,UK,2023-09-14,Standard,47.0,2026-07-19 13:22:07.514385
1488,David Evans,pbrown@example.com,India,2026-04-02,Standard,25.0,2026-07-19 13:22:07.514385
1489,Bobby Wright,wanda40@example.org,,2021-10-25,,49.0,2026-07-19 13:22:07.514385
1490,Debra Garcia,youngpaul@example.net,USA,2022-10-16,Premium,,2026-07-19 13:22:07.515400
1491,Rhonda Aguilar,taylormason@example.org,India,2025-05-16,,,2026-07-19 13:22:07.515400
1492,Kathy Daniels,carlospugh@example.org,UK,2022-01-13,,20.0,2026-07-19 13:22:07.515400
1493,Christopher Russell,kellyjohnson@example.org,,2026-04-03,Standard,28.0,2026-07-19 13:22:07.515400
1494,Jennifer Hernandez,breanna80@example.org,Germany,2023-08-30,Premium,22.0,2026-07-19 13:22:07.515400
1495,Shannon Wilson,emilybarnes@example.com,,2024-01-21,premium,44.0,2026-07-19 13:22:07.515400
1496,Nicole Frazier,vasquezkelly@example.org,,2022-10-02,premium,32.0,2026-07-19 13:22:07.515400
1497,Jessica Werner,vhenson@example.com,India,2025-04-09,Premium,,2026-07-19 13:22:07.515400
1498,Erik Gray,xcardenas@example.net,USA,2024-06-10,Standard,,2026-07-19 13:22:07.515400
1499,Kimberly Mann,richard30@example.net,UK,2023-10-31,Premium,45.0,2026-07-19 13:22:07.516400
1500,Cody Frye,hsanchez@example.com,USA,2021-05-06,,,2026-07-19 13:22:07.516400
1501,Diane Sullivan,taylorbrooks@example.com,India,2025-10-13,,64.0,2026-07-19 13:22:07.516400
1502,Timothy Frost,steven90@example.org,,2024-07-15,premium,,2026-07-19 13:22:07.516400
1503,Kayla Mccarthy,david03@example.net,USA,2026-05-15,Premium,35.0,2026-07-19 13:22:07.516400
1504,Charles Stephens,watsonbriana@example.org,Canada,2021-10-09,,,2026-07-19 13:22:07.516400
1505,Stephanie Carter,acardenas@example.com,USA,2022-04-14,premium,,2026-07-19 13:22:07.516400
1506,Larry Hernandez,hayleypham@example.org,UK,2025-09-01,Standard,54.0,2026-07-19 13:22:07.516400
1507,Dale Patton,patrick52@example.net,Canada,2024-03-28,,,2026-07-19 13:22:07.516400
1508,Jeremy Vaughn,phoffman@example.com,Germany,2024-12-25,Premium,,2026-07-19 13:22:07.517383
1509,Blake Morales,buckpeter@example.net,,2021-08-27,Standard,,2026-07-19 13:22:07.517383
1510,William Alexander,inelson@example.net,Germany,2023-04-20,Standard,55.0,2026-07-19 13:22:07.517383
1511,Austin Watson,nroberts@example.org,UK,2021-07-06,Premium,44.0,2026-07-19 13:22:07.517383
1512,Stephanie Rodriguez,joseph46@example.com,Canada,2023-11-29,Premium,,2026-07-19 13:22:07.517383
1513,Dr. Kathryn Thompson MD,bettybender@example.net,Germany,2022-01-03,Premium,,2026-07-19 13:22:07.517383
1514,Michael Collier,lisarodriguez@example.net,USA,2026-01-30,Premium,,2026-07-19 13:22:07.517383
1515,Andrew Houston MD,wrightdiana@example.com,USA,2025-10-21,premium,36.0,2026-07-19 13:22:07.518384
1516,Dr. Bailey Miranda DDS,clinton67@example.org,,2026-01-15,Premium,,2026-07-19 13:22:07.518384
1517,Jennifer Hayden,lauriegarcia@example.net,USA,2022-08-09,,54.0,2026-07-19 13:22:07.518384
1518,Matthew Williams,lauracooper@example.org,Germany,2023-12-13,Standard,,2026-07-19 13:22:07.518384
1519,Casey Anderson,murphyjonathan@example.net,USA,2022-02-13,premium,,2026-07-19 13:22:07.518384
1520,Jacob Avila,njohnson@example.org,,2022-12-30,Premium,58.0,2026-07-19 13:22:07.518384
1521,Regina Sandoval,sboyle@example.org,Germany,2021-07-16,premium,51.0,2026-07-19 13:22:07.518384
1522,James Coleman,kiara38@example.com,India,2024-02-28,premium,62.0,2026-07-19 13:22:07.518384
1523,Sherry Jones,jessicaharris@example.net,,2026-02-04,premium,65.0,2026-07-19 13:22:07.518384
1524,Cassandra Bates,mroberts@example.net,UK,2021-03-31,premium,21.0,2026-07-19 13:22:07.519383
1525,Derek May,vparker@example.com,Germany,2024-07-01,,57.0,2026-07-19 13:22:07.519383
1526,Pamela Adams,vanessacoleman@example.net,India,2024-06-29,Standard,59.0,2026-07-19 13:22:07.519383
1527,Jeffrey Johnson,elliottjames@example.com,UK,2022-07-28,Standard,,2026-07-19 13:22:07.519383
1528,Glen Horn,dylan38@example.com,USA,2023-07-10,Premium,,2026-07-19 13:22:07.519383
1529,Stacey Flores,karenduarte@example.com,,2021-04-13,Standard,66.0,2026-07-19 13:22:07.519383
1530,Marissa Dyer,aerickson@example.com,India,2024-07-27,premium,,2026-07-19 13:22:07.519383
1531,Mr. Michael Peters,amydiaz@example.net,India,2026-03-30,Premium,,2026-07-19 13:22:07.520383
1532,Jodi Ellis,wdawson@example.org,Germany,2023-10-28,Premium,,2026-07-19 13:22:07.520383
1533,Jennifer Cook,zfarrell@example.net,Germany,2023-01-25,premium,69.0,2026-07-19 13:22:07.520383
1534,Jon Hughes,leerenee@example.com,USA,2021-07-19,,23.0,2026-07-19 13:22:07.520383
1535,Heather Morgan,williamsantonio@example.com,Germany,2021-07-07,Standard,36.0,2026-07-19 13:22:07.520383
1536,Nancy Stewart,lawsonemily@example.com,Canada,2025-08-16,premium,25.0,2026-07-19 13:22:07.520383
1537,John Perry,tom48@example.org,Germany,2025-09-14,Standard,51.0,2026-07-19 13:22:07.520383
1538,Tracy Allen,veronica30@example.net,India,2024-03-18,Standard,,2026-07-19 13:22:07.520383
1539,Shane Barton,victorgarner@example.org,Germany,2024-01-22,Premium,36.0,2026-07-19 13:22:07.521383
1540,Clayton Jones,eric94@example.com,Canada,2026-06-04,Standard,,2026-07-19 13:22:07.521383
1541,Jerome Lee,mmartinez@example.net,Germany,2023-04-21,premium,,2026-07-19 13:22:07.521383
1542,Megan Stevenson,laurenmartinez@example.com,Germany,2023-03-22,,,2026-07-19 13:22:07.521383
1543,Deborah Wallace,andrew25@example.org,UK,2025-10-22,premium,,2026-07-19 13:22:07.521383
1544,Virginia Aguirre,kristiaguilar@example.net,USA,2023-11-01,premium,36.0,2026-07-19 13:22:07.521383
1545,Pamela Vargas,linda27@example.net,USA,2024-07-26,premium,47.0,2026-07-19 13:22:07.521383
1546,Joshua Gardner,hobrien@example.net,UK,2021-05-14,Standard,,2026-07-19 13:22:07.521383
1547,Ryan Burke,ericaali@example.net,USA,2021-02-02,Standard,63.0,2026-07-19 13:22:07.522383
1548,Randall Kelley DDS,vargaskimberly@example.net,USA,2025-03-19,Premium,,2026-07-19 13:22:07.522383
1549,John French,stevenmoore@example.org,UK,2025-11-02,,,2026-07-19 13:22:07.522383
1550,Kristine Morales,andrea38@example.org,USA,2025-05-25,Premium,,2026-07-19 13:22:07.522383
1551,Julie Gibbs,john18@example.org,India,2025-09-20,premium,46.0,2026-07-19 13:22:07.522383
1552,Joseph Long,hoffmankristin@example.com,UK,2024-11-09,Premium,,2026-07-19 13:22:07.522383
1553,John Maddox,perkinssandy@example.net,Germany,2022-03-29,Standard,,2026-07-19 13:22:07.522383
1554,Dillon Floyd,christinaevans@example.net,USA,2026-07-11,premium,,2026-07-19 13:22:07.522383
1555,Crystal Jackson,mcclurekristine@example.net,Germany,2021-07-11,premium,66.0,2026-07-19 13:22:07.523383
1556,Matthew Robinson,anthony50@example.org,UK,2022-06-18,,39.0,2026-07-19 13:22:07.523383
1557,Jamie Mendez,jean48@example.org,,2023-11-12,Premium,26.0,2026-07-19 13:22:07.523383
1558,Elizabeth White,hcallahan@example.net,India,2026-05-30,,57.0,2026-07-19 13:22:07.523383
1559,Christopher Mullen,douglas02@example.com,Germany,2024-07-18,Premium,38.0,2026-07-19 13:22:07.523383
1560,Allison Yang,kristen18@example.net,UK,2022-12-14,Standard,55.0,2026-07-19 13:22:07.523383
1561,Jessica White,chelseyparker@example.net,India,2025-06-14,Premium,,2026-07-19 13:22:07.523383
1562,Marvin Espinoza,kelsey41@example.com,,2022-10-13,Premium,,2026-07-19 13:22:07.523383
1563,Alejandra Graham,ebarron@example.com,USA,2023-10-19,premium,56.0,2026-07-19 13:22:07.524385
1564,Sandra Burton,colonanthony@example.net,,2024-07-10,,,2026-07-19 13:22:07.524385
1565,Donna Henry,wjohnson@example.net,India,2024-05-20,premium,,2026-07-19 13:22:07.524385
1566,Rebecca Norris,gregoryperez@example.com,India,2024-07-30,premium,46.0,2026-07-19 13:22:07.524385
1567,Mackenzie Edwards,jennifer03@example.net,USA,2022-06-20,,,2026-07-19 13:22:07.524385
1568,Victor Eaton,xsoto@example.org,Germany,2024-12-05,Standard,,2026-07-19 13:22:07.524385
1569,Gloria Norris,joshua23@example.org,,2021-07-10,,26.0,2026-07-19 13:22:07.524385
1570,Melissa Thomas,gilbertdonald@example.com,USA,2025-05-20,premium,,2026-07-19 13:22:07.524385
1571,Denise Holmes,sarah52@example.org,Canada,2021-04-25,,23.0,2026-07-19 13:22:07.524385
1572,Jeffrey Todd,herringjulia@example.com,Germany,2022-12-19,premium,44.0,2026-07-19 13:22:07.525400
1573,Theresa Miranda,washingtonjames@example.org,UK,2023-12-16,Standard,30.0,2026-07-19 13:22:07.525400
1574,Jennifer Wright,robert32@example.org,Germany,2024-12-04,,,2026-07-19 13:22:07.525400
1575,Justin Mccoy,robert30@example.net,UK,2024-11-04,,,2026-07-19 13:22:07.525400
1576,Cheryl Bennett,austinmartinez@example.com,USA,2026-05-26,Premium,,2026-07-19 13:22:07.525400
1577,Bruce Romero,suzanne27@example.net,India,2021-03-10,,,2026-07-19 13:22:07.525400
1578,Kaitlyn Evans,roger74@example.net,Germany,2025-07-17,,62.0,2026-07-19 13:22:07.525400
1579,Trevor Levy,loriharrington@example.com,Canada,2025-11-17,premium,49.0,2026-07-19 13:22:07.525400
1580,Sean Case,margaret85@example.org,UK,2022-05-15,premium,,2026-07-19 13:22:07.526401
1581,Jacob Thompson,nicole09@example.org,UK,2024-02-07,premium,,2026-07-19 13:22:07.526401
1582,Eric Bell,hrodriguez@example.net,,2021-12-17,Premium,41.0,2026-07-19 13:22:07.526401
1583,Eric Daniels,jessica11@example.org,India,2025-08-20,Premium,,2026-07-19 13:22:07.526401
1584,Sara Long,onealheather@example.net,Germany,2021-08-16,Standard,40.0,2026-07-19 13:22:07.526401
1585,Brian Hudson,kellybranch@example.net,Canada,2025-01-07,premium,,2026-07-19 13:22:07.526401
1586,Christopher Farley,larry96@example.com,Canada,2024-12-03,premium,51.0,2026-07-19 13:22:07.526401
1587,Isaiah Mejia,randy23@example.net,UK,2025-06-18,Standard,66.0,2026-07-19 13:22:07.526401
1588,Carlos Roberts,christine15@example.com,UK,2022-04-30,Standard,,2026-07-19 13:22:07.526401
1589,Shelley Sandoval,williamwilson@example.org,India,2021-11-29,premium,,2026-07-19 13:22:07.526401
1590,Sean Williams,adam55@example.com,Canada,2023-07-21,premium,70.0,2026-07-19 13:22:07.527410
1591,Angelica Cabrera,amiller@example.net,Canada,2025-10-12,premium,,2026-07-19 13:22:07.527410
1592,Ryan Jones,madison49@example.com,Germany,2024-08-22,Standard,24.0,2026-07-19 13:22:07.527410
1593,Adam Chang,dawndavis@example.net,USA,2023-09-23,Standard,30.0,2026-07-19 13:22:07.527410
1594,James Perez,vwalker@example.com,Germany,2023-12-19,Premium,25.0,2026-07-19 13:22:07.527410
1595,Roger Weiss,ericjones@example.net,Canada,2023-11-10,premium,,2026-07-19 13:22:07.527410
1596,Teresa Garrett,stephen72@example.com,USA,2021-12-19,,,2026-07-19 13:22:07.527410
1597,Carl Lopez,richardconway@example.org,USA,2022-07-27,premium,19.0,2026-07-19 13:22:07.527410
1598,Mary Brock,krystal61@example.net,USA,2025-10-29,Standard,62.0,2026-07-19 13:22:07.527410
1599,Rachel Davis,lopezadam@example.net,India,2025-11-05,Standard,26.0,2026-07-19 13:22:07.528400
1600,Ian Haynes,todd97@example.org,Germany,2022-09-04,Premium,22.0,2026-07-19 13:22:07.528400
1601,Breanna George,barbararoberts@example.org,Germany,2022-04-20,,20.0,2026-07-19 13:22:07.528400
1602,Melissa Diaz,brandonmolina@example.net,Canada,2026-05-13,Premium,48.0,2026-07-19 13:22:07.528400
1603,Lori Jensen,mortontimothy@example.org,India,2026-04-22,Premium,37.0,2026-07-19 13:22:07.528400
1604,Brittany Brady,jeffrey89@example.org,Canada,2022-02-28,Premium,56.0,2026-07-19 13:22:07.528400
1605,Michael Rogers,rcarrillo@example.com,UK,2021-06-30,Standard,,2026-07-19 13:22:07.528400
1606,James Strong,james60@example.org,Canada,2026-01-15,Standard,,2026-07-19 13:22:07.528400
1607,Pedro Johnson,fespinoza@example.net,UK,2024-08-06,premium,28.0,2026-07-19 13:22:07.528400
1608,Elizabeth Mitchell,walkerkelsey@example.org,UK,2023-05-09,Premium,24.0,2026-07-19 13:22:07.529399
1609,Morgan Terry,jennifer98@example.net,UK,2025-05-01,Standard,36.0,2026-07-19 13:22:07.529399
1610,Timothy Novak,robertstrickland@example.com,UK,2026-07-11,Premium,,2026-07-19 13:22:07.529399
1611,Kevin Ramirez,phillipscharles@example.net,India,2022-08-20,Standard,46.0,2026-07-19 13:22:07.529399
1612,Andrea Jones,jessica29@example.org,USA,2021-11-13,premium,,2026-07-19 13:22:07.529399
1613,Christopher Lutz,brendabooker@example.org,USA,2023-08-31,Standard,44.0,2026-07-19 13:22:07.529399
1614,Alicia Hays,cmiles@example.org,India,2025-11-08,,25.0,2026-07-19 13:22:07.529399
1615,Joanna Francis DDS,ctucker@example.net,Germany,2022-04-10,premium,,2026-07-19 13:22:07.529399
1616,Jason Wolf,wilkinsonsandra@example.net,UK,2022-07-02,Premium,,2026-07-19 13:22:07.530400
1617,Crystal Jacobs,catherine27@example.net,Germany,2025-11-25,,,2026-07-19 13:22:07.530400
1618,Jeffrey Boyd,dbutler@example.org,UK,2022-06-03,premium,,2026-07-19 13:22:07.530400
1619,William Thompson,coryrobinson@example.net,USA,2023-06-11,,,2026-07-19 13:22:07.530400
1620,Tonya Payne,reidmichael@example.org,USA,2021-09-29,Premium,,2026-07-19 13:22:07.530400
1621,Megan Calderon,cfoster@example.com,,2024-06-27,Standard,,2026-07-19 13:22:07.530400
1622,Stephanie King,djones@example.com,,2025-12-16,,46.0,2026-07-19 13:22:07.530400
1623,Angela Hernandez,ologan@example.org,Canada,2025-09-29,,43.0,2026-07-19 13:22:07.530400
1624,Brandon Meadows,christopherwilliams@example.org,,2021-05-12,Standard,,2026-07-19 13:22:07.530400
1625,Ann Stone DDS,rebecca81@example.com,USA,2024-08-25,Standard,,2026-07-19 13:22:07.531387
1626,Luke Gray,gmcclure@example.org,Canada,2025-03-30,,,2026-07-19 13:22:07.531387
1627,Renee Lewis,emily02@example.net,India,2022-04-05,premium,,2026-07-19 13:22:07.531387
1628,Duane Abbott,jessica83@example.com,India,2023-11-18,,,2026-07-19 13:22:07.531387
1629,Maria Gibson,daniel06@example.net,USA,2022-03-30,,24.0,2026-07-19 13:22:07.531387
1630,Michael Delgado,dana45@example.net,India,2023-10-21,,32.0,2026-07-19 13:22:07.531387
1631,Kathryn Williams,hansonpeter@example.net,Canada,2025-12-28,Premium,,2026-07-19 13:22:07.531387
1632,Amanda Knox,ihoffman@example.org,,2026-05-26,Standard,,2026-07-19 13:22:07.531387
1633,Kristen Hart,milesvictor@example.net,USA,2024-11-06,Premium,66.0,2026-07-19 13:22:07.531387
1634,Jeremy Hayden,phillip21@example.net,,2022-05-02,,,2026-07-19 13:22:07.532407
1635,Madison Bryant,edwardvance@example.com,USA,2024-11-25,,,2026-07-19 13:22:07.532407
1636,Felicia Harrell,jeremiahbuchanan@example.com,UK,2024-08-15,Premium,66.0,2026-07-19 13:22:07.532407
1637,Charles Potts,zcollier@example.com,Germany,2021-08-12,Premium,,2026-07-19 13:22:07.532407
1638,Jonathan Green,phernandez@example.com,India,2021-10-07,,,2026-07-19 13:22:07.532407
1639,John Morrison,gdavis@example.net,Canada,2026-05-13,Standard,,2026-07-19 13:22:07.532407
1640,Curtis Simpson,cgarcia@example.net,,2025-08-17,,45.0,2026-07-19 13:22:07.532407
1641,Ashley Clark,cooperrebecca@example.com,India,2022-07-15,,49.0,2026-07-19 13:22:07.532407
1642,Pam Green,brownnicole@example.net,UK,2022-10-06,,,2026-07-19 13:22:07.533403
1643,Brent Holland,qgonzales@example.com,Germany,2023-05-25,Standard,50.0,2026-07-19 13:22:07.533403
1644,Margaret Browning,joneskaren@example.com,Germany,2025-01-26,,,2026-07-19 13:22:07.533403
1645,Audrey Clark,romerostephen@example.com,UK,2022-10-03,premium,,2026-07-19 13:22:07.533403
1646,Michele Tran,onorton@example.org,India,2026-03-16,Premium,55.0,2026-07-19 13:22:07.533403
1647,John Johnson,smithlance@example.org,USA,2021-11-08,premium,40.0,2026-07-19 13:22:07.533403
1648,Theresa Mcdonald,marksmall@example.com,,2024-08-20,,,2026-07-19 13:22:07.533403
1649,Patricia Zuniga,obrienbrendan@example.com,India,2024-07-18,,40.0,2026-07-19 13:22:07.534383
1650,Susan Thomas,ianedwards@example.org,,2025-03-06,Standard,,2026-07-19 13:22:07.534383
1651,Karen Wagner,donaldbrandt@example.com,UK,2026-01-27,Premium,37.0,2026-07-19 13:22:07.534383
1652,Kimberly Smith,allenjeremy@example.net,India,2025-08-06,Premium,,2026-07-19 13:22:07.534383
1653,Peter Rodriguez,logandelgado@example.org,Canada,2023-12-19,,,2026-07-19 13:22:07.534383
1654,Michelle Reilly,lisa36@example.org,India,2026-06-08,,55.0,2026-07-19 13:22:07.534383
1655,Annette Perry,ncain@example.org,India,2024-06-06,,38.0,2026-07-19 13:22:07.534383
1656,Brendan Lawrence,margaretlarson@example.net,Germany,2025-12-27,Standard,,2026-07-19 13:22:07.535406
1657,Terrence Matthews,vincent01@example.net,UK,2021-12-31,premium,,2026-07-19 13:22:07.535406
1658,Gavin Ball,williamsgary@example.org,India,2021-02-10,,,2026-07-19 13:22:07.535406
1659,Derrick Nicholson,ipowell@example.net,,2021-10-18,Premium,52.0,2026-07-19 13:22:07.535406
1660,Corey Hill,fgeorge@example.com,India,2025-01-22,Premium,,2026-07-19 13:22:07.535406
1661,Jacob Chang,william21@example.com,USA,2023-01-17,Premium,63.0,2026-07-19 13:22:07.535406
1662,Patricia Garcia,zachary16@example.net,UK,2024-08-29,premium,,2026-07-19 13:22:07.535406
1663,Thomas Alexander,xchan@example.com,Germany,2025-05-16,premium,68.0,2026-07-19 13:22:07.536388
1664,Barbara Bell,palvarez@example.net,,2021-12-05,premium,,2026-07-19 13:22:07.536388
1665,George Baker,jerrycervantes@example.org,Germany,2022-10-30,premium,,2026-07-19 13:22:07.536388
1666,Matthew Spencer DVM,zthomas@example.com,Germany,2025-02-20,,60.0,2026-07-19 13:22:07.536388
1667,Zachary Pena,xrhodes@example.com,Canada,2023-01-11,Standard,,2026-07-19 13:22:07.536388
1668,Jason Morrison,tpeterson@example.org,USA,2022-11-04,,,2026-07-19 13:22:07.536388
1669,Jessica Clark,brivera@example.org,UK,2022-06-22,Premium,51.0,2026-07-19 13:22:07.536388
1670,Charles Rodriguez IV,charles52@example.com,India,2023-12-15,Standard,33.0,2026-07-19 13:22:07.536388
1671,Michael Velazquez,lindsay70@example.com,,2022-09-15,premium,,2026-07-19 13:22:07.536388
1672,Craig Gonzalez Jr.,stricklandchristine@example.org,India,2021-09-22,Premium,58.0,2026-07-19 13:22:07.537387
1673,Haley Lane,morganroberts@example.org,Germany,2025-01-19,premium,59.0,2026-07-19 13:22:07.537387
1674,Gloria Parker,bradleyjames@example.net,India,2022-09-12,Standard,43.0,2026-07-19 13:22:07.537387
1675,Matthew Martinez,jlucas@example.net,Canada,2025-09-15,Standard,19.0,2026-07-19 13:22:07.537387
1676,Angela Castillo,jasonlopez@example.com,India,2023-12-12,,,2026-07-19 13:22:07.537387
1677,Dorothy Yang,ortizlisa@example.com,Germany,2022-12-03,Premium,30.0,2026-07-19 13:22:07.537387
1678,Michael Ward,jeffreygomez@example.org,India,2025-10-13,Premium,,2026-07-19 13:22:07.537387
1679,Justin Rodgers,turnerjason@example.com,,2023-06-18,Standard,59.0,2026-07-19 13:22:07.537387
1680,Pamela Bennett,manningjulie@example.net,,2023-10-28,Premium,21.0,2026-07-19 13:22:07.538387
1681,Charles Dixon,tperez@example.org,India,2023-03-05,premium,,2026-07-19 13:22:07.538387
1682,Amy Moore,hudsonsara@example.org,India,2022-10-13,Premium,43.0,2026-07-19 13:22:07.538387
1683,Roger Day,higginsmichael@example.com,USA,2025-12-02,Premium,,2026-07-19 13:22:07.538387
1684,Jillian Wilson,pschultz@example.org,Germany,2021-08-03,Premium,33.0,2026-07-19 13:22:07.538387
1685,Gina Rogers,hugheskarla@example.com,India,2024-09-13,,69.0,2026-07-19 13:22:07.538387
1686,Michael Schmidt,connor68@example.net,Germany,2025-04-29,Standard,24.0,2026-07-19 13:22:07.538387
1687,Lindsey Sparks,roweamanda@example.net,USA,2021-02-09,premium,,2026-07-19 13:22:07.538387
1688,Mr. James Hopkins,marksandoval@example.net,India,2021-09-16,Premium,,2026-07-19 13:22:07.539387
1689,Jennifer Morrison,scott42@example.net,,2021-03-25,Premium,,2026-07-19 13:22:07.539387
1690,Charlene Johnson,smithkristin@example.com,Germany,2022-09-20,Standard,35.0,2026-07-19 13:22:07.539387
1691,David Robinson,klee@example.net,India,2023-11-19,premium,,2026-07-19 13:22:07.539387
1692,Chris Gilbert,griffinstephen@example.org,Canada,2022-12-06,Premium,65.0,2026-07-19 13:22:07.539387
1693,Cameron Stanton,obennett@example.com,,2021-05-28,Standard,,2026-07-19 13:22:07.539387
1694,Marie Flynn,owilson@example.org,India,2022-12-19,premium,69.0,2026-07-19 13:22:07.539387
1695,Julie Miller,zhernandez@example.net,UK,2021-09-08,Standard,,2026-07-19 13:22:07.539387
1696,Joel Stuart,lindaanderson@example.net,Canada,2021-06-12,,,2026-07-19 13:22:07.540387
1697,Stephen Jones,alanmorris@example.org,Canada,2021-04-19,Standard,37.0,2026-07-19 13:22:07.540387
1698,Jose Smith,edward10@example.com,USA,2021-05-31,,,2026-07-19 13:22:07.540387
1699,Joseph Hernandez,cynthia57@example.org,,2024-04-08,Premium,35.0,2026-07-19 13:22:07.540387
1700,Jennifer Cooper,justinmercer@example.net,Germany,2023-11-28,,,2026-07-19 13:22:07.540387
1701,Rachel Burgess,brendalove@example.com,Canada,2021-12-04,Standard,,2026-07-19 13:22:07.540387
1702,Ernest Wells,areed@example.net,UK,2026-03-06,premium,,2026-07-19 13:22:07.540387
1703,Yolanda Taylor,lindabaker@example.net,Germany,2022-08-26,Premium,66.0,2026-07-19 13:22:07.541388
1704,Robin Guzman,dereksimpson@example.net,,2022-12-14,Standard,,2026-07-19 13:22:07.541388
1705,Amber Andrade,emilybaker@example.org,,2025-10-14,Premium,43.0,2026-07-19 13:22:07.541388
1706,Stephanie Davis,vcarter@example.org,,2024-11-01,premium,54.0,2026-07-19 13:22:07.541388
1707,Brian Goodman,donnajones@example.net,Canada,2025-08-30,Standard,51.0,2026-07-19 13:22:07.541388
1708,Lauren Palmer,jamesallen@example.org,UK,2022-09-14,,,2026-07-19 13:22:07.541388
1709,Timothy Rowe,curryjames@example.org,Germany,2023-11-13,Standard,34.0,2026-07-19 13:22:07.542387
1710,Eric Alvarez,darrenlewis@example.net,,2023-03-23,premium,,2026-07-19 13:22:07.542387
1711,Scott Contreras,oscaryoung@example.org,USA,2026-01-28,,41.0,2026-07-19 13:22:07.542387
1712,Michael Wade,ashleyschmidt@example.org,Germany,2021-08-20,,54.0,2026-07-19 13:22:07.542387
1713,Crystal Anderson,johnsonvalerie@example.org,Canada,2021-03-26,Premium,53.0,2026-07-19 13:22:07.542387
1714,Ryan Hicks,christinawilliams@example.com,Canada,2021-01-31,,,2026-07-19 13:22:07.542387
1715,Evelyn Dawson,gardnerkelli@example.org,,2021-10-09,Standard,,2026-07-19 13:22:07.542387
1716,Kimberly Reyes,victoria25@example.net,UK,2024-02-22,premium,27.0,2026-07-19 13:22:07.542387
1717,Nicole Riggs,stephendavis@example.net,India,2025-08-05,Premium,,2026-07-19 13:22:07.543387
1718,Joseph Valencia,bryantgarrett@example.com,Germany,2021-11-28,,25.0,2026-07-19 13:22:07.543387
1719,Carolyn Gutierrez,hoodterri@example.com,,2025-05-29,Standard,,2026-07-19 13:22:07.543387
1720,Rachel Woods,morganbenson@example.org,India,2022-05-13,,42.0,2026-07-19 13:22:07.543387
1721,Tony Diaz,uzavala@example.com,Germany,2021-09-30,Standard,56.0,2026-07-19 13:22:07.543387
1722,Elizabeth Wilkins,snyderdanielle@example.com,India,2022-06-22,Standard,44.0,2026-07-19 13:22:07.543387
1723,Sharon Myers,denisewheeler@example.com,Germany,2022-02-08,Standard,,2026-07-19 13:22:07.543387
1724,Juan Snyder,andrew13@example.org,India,2025-03-24,,,2026-07-19 13:22:07.544389
1725,Michael Mason,stephanie33@example.com,UK,2022-09-17,,23.0,2026-07-19 13:22:07.544389
1726,Hailey Lopez,rjohns@example.net,Germany,2025-10-20,premium,,2026-07-19 13:22:07.544389
1727,Joseph Walker,ashleymay@example.org,,2025-05-11,,,2026-07-19 13:22:07.544389
1728,Mary Bailey,tricia08@example.com,,2023-03-14,premium,22.0,2026-07-19 13:22:07.544389
1729,Jackson Flynn,nicholas71@example.net,UK,2026-03-21,Premium,39.0,2026-07-19 13:22:07.544389
1730,Dana Richards,dmorales@example.net,Germany,2021-06-15,premium,56.0,2026-07-19 13:22:07.544389
1731,Kimberly Jennings,curtiskatherine@example.org,Canada,2025-02-15,,,2026-07-19 13:22:07.544389
1732,Jonathon Bauer,psavage@example.org,,2024-06-20,Standard,53.0,2026-07-19 13:22:07.544389
1733,Mary Rivas,gscott@example.net,UK,2025-07-17,premium,,2026-07-19 13:22:07.545404
1734,Mary Walker,ashleybrown@example.com,India,2021-08-17,,26.0,2026-07-19 13:22:07.545404
1735,Jennifer Johns,matthew16@example.net,India,2022-07-26,,,2026-07-19 13:22:07.545404
1736,Karen Cortez,choiamanda@example.com,Canada,2024-10-16,Premium,,2026-07-19 13:22:07.545404
1737,Tammy Rodriguez,houstonrobert@example.net,India,2022-05-10,premium,,2026-07-19 13:22:07.545404
1738,Barbara Martinez,cannonjohn@example.com,India,2023-02-10,premium,,2026-07-19 13:22:07.545404
1739,Deborah Henderson,annmartinez@example.com,Germany,2021-07-17,Standard,,2026-07-19 13:22:07.545404
1740,Michael Robinson,flee@example.net,USA,2023-06-07,,21.0,2026-07-19 13:22:07.545404
1741,Brad Rogers,wesley28@example.com,USA,2026-03-30,Standard,29.0,2026-07-19 13:22:07.545404
1742,Michael Schultz,gcunningham@example.net,Germany,2025-02-02,Standard,,2026-07-19 13:22:07.546403
1743,Lauren Martinez,carrollgregory@example.com,Germany,2025-11-24,,,2026-07-19 13:22:07.546403
1744,John Moore,smithkenneth@example.org,India,2022-07-28,,,2026-07-19 13:22:07.546403
1745,Brian Calderon,nancysimon@example.org,Canada,2021-10-21,Standard,,2026-07-19 13:22:07.546403
1746,Tara Larsen,lindseywilliams@example.com,Canada,2025-05-28,premium,29.0,2026-07-19 13:22:07.546403
1747,Renee Garcia,allisonnatalie@example.com,,2023-09-12,premium,54.0,2026-07-19 13:22:07.546403
1748,Nicole Burns,bfranklin@example.net,UK,2021-02-06,Premium,51.0,2026-07-19 13:22:07.546403
1749,Terry Huerta,arellanojon@example.net,Germany,2021-05-21,Premium,,2026-07-19 13:22:07.547388
1750,Douglas Sullivan,dnichols@example.net,,2026-01-07,premium,,2026-07-19 13:22:07.547388
1751,Charles Sparks,upratt@example.org,,2022-09-25,Premium,,2026-07-19 13:22:07.547388
1752,Robert Neal,martinezpatricia@example.org,UK,2021-05-04,Premium,38.0,2026-07-19 13:22:07.547388
1753,Christopher Wright,rogersjonathon@example.net,Canada,2026-02-03,,,2026-07-19 13:22:07.547388
1754,David Hodges,norrislisa@example.net,Germany,2023-01-10,premium,56.0,2026-07-19 13:22:07.547388
1755,Roger Carter,lisa61@example.com,India,2021-02-09,Premium,,2026-07-19 13:22:07.548388
1756,Kyle Schmidt,brandonwagner@example.org,India,2021-03-27,Standard,31.0,2026-07-19 13:22:07.548388
1757,Megan Mays,ohenderson@example.org,,2024-12-17,premium,69.0,2026-07-19 13:22:07.548388
1758,Joshua Reed,whitakerjacqueline@example.net,,2026-02-25,,,2026-07-19 13:22:07.548388
1759,Stephanie Salas,alopez@example.com,India,2025-07-20,Standard,,2026-07-19 13:22:07.548388
1760,Leslie Gonzalez,amcgrath@example.com,Canada,2026-06-07,Standard,,2026-07-19 13:22:07.548388
1761,Ashley Hamilton,ryanknight@example.org,Germany,2024-12-13,Standard,,2026-07-19 13:22:07.548388
1762,Regina Hill,rojasdeborah@example.net,Germany,2022-01-21,,,2026-07-19 13:22:07.549387
1763,Daniel Brown,wendy30@example.com,,2023-03-02,Standard,40.0,2026-07-19 13:22:07.549387
1764,Miss Michaela Jones,zmartin@example.net,India,2023-09-04,Standard,,2026-07-19 13:22:07.549387
1765,Nicolas May,amber18@example.org,Germany,2023-11-17,premium,,2026-07-19 13:22:07.549387
1766,Debbie Weeks,noahlozano@example.org,Canada,2022-04-22,,,2026-07-19 13:22:07.549387
1767,James White,wrightnoah@example.com,UK,2025-07-03,,,2026-07-19 13:22:07.549387
1768,Jacob Green,ralph32@example.net,Canada,2026-04-28,premium,47.0,2026-07-19 13:22:07.549387
1769,Brent Martinez,bmoran@example.net,,2022-09-13,Standard,49.0,2026-07-19 13:22:07.550388
1770,Daniel Lee,emily66@example.org,India,2023-12-04,,,2026-07-19 13:22:07.550388
1771,Kelly Johnson,juliefritz@example.net,India,2025-09-18,Standard,,2026-07-19 13:22:07.550388
1772,Michael Fuller,zhoward@example.com,USA,2023-08-13,,36.0,2026-07-19 13:22:07.550388
1773,Brandon Peters,hschmidt@example.net,UK,2026-02-13,Premium,50.0,2026-07-19 13:22:07.550388
1774,Joshua Green,shawandrew@example.net,UK,2024-03-01,,,2026-07-19 13:22:07.550388
1775,Lauren Williams,tfowler@example.net,,2022-07-05,premium,,2026-07-19 13:22:07.550388
1776,Lisa Garner,patelsabrina@example.net,UK,2026-02-02,Premium,,2026-07-19 13:22:07.550388
1777,Kristy Mitchell,craigkelly@example.org,USA,2022-02-20,Standard,43.0,2026-07-19 13:22:07.550388
1778,Cindy Gonzalez,cgordon@example.org,Canada,2024-03-19,premium,,2026-07-19 13:22:07.551387
1779,Lori Alvarado,connie00@example.net,,2024-01-10,premium,39.0,2026-07-19 13:22:07.551387
1780,Tammy Thompson,jason69@example.com,USA,2025-07-05,Premium,,2026-07-19 13:22:07.551387
1781,Jonathon Nguyen,annastuart@example.org,,2025-12-14,,52.0,2026-07-19 13:22:07.551387
1782,Ryan Smith,douglas72@example.com,Canada,2024-05-02,Premium,18.0,2026-07-19 13:22:07.551387
1783,George Nguyen,youngmichael@example.com,,2023-11-15,,,2026-07-19 13:22:07.552387
1784,Paul Terrell,reyesjason@example.net,,2021-02-18,,,2026-07-19 13:22:07.552387
1785,Willie Cruz,mlopez@example.com,,2022-10-09,,,2026-07-19 13:22:07.552387
1786,Christopher Mathews,mbeard@example.net,Canada,2025-11-05,Standard,18.0,2026-07-19 13:22:07.552387
1787,William Chase,michael13@example.org,Canada,2021-12-21,Premium,62.0,2026-07-19 13:22:07.552387
1788,Heather Lin,timothy57@example.net,Canada,2025-05-17,,59.0,2026-07-19 13:22:07.553387
1789,Jose Manning,holson@example.org,,2025-03-11,,58.0,2026-07-19 13:22:07.553387
1790,Laurie Taylor,edward68@example.net,Canada,2024-11-10,,,2026-07-19 13:22:07.553387
1791,Christopher Bush,woodcynthia@example.net,Germany,2026-06-05,Premium,28.0,2026-07-19 13:22:07.553387
1792,Denise Rose,gwhite@example.com,,2022-08-11,,,2026-07-19 13:22:07.554388
1793,Zachary Barnett,andrew28@example.com,Canada,2021-09-23,,55.0,2026-07-19 13:22:07.554388
1794,Jordan Mann,emily14@example.com,USA,2024-11-23,,,2026-07-19 13:22:07.554388
1795,Andrew Lynch,millerjessica@example.com,Canada,2025-12-21,,,2026-07-19 13:22:07.554388
1796,Brooke Gilmore,conniefuller@example.com,,2023-04-21,premium,,2026-07-19 13:22:07.555392
1797,Julia Franco,jyork@example.org,Germany,2023-10-28,,32.0,2026-07-19 13:22:07.555392
1798,Paige Wilson,rushtodd@example.com,UK,2026-06-11,,,2026-07-19 13:22:07.555392
1799,Jeremy Booth,carriejones@example.com,UK,2026-03-11,premium,,2026-07-19 13:22:07.555392
1800,Katherine Herrera,jennifer68@example.org,Germany,2025-11-22,,,2026-07-19 13:22:07.555392
1801,Jonathan Rodriguez,jeffrey40@example.net,Germany,2022-08-21,,19.0,2026-07-19 13:22:07.555392
1802,George Clark,xanderson@example.net,India,2022-06-23,Standard,,2026-07-19 13:22:07.556392
1803,Michael Hayes,istanton@example.net,Germany,2025-03-31,Standard,,2026-07-19 13:22:07.556392
1804,James Ramirez,jonesmegan@example.com,UK,2021-10-06,,,2026-07-19 13:22:07.556392
1805,Brian Franklin,rjackson@example.org,,2022-07-24,,,2026-07-19 13:22:07.556392
1806,Daniel Carter,allisongould@example.net,Germany,2022-01-24,Standard,57.0,2026-07-19 13:22:07.556392
1807,James Logan,perrydavid@example.net,India,2022-09-04,Premium,,2026-07-19 13:22:07.556392
1808,Ashley Thomas,cuevashaley@example.org,USA,2025-07-30,Standard,,2026-07-19 13:22:07.556392
1809,Michael Gilmore,meghanstevenson@example.net,Canada,2022-02-05,,,2026-07-19 13:22:07.556392
1810,Mark Tran,amanda70@example.org,USA,2025-05-17,Premium,,2026-07-19 13:22:07.557391
1811,James Pope,hatfieldandrea@example.org,India,2024-07-18,Standard,29.0,2026-07-19 13:22:07.557391
1812,Megan Curtis,shelley92@example.net,Canada,2024-08-27,,25.0,2026-07-19 13:22:07.557391
1813,Scott Carr,umelton@example.org,Canada,2023-05-26,Standard,,2026-07-19 13:22:07.557391
1814,Daniel Faulkner,alexapacheco@example.com,India,2022-02-23,premium,67.0,2026-07-19 13:22:07.557391
1815,Sarah Browning,andrew71@example.org,UK,2025-01-18,Standard,62.0,2026-07-19 13:22:07.557391
1816,Diamond Grimes,nthompson@example.net,,2026-04-07,,,2026-07-19 13:22:07.557391
1817,William Guzman,samantha89@example.org,Canada,2021-01-30,Premium,68.0,2026-07-19 13:22:07.557391
1818,Brenda Smith,osbornecorey@example.org,UK,2026-04-25,Premium,28.0,2026-07-19 13:22:07.558393
1819,Carol Boyd,pwilson@example.com,USA,2021-06-10,premium,,2026-07-19 13:22:07.558393
1820,Audrey Young,elainehudson@example.com,,2024-01-27,,64.0,2026-07-19 13:22:07.558393
1821,Cheryl Smith,mriley@example.com,USA,2022-12-02,premium,39.0,2026-07-19 13:22:07.558393
1822,Nicole Coleman,amber59@example.com,Canada,2021-10-16,Standard,,2026-07-19 13:22:07.558393
1823,Misty Vasquez,lisadaniel@example.com,Canada,2025-03-04,,,2026-07-19 13:22:07.558393
1824,Mary Spencer,erinalvarez@example.com,UK,2025-08-03,Premium,,2026-07-19 13:22:07.558393
1825,Katie Olson,kbarnes@example.com,,2022-04-26,,41.0,2026-07-19 13:22:07.558393
1826,Bryce Le,smithjohnny@example.com,USA,2022-04-29,,68.0,2026-07-19 13:22:07.559392
1827,Ruben Whitaker,gavinellis@example.org,USA,2022-01-19,,,2026-07-19 13:22:07.559392
1828,Olivia Jones,millerchad@example.org,Germany,2021-03-18,premium,,2026-07-19 13:22:07.559392
1829,Claire Ray,ryanbutler@example.net,USA,2022-03-25,Premium,63.0,2026-07-19 13:22:07.559392
1830,Lisa Brown,reedheidi@example.org,Canada,2024-08-26,premium,43.0,2026-07-19 13:22:07.559392
1831,Melissa Buchanan,jweaver@example.org,Germany,2026-03-16,,66.0,2026-07-19 13:22:07.559392
1832,Mary Wise,georgesmith@example.org,,2021-05-17,Standard,54.0,2026-07-19 13:22:07.559392
1833,Jacob Carter,jonathan98@example.com,,2022-07-20,premium,,2026-07-19 13:22:07.559392
1834,Michelle Johnson,valerieallen@example.com,,2022-08-14,premium,,2026-07-19 13:22:07.560392
1835,Casey Brady,hestrada@example.com,India,2026-07-03,premium,51.0,2026-07-19 13:22:07.560392
1836,Lauren Joyce,qgregory@example.org,,2024-04-13,,59.0,2026-07-19 13:22:07.560392
1837,Tyler Lee,macknicole@example.org,UK,2023-01-18,,,2026-07-19 13:22:07.560392
1838,Mark Dixon,miguel01@example.net,,2024-04-12,Standard,37.0,2026-07-19 13:22:07.560392
1839,Kenneth West,megan46@example.net,Canada,2023-07-15,premium,42.0,2026-07-19 13:22:07.560392
1840,Morgan Marsh,ymiller@example.com,UK,2023-07-08,premium,31.0,2026-07-19 13:22:07.561392
1841,Jennifer Lamb,anitastrickland@example.net,UK,2023-06-15,premium,,2026-07-19 13:22:07.561392
1842,Angela Walker,fblackburn@example.org,,2025-08-26,Premium,,2026-07-19 13:22:07.561392
1843,Michelle Simmons,williamsjordan@example.com,USA,2021-11-18,premium,,2026-07-19 13:22:07.561392
1844,Joseph Miller,kevin53@example.com,UK,2025-12-05,Premium,,2026-07-19 13:22:07.561392
1845,Megan Burton,eperez@example.net,,2023-09-14,premium,25.0,2026-07-19 13:22:07.561392
1846,Rachel Miller,jennifercraig@example.net,,2021-04-09,Premium,,2026-07-19 13:22:07.562392
1847,Alex Patel,pwood@example.com,UK,2022-06-01,Premium,,2026-07-19 13:22:07.562392
1848,Christopher Schneider,tlamb@example.org,USA,2022-01-12,Standard,,2026-07-19 13:22:07.562392
1849,Nicole Rose,xharris@example.org,India,2022-10-23,Standard,,2026-07-19 13:22:07.562392
1850,Kimberly Williams,sarah80@example.net,UK,2022-05-31,Standard,,2026-07-19 13:22:07.562392
1851,Brandon Haynes,jeffrey56@example.com,UK,2023-04-14,Standard,,2026-07-19 13:22:07.562392
1852,Mr. Scott Weeks,raguirre@example.com,Germany,2025-12-31,Standard,,2026-07-19 13:22:07.562392
1853,Mr. Travis Roberts DDS,shawn66@example.com,Germany,2026-02-02,Premium,,2026-07-19 13:22:07.562392
1854,William Lopez,osims@example.net,USA,2023-11-17,Standard,46.0,2026-07-19 13:22:07.562392
1855,Stacy Johnson MD,ryan67@example.org,India,2022-10-02,,,2026-07-19 13:22:07.563393
1856,Brad Pena,katherinemathis@example.net,India,2023-04-10,,,2026-07-19 13:22:07.563393
1857,Michael Vargas,gilbertcatherine@example.net,Germany,2022-09-07,,,2026-07-19 13:22:07.563393
1858,Alan Velasquez,sandra75@example.com,USA,2025-09-27,Standard,,2026-07-19 13:22:07.563393
1859,Heather Mitchell DVM,curtisjackson@example.net,USA,2021-02-13,Premium,62.0,2026-07-19 13:22:07.563393
1860,Chelsea Matthews,troy59@example.org,Germany,2023-11-23,Premium,65.0,2026-07-19 13:22:07.563393
1861,Kelsey Carpenter,ibonilla@example.com,UK,2024-06-23,Premium,,2026-07-19 13:22:07.564393
1862,Jacob Forbes,williamhernandez@example.com,Canada,2025-11-14,premium,,2026-07-19 13:22:07.564393
1863,Marie Blankenship,hunterbobby@example.org,Canada,2023-08-14,Standard,,2026-07-19 13:22:07.564393
1864,Jill Long,whitneysaunders@example.com,India,2024-06-13,premium,,2026-07-19 13:22:07.564393
1865,Stephanie Acevedo MD,stevenjohnson@example.net,Canada,2022-02-10,Standard,,2026-07-19 13:22:07.564393
1866,Brandon Howard,nicholasmartin@example.org,Canada,2021-04-18,premium,36.0,2026-07-19 13:22:07.564393
1867,Courtney Jimenez,davisanne@example.net,USA,2021-12-15,,18.0,2026-07-19 13:22:07.564393
1868,Eric Rodriguez,robin39@example.org,UK,2024-08-04,Premium,,2026-07-19 13:22:07.565397
1869,Julia Johnson,robinsonjonathon@example.net,Germany,2023-05-03,premium,,2026-07-19 13:22:07.565397
1870,Kristin Benjamin,jennarubio@example.net,India,2022-03-02,,48.0,2026-07-19 13:22:07.565397
1871,Jacob Yates,djordan@example.net,USA,2023-09-20,,,2026-07-19 13:22:07.565397
1872,Carolyn Vargas,xperry@example.net,,2024-01-12,Standard,,2026-07-19 13:22:07.565397
1873,William Bell,guzmanjohn@example.net,Canada,2022-01-23,,42.0,2026-07-19 13:22:07.565397
1874,Jennifer Odom,jenkinssherry@example.com,Germany,2024-08-24,Premium,,2026-07-19 13:22:07.565397
1875,Daniel Hughes,stanner@example.net,,2024-12-28,Premium,28.0,2026-07-19 13:22:07.565397
1876,David Aguirre,oking@example.com,UK,2023-01-06,premium,53.0,2026-07-19 13:22:07.566398
1877,Allison Smith,ogarcia@example.net,,2023-05-31,Premium,30.0,2026-07-19 13:22:07.566398
1878,Joann Dyer,ystewart@example.org,UK,2023-08-16,Standard,,2026-07-19 13:22:07.566398
1879,Alisha Hart,ijones@example.com,UK,2021-07-09,Premium,25.0,2026-07-19 13:22:07.566398
1880,Mitchell Harris,jefferysmith@example.net,Canada,2025-01-02,Standard,,2026-07-19 13:22:07.566398
1881,John Joyce,kathleenholloway@example.com,Canada,2022-01-09,premium,43.0,2026-07-19 13:22:07.566398
1882,Stephanie Hart,williamstina@example.org,Germany,2021-09-18,Premium,,2026-07-19 13:22:07.566398
1883,Carrie Padilla,dwashington@example.com,USA,2024-03-22,Premium,,2026-07-19 13:22:07.567400
1884,Teresa Cobb,tstewart@example.org,Germany,2025-02-08,Premium,25.0,2026-07-19 13:22:07.567400
1885,Eric Mann,jenniferanderson@example.com,UK,2025-08-09,premium,27.0,2026-07-19 13:22:07.567400
1886,Veronica Jones,amoss@example.com,India,2022-03-29,Premium,,2026-07-19 13:22:07.567400
1887,James Valdez,margaretward@example.com,Germany,2022-09-29,Standard,,2026-07-19 13:22:07.567400
1888,Paul Jones,christine72@example.org,USA,2026-05-25,Premium,,2026-07-19 13:22:07.567400
1889,Kimberly Baker,kingbradley@example.com,Canada,2024-10-02,Standard,,2026-07-19 13:22:07.567400
1890,Jennifer Perry,erobinson@example.com,India,2024-06-10,Premium,21.0,2026-07-19 13:22:07.567400
1891,Valerie Ross,seansmith@example.com,USA,2022-05-01,Standard,,2026-07-19 13:22:07.567400
1892,Bryan Ramsey,tsantiago@example.org,Canada,2025-01-14,Premium,,2026-07-19 13:22:07.568581
1893,Angela Hall,thomascunningham@example.org,UK,2024-04-07,Premium,48.0,2026-07-19 13:22:07.568581
1894,Tanya West,brandonwoodward@example.net,Germany,2022-12-30,Standard,,2026-07-19 13:22:07.568581
1895,Jenny Hernandez,sherry85@example.net,UK,2021-02-22,Premium,33.0,2026-07-19 13:22:07.568581
1896,Sonya Scott,riosamanda@example.net,India,2023-05-13,,46.0,2026-07-19 13:22:07.568581
1897,Richard Anderson,montesandre@example.net,,2023-09-29,Standard,68.0,2026-07-19 13:22:07.568581
1898,Kayla Harris,lindalee@example.net,India,2023-07-09,Standard,68.0,2026-07-19 13:22:07.568581
1899,Anthony White,browntroy@example.net,UK,2021-03-17,,,2026-07-19 13:22:07.568581
1900,Mr. Brett Gaines,zachary42@example.net,Canada,2026-07-17,,,2026-07-19 13:22:07.569600
1901,John Graham,hnunez@example.com,,2021-02-05,Standard,18.0,2026-07-19 13:22:07.569600
1902,Brian Keller,kenneth72@example.net,Germany,2025-01-06,premium,,2026-07-19 13:22:07.569600
1903,Kelly King,harrislisa@example.org,India,2021-10-28,Standard,,2026-07-19 13:22:07.569600
1904,Dennis Mclean,johnsonjason@example.org,Canada,2025-08-23,Premium,37.0,2026-07-19 13:22:07.569600
1905,Elijah Garza,henry74@example.com,Germany,2022-08-19,Premium,,2026-07-19 13:22:07.569600
1906,Megan Hunter,david66@example.org,Germany,2025-05-14,premium,,2026-07-19 13:22:07.569600
1907,Nathan Mejia,rwright@example.net,,2025-01-30,,35.0,2026-07-19 13:22:07.569600
1908,Melissa Ortiz,brownbrian@example.org,,2024-09-29,premium,,2026-07-19 13:22:07.569600
1909,Amy Harrell,murphychristopher@example.com,UK,2024-09-15,Premium,62.0,2026-07-19 13:22:07.569600
1910,Megan Lee,eric37@example.org,,2021-05-18,Premium,,2026-07-19 13:22:07.569600
1911,Stephanie Michael,anthonychen@example.org,Canada,2021-06-29,Premium,61.0,2026-07-19 13:22:07.570989
1912,Rodney Hubbard,kimberly75@example.net,Germany,2023-06-07,,,2026-07-19 13:22:07.570989
1913,Tammy Taylor,brandydaniels@example.com,UK,2026-02-03,Premium,52.0,2026-07-19 13:22:07.570989
1914,Curtis Wallace,michaelahobbs@example.com,,2024-01-20,Premium,,2026-07-19 13:22:07.570989
1915,Taylor Roberts,williamsjose@example.net,UK,2024-07-16,,29.0,2026-07-19 13:22:07.570989
1916,Jason Medina,tammy59@example.org,Canada,2023-12-15,premium,,2026-07-19 13:22:07.570989
1917,Laura Murphy,russelljulie@example.com,Canada,2025-04-22,Premium,,2026-07-19 13:22:07.570989
1918,Roberto Kelly,tammy24@example.net,,2021-05-19,premium,30.0,2026-07-19 13:22:07.571996
1919,Joseph Barr,bradleygriffith@example.com,UK,2023-01-16,premium,69.0,2026-07-19 13:22:07.571996
1920,Zachary Harris,hillsherry@example.com,USA,2023-10-12,premium,,2026-07-19 13:22:07.571996
1921,Robert Brown,williamscheryl@example.net,Germany,2021-06-23,Standard,18.0,2026-07-19 13:22:07.571996
1922,Mrs. Elizabeth Houston PhD,kimberlyshaw@example.net,,2024-04-29,Premium,,2026-07-19 13:22:07.571996
1923,Marie Odom,elizabethpollard@example.org,USA,2023-06-15,Standard,60.0,2026-07-19 13:22:07.571996
1924,Terry King,rebecca31@example.com,Canada,2023-04-02,Standard,65.0,2026-07-19 13:22:07.571996
1925,Samuel Green,joseph91@example.org,USA,2025-02-03,Standard,,2026-07-19 13:22:07.571996
1926,Timothy Murphy,amber76@example.net,USA,2021-10-17,Premium,,2026-07-19 13:22:07.572995
1927,Gregory Baker,michele65@example.net,,2023-05-29,,,2026-07-19 13:22:07.572995
1928,Michael Buck,lanceho@example.net,,2022-10-10,Premium,,2026-07-19 13:22:07.572995
1929,Debra Rogers,wendy45@example.net,Germany,2025-01-04,Premium,,2026-07-19 13:22:07.572995
1930,Gary Braun,ljacobs@example.com,Germany,2024-07-09,Premium,64.0,2026-07-19 13:22:07.572995
1931,Samantha Smith,yvonnemclaughlin@example.com,Canada,2024-12-27,,,2026-07-19 13:22:07.572995
1932,Tracy Mathis,jenkinskatherine@example.org,India,2026-07-09,,,2026-07-19 13:22:07.572995
1933,Clinton Harding,laurenali@example.net,Canada,2021-08-12,Premium,65.0,2026-07-19 13:22:07.573995
1934,Richard Bradley,gravesricky@example.com,,2024-03-04,Premium,33.0,2026-07-19 13:22:07.573995
1935,Laurie Robertson,whatfield@example.com,USA,2024-09-13,premium,22.0,2026-07-19 13:22:07.573995
1936,John Moreno,carlsonkristin@example.com,Canada,2023-11-10,,69.0,2026-07-19 13:22:07.573995
1937,Mary Clayton,francodeborah@example.com,UK,2022-01-29,premium,34.0,2026-07-19 13:22:07.573995
1938,Laura Mitchell,sbush@example.net,Canada,2023-11-23,Standard,39.0,2026-07-19 13:22:07.574998
1939,Kendra Morgan,sarah91@example.net,India,2023-08-20,Standard,,2026-07-19 13:22:07.574998
1940,Steven Edwards,walkerkim@example.net,Canada,2023-01-16,,55.0,2026-07-19 13:22:07.574998
1941,Matthew White,kennedyamy@example.net,Canada,2021-01-31,Premium,,2026-07-19 13:22:07.574998
1942,Ariel Day,davidwashington@example.net,India,2021-07-23,Premium,68.0,2026-07-19 13:22:07.574998
1943,Joel Fox,hudsonjoshua@example.com,Canada,2021-05-24,,,2026-07-19 13:22:07.574998
1944,Mr. John Snyder,hollymcgrath@example.net,UK,2023-01-14,,22.0,2026-07-19 13:22:07.574998
1945,Harry Ryan,gpaul@example.com,,2026-03-27,Premium,,2026-07-19 13:22:07.574998
1946,Dawn Ellis,kennethbrock@example.org,Germany,2026-01-04,,32.0,2026-07-19 13:22:07.574998
1947,Susan Clark,dawn04@example.com,Germany,2024-05-24,,,2026-07-19 13:22:07.574998
1948,Robert Palmer,michelle71@example.net,UK,2023-01-28,Premium,39.0,2026-07-19 13:22:07.576353
1949,Gary Thomas,cindy19@example.com,Germany,2023-08-25,premium,55.0,2026-07-19 13:22:07.576353
1950,Jamie Maldonado,matthew96@example.org,Canada,2025-12-21,Premium,56.0,2026-07-19 13:22:07.576353
1951,Amy Duran,bridgeschristine@example.net,UK,2022-02-14,Standard,54.0,2026-07-19 13:22:07.576353
1952,Lisa Hawkins,hmartin@example.net,,2023-09-11,premium,,2026-07-19 13:22:07.576353
1953,Mark Garcia,sscott@example.com,Germany,2022-06-26,,29.0,2026-07-19 13:22:07.576353
1954,Lindsay Mccormick,seandouglas@example.org,USA,2022-01-29,Premium,21.0,2026-07-19 13:22:07.576353
1955,Joshua Johnson,ysuarez@example.net,India,2023-04-09,,,2026-07-19 13:22:07.576353
1956,Douglas Hill,denise07@example.org,India,2023-04-11,Standard,,2026-07-19 13:22:07.576353
1957,Mr. Alejandro Smith,victoria54@example.com,India,2023-03-02,premium,,2026-07-19 13:22:07.577366
1958,Lisa Vargas,isabella12@example.net,Canada,2023-08-24,Standard,21.0,2026-07-19 13:22:07.577366
1959,Cameron Park,operkins@example.net,UK,2021-12-15,Premium,,2026-07-19 13:22:07.577366
1960,Stacey Sanchez,ecollins@example.com,USA,2021-01-27,Standard,58.0,2026-07-19 13:22:07.577366
1961,Ryan Blake,deckerrebecca@example.org,Canada,2024-08-19,Standard,,2026-07-19 13:22:07.577366
1962,David Dunlap,david34@example.com,,2022-09-02,,,2026-07-19 13:22:07.577366
1963,James Moses,gbrown@example.com,UK,2023-05-17,premium,,2026-07-19 13:22:07.577366
1964,Ryan Lara,stevenwalker@example.org,Germany,2024-09-14,Standard,,2026-07-19 13:22:07.577366
1965,Adam Lee,ygross@example.net,Canada,2023-10-08,Standard,18.0,2026-07-19 13:22:07.577366
1966,Ms. Alicia Gentry,christopher20@example.org,,2025-04-04,,57.0,2026-07-19 13:22:07.578366
1967,Kyle Velazquez,pmcfarland@example.net,USA,2023-11-08,premium,,2026-07-19 13:22:07.578366
1968,Connor Hunt,dthomas@example.org,USA,2024-04-21,Standard,70.0,2026-07-19 13:22:07.578366
1969,Christopher Watson,jennifer26@example.com,India,2026-06-29,Premium,40.0,2026-07-19 13:22:07.578366
1970,Cody Torres,kimberly52@example.com,UK,2025-11-26,Standard,,2026-07-19 13:22:07.578366
1971,Michael Collins,virginia29@example.com,USA,2023-01-04,premium,20.0,2026-07-19 13:22:07.578366
1972,Kristina Torres,alexis64@example.com,USA,2025-06-09,premium,29.0,2026-07-19 13:22:07.578366
1973,Jessica Griffith,veronica36@example.net,India,2022-07-08,Standard,39.0,2026-07-19 13:22:07.578366
1974,Mary White,wjoseph@example.org,USA,2025-06-13,Premium,,2026-07-19 13:22:07.578366
1975,Crystal Wilson,hamiltontroy@example.org,Canada,2026-06-07,Standard,42.0,2026-07-19 13:22:07.578366
1976,Mary Maldonado,rachel43@example.net,India,2021-04-19,Standard,,2026-07-19 13:22:07.579397
1977,Beth Wang,uthomas@example.org,USA,2024-06-22,premium,60.0,2026-07-19 13:22:07.579397
1978,Jacqueline Cox,ericoconnell@example.com,UK,2022-01-25,,63.0,2026-07-19 13:22:07.579397
1979,Brandon Ross DDS,adamsmisty@example.net,Canada,2025-09-27,Standard,68.0,2026-07-19 13:22:07.579808
1980,Melissa Lopez,tsmith@example.org,USA,2023-07-25,,,2026-07-19 13:22:07.579808
1981,Sharon Stephenson,kelli85@example.com,India,2023-03-10,,58.0,2026-07-19 13:22:07.579808
1982,Katrina Waters,gregorysimmons@example.org,Canada,2022-04-09,Standard,,2026-07-19 13:22:07.579808
1983,Jennifer Smith MD,nicholebell@example.com,USA,2024-09-16,Standard,,2026-07-19 13:22:07.580311
1984,Jimmy Richardson,ellischarles@example.org,USA,2021-10-10,,31.0,2026-07-19 13:22:07.580311
1985,Kathleen Henderson,mking@example.org,Germany,2022-02-11,Premium,,2026-07-19 13:22:07.580311
1986,Andrea Frye,zalexander@example.org,,2022-05-03,premium,,2026-07-19 13:22:07.580311
1987,Paula Ibarra,james26@example.net,USA,2024-09-28,premium,,2026-07-19 13:22:07.580845
1988,David Pearson,oscott@example.net,,2021-03-10,,,2026-07-19 13:22:07.580845
1989,Scott Wallace,andrewberry@example.org,UK,2024-04-19,Premium,31.0,2026-07-19 13:22:07.580845
1990,Joseph Hernandez,oliverlindsey@example.com,USA,2024-01-06,Standard,43.0,2026-07-19 13:22:07.580845
1991,Clifford Morgan,lsingh@example.net,India,2024-03-01,,54.0,2026-07-19 13:22:07.580845
1992,Stephanie Giles,harveychristopher@example.org,India,2025-02-13,Premium,26.0,2026-07-19 13:22:07.581385
1993,Veronica Thomas,rodriguezchristian@example.com,India,2024-01-21,premium,32.0,2026-07-19 13:22:07.581385
1994,Summer Sandoval,scottglover@example.net,Germany,2023-09-04,premium,,2026-07-19 13:22:07.581385
1995,Scott Torres,ijones@example.com,Germany,2024-02-15,,,2026-07-19 13:22:07.582007
1996,John Taylor,erik53@example.org,India,2025-01-06,,19.0,2026-07-19 13:22:07.582007
1997,Dean Hernandez,hendersonpamela@example.org,Germany,2025-03-28,premium,59.0,2026-07-19 13:22:07.582007
1998,Richard Gray,calvin68@example.net,India,2021-06-29,Premium,36.0,2026-07-19 13:22:07.582007
1999,Patricia Harmon,dawsonthomas@example.net,India,2021-05-09,Standard,24.0,2026-07-19 13:22:07.582531
2000,Reginald Stewart,bakerbrandi@example.com,Canada,2024-07-12,Premium,52.0,2026-07-19 13:22:07.582531
2001,Donna Turner,maurice44@example.org,India,2025-06-12,premium,,2026-07-19 13:22:07.582531
2002,Debra Jones,hhorn@example.com,,2021-12-22,premium,30.0,2026-07-19 13:22:07.583272
2003,Justin Gardner,donna62@example.com,,2022-05-26,premium,,2026-07-19 13:22:07.583272
2004,Andrea Heath,jenniferperez@example.com,India,2021-12-08,premium,,2026-07-19 13:22:07.583272
2005,Charles Molina,erinjohnson@example.com,Germany,2021-12-09,Premium,48.0,2026-07-19 13:22:07.583272
2006,Maurice Thomas,stacyrodriguez@example.com,Germany,2025-04-09,Standard,64.0,2026-07-19 13:22:07.583792
2007,Jeremy Kelly,katherine88@example.com,Germany,2025-03-28,,,2026-07-19 13:22:07.583792
2008,Michael Novak,dhudson@example.net,India,2022-02-09,Premium,38.0,2026-07-19 13:22:07.583792
2009,Adam Warren,robin23@example.net,Germany,2022-03-25,,,2026-07-19 13:22:07.583792
2010,Justin Walker,pattersonsarah@example.net,Germany,2021-10-07,Premium,41.0,2026-07-19 13:22:07.584361
2011,Janice Warren,martinezheather@example.net,UK,2021-08-25,Standard,37.0,2026-07-19 13:22:07.584361
2012,Brandy Mcpherson,carterdanielle@example.com,Germany,2022-01-02,premium,39.0,2026-07-19 13:22:07.584361
2013,Andrew Jones,laura44@example.com,Germany,2024-02-29,,,2026-07-19 13:22:07.584361
2014,Samuel Chambers,emily76@example.org,India,2023-04-04,Premium,54.0,2026-07-19 13:22:07.584361
2015,Ashlee Ramirez,ffisher@example.org,USA,2025-09-08,premium,,2026-07-19 13:22:07.584880
2016,Darlene Floyd,lorraine93@example.com,Germany,2025-05-27,,,2026-07-19 13:22:07.584880
2017,Eric Padilla,muellerkathy@example.com,USA,2023-11-20,Premium,,2026-07-19 13:22:07.584880
2018,Samantha Jones,melissa63@example.com,,2021-07-13,premium,23.0,2026-07-19 13:22:07.584880
2019,Joseph Roberts,amber36@example.com,Canada,2022-10-06,Standard,,2026-07-19 13:22:07.584880
2020,Alyssa Chavez,brownmelissa@example.net,Canada,2025-07-02,Standard,,2026-07-19 13:22:07.585438
2021,Charles Johns,iwong@example.net,India,2025-05-24,Standard,36.0,2026-07-19 13:22:07.585438
2022,Cody Dixon,qthomas@example.com,Germany,2026-03-24,premium,51.0,2026-07-19 13:22:07.585438
2023,Alan Kennedy,joanne73@example.net,USA,2024-09-18,,43.0,2026-07-19 13:22:07.585438
2024,Daniel Ryan,awilliams@example.org,Canada,2025-10-28,,48.0,2026-07-19 13:22:07.585438
2025,Jaime Ashley,juan60@example.com,Germany,2021-03-11,Standard,26.0,2026-07-19 13:22:07.586061
2026,Erik White,sheryl62@example.net,India,2024-02-15,,,2026-07-19 13:22:07.586061
2027,Jennifer Griffith,davisangela@example.com,UK,2025-05-30,,35.0,2026-07-19 13:22:07.586061
2028,Laura Campos,seanharrison@example.com,Canada,2025-09-30,,,2026-07-19 13:22:07.586061
2029,Lisa Martinez,jessicaharrell@example.net,UK,2022-01-08,Standard,,2026-07-19 13:22:07.586574
2030,George Novak,jeanetterodriguez@example.com,UK,2021-08-14,,,2026-07-19 13:22:07.586574
2031,Albert Anderson,qhall@example.net,UK,2026-04-30,Premium,,2026-07-19 13:22:07.586574
2032,Richard Cisneros,gary23@example.net,India,2022-08-15,premium,43.0,2026-07-19 13:22:07.586574
2033,Stephanie Callahan,lawrence03@example.org,Germany,2025-02-24,Standard,,2026-07-19 13:22:07.586574
2034,Carl Powell,acostalisa@example.com,Germany,2024-05-23,Standard,62.0,2026-07-19 13:22:07.587091
2035,Christina Hawkins,rosssherry@example.net,Germany,2022-08-19,Premium,33.0,2026-07-19 13:22:07.587091
2036,Phillip Garcia,longmaria@example.net,India,2021-08-07,premium,60.0,2026-07-19 13:22:07.587091
2037,Michael Camacho,timothy14@example.net,,2022-06-23,Standard,,2026-07-19 13:22:07.587600
2038,Thomas Watson,bartongeorge@example.com,UK,2025-11-13,premium,22.0,2026-07-19 13:22:07.587600
2039,Phyllis Sullivan,calvinwhite@example.com,UK,2022-04-02,premium,,2026-07-19 13:22:07.587600
2040,Patrick Luna,melissamiller@example.org,USA,2025-02-17,Standard,50.0,2026-07-19 13:22:07.587600
2041,William Mcclure,irodriguez@example.net,Germany,2026-05-26,Premium,,2026-07-19 13:22:07.588118
2042,Thomas Flores,scott26@example.com,Germany,2024-08-15,,,2026-07-19 13:22:07.588118
2043,Benjamin Andrews,greerpaul@example.org,Canada,2026-06-28,premium,25.0,2026-07-19 13:22:07.588118
2044,Hannah Williams,nlee@example.net,India,2022-10-16,,,2026-07-19 13:22:07.588118
2045,Kevin Perkins,rhart@example.com,Canada,2026-01-31,Standard,,2026-07-19 13:22:07.588629
2046,Calvin Mason,malonelauren@example.net,USA,2023-11-28,premium,28.0,2026-07-19 13:22:07.588629
2047,Shannon Williams,cathy80@example.com,Canada,2023-02-22,Premium,,2026-07-19 13:22:07.588629
2048,Autumn Ortiz,pamela57@example.net,Canada,2023-07-21,,28.0,2026-07-19 13:22:07.588629
2049,Roger Lang,pbanks@example.org,,2022-04-08,Premium,,2026-07-19 13:22:07.589158
2050,Michael Anderson,petersenshawn@example.net,USA,2024-01-29,premium,29.0,2026-07-19 13:22:07.589158
2051,David Bennett,brianna15@example.com,,2026-05-10,Standard,46.0,2026-07-19 13:22:07.589158
2052,Renee Marshall,hortonandrea@example.org,,2021-12-31,Premium,,2026-07-19 13:22:07.589158
2053,Tanya Jordan,laurenbuckley@example.com,Germany,2026-04-03,Premium,,2026-07-19 13:22:07.589158
2054,Eric Pollard,hhughes@example.com,USA,2021-05-04,Standard,41.0,2026-07-19 13:22:07.589716
2055,Christopher Fletcher,sthompson@example.org,USA,2026-01-13,Premium,44.0,2026-07-19 13:22:07.589716
2056,John Le,perezdonald@example.org,Canada,2024-08-28,Standard,61.0,2026-07-19 13:22:07.589716
2057,William Aguilar,phale@example.com,USA,2021-03-04,Premium,69.0,2026-07-19 13:22:07.589716
2058,Willie Jenkins,christopherhubbard@example.com,,2025-08-11,Premium,44.0,2026-07-19 13:22:07.590260
2059,Ronald Lynch,gutierrezlinda@example.com,India,2024-09-27,Standard,57.0,2026-07-19 13:22:07.590260
2060,Amy Hawkins,harrisstephen@example.org,UK,2024-05-01,,25.0,2026-07-19 13:22:07.590260
2061,Darius Cervantes,tcraig@example.com,USA,2025-12-15,premium,38.0,2026-07-19 13:22:07.590260
2062,Stephanie Livingston,meyertammy@example.com,Canada,2024-04-17,premium,,2026-07-19 13:22:07.590813
2063,Rick Bryan,samanthaacosta@example.org,USA,2023-12-23,Standard,,2026-07-19 13:22:07.590813
2064,Dr. Erika Carter DDS,eddie07@example.net,,2023-01-19,premium,20.0,2026-07-19 13:22:07.590813
2065,Eric Hughes,whitetiffany@example.net,USA,2024-03-30,premium,,2026-07-19 13:22:07.590813
2066,Kenneth Torres,herreraerika@example.net,Canada,2022-07-21,Standard,34.0,2026-07-19 13:22:07.591371
2067,Roberto Duncan,jennifer96@example.com,UK,2024-09-23,,61.0,2026-07-19 13:22:07.591371
2068,Dennis Hall,mhuynh@example.com,India,2025-07-25,premium,,2026-07-19 13:22:07.591371
2069,Emily Cook,browntyler@example.net,Canada,2024-09-01,Premium,,2026-07-19 13:22:07.591371
2070,Renee Stevens,kleonard@example.org,Germany,2023-09-07,Standard,50.0,2026-07-19 13:22:07.591371
2071,Charles Mendez,caroline62@example.com,USA,2026-06-06,Premium,37.0,2026-07-19 13:22:07.591916
2072,Jeffrey Johnson,kaitlynbrown@example.net,,2024-02-23,Standard,57.0,2026-07-19 13:22:07.591916
2073,Erika Marshall,evansdarren@example.org,Canada,2025-10-11,premium,,2026-07-19 13:22:07.591916
2074,Karina Mcgrath,kristenchapman@example.net,USA,2025-09-12,,31.0,2026-07-19 13:22:07.591916
2075,Jason Gutierrez,raydarlene@example.org,USA,2021-05-15,,,2026-07-19 13:22:07.591916
2076,Erica Pearson,nancy65@example.com,USA,2024-12-27,premium,59.0,2026-07-19 13:22:07.592486
2077,Rebecca Garcia,tfrank@example.com,UK,2022-02-09,,,2026-07-19 13:22:07.592486
2078,Gregory Zhang,mcbridejoyce@example.com,Canada,2025-04-06,premium,39.0,2026-07-19 13:22:07.592486
2079,Sherry Hughes,umiller@example.org,USA,2023-07-11,Premium,60.0,2026-07-19 13:22:07.592486
2080,Hannah Terry,perkinsbrandi@example.com,,2022-08-24,Standard,,2026-07-19 13:22:07.593038
2081,Michelle Ross,coreyhall@example.org,UK,2024-09-29,Standard,46.0,2026-07-19 13:22:07.593038
2082,Christopher Daniels,pcastaneda@example.org,Canada,2021-09-02,,22.0,2026-07-19 13:22:07.593038
2083,Eddie Wolf,caseypamela@example.net,Canada,2022-12-28,Standard,31.0,2026-07-19 13:22:07.593038
2084,Timothy Cruz,haleadam@example.net,Canada,2025-07-29,Standard,33.0,2026-07-19 13:22:07.593038
2085,Jason Day,david20@example.net,Germany,2022-06-26,,37.0,2026-07-19 13:22:07.593589
2086,Shelly Terry,flemingkristine@example.net,,2025-06-10,Standard,45.0,2026-07-19 13:22:07.593589
2087,Cassandra Le,michael79@example.net,UK,2025-02-25,premium,,2026-07-19 13:22:07.593589
2088,Ms. Stephanie Newton,cwalls@example.org,,2025-06-02,premium,,2026-07-19 13:22:07.593589
2089,Adam Armstrong,laura38@example.net,Canada,2021-03-20,premium,,2026-07-19 13:22:07.593589
2090,Karen Green,patricia03@example.com,USA,2023-11-28,,,2026-07-19 13:22:07.594158
2091,Gregory Smith,idavis@example.com,USA,2021-12-14,,,2026-07-19 13:22:07.594158
2092,David West,youngthomas@example.net,Germany,2021-10-04,Premium,,2026-07-19 13:22:07.594158
2093,Renee Bishop,kimberlyhernandez@example.org,UK,2023-07-15,Standard,53.0,2026-07-19 13:22:07.594678
2094,Breanna Howard,dawsonjodi@example.net,India,2024-05-31,,,2026-07-19 13:22:07.594678
2095,Kayla Steele,wgonzalez@example.com,India,2024-06-11,,,2026-07-19 13:22:07.594678
2096,Tara Boyd,ray87@example.org,USA,2022-07-16,,30.0,2026-07-19 13:22:07.594678
2097,Phillip Maldonado,andrew19@example.net,USA,2026-07-11,Premium,,2026-07-19 13:22:07.595196
2098,Loretta Morris,nicole82@example.org,Germany,2024-04-12,,,2026-07-19 13:22:07.595196
2099,Jonathan Ware,gavinbowman@example.com,Germany,2023-10-21,premium,59.0,2026-07-19 13:22:07.595196
2100,Ann Brown,carterjacob@example.net,Germany,2021-08-02,Premium,,2026-07-19 13:22:07.595718
2101,Taylor Bates,jonathan95@example.org,UK,2025-08-21,Standard,,2026-07-19 13:22:07.595718
2102,Sandra Wells,greggschroeder@example.net,India,2022-03-23,premium,,2026-07-19 13:22:07.595718
2103,Christina Smith,carlossmith@example.com,,2022-09-08,premium,62.0,2026-07-19 13:22:07.595718
2104,Elizabeth Torres,stevensthomas@example.net,,2024-05-21,,65.0,2026-07-19 13:22:07.596315
2105,Andrew Horn,alexander41@example.net,USA,2023-11-14,Premium,,2026-07-19 13:22:07.596315
2106,Brandi Jennings,williamdiaz@example.org,,2022-08-02,Premium,62.0,2026-07-19 13:22:07.596315
2107,Daniel Jackson,ernestlane@example.com,India,2023-02-26,,61.0,2026-07-19 13:22:07.596837
2108,Shawn Cook MD,vargasjoseph@example.com,India,2025-02-28,Standard,18.0,2026-07-19 13:22:07.596837
2109,Steve Mcguire,jsnow@example.com,Canada,2022-12-08,,43.0,2026-07-19 13:22:07.596837
2110,Dana Pacheco,murphyallison@example.org,UK,2021-06-12,Standard,45.0,2026-07-19 13:22:07.596837
2111,Edward Page,william70@example.org,Germany,2025-02-17,premium,,2026-07-19 13:22:07.597362
2112,Alexander Morse,leonardherrera@example.net,UK,2024-10-27,,66.0,2026-07-19 13:22:07.597362
2113,Terri Orozco,kirbybonnie@example.org,Canada,2022-12-25,premium,70.0,2026-07-19 13:22:07.597362
2114,Angela Snyder,patricia60@example.net,India,2022-05-08,Standard,,2026-07-19 13:22:07.597362
2115,Cody Lewis,cherylflores@example.org,,2024-10-27,Premium,,2026-07-19 13:22:07.597891
2116,Stephanie Massey,mwashington@example.com,Canada,2026-01-02,Premium,,2026-07-19 13:22:07.597891
2117,Roberto Thomas,hudsonjames@example.net,UK,2024-03-18,premium,,2026-07-19 13:22:07.597891
2118,Patrick Andrews,adrian44@example.com,USA,2025-07-23,premium,29.0,2026-07-19 13:22:07.597891
2119,Tiffany Smith,gregory92@example.org,USA,2023-10-27,Standard,50.0,2026-07-19 13:22:07.598483
2120,Kevin Olson,alexanderkaiser@example.org,Germany,2023-05-15,Standard,29.0,2026-07-19 13:22:07.598483
2121,Monica Perry,wthomas@example.net,Canada,2022-05-06,Standard,69.0,2026-07-19 13:22:07.598483
2122,Courtney Francis,markperez@example.org,India,2021-06-28,,46.0,2026-07-19 13:22:07.598483
2123,Carrie Nguyen,martinezashley@example.net,,2025-08-13,Premium,36.0,2026-07-19 13:22:07.599000
2124,Patrick Hahn,austinhartman@example.com,Germany,2025-11-06,premium,,2026-07-19 13:22:07.599000
2125,Steven Caldwell,lawrenceholt@example.org,Canada,2023-04-07,Standard,,2026-07-19 13:22:07.599000
2126,Joseph Anderson,nkelly@example.org,,2022-04-14,Premium,18.0,2026-07-19 13:22:07.599560
2127,Charles Larson,kentmark@example.org,India,2022-05-02,Premium,60.0,2026-07-19 13:22:07.599560
2128,Kristy Jordan,karen68@example.net,Canada,2025-05-13,Premium,,2026-07-19 13:22:07.599560
2129,Kaitlyn Guerra,sarah83@example.net,Germany,2023-11-23,premium,,2026-07-19 13:22:07.599560
2130,Amanda Smith MD,amandahowe@example.org,India,2024-06-20,premium,38.0,2026-07-19 13:22:07.600086
2131,Katie Lee,brent06@example.com,India,2022-10-26,,42.0,2026-07-19 13:22:07.600086
2132,Robert Martin,msmith@example.net,India,2021-08-26,premium,69.0,2026-07-19 13:22:07.600086
2133,Janet Jones,sierraduran@example.com,Canada,2023-12-27,,64.0,2026-07-19 13:22:07.600086
2134,Daniel Wagner,irich@example.org,Canada,2023-03-05,Premium,,2026-07-19 13:22:07.600086
2135,Tammy Edwards,taylorzachary@example.org,,2022-05-03,Standard,,2026-07-19 13:22:07.600710
2136,Nicole Salinas,danielcallahan@example.org,UK,2022-09-13,,,2026-07-19 13:22:07.600710
2137,Amber Clark,isaac59@example.net,,2025-06-30,Premium,,2026-07-19 13:22:07.600710
2138,William Ferguson,andrearandolph@example.org,Canada,2022-12-30,premium,,2026-07-19 13:22:07.600710
2139,Matthew Coleman,james60@example.com,,2024-01-22,Standard,,2026-07-19 13:22:07.600710
2140,Elizabeth Davis,sharon40@example.com,Germany,2022-05-28,Premium,,2026-07-19 13:22:07.601334
2141,Andrew Porter,vwalton@example.org,Germany,2022-11-09,Premium,,2026-07-19 13:22:07.601334
2142,David Chase,calvinvalentine@example.com,India,2023-02-22,Standard,63.0,2026-07-19 13:22:07.601334
2143,Jesse Johnston,dcarey@example.org,UK,2021-08-20,Premium,,2026-07-19 13:22:07.601334
2144,Denise Hampton,christopherpark@example.net,Canada,2024-11-09,,,2026-07-19 13:22:07.601935
2145,Miranda Wall,tgibson@example.org,Canada,2023-11-05,Standard,33.0,2026-07-19 13:22:07.601935
2146,Colleen Brown,tyler13@example.org,USA,2022-04-29,Premium,,2026-07-19 13:22:07.601935
2147,Kaitlyn Holt,ovelasquez@example.org,,2026-05-21,Standard,,2026-07-19 13:22:07.601935
2148,Jerry Glass MD,keith47@example.net,India,2025-04-24,premium,,2026-07-19 13:22:07.602488
2149,Veronica Sutton,sarahholt@example.net,,2025-11-09,Standard,,2026-07-19 13:22:07.602488
2150,Amanda Nelson,jennifermann@example.net,Canada,2022-02-01,premium,32.0,2026-07-19 13:22:07.602488
2151,Wendy Thompson,denise00@example.com,,2024-08-16,,,2026-07-19 13:22:07.602488
2152,Melissa Burns,umendoza@example.org,,2022-12-12,,69.0,2026-07-19 13:22:07.603216
2153,Jordan Mason,ojohnston@example.com,USA,2025-02-04,Premium,36.0,2026-07-19 13:22:07.603216
2154,Raymond Taylor,susan42@example.net,Canada,2026-01-18,premium,65.0,2026-07-19 13:22:07.603216
2155,Rebekah Jones,dustin01@example.com,,2021-04-07,Premium,,2026-07-19 13:22:07.603216
2156,Maria Jackson,xwilliams@example.net,USA,2021-10-06,premium,42.0,2026-07-19 13:22:07.603216
2157,Kimberly Baker,collinslaura@example.net,India,2026-03-15,Standard,,2026-07-19 13:22:07.603781
2158,Matthew Shelton,christinalittle@example.net,India,2022-03-23,premium,69.0,2026-07-19 13:22:07.603781
2159,Melissa Watts,vbecker@example.org,UK,2022-10-29,Standard,,2026-07-19 13:22:07.603781
2160,Margaret Blackwell,xcampbell@example.com,Canada,2023-07-13,,38.0,2026-07-19 13:22:07.604330
2161,Ryan Sandoval,christinabright@example.com,India,2021-11-08,Standard,,2026-07-19 13:22:07.604330
2162,Martha Wilson,jwood@example.net,USA,2023-03-06,premium,27.0,2026-07-19 13:22:07.604330
2163,Amanda Hunter,tiffany97@example.org,UK,2024-10-02,premium,50.0,2026-07-19 13:22:07.604330
2164,David David,hhowell@example.net,India,2021-10-17,,58.0,2026-07-19 13:22:07.604330
2165,Mr. Logan Peterson,heatherneal@example.com,Germany,2024-11-30,,,2026-07-19 13:22:07.604878
2166,Kimberly Davis,nguyenjaime@example.org,USA,2021-11-27,Standard,64.0,2026-07-19 13:22:07.604878
2167,Stacey Hamilton,vanessafrank@example.com,,2022-06-04,Premium,67.0,2026-07-19 13:22:07.604878
2168,Ana Edwards,roachamy@example.net,Germany,2022-06-21,,37.0,2026-07-19 13:22:07.604878
2169,Kathleen Morris,bradley94@example.org,Canada,2023-06-23,,,2026-07-19 13:22:07.604878
2170,Sherry Davis,williambrown@example.net,,2023-11-23,premium,,2026-07-19 13:22:07.604878
2171,Susan Camacho,hawkinslisa@example.org,Germany,2026-02-22,premium,36.0,2026-07-19 13:22:07.604878
2172,Jonathan Acevedo,ojones@example.org,,2021-09-30,,24.0,2026-07-19 13:22:07.604878
2173,Kayla Ellis,hbuck@example.net,India,2022-05-01,Premium,,2026-07-19 13:22:07.605910
2174,David Knight,oholmes@example.org,Germany,2022-11-17,Standard,54.0,2026-07-19 13:22:07.605910
2175,Megan Collins,imacdonald@example.com,Germany,2022-08-24,,36.0,2026-07-19 13:22:07.605910
2176,Joy Ward,jason26@example.com,USA,2025-04-29,Standard,65.0,2026-07-19 13:22:07.605910
2177,Cody Williams,ehendricks@example.org,India,2022-06-24,Premium,61.0,2026-07-19 13:22:07.605910
2178,Frank Osborne,bowmanrobin@example.com,Germany,2021-03-21,,61.0,2026-07-19 13:22:07.605910
2179,Mr. Vincent Robles,hopkinskelly@example.com,Canada,2026-01-04,premium,48.0,2026-07-19 13:22:07.605910
2180,Christine Pittman,williamsgina@example.net,Canada,2025-11-21,premium,,2026-07-19 13:22:07.606906
2181,Alexandria Mclaughlin,patrick79@example.com,USA,2023-01-12,,33.0,2026-07-19 13:22:07.606906
2182,Mary Wright,goodwinmatthew@example.net,Canada,2025-03-13,,,2026-07-19 13:22:07.606906
2183,Carlos Mullen,faulknersteven@example.net,,2023-03-17,Standard,,2026-07-19 13:22:07.606906
2184,Megan Leon,zacharyperkins@example.net,,2022-02-02,Premium,,2026-07-19 13:22:07.606906
2185,Anthony Cross,lwilliams@example.net,,2024-05-28,premium,,2026-07-19 13:22:07.606906
2186,Daniel Coleman,riosbrian@example.org,India,2026-06-26,Premium,25.0,2026-07-19 13:22:07.606906
2187,Paul Lewis,smeyers@example.org,Canada,2023-10-22,Standard,,2026-07-19 13:22:07.606906
2188,Paul Johnson,melissa69@example.net,India,2022-08-29,Premium,68.0,2026-07-19 13:22:07.607918
2189,Drew Ortiz,tbrown@example.org,Germany,2023-11-01,,37.0,2026-07-19 13:22:07.607918
2190,Kristina Clark,pramirez@example.com,Canada,2024-09-21,Premium,63.0,2026-07-19 13:22:07.607918
2191,Madison Kramer,austin65@example.com,Germany,2021-12-28,Premium,,2026-07-19 13:22:07.607918
2192,Mary Gardner,jasmine30@example.org,Canada,2023-08-22,Premium,66.0,2026-07-19 13:22:07.607918
2193,Kristy Gibson,michael95@example.net,,2021-07-07,Premium,29.0,2026-07-19 13:22:07.607918
2194,Melanie Morgan,carlsonphilip@example.com,Canada,2023-06-09,,,2026-07-19 13:22:07.607918
2195,Kimberly Miller,inicholson@example.net,Canada,2026-04-30,Standard,54.0,2026-07-19 13:22:07.607918
2196,Bobby Tran,angelahardy@example.org,,2025-08-23,Premium,,2026-07-19 13:22:07.607918
2197,Gerald Moore,manuel14@example.org,Canada,2026-01-27,Premium,,2026-07-19 13:22:07.608912
2198,Kristin Cooper,melissavargas@example.org,India,2021-02-17,Standard,45.0,2026-07-19 13:22:07.608912
2199,Peter Hardy,daniel10@example.net,USA,2024-11-11,Premium,,2026-07-19 13:22:07.608912
2200,Christopher Shepherd,ericksonvictoria@example.net,,2023-07-22,,,2026-07-19 13:22:07.608912
2201,Patrick Alvarado,murrayregina@example.net,,2024-10-17,premium,56.0,2026-07-19 13:22:07.608912
2202,Robert Dominguez,misty16@example.com,,2025-12-29,Premium,33.0,2026-07-19 13:22:07.608912
2203,Cole Martinez,elizabeth08@example.org,USA,2025-10-02,premium,31.0,2026-07-19 13:22:07.608912
2204,Katherine Fletcher,cranemichael@example.net,UK,2023-06-15,Standard,,2026-07-19 13:22:07.608912
2205,David Cortez,brandoncole@example.com,India,2025-10-29,,,2026-07-19 13:22:07.609907
2206,Matthew Gibbs,flam@example.net,India,2024-05-29,Standard,,2026-07-19 13:22:07.609907
2207,Teresa Smith,andrew09@example.com,Canada,2021-04-02,premium,,2026-07-19 13:22:07.609907
2208,Richard Nichols,jennifer56@example.com,,2025-09-29,Standard,,2026-07-19 13:22:07.609907
2209,Brian Brown,smithnicole@example.org,,2022-08-22,Standard,,2026-07-19 13:22:07.609907
2210,Cindy Jackson,josephtran@example.org,UK,2022-11-11,Standard,44.0,2026-07-19 13:22:07.609907
2211,Rebecca Wade,lynnfaulkner@example.org,India,2022-02-17,,42.0,2026-07-19 13:22:07.609907
2212,Martin Rojas,mjacobs@example.com,UK,2025-02-28,Premium,35.0,2026-07-19 13:22:07.609907
2213,Thomas Franco,maxwell25@example.org,UK,2025-12-06,,,2026-07-19 13:22:07.609907
2214,Cynthia Elliott,ffernandez@example.org,,2026-01-18,premium,,2026-07-19 13:22:07.610909
2215,Joann Taylor,jasonbird@example.org,USA,2021-09-04,Standard,35.0,2026-07-19 13:22:07.610909
2216,Erica Alexander,margaret78@example.com,Canada,2024-06-07,Standard,42.0,2026-07-19 13:22:07.610909
2217,Angela Davis,denisegriffin@example.com,Canada,2025-07-25,premium,,2026-07-19 13:22:07.610909
2218,Erin Perry,robertwhite@example.org,Canada,2023-08-01,premium,,2026-07-19 13:22:07.610909
2219,Anna Williams,dgreen@example.com,UK,2025-01-10,Premium,21.0,2026-07-19 13:22:07.610909
2220,Jennifer Chambers,iriley@example.net,India,2021-03-29,,,2026-07-19 13:22:07.610909
2221,Chris Davidson,bcarlson@example.com,,2022-09-30,,48.0,2026-07-19 13:22:07.611892
2222,Rachel Martinez,jonathonmanning@example.com,India,2026-06-30,Standard,60.0,2026-07-19 13:22:07.611892
2223,Sandra Roberson,wdickson@example.net,USA,2024-06-04,premium,,2026-07-19 13:22:07.611892
2224,Thomas Dominguez,qmontgomery@example.com,,2022-03-10,Standard,,2026-07-19 13:22:07.611892
2225,Julie Johnson,michelle73@example.net,,2023-12-25,Standard,,2026-07-19 13:22:07.611892
2226,Christine Shields,tylerjeffrey@example.net,Germany,2023-09-25,premium,,2026-07-19 13:22:07.611892
2227,Taylor Alvarez,hobbsjamie@example.org,UK,2021-04-08,Standard,37.0,2026-07-19 13:22:07.611892
2228,Dwayne Patel,nicholas64@example.com,India,2024-04-08,premium,23.0,2026-07-19 13:22:07.612891
2229,Michael Black,hgarcia@example.net,Canada,2022-06-16,Standard,23.0,2026-07-19 13:22:07.612891
2230,Jonathan Lucero,danielrobinson@example.net,UK,2026-03-24,Premium,,2026-07-19 13:22:07.612891
2231,Richard Johnson,harrisdonald@example.net,UK,2021-05-03,,69.0,2026-07-19 13:22:07.612891
2232,Christopher Santos,amacias@example.org,Germany,2022-10-02,Standard,,2026-07-19 13:22:07.612891
2233,Michael Washington,martha06@example.com,UK,2022-09-15,Premium,43.0,2026-07-19 13:22:07.613892
2234,Dr. Matthew Thompson,shawanthony@example.com,UK,2025-06-25,Premium,,2026-07-19 13:22:07.613892
2235,Susan Fletcher,anthony68@example.org,,2023-07-21,premium,33.0,2026-07-19 13:22:07.613892
2236,Brett James,james46@example.net,UK,2024-01-13,Standard,61.0,2026-07-19 13:22:07.613892
2237,Beverly Campbell,bryanmyers@example.com,USA,2026-02-16,premium,,2026-07-19 13:22:07.613892
2238,Thomas Kennedy,daviserin@example.net,Canada,2024-03-06,,42.0,2026-07-19 13:22:07.613892
2239,Lisa Holland,eanderson@example.org,India,2021-02-09,Premium,39.0,2026-07-19 13:22:07.613892
2240,Jennifer Pace,cantrellkevin@example.org,UK,2021-10-11,Premium,,2026-07-19 13:22:07.615313
2241,John Meyer,christopher12@example.org,Germany,2024-11-25,premium,31.0,2026-07-19 13:22:07.615313
2242,Jerry Lee MD,victoria55@example.org,,2023-01-04,,,2026-07-19 13:22:07.615313
2243,Anne Fitzpatrick,fhughes@example.com,,2023-08-29,Premium,,2026-07-19 13:22:07.615313
2244,Laura Chavez,brianross@example.net,Canada,2024-07-21,Premium,,2026-07-19 13:22:07.615313
2245,Deborah Williams,charlesarroyo@example.com,India,2024-11-15,premium,24.0,2026-07-19 13:22:07.615313
2246,Anthony Moore,ylam@example.org,India,2021-07-22,Standard,,2026-07-19 13:22:07.615313
2247,Shari Mclean,rlewis@example.net,Canada,2025-12-24,,49.0,2026-07-19 13:22:07.615313
2248,Johnathan Gill,davisdavid@example.com,Canada,2023-08-01,Standard,44.0,2026-07-19 13:22:07.616326
2249,Adrian Matthews,palmerrobert@example.com,Germany,2026-07-05,Standard,,2026-07-19 13:22:07.616326
2250,Andrew Parker,ricky89@example.org,USA,2023-11-29,,,2026-07-19 13:22:07.616326
2251,Rebecca Hawkins,joshua80@example.com,India,2024-02-23,Standard,,2026-07-19 13:22:07.616326
2252,Thomas Collins,brittany26@example.org,Canada,2024-02-02,,28.0,2026-07-19 13:22:07.616326
2253,Alyssa Lozano,tfrost@example.com,India,2022-05-11,,,2026-07-19 13:22:07.616326
2254,Matthew Miller,mcculloughroy@example.net,,2025-06-08,Premium,,2026-07-19 13:22:07.616326
2255,Mark Escobar DDS,hannah18@example.com,Canada,2025-10-19,,,2026-07-19 13:22:07.616326
2256,Rhonda Reynolds,jsanchez@example.org,Canada,2025-08-25,Standard,,2026-07-19 13:22:07.617343
2257,John Buchanan,kelseyosborn@example.org,Canada,2024-03-09,,,2026-07-19 13:22:07.617343
2258,Paula Sanchez,justinramos@example.com,,2022-07-18,Standard,,2026-07-19 13:22:07.617343
2259,Alison Swanson,rwallace@example.com,UK,2022-06-24,,26.0,2026-07-19 13:22:07.617343
2260,Charlotte Bryan,millerdennis@example.org,Canada,2022-02-07,Premium,26.0,2026-07-19 13:22:07.617343
2261,Kristy Jensen,christophersmith@example.com,India,2023-09-29,Premium,67.0,2026-07-19 13:22:07.617343
2262,Stephen Tate,bernardcarmen@example.com,Canada,2022-09-29,premium,45.0,2026-07-19 13:22:07.617343
2263,Debra York,jefferyanderson@example.org,Germany,2023-11-09,premium,,2026-07-19 13:22:07.617343
2264,Wendy Dickson,shanefrazier@example.com,Canada,2022-04-13,,33.0,2026-07-19 13:22:07.618342
2265,Justin Young,tblake@example.net,,2023-09-06,Standard,,2026-07-19 13:22:07.618342
2266,Daniel Jones,fgrant@example.net,Canada,2021-09-14,premium,62.0,2026-07-19 13:22:07.618342
2267,Loretta Moore,onichols@example.org,,2021-12-12,,,2026-07-19 13:22:07.618342
2268,Shelia Porter,gregory76@example.com,,2022-02-27,Premium,62.0,2026-07-19 13:22:07.618342
2269,Jennifer Rodriguez,careymichelle@example.com,USA,2021-10-03,Standard,32.0,2026-07-19 13:22:07.618342
2270,Patty Jones,brownkelly@example.net,USA,2024-04-19,Premium,35.0,2026-07-19 13:22:07.618342
2271,Mark Mendez,stacy68@example.org,USA,2024-02-27,Premium,57.0,2026-07-19 13:22:07.618342
2272,Michael Powers,lbenjamin@example.net,Canada,2021-09-13,Premium,,2026-07-19 13:22:07.618342
2273,Thomas Nelson,howardscott@example.org,UK,2024-10-30,Standard,,2026-07-19 13:22:07.619326
2274,Calvin Rosario,allison26@example.net,Germany,2023-11-11,Premium,,2026-07-19 13:22:07.619326
2275,Henry Murphy,usmith@example.com,,2026-04-05,premium,,2026-07-19 13:22:07.619326
2276,Thomas Myers,careyjason@example.com,India,2024-12-22,premium,,2026-07-19 13:22:07.619326
2277,James Brooks,anthonywashington@example.org,USA,2024-10-02,Premium,29.0,2026-07-19 13:22:07.619326
2278,John Mcneil,psnyder@example.com,Canada,2026-04-04,premium,,2026-07-19 13:22:07.619326
2279,Toni Fowler,whiteandrea@example.com,Germany,2024-12-23,Premium,45.0,2026-07-19 13:22:07.619326
2280,Brian Walker,harrisbrian@example.org,India,2021-03-25,,,2026-07-19 13:22:07.620326
2281,Sharon Mays,estevenson@example.net,India,2025-12-03,Premium,60.0,2026-07-19 13:22:07.620326
2282,William Prince,richard48@example.com,,2023-06-15,Standard,,2026-07-19 13:22:07.620326
2283,John Carr,alexandermay@example.org,,2022-01-03,premium,,2026-07-19 13:22:07.620326
2284,Samuel Werner,mike64@example.org,USA,2022-11-26,premium,,2026-07-19 13:22:07.620326
2285,Jordan Cole,johnsondenise@example.com,Canada,2021-07-29,Premium,26.0,2026-07-19 13:22:07.620326
2286,Shawn Graham,deborah14@example.net,Canada,2023-04-05,Standard,,2026-07-19 13:22:07.620326
2287,Brandon Cuevas,gutierrezmark@example.org,Canada,2026-02-16,premium,,2026-07-19 13:22:07.620326
2288,Shawn Ortiz,campbelldonald@example.org,USA,2023-07-23,Standard,20.0,2026-07-19 13:22:07.621325
2289,Ashley Johnson,batesvincent@example.org,USA,2024-03-15,premium,,2026-07-19 13:22:07.621325
2290,Deborah Thomas,melissa45@example.org,India,2024-01-13,Premium,45.0,2026-07-19 13:22:07.621325
2291,Steven Morris,hayesregina@example.com,Germany,2024-03-13,Premium,,2026-07-19 13:22:07.621325
2292,Albert Munoz,kevin32@example.org,,2021-02-14,Standard,36.0,2026-07-19 13:22:07.621325
2293,Joseph Clark,denise86@example.org,UK,2026-03-17,Standard,,2026-07-19 13:22:07.621325
2294,Timothy Joseph,jenniferpayne@example.net,Germany,2022-09-16,Premium,,2026-07-19 13:22:07.621325
2295,Michael Ferguson,tblake@example.com,UK,2024-05-24,,,2026-07-19 13:22:07.621325
2296,Kathryn Montgomery,icochran@example.org,USA,2025-07-08,Premium,28.0,2026-07-19 13:22:07.621325
2297,Jesse Thompson,andrea90@example.org,UK,2022-08-23,Premium,,2026-07-19 13:22:07.622327
2298,Carrie Mccall,theresa79@example.com,UK,2022-07-31,premium,37.0,2026-07-19 13:22:07.622327
2299,Brandy Garza,nicholas08@example.org,India,2022-07-30,premium,53.0,2026-07-19 13:22:07.622327
2300,Robert Myers,phelpsmelissa@example.com,USA,2025-04-17,Premium,52.0,2026-07-19 13:22:07.622327
2301,Penny Potts,anna08@example.com,India,2026-04-30,Standard,35.0,2026-07-19 13:22:07.622327
2302,Amanda Berry,alexandertroy@example.org,India,2021-08-26,Premium,59.0,2026-07-19 13:22:07.622327
2303,Dana Ramos,darrellknapp@example.com,USA,2023-07-21,Premium,,2026-07-19 13:22:07.622327
2304,Bernard Rosales,ralph81@example.com,,2023-02-26,premium,38.0,2026-07-19 13:22:07.622327
2305,Barbara Mitchell,ericrussell@example.org,,2021-08-04,premium,64.0,2026-07-19 13:22:07.623327
2306,Michelle Jackson,annashaffer@example.com,Germany,2021-07-06,premium,38.0,2026-07-19 13:22:07.623327
2307,Alejandra Dean,terryphillip@example.org,,2021-12-21,Premium,,2026-07-19 13:22:07.623327
2308,Caleb Payne,hannah83@example.com,USA,2022-06-14,premium,,2026-07-19 13:22:07.623327
2309,Crystal Murphy,parkerlaura@example.org,Canada,2023-07-15,Premium,,2026-07-19 13:22:07.623327
2310,Laura Henson,huntermelinda@example.net,,2025-02-07,Standard,,2026-07-19 13:22:07.623327
2311,Brian Gutierrez,smithkatie@example.com,USA,2024-09-23,premium,,2026-07-19 13:22:07.623327
2312,Aaron Wright,amy29@example.com,USA,2024-01-18,Standard,,2026-07-19 13:22:07.623327
2313,Ashley Jackson,lambertmichael@example.net,India,2025-09-19,,,2026-07-19 13:22:07.623327
2314,Ashley Velasquez,martin65@example.com,USA,2023-12-22,Standard,70.0,2026-07-19 13:22:07.623327
2315,Susan Brennan,mray@example.net,USA,2023-05-10,,64.0,2026-07-19 13:22:07.623327
2316,Maria Martinez,kbuchanan@example.org,,2024-12-19,Premium,37.0,2026-07-19 13:22:07.623327
2317,Megan Brooks,bryanramos@example.org,USA,2021-12-18,,61.0,2026-07-19 13:22:07.624828
2318,Jose Smith,kelly13@example.com,Canada,2025-09-29,Premium,45.0,2026-07-19 13:22:07.624828
2319,Sonia Curry,lisamurphy@example.net,Germany,2021-06-14,,24.0,2026-07-19 13:22:07.624828
2320,Brandon White,patricksmith@example.net,,2022-05-05,Premium,56.0,2026-07-19 13:22:07.624828
2321,Mark Lee,newmanjennifer@example.org,Germany,2024-05-24,Premium,25.0,2026-07-19 13:22:07.624828
2322,Pamela Lynch,daniel28@example.net,,2021-04-22,Premium,26.0,2026-07-19 13:22:07.624828
2323,Brian Mclaughlin,thogan@example.org,Canada,2025-01-17,Standard,58.0,2026-07-19 13:22:07.624828
2324,Laura Cox,andrewsshawn@example.com,Canada,2021-03-06,Premium,,2026-07-19 13:22:07.624828
2325,Barbara Church,lhayes@example.org,,2026-01-26,Standard,,2026-07-19 13:22:07.625832
2326,Marcus Morton,brianprice@example.net,UK,2021-07-18,,70.0,2026-07-19 13:22:07.625832
2327,Elizabeth Allison,lhebert@example.com,India,2024-09-08,,27.0,2026-07-19 13:22:07.625832
2328,Diana Meza,emily41@example.org,Canada,2023-07-02,premium,58.0,2026-07-19 13:22:07.625832
2329,Emily Scott,garciajo@example.com,Canada,2021-12-03,Premium,,2026-07-19 13:22:07.625832
2330,Tiffany Miller,justinthomas@example.net,Canada,2023-09-06,,27.0,2026-07-19 13:22:07.625832
2331,Christian Reyes,wwebster@example.com,USA,2026-05-31,Standard,,2026-07-19 13:22:07.625832
2332,Alicia Sanchez,xmorris@example.org,USA,2024-07-26,premium,,2026-07-19 13:22:07.625832
2333,Katherine Foster,rosenathan@example.net,,2021-08-04,Premium,49.0,2026-07-19 13:22:07.625832
2334,Kayla Saunders,rivasfrank@example.com,Canada,2025-04-16,Premium,,2026-07-19 13:22:07.626832
2335,Victoria Johnson,erika74@example.com,Canada,2023-02-05,premium,,2026-07-19 13:22:07.626832
2336,Wendy Chase,taylordavid@example.com,Canada,2021-07-11,Premium,56.0,2026-07-19 13:22:07.626832
2337,Teresa Hall,natashaatkinson@example.org,USA,2024-02-23,premium,56.0,2026-07-19 13:22:07.626832
2338,Taylor Williams,mmartinez@example.org,,2024-03-01,Standard,,2026-07-19 13:22:07.626832
2339,Elizabeth Wood,robin27@example.com,UK,2021-12-18,premium,40.0,2026-07-19 13:22:07.626832
2340,Jake Beck,branchkaitlin@example.org,India,2021-05-30,,,2026-07-19 13:22:07.626832
2341,Chelsea Jordan,ttaylor@example.org,India,2022-01-01,Premium,68.0,2026-07-19 13:22:07.626832
2342,Lisa Robinson,mchandler@example.com,USA,2022-03-10,Standard,38.0,2026-07-19 13:22:07.627851
2343,Michelle Gordon,lisa26@example.com,Germany,2024-01-17,,70.0,2026-07-19 13:22:07.627851
2344,Kelly Maynard,oliverlindsey@example.net,Canada,2023-04-23,,,2026-07-19 13:22:07.627851
2345,Franklin King,heather18@example.net,USA,2026-01-15,premium,26.0,2026-07-19 13:22:07.627851
2346,Eric Wilson,leeray@example.com,Germany,2024-07-27,premium,,2026-07-19 13:22:07.627851
2347,Christopher Ellis,rfrancis@example.org,Germany,2022-08-29,,,2026-07-19 13:22:07.627851
2348,Steven Tucker,andrea91@example.com,USA,2022-01-19,Standard,,2026-07-19 13:22:07.627851
2349,Phillip Hancock,courtney14@example.org,UK,2023-10-05,,52.0,2026-07-19 13:22:07.627851
2350,Angie Garrett,jefferymorgan@example.org,Germany,2026-01-29,,51.0,2026-07-19 13:22:07.627851
2351,Rachel Roberts,bryansalazar@example.org,,2026-01-22,Standard,41.0,2026-07-19 13:22:07.628834
2352,Angela Robinson,david80@example.com,USA,2021-10-11,Premium,,2026-07-19 13:22:07.628834
2353,Heather Chandler,coreymartin@example.org,USA,2021-05-20,Premium,,2026-07-19 13:22:07.628834
2354,Melissa Murphy,stephanie47@example.com,India,2021-10-15,Standard,,2026-07-19 13:22:07.628834
2355,Jacqueline Mcmahon,jose96@example.org,USA,2021-11-12,,33.0,2026-07-19 13:22:07.628834
2356,Henry Ward,matthewbarber@example.com,USA,2026-03-27,Standard,25.0,2026-07-19 13:22:07.628834
2357,Ann Wallace,johnmitchell@example.net,Germany,2022-06-09,Premium,,2026-07-19 13:22:07.628834
2358,David Butler,ialvarado@example.org,India,2026-03-31,Premium,60.0,2026-07-19 13:22:07.629850
2359,Stephen Mcdonald,melissawilliams@example.net,Germany,2021-11-07,Standard,19.0,2026-07-19 13:22:07.629850
2360,Reginald Barton,monicacampbell@example.com,India,2025-10-03,Premium,33.0,2026-07-19 13:22:07.629850
2361,Erik Bennett,princejames@example.com,Canada,2023-05-11,,27.0,2026-07-19 13:22:07.629850
2362,Austin Campbell,mduke@example.com,Germany,2022-05-19,Standard,,2026-07-19 13:22:07.629850
2363,Kevin Gordon,josephcheryl@example.net,Germany,2024-03-29,premium,46.0,2026-07-19 13:22:07.629850
2364,Daniel Williams,qclark@example.org,India,2025-12-04,Standard,21.0,2026-07-19 13:22:07.630834
2365,Yolanda Ramirez,vbrock@example.net,UK,2022-05-03,Standard,50.0,2026-07-19 13:22:07.630834
2366,James Davis,shawnduffy@example.org,Canada,2024-04-29,,,2026-07-19 13:22:07.630834
2367,Charles Short,fbauer@example.com,UK,2022-07-24,premium,,2026-07-19 13:22:07.630834
2368,Katie Cherry,rick88@example.com,,2025-04-10,,,2026-07-19 13:22:07.630834
2369,Sarah James,vgibson@example.net,Canada,2023-08-16,,26.0,2026-07-19 13:22:07.630834
2370,Barbara Morris,scabrera@example.com,Germany,2023-01-29,Premium,,2026-07-19 13:22:07.630834
2371,Colleen Estes,icook@example.com,USA,2021-12-08,Premium,,2026-07-19 13:22:07.631833
2372,Vanessa Johnson,bakeramber@example.net,Germany,2024-10-16,,,2026-07-19 13:22:07.631833
2373,Edward Williams,kbell@example.com,USA,2026-03-30,premium,,2026-07-19 13:22:07.631833
2374,Pamela Newman,diane57@example.net,USA,2025-01-13,Premium,24.0,2026-07-19 13:22:07.631833
2375,Thomas Davis,davismartha@example.com,India,2023-03-02,premium,19.0,2026-07-19 13:22:07.631833
2376,Jeremy Sexton,nashjimmy@example.com,India,2025-08-20,Premium,22.0,2026-07-19 13:22:07.631833
2377,Nathan Johnston,adrian65@example.net,UK,2026-06-27,premium,30.0,2026-07-19 13:22:07.631833
2378,Scott Clark,wgriffin@example.net,,2021-05-03,Premium,,2026-07-19 13:22:07.631833
2379,Clinton Hill,pagepaul@example.net,Canada,2021-01-26,Premium,,2026-07-19 13:22:07.631833
2380,Jimmy Wiley,nenglish@example.net,Canada,2026-04-12,premium,,2026-07-19 13:22:07.632862
2381,Mary Robinson,rebecca02@example.org,Canada,2024-07-19,premium,43.0,2026-07-19 13:22:07.632862
2382,Darryl Webster,brandonrogers@example.org,India,2022-05-02,,,2026-07-19 13:22:07.632862
2383,Taylor Jefferson,keithcalvin@example.com,USA,2022-08-10,Premium,,2026-07-19 13:22:07.632862
2384,Amy Fleming,david82@example.org,,2023-09-22,Premium,50.0,2026-07-19 13:22:07.632862
2385,Doris Martin,russellderek@example.net,Canada,2023-04-04,,48.0,2026-07-19 13:22:07.632862
2386,Mr. Zachary Warren,kevindavis@example.com,India,2025-08-23,Standard,,2026-07-19 13:22:07.632862
2387,Mark Stevens,tarakelly@example.org,Canada,2021-08-02,Premium,63.0,2026-07-19 13:22:07.632862
2388,Barbara Norman,bookerdebra@example.net,USA,2022-01-08,Standard,67.0,2026-07-19 13:22:07.633849
2389,Michael Moyer,samantha63@example.com,UK,2023-08-27,premium,46.0,2026-07-19 13:22:07.633849
2390,Jerry Wilson,richardsmith@example.net,India,2024-12-01,premium,,2026-07-19 13:22:07.633849
2391,Mario Lynch,freese@example.net,Canada,2021-07-21,,33.0,2026-07-19 13:22:07.633849
2392,Tommy Patel,victordaniels@example.org,UK,2023-02-23,Premium,,2026-07-19 13:22:07.633849
2393,Cynthia Perkins,ireese@example.com,Canada,2022-01-13,Premium,,2026-07-19 13:22:07.633849
2394,Richard Jenkins,christopher17@example.com,UK,2021-09-07,Premium,49.0,2026-07-19 13:22:07.633849
2395,Charles Murray,marshallluis@example.org,Germany,2024-10-15,Standard,36.0,2026-07-19 13:22:07.633849
2396,Jamie Rogers,ryan10@example.org,Canada,2024-12-23,premium,40.0,2026-07-19 13:22:07.633849
2397,Lynn Hansen,russojavier@example.org,Canada,2025-07-18,,,2026-07-19 13:22:07.633849
2398,Matthew Johnson,phillipsamanda@example.com,India,2022-04-09,,59.0,2026-07-19 13:22:07.633849
2399,Erin Carter,stephensrickey@example.com,Canada,2021-02-05,,,2026-07-19 13:22:07.633849
2400,Zachary Hayden,linalexis@example.org,India,2024-04-19,,57.0,2026-07-19 13:22:07.635356
2401,Sean Thomas,jeanettenguyen@example.org,Germany,2024-06-28,premium,41.0,2026-07-19 13:22:07.635356
2402,Rebecca Mason,zachary00@example.com,,2024-03-25,,34.0,2026-07-19 13:22:07.635356
2403,Lindsey Nash,lindseyevans@example.net,UK,2022-12-09,Premium,65.0,2026-07-19 13:22:07.635356
2404,Julie Foster,jesushoward@example.org,,2021-12-11,Premium,27.0,2026-07-19 13:22:07.635356
2405,Melissa Hansen,zwalter@example.org,India,2024-06-10,Standard,,2026-07-19 13:22:07.635356
2406,John Beasley,thernandez@example.org,Canada,2025-04-19,,47.0,2026-07-19 13:22:07.635356
2407,Kristen Hall,barberjamie@example.com,India,2023-12-08,,,2026-07-19 13:22:07.635356
2408,Alicia Santos,james40@example.com,Canada,2026-01-25,Standard,64.0,2026-07-19 13:22:07.636376
2409,Trevor Daniels,pbarton@example.net,Germany,2022-03-29,,,2026-07-19 13:22:07.636376
2410,Jeffrey Underwood,russellestrada@example.com,India,2026-03-09,premium,,2026-07-19 13:22:07.636376
2411,Austin Ellis,hwilliams@example.com,USA,2022-08-11,,,2026-07-19 13:22:07.636376
2412,Ann Mason,millsjessica@example.org,Germany,2026-05-02,Standard,48.0,2026-07-19 13:22:07.636376
2413,Juan Hill,traci62@example.org,,2025-05-08,premium,54.0,2026-07-19 13:22:07.636376
2414,Kenneth Brown,christopher89@example.org,UK,2022-03-17,,,2026-07-19 13:22:07.636376
2415,Oscar Davis PhD,nelsoncraig@example.com,Germany,2023-11-23,Standard,21.0,2026-07-19 13:22:07.636376
2416,Dana Ross,ryan82@example.net,Canada,2021-03-16,,,2026-07-19 13:22:07.636376
2417,Jasmine Bishop,nwright@example.org,,2025-07-24,Premium,27.0,2026-07-19 13:22:07.637380
2418,Phillip Garcia,mendozasusan@example.org,India,2024-04-11,Premium,,2026-07-19 13:22:07.637380
2419,Matthew Morton,jeffreyanderson@example.net,Germany,2023-08-10,Standard,,2026-07-19 13:22:07.637380
2420,Richard Garner,hesterlisa@example.com,USA,2021-11-22,Premium,,2026-07-19 13:22:07.637380
2421,Vanessa Harris,ronald50@example.org,India,2021-02-23,premium,28.0,2026-07-19 13:22:07.637380
2422,David Davis,marc83@example.net,India,2021-04-07,,,2026-07-19 13:22:07.637380
2423,Jonathan Fitzgerald,romerocarol@example.org,UK,2022-09-08,Standard,,2026-07-19 13:22:07.637380
2424,Christopher Crosby,jamessmith@example.org,India,2021-06-06,,70.0,2026-07-19 13:22:07.637380
2425,Jason Wolfe,wpatterson@example.com,UK,2022-02-27,Standard,22.0,2026-07-19 13:22:07.638376
2426,Sandy Pope,lbrown@example.net,India,2022-10-28,premium,18.0,2026-07-19 13:22:07.638376
2427,Jeffery Lowery,ashley15@example.com,Germany,2021-04-24,Standard,,2026-07-19 13:22:07.638376
2428,Henry Howard,khanlance@example.com,Canada,2022-02-08,,34.0,2026-07-19 13:22:07.638376
2429,Bruce Wallace,davislori@example.net,Germany,2021-04-05,Standard,,2026-07-19 13:22:07.638376
2430,Kathy Brown,valdezmatthew@example.net,,2021-02-10,Premium,20.0,2026-07-19 13:22:07.638376
2431,Latoya Gibson,ykennedy@example.org,,2025-06-30,,62.0,2026-07-19 13:22:07.638376
2432,Donald Jones,mtaylor@example.net,UK,2024-06-06,Standard,40.0,2026-07-19 13:22:07.638376
2433,George Mckee,bbonilla@example.com,USA,2021-02-05,Premium,,2026-07-19 13:22:07.638376
2434,Nicholas Burke,christyalexander@example.org,Canada,2024-11-08,premium,50.0,2026-07-19 13:22:07.639385
2435,Angela Davis,tylermurphy@example.net,,2023-10-01,,,2026-07-19 13:22:07.639385
2436,Leah Small,stephanie27@example.net,India,2024-07-28,,,2026-07-19 13:22:07.639385
2437,William Green,wallacerobert@example.net,Canada,2021-05-09,Standard,,2026-07-19 13:22:07.639385
2438,Natasha Foster,madisonmoody@example.net,India,2025-07-22,Standard,,2026-07-19 13:22:07.639385
2439,Danielle Flores,shannon54@example.net,Germany,2024-12-13,,,2026-07-19 13:22:07.639385
2440,Karen Williams,jonathonterry@example.net,,2023-01-26,Premium,23.0,2026-07-19 13:22:07.639385
2441,Michael Clark,williamslisa@example.org,Canada,2022-11-27,Premium,,2026-07-19 13:22:07.640377
2442,Mike Baxter,cwhite@example.org,Canada,2023-10-07,Premium,,2026-07-19 13:22:07.640377
2443,Anthony Burgess,zfarrell@example.net,UK,2023-04-16,Premium,,2026-07-19 13:22:07.640377
2444,Melvin Mason,ufleming@example.org,Germany,2025-05-12,Standard,,2026-07-19 13:22:07.640377
2445,Dale Herring,hoffmanerik@example.com,UK,2024-05-30,Premium,,2026-07-19 13:22:07.640377
2446,Brian Morrison,vdowns@example.org,Canada,2024-07-31,,,2026-07-19 13:22:07.640377
2447,Angela Nelson,jonesnicole@example.com,Canada,2021-04-12,premium,68.0,2026-07-19 13:22:07.640377
2448,Jonathan Cervantes,fsharp@example.org,UK,2024-12-16,premium,,2026-07-19 13:22:07.640377
2449,Dr. Sherry Thomas PhD,vanessa88@example.com,India,2021-11-05,,61.0,2026-07-19 13:22:07.641362
2450,Sheri Jackson,butlervanessa@example.net,Canada,2021-07-02,,20.0,2026-07-19 13:22:07.641362
2451,Jeffrey Martin,kylemckinney@example.net,Canada,2025-09-08,premium,,2026-07-19 13:22:07.641362
2452,Kimberly Benton,rgordon@example.com,India,2025-08-04,,,2026-07-19 13:22:07.641362
2453,Billy Williams,ystevens@example.org,USA,2023-02-03,,,2026-07-19 13:22:07.641362
2454,Tammy Calhoun,frostjorge@example.com,USA,2021-04-13,,64.0,2026-07-19 13:22:07.641362
2455,Marc Watson,wongpamela@example.org,Germany,2021-06-24,premium,51.0,2026-07-19 13:22:07.641362
2456,Alexandra Cowan,robinsonpaul@example.org,Germany,2025-04-02,Premium,63.0,2026-07-19 13:22:07.641362
2457,Sonia Delgado,fthompson@example.org,UK,2025-11-19,,,2026-07-19 13:22:07.641362
2458,Alicia Harmon,katherine00@example.com,UK,2025-08-28,premium,31.0,2026-07-19 13:22:07.642376
2459,Courtney Wilson,larsonmichelle@example.net,Canada,2026-05-28,,18.0,2026-07-19 13:22:07.642376
2460,Daniel Wood,tuckerlori@example.org,Canada,2023-01-31,Premium,,2026-07-19 13:22:07.642376
2461,John Boyer,jonesjames@example.net,Canada,2022-05-21,Standard,,2026-07-19 13:22:07.642376
2462,Richard Jackson,westthomas@example.org,USA,2025-03-16,Standard,37.0,2026-07-19 13:22:07.642376
2463,Eric Boone,robert88@example.com,UK,2021-11-01,Standard,,2026-07-19 13:22:07.642376
2464,Katie Ray,jacksonkristin@example.org,India,2022-11-07,Premium,35.0,2026-07-19 13:22:07.642376
2465,Beth Bennett,douglasmark@example.com,USA,2023-01-12,Premium,58.0,2026-07-19 13:22:07.643377
2466,Jimmy Andrews,jamesfisher@example.net,Canada,2023-12-22,Premium,24.0,2026-07-19 13:22:07.643377
2467,Jeffrey Wheeler,harveymichael@example.org,India,2025-01-29,Standard,23.0,2026-07-19 13:22:07.643377
2468,James Huffman,caitlynfarrell@example.net,Germany,2021-10-24,premium,,2026-07-19 13:22:07.643377
2469,Stephanie Hall,kevinclayton@example.net,Canada,2023-10-18,Premium,44.0,2026-07-19 13:22:07.643377
2470,Mrs. Jennifer Shannon,markclark@example.net,Germany,2021-03-03,Premium,,2026-07-19 13:22:07.643377
2471,Michaela Mitchell,brendatucker@example.net,Germany,2021-07-23,premium,,2026-07-19 13:22:07.643377
2472,Daniel Kim,pgiles@example.org,USA,2025-07-16,premium,18.0,2026-07-19 13:22:07.643377
2473,Kathleen George,barkerjohn@example.net,,2023-05-15,Premium,,2026-07-19 13:22:07.644361
2474,Amber Alvarado,john26@example.com,India,2023-11-01,Premium,,2026-07-19 13:22:07.644361
2475,Stephen Young,jamesryan@example.net,Canada,2025-06-20,Premium,52.0,2026-07-19 13:22:07.644361
2476,Samuel Jackson,samuel54@example.net,UK,2023-09-05,Standard,,2026-07-19 13:22:07.644361
2477,Darren Bartlett,shawduane@example.org,Canada,2021-07-05,Standard,,2026-07-19 13:22:07.644361
2478,Andrew Vega,jamesgibson@example.net,USA,2025-04-25,Premium,64.0,2026-07-19 13:22:07.644361
2479,Eric Young,burnsjustin@example.net,India,2025-01-05,,30.0,2026-07-19 13:22:07.644361
2480,Debra Fowler,morenoyvette@example.net,India,2022-07-30,premium,,2026-07-19 13:22:07.645360
2481,Seth Bailey,jessica96@example.net,Germany,2023-09-04,,,2026-07-19 13:22:07.645360
2482,Trevor Robertson,tyler18@example.org,USA,2025-06-09,premium,43.0,2026-07-19 13:22:07.645360
2483,Ariel Allen,barnesbrian@example.net,UK,2022-02-06,premium,28.0,2026-07-19 13:22:07.645360
2484,Richard Livingston,ysmith@example.net,,2023-10-24,,,2026-07-19 13:22:07.645360
2485,Jennifer Johnson,foxkaren@example.com,UK,2022-05-11,premium,,2026-07-19 13:22:07.645360
2486,Micheal Miller,piercethomas@example.net,UK,2025-12-11,,45.0,2026-07-19 13:22:07.645360
2487,Catherine Jennings,juanharris@example.net,UK,2024-07-27,premium,58.0,2026-07-19 13:22:07.645360
2488,Keith Soto,sheilamartinez@example.org,Germany,2025-08-11,Premium,,2026-07-19 13:22:07.646376
2489,Anthony Mcdaniel,christophersmith@example.org,UK,2024-04-01,premium,,2026-07-19 13:22:07.646376
2490,Megan Miller,andrewsmith@example.com,Germany,2026-05-19,Premium,,2026-07-19 13:22:07.646376
2491,Douglas Martinez MD,gina72@example.org,Germany,2022-02-11,Standard,40.0,2026-07-19 13:22:07.646376
2492,Jon Moyer,melissaduran@example.org,Canada,2025-05-05,premium,41.0,2026-07-19 13:22:07.646376
2493,Amanda Cook,garrettalex@example.org,India,2025-11-11,Premium,38.0,2026-07-19 13:22:07.646376
2494,Kim Love,uchapman@example.net,,2024-09-14,Standard,,2026-07-19 13:22:07.646376
2495,Kelly Hernandez,sherrimack@example.org,USA,2023-05-26,Premium,,2026-07-19 13:22:07.646376
2496,Erin Wang,jessicamiller@example.org,UK,2025-05-11,Standard,,2026-07-19 13:22:07.647375
2497,Todd Carr,martinian@example.com,,2023-02-21,Premium,,2026-07-19 13:22:07.647375
2498,Raymond Alexander,ericadean@example.com,,2022-04-23,,,2026-07-19 13:22:07.647375
2499,Christopher Mitchell,flucero@example.org,USA,2025-06-11,Premium,,2026-07-19 13:22:07.647375
2500,Rebecca Hanson,schroederjeffrey@example.net,Germany,2026-04-15,premium,44.0,2026-07-19 13:22:07.647375
2501,Daniel Johnson,leejoyce@example.org,Canada,2024-01-04,Standard,,2026-07-19 13:22:07.647375
2502,William Johnson,mary10@example.org,UK,2024-05-26,Standard,54.0,2026-07-19 13:22:07.647375
2503,Stephen Roberts,joshuaduran@example.org,India,2026-06-13,Premium,,2026-07-19 13:22:07.647375
2504,Melanie Williams,operez@example.net,USA,2021-10-30,,20.0,2026-07-19 13:22:07.648377
2505,Shannon Manning,brownashley@example.com,India,2022-12-07,Premium,,2026-07-19 13:22:07.648377
2506,Jennifer Smith,phuynh@example.com,Canada,2021-11-23,,,2026-07-19 13:22:07.648377
2507,Kimberly Monroe,rgarcia@example.org,India,2024-10-08,premium,43.0,2026-07-19 13:22:07.648377
2508,Lauren Cline MD,daniel57@example.org,UK,2022-03-16,premium,49.0,2026-07-19 13:22:07.648377
2509,Daniel Meyers,djohnson@example.com,Germany,2024-11-15,,49.0,2026-07-19 13:22:07.648377
2510,Sheila Owen,erin36@example.net,India,2021-04-16,Premium,19.0,2026-07-19 13:22:07.648377
2511,Crystal Higgins,brooksmichele@example.net,Canada,2021-12-02,Premium,26.0,2026-07-19 13:22:07.648377
2512,Mary Avila,melissaturner@example.org,India,2021-09-19,,32.0,2026-07-19 13:22:07.649377
2513,Selena Richardson,robertho@example.com,Canada,2025-06-23,premium,70.0,2026-07-19 13:22:07.649377
2514,Tonya Villegas,joseph79@example.org,,2021-09-06,Premium,34.0,2026-07-19 13:22:07.649377
2515,Kaitlyn Woods,morrisraymond@example.org,Canada,2026-04-12,premium,,2026-07-19 13:22:07.649377
2516,Kathleen Montgomery,callahansheryl@example.org,India,2022-09-10,,35.0,2026-07-19 13:22:07.649377
2517,Steven Anderson,kendraberg@example.org,USA,2023-04-12,,25.0,2026-07-19 13:22:07.649377
2518,Maria Neal,sheriphillips@example.com,India,2021-09-18,Standard,,2026-07-19 13:22:07.649377
2519,Alicia Mack,jessica07@example.org,,2024-01-16,Premium,51.0,2026-07-19 13:22:07.649377
2520,Katherine Perez,madisonhill@example.com,UK,2023-11-14,,,2026-07-19 13:22:07.650375
2521,Michael Gonzalez,hernandezelizabeth@example.net,,2023-11-04,Standard,,2026-07-19 13:22:07.650375
2522,Jeremy Leon,morganstephanie@example.net,India,2022-07-24,Premium,40.0,2026-07-19 13:22:07.650375
2523,Xavier Franklin,nclark@example.net,,2022-12-02,Standard,62.0,2026-07-19 13:22:07.650375
2524,Brenda Smith,bethdavenport@example.net,Canada,2021-02-05,,21.0,2026-07-19 13:22:07.650375
2525,Debbie Jackson,burchjacob@example.net,Canada,2022-10-15,Standard,,2026-07-19 13:22:07.650375
2526,Amy Boyd,fhernandez@example.net,USA,2023-10-25,Premium,39.0,2026-07-19 13:22:07.650375
2527,Madison James,fernando46@example.org,UK,2022-04-12,premium,,2026-07-19 13:22:07.650375
2528,Robert Green,smartinez@example.net,,2024-01-02,Standard,50.0,2026-07-19 13:22:07.650375
2529,Dr. Marcus Ford,arnoldkelly@example.net,USA,2025-04-27,premium,,2026-07-19 13:22:07.651379
2530,Melissa Larson,christopher72@example.org,UK,2023-09-02,Standard,,2026-07-19 13:22:07.651379
2531,Tammy Sanchez,khood@example.net,USA,2026-03-01,premium,45.0,2026-07-19 13:22:07.651379
2532,Thomas Ramirez,pmiller@example.net,,2024-10-28,Premium,,2026-07-19 13:22:07.651379
2533,Stephen Baker,dennis54@example.com,Canada,2022-05-16,Premium,33.0,2026-07-19 13:22:07.651379
2534,William Horton,ramirezdarren@example.com,Germany,2025-07-01,premium,,2026-07-19 13:22:07.651379
2535,Jack Sanders,lyonstyler@example.net,,2023-07-28,,,2026-07-19 13:22:07.651379
2536,Jaime Stephenson,ashley66@example.org,Canada,2021-05-08,Premium,,2026-07-19 13:22:07.651379
2537,Cody Turner,prichard@example.org,USA,2025-09-14,,,2026-07-19 13:22:07.651379
2538,Sarah Larson,christophermiller@example.com,UK,2024-09-04,Premium,,2026-07-19 13:22:07.651379
2539,Monica Carlson DDS,samantharodriguez@example.org,India,2025-12-31,Premium,,2026-07-19 13:22:07.651379
2540,Paula Palmer,mcdonaldbenjamin@example.net,,2021-05-06,,,2026-07-19 13:22:07.651379
2541,Courtney Matthews,katherine54@example.com,USA,2024-04-16,Standard,,2026-07-19 13:22:07.652905
2542,Nathaniel Clarke,xleonard@example.org,UK,2023-02-21,,,2026-07-19 13:22:07.652905
2543,Gary Schaefer,brucesharon@example.net,Canada,2022-09-23,Premium,59.0,2026-07-19 13:22:07.652905
2544,Jason Bentley,harrismatthew@example.net,Canada,2025-04-26,Premium,21.0,2026-07-19 13:22:07.652905
2545,Billy Smith,ahall@example.net,UK,2025-01-20,Standard,22.0,2026-07-19 13:22:07.652905
2546,Gregory Carpenter,monicacollins@example.net,India,2025-04-12,,,2026-07-19 13:22:07.652905
2547,Lauren Austin,zunigadesiree@example.net,Canada,2025-04-25,premium,49.0,2026-07-19 13:22:07.652905
2548,Karen Thomas,markgarcia@example.com,USA,2022-02-21,Standard,,2026-07-19 13:22:07.652905
2549,Mark Pena,david97@example.net,,2023-03-16,premium,64.0,2026-07-19 13:22:07.653936
2550,Phillip Hayden,tiffany40@example.com,Canada,2025-07-05,,,2026-07-19 13:22:07.653936
2551,James Griffin,clinton43@example.net,,2025-03-18,Standard,38.0,2026-07-19 13:22:07.653936
2552,Lauren Carey,westvictor@example.org,USA,2025-07-01,premium,47.0,2026-07-19 13:22:07.653936
2553,Katrina Prince,joegarcia@example.com,Canada,2022-10-24,,,2026-07-19 13:22:07.653936
2554,Robert Phillips,gwendolyngordon@example.org,Canada,2025-07-21,premium,22.0,2026-07-19 13:22:07.653936
2555,Kimberly Ross,jill38@example.com,,2022-04-14,Premium,,2026-07-19 13:22:07.653936
2556,Nathan Meyers,randylopez@example.com,Germany,2023-04-12,Premium,49.0,2026-07-19 13:22:07.653936
2557,Shirley May,jjones@example.org,Germany,2025-12-07,Premium,70.0,2026-07-19 13:22:07.653936
2558,Christina Morgan,huertabarbara@example.com,UK,2022-09-26,premium,32.0,2026-07-19 13:22:07.654939
2559,Aaron Boone,katiegarcia@example.net,USA,2022-03-15,Premium,,2026-07-19 13:22:07.654939
2560,Jennifer Kim,chughes@example.net,,2024-08-31,,,2026-07-19 13:22:07.654939
2561,Tyler Russell,ericchavez@example.org,UK,2025-02-07,,,2026-07-19 13:22:07.654939
2562,Mike Zuniga,kathleenmartinez@example.net,Germany,2026-06-22,premium,,2026-07-19 13:22:07.654939
2563,Justin Adams,andersondaniel@example.com,UK,2022-03-16,,,2026-07-19 13:22:07.654939
2564,Becky Mendoza,adam91@example.org,,2023-08-21,Premium,,2026-07-19 13:22:07.654939
2565,James Smith,hweeks@example.org,USA,2022-11-07,Standard,,2026-07-19 13:22:07.654939
2566,Kevin Lynch,molly79@example.net,Canada,2025-03-06,,41.0,2026-07-19 13:22:07.655941
2567,Raven Guerrero,brownmark@example.net,,2026-01-18,Standard,42.0,2026-07-19 13:22:07.655941
2568,Jennifer Mejia,david84@example.com,India,2021-08-18,,51.0,2026-07-19 13:22:07.655941
2569,Tina Munoz,jamie00@example.net,India,2021-06-11,premium,,2026-07-19 13:22:07.655941
2570,Sean Nielsen,anthony55@example.net,UK,2024-03-17,premium,37.0,2026-07-19 13:22:07.655941
2571,Nicholas Mcgrath,jamie17@example.net,Canada,2023-04-20,premium,57.0,2026-07-19 13:22:07.655941
2572,Heather Scott,bmcdaniel@example.com,Germany,2022-02-02,,,2026-07-19 13:22:07.655941
2573,Debra White,andreawiley@example.net,India,2025-12-06,Premium,49.0,2026-07-19 13:22:07.655941
2574,Jennifer White,lesliemitchell@example.net,Germany,2022-09-24,Standard,,2026-07-19 13:22:07.655941
2575,Brooke Chase,montoyapatricia@example.org,UK,2023-06-02,Standard,,2026-07-19 13:22:07.656938
2576,Kathryn Ryan,yholmes@example.net,India,2026-03-09,premium,,2026-07-19 13:22:07.656938
2577,Jo Jacobson,buchanansusan@example.net,Canada,2025-04-30,premium,70.0,2026-07-19 13:22:07.656938
2578,Michael Cruz,williamsroger@example.net,Canada,2023-10-23,premium,,2026-07-19 13:22:07.656938
2579,Jeff Kelley,phillipsscott@example.org,India,2022-11-05,Premium,,2026-07-19 13:22:07.656938
2580,Gregory Carter,alan01@example.org,USA,2024-08-01,premium,68.0,2026-07-19 13:22:07.656938
2581,Brittany Perez,kelly08@example.net,Canada,2022-07-20,premium,27.0,2026-07-19 13:22:07.656938
2582,Melody Simmons,richardturner@example.com,Germany,2023-04-08,Premium,36.0,2026-07-19 13:22:07.656938
2583,James Clark,atkinsonrebecca@example.net,Canada,2023-11-23,premium,,2026-07-19 13:22:07.657919
2584,Matthew Smith,sarahvillarreal@example.com,Germany,2024-04-23,Premium,,2026-07-19 13:22:07.657919
2585,Wendy Nelson,torresjill@example.com,UK,2024-10-21,Standard,,2026-07-19 13:22:07.657919
2586,Virginia Maxwell,maria50@example.org,,2021-08-21,premium,69.0,2026-07-19 13:22:07.657919
2587,Jamie Williams,hswanson@example.net,,2022-03-30,Standard,34.0,2026-07-19 13:22:07.657919
2588,Courtney Mahoney,sandraaustin@example.com,Germany,2023-06-10,Standard,,2026-07-19 13:22:07.657919
2589,Max Giles,thompsonwilliam@example.net,Canada,2024-11-18,,52.0,2026-07-19 13:22:07.658918
2590,James Curry,kevin36@example.org,Germany,2022-02-28,,24.0,2026-07-19 13:22:07.658918
2591,Ashley Gonzalez DDS,kristenherrera@example.net,UK,2024-01-26,premium,,2026-07-19 13:22:07.658918
2592,Janice Coleman,theodoreharper@example.net,Germany,2024-07-24,,,2026-07-19 13:22:07.658918
2593,Robert Perry,john38@example.com,Germany,2023-12-18,Premium,53.0,2026-07-19 13:22:07.658918
2594,Andrew Knight,charlescruz@example.net,Germany,2026-01-19,Standard,,2026-07-19 13:22:07.658918
2595,Kelly Kline,scottgarner@example.com,USA,2023-04-18,premium,,2026-07-19 13:22:07.658918
2596,Christina Jones,amymatthews@example.org,Canada,2022-04-25,,,2026-07-19 13:22:07.659920
2597,Scott Huffman DDS,jonathan99@example.net,,2026-07-07,,,2026-07-19 13:22:07.659920
2598,Patricia Armstrong MD,robertsrandall@example.net,Canada,2026-01-27,Premium,35.0,2026-07-19 13:22:07.659920
2599,Mike Garrett,john04@example.org,India,2023-03-20,Premium,,2026-07-19 13:22:07.660530
2600,Randall Oliver,rcolon@example.com,UK,2023-11-06,premium,21.0,2026-07-19 13:22:07.660530
2601,Heather Lang,wendytaylor@example.net,,2023-04-09,Premium,62.0,2026-07-19 13:22:07.660530
2602,Richard Chang,nicole72@example.org,UK,2025-09-27,,26.0,2026-07-19 13:22:07.660530
2603,Megan Barr,daniel59@example.org,,2022-12-17,Standard,,2026-07-19 13:22:07.660530
2604,Hannah Mueller,mckeeeric@example.net,,2021-04-18,Premium,,2026-07-19 13:22:07.660530
2605,Rebecca Farmer,kimberlycunningham@example.com,UK,2022-09-10,Standard,25.0,2026-07-19 13:22:07.660530
2606,Maria Casey,vhansen@example.com,Canada,2025-09-09,Premium,51.0,2026-07-19 13:22:07.660530
2607,Rebecca Waller,cassandracurtis@example.org,USA,2025-05-27,Premium,48.0,2026-07-19 13:22:07.661535
2608,Shaun Brown,cohentimothy@example.com,UK,2024-01-23,,21.0,2026-07-19 13:22:07.661535
2609,Theresa Hicks,qarmstrong@example.com,India,2024-04-12,,29.0,2026-07-19 13:22:07.661535
2610,Joseph Patel,amanda52@example.org,UK,2025-02-01,,60.0,2026-07-19 13:22:07.661535
2611,Cynthia Kent,rebecca05@example.net,Germany,2025-09-23,Premium,29.0,2026-07-19 13:22:07.661535
2612,Crystal Garcia,beckedwin@example.net,,2022-11-11,Standard,28.0,2026-07-19 13:22:07.661535
2613,Dustin Rose,james41@example.org,Germany,2023-11-09,premium,36.0,2026-07-19 13:22:07.661535
2614,Christine Hayes,smithjustin@example.com,UK,2023-10-14,premium,,2026-07-19 13:22:07.662557
2615,Breanna Romero,mariawilliams@example.com,Germany,2024-05-20,Premium,,2026-07-19 13:22:07.662557
2616,Michael Boone,colleen46@example.org,Germany,2025-09-19,Premium,,2026-07-19 13:22:07.662557
2617,Jessica Hernandez,nolanjoel@example.org,Canada,2023-05-21,,,2026-07-19 13:22:07.662557
2618,Kelly Garcia,justin56@example.org,Canada,2022-12-06,,,2026-07-19 13:22:07.662557
2619,Bianca Fox,roger18@example.com,USA,2023-12-04,,35.0,2026-07-19 13:22:07.662557
2620,Kara White,rhall@example.org,USA,2024-07-17,Standard,,2026-07-19 13:22:07.662557
2621,Daniel Reese,virginiadunn@example.org,UK,2026-03-13,Standard,59.0,2026-07-19 13:22:07.662557
2622,Jason Walker,rbrown@example.org,India,2022-11-14,premium,47.0,2026-07-19 13:22:07.662557
2623,Kristina Ballard,kellybenjamin@example.org,India,2022-02-23,premium,43.0,2026-07-19 13:22:07.663534
2624,Rhonda Martin,averyelizabeth@example.org,,2023-11-02,,48.0,2026-07-19 13:22:07.663534
2625,Tracy Vazquez,wking@example.net,UK,2022-07-29,premium,,2026-07-19 13:22:07.663534
2626,Jose Leonard,hjackson@example.net,UK,2021-03-11,premium,,2026-07-19 13:22:07.663534
2627,Christopher Dixon,russellbrandon@example.com,Canada,2026-04-18,Premium,64.0,2026-07-19 13:22:07.663534
2628,Barbara Bates,porterdavid@example.com,USA,2026-01-03,Premium,,2026-07-19 13:22:07.663534
2629,Scott Garcia,lindaingram@example.com,India,2022-04-15,Standard,67.0,2026-07-19 13:22:07.663534
2630,Daniel Noble,jamesmeyers@example.com,Canada,2021-07-03,Standard,,2026-07-19 13:22:07.663534
2631,Robert Allen,mirandahicks@example.net,Germany,2021-05-17,Premium,,2026-07-19 13:22:07.665041
2632,Jennifer Butler,uwilliams@example.org,Canada,2026-05-04,Premium,,2026-07-19 13:22:07.665041
2633,Robert Robinson,gonzalezjames@example.org,UK,2023-01-04,Premium,,2026-07-19 13:22:07.665041
2634,Donald Williams,jtaylor@example.com,Canada,2022-08-19,,42.0,2026-07-19 13:22:07.665041
2635,Jay Parker,sylviamoody@example.com,,2023-05-01,Standard,,2026-07-19 13:22:07.665041
2636,Neil Warren,sarah17@example.com,Germany,2024-02-04,premium,32.0,2026-07-19 13:22:07.665041
2637,Nancy Edwards,troyanderson@example.org,,2025-08-22,,70.0,2026-07-19 13:22:07.665041
2638,Troy Rose,adamsmark@example.net,Canada,2023-04-14,Premium,58.0,2026-07-19 13:22:07.665041
2639,Andrew Garrett,kodom@example.org,USA,2026-05-12,Standard,,2026-07-19 13:22:07.666066
2640,Derek Pace,ilopez@example.net,Germany,2023-05-13,Premium,39.0,2026-07-19 13:22:07.666066
2641,Nathaniel Cooper,annashort@example.org,,2022-06-16,,30.0,2026-07-19 13:22:07.666066
2642,Teresa Christensen,uhodge@example.net,UK,2021-11-28,,,2026-07-19 13:22:07.666066
2643,Sheri Adkins,nathanielrivera@example.com,India,2023-01-30,Standard,69.0,2026-07-19 13:22:07.666066
2644,Michael Lewis,kanecraig@example.net,Germany,2024-02-25,,22.0,2026-07-19 13:22:07.666066
2645,Andrew Jones,connor16@example.net,USA,2022-02-28,premium,24.0,2026-07-19 13:22:07.666066
2646,Joshua Taylor,dana44@example.com,Germany,2025-04-03,Premium,,2026-07-19 13:22:07.666066
2647,Veronica Marshall,masseymeghan@example.net,Canada,2025-04-17,premium,,2026-07-19 13:22:07.667062
2648,Travis Smith,stephanie27@example.org,,2024-07-17,Premium,,2026-07-19 13:22:07.667062
2649,John Stevens,vjohnson@example.org,Canada,2023-07-21,Standard,,2026-07-19 13:22:07.667062
2650,Steven Stevens,robertstein@example.net,Germany,2023-01-30,Premium,52.0,2026-07-19 13:22:07.667062
2651,Mariah Lynch,mathiswilliam@example.net,UK,2023-11-28,premium,59.0,2026-07-19 13:22:07.667062
2652,Roberto Davis,abigailsteele@example.net,Canada,2024-08-26,,34.0,2026-07-19 13:22:07.667062
2653,Jennifer Craig,cjones@example.net,India,2021-07-27,Premium,26.0,2026-07-19 13:22:07.667062
2654,Sarah Tate,betty22@example.org,UK,2021-12-20,premium,66.0,2026-07-19 13:22:07.667062
2655,Kenneth Herring,zmorris@example.com,USA,2023-10-13,Premium,69.0,2026-07-19 13:22:07.667062
2656,James Ferrell,tyler39@example.org,India,2026-02-25,,56.0,2026-07-19 13:22:07.668062
2657,Rachel Morris,brittany50@example.com,UK,2023-11-12,Standard,35.0,2026-07-19 13:22:07.668062
2658,Emily Sims,hkelley@example.org,Canada,2026-05-08,,50.0,2026-07-19 13:22:07.668062
2659,Dorothy Shepherd,andrewadams@example.net,,2024-08-01,,,2026-07-19 13:22:07.668062
2660,Pam Acosta,michael44@example.net,USA,2026-06-06,Premium,19.0,2026-07-19 13:22:07.668062
2661,Jamie Foley,dferguson@example.org,UK,2023-02-20,,61.0,2026-07-19 13:22:07.668062
2662,Monique Jackson,morgan36@example.net,UK,2023-11-05,Premium,,2026-07-19 13:22:07.668062
2663,Judith Martin,parkerjasmine@example.net,,2025-11-05,,,2026-07-19 13:22:07.668062
2664,Laura Smith,mhill@example.com,UK,2025-10-10,Premium,46.0,2026-07-19 13:22:07.668062
2665,David Parrish,pkline@example.org,UK,2021-06-25,premium,40.0,2026-07-19 13:22:07.669062
2666,Tom Brown,huynhcorey@example.net,India,2024-02-06,Premium,33.0,2026-07-19 13:22:07.669062
2667,Steven Wright,oreyes@example.com,Canada,2023-04-01,Premium,,2026-07-19 13:22:07.669062
2668,Mark Edwards,conradcassandra@example.org,,2022-04-30,Premium,69.0,2026-07-19 13:22:07.669062
2669,Kathy Mcclain,josecharles@example.com,,2025-02-23,Premium,22.0,2026-07-19 13:22:07.669062
2670,Shawn Boyd,jasonmoss@example.com,USA,2024-02-02,Standard,36.0,2026-07-19 13:22:07.669062
2671,Tiffany Edwards,carlos03@example.net,India,2024-08-02,Standard,36.0,2026-07-19 13:22:07.669062
2672,Derek Johnson,lhodges@example.net,UK,2024-04-26,,60.0,2026-07-19 13:22:07.669062
2673,Kevin Cook,kellyandersen@example.org,,2026-02-12,Premium,34.0,2026-07-19 13:22:07.670061
2674,Michael Rodriguez,wlopez@example.org,Germany,2022-08-05,premium,,2026-07-19 13:22:07.670061
2675,Sheila Archer,allen62@example.com,,2024-11-07,premium,,2026-07-19 13:22:07.670061
2676,Mr. Aaron Gould,irollins@example.net,,2025-03-06,premium,38.0,2026-07-19 13:22:07.670061
2677,Susan Sanders,kristenkaiser@example.com,Canada,2024-08-09,,,2026-07-19 13:22:07.670061
2678,Brittany Navarro,nicholemartinez@example.org,India,2026-02-09,Standard,26.0,2026-07-19 13:22:07.670061
2679,Catherine Lee,kaylagonzalez@example.com,India,2022-05-22,Standard,,2026-07-19 13:22:07.670061
2680,Ashley Murphy,knightsherry@example.com,,2021-12-21,Standard,20.0,2026-07-19 13:22:07.670061
2681,Mr. Michael Sims Jr.,michael22@example.com,,2024-01-30,,25.0,2026-07-19 13:22:07.671062
2682,Nicole Morris,flemingtracy@example.org,Germany,2021-11-10,Premium,,2026-07-19 13:22:07.671062
2683,Brenda Lewis,mariojohnson@example.com,UK,2024-05-24,premium,70.0,2026-07-19 13:22:07.671062
2684,Mary Rivera,jroman@example.com,Canada,2024-12-25,,49.0,2026-07-19 13:22:07.671062
2685,Ryan Edwards,wrightkaren@example.org,Germany,2024-05-23,,20.0,2026-07-19 13:22:07.671062
2686,Teresa Erickson,smithnancy@example.net,USA,2024-06-03,Standard,,2026-07-19 13:22:07.671062
2687,Matthew Craig,shanemckenzie@example.org,UK,2026-04-03,premium,,2026-07-19 13:22:07.671062
2688,Amy Gould,johnnywoods@example.net,Canada,2021-06-12,premium,34.0,2026-07-19 13:22:07.672046
2689,Kimberly Lewis,aowens@example.net,Canada,2024-08-20,,45.0,2026-07-19 13:22:07.672046
2690,Michael Chang,walkerjacob@example.org,Canada,2023-06-12,,,2026-07-19 13:22:07.672046
2691,Thomas Mitchell,barbara17@example.net,UK,2023-12-13,,,2026-07-19 13:22:07.672046
2692,Jessica Randolph,ryan16@example.net,USA,2021-03-01,,47.0,2026-07-19 13:22:07.672046
2693,John Garner,edgar47@example.com,USA,2021-06-17,Premium,,2026-07-19 13:22:07.672046
2694,Ian Jones,birdjasmine@example.org,Canada,2025-02-23,premium,,2026-07-19 13:22:07.672046
2695,Caleb Clark,swilliams@example.net,Canada,2023-02-05,premium,,2026-07-19 13:22:07.672046
2696,Erik Franklin,ingramashley@example.org,,2025-02-21,Premium,,2026-07-19 13:22:07.672046
2697,Julie Johnson,timothywilkerson@example.org,UK,2022-11-04,premium,34.0,2026-07-19 13:22:07.673062
2698,Elizabeth Garcia,robertsanthony@example.net,Germany,2023-12-15,Premium,46.0,2026-07-19 13:22:07.673062
2699,Thomas Myers,michelle81@example.com,Germany,2026-05-05,premium,48.0,2026-07-19 13:22:07.673062
2700,Melinda Sparks MD,csimpson@example.org,Germany,2026-03-22,Premium,,2026-07-19 13:22:07.673062
2701,Elizabeth Wells,victoria19@example.net,Canada,2024-01-29,Standard,,2026-07-19 13:22:07.673062
2702,Beverly Morgan,jessegreen@example.com,India,2021-09-04,,26.0,2026-07-19 13:22:07.673062
2703,Luis Thornton,gomezterri@example.org,,2025-07-27,Standard,57.0,2026-07-19 13:22:07.673062
2704,Russell Cain,eperez@example.net,USA,2025-11-27,Premium,,2026-07-19 13:22:07.673062
2705,Kimberly Cook,laurenatkinson@example.com,UK,2024-10-08,Premium,53.0,2026-07-19 13:22:07.674045
2706,Kristen Gamble,connienelson@example.com,Canada,2021-03-18,premium,34.0,2026-07-19 13:22:07.674045
2707,Joshua Green,hoodapril@example.org,,2021-10-23,premium,52.0,2026-07-19 13:22:07.674045
2708,Charles Carlson,mnichols@example.com,UK,2025-03-26,premium,24.0,2026-07-19 13:22:07.674045
2709,James Anderson,hallian@example.org,UK,2024-01-23,Premium,50.0,2026-07-19 13:22:07.674045
2710,Christina Green,finleyheather@example.com,USA,2025-05-28,premium,,2026-07-19 13:22:07.674045
2711,Michelle Spencer,goneal@example.org,,2024-03-20,Premium,,2026-07-19 13:22:07.675065
2712,Francisco Gray,noahrivera@example.net,India,2025-09-29,Premium,,2026-07-19 13:22:07.675065
2713,Mrs. Lisa Carlson,xwong@example.org,India,2021-01-29,,,2026-07-19 13:22:07.675065
2714,Mary Mason,wmathis@example.org,Germany,2021-04-06,premium,57.0,2026-07-19 13:22:07.675065
2715,Misty Moreno,cassandra72@example.com,USA,2024-06-25,Premium,36.0,2026-07-19 13:22:07.675065
2716,Wendy Coffey,brownkyle@example.org,UK,2026-05-28,Premium,56.0,2026-07-19 13:22:07.675065
2717,Andrea Suarez,ucollier@example.net,India,2023-09-07,premium,,2026-07-19 13:22:07.675065
2718,Linda Grimes,pamelamorris@example.org,UK,2026-05-14,Standard,42.0,2026-07-19 13:22:07.675065
2719,Christopher Woodard,yschroeder@example.com,Canada,2021-03-04,Standard,,2026-07-19 13:22:07.676047
2720,Bryan Hess,sharvey@example.org,UK,2022-06-09,Premium,51.0,2026-07-19 13:22:07.676047
2721,Charles Scott,ugallegos@example.com,UK,2023-11-25,,,2026-07-19 13:22:07.676047
2722,James Kennedy,nwagner@example.com,USA,2021-11-10,premium,,2026-07-19 13:22:07.676047
2723,Chris Jones,andersonleah@example.org,USA,2022-01-25,premium,,2026-07-19 13:22:07.676047
2724,Charlotte Mitchell,nicholas46@example.com,India,2022-05-09,Premium,62.0,2026-07-19 13:22:07.676047
2725,Joseph Brown,patricianelson@example.net,Germany,2022-06-10,,41.0,2026-07-19 13:22:07.676047
2726,Timothy Norris,jeffreymendez@example.net,India,2023-05-29,Premium,,2026-07-19 13:22:07.676047
2727,Breanna Meyer,mercedes20@example.org,UK,2025-04-04,,,2026-07-19 13:22:07.676047
2728,Earl Davis,fieldsrandy@example.com,USA,2023-05-10,Standard,52.0,2026-07-19 13:22:07.677046
2729,Lawrence Lopez,mark56@example.com,Germany,2022-10-08,Standard,,2026-07-19 13:22:07.677046
2730,Sheila Campbell MD,ngreene@example.net,India,2024-08-19,premium,25.0,2026-07-19 13:22:07.677046
2731,Ms. Abigail Reynolds,andreaparker@example.com,Germany,2024-03-09,Standard,,2026-07-19 13:22:07.677046
2732,Kristen Richard,allison04@example.com,,2021-08-09,Standard,,2026-07-19 13:22:07.677046
2733,Heather Johnson,cgreen@example.com,Canada,2025-08-12,Premium,,2026-07-19 13:22:07.677046
2734,Lisa Calderon,timothygreene@example.net,UK,2022-07-24,,65.0,2026-07-19 13:22:07.677046
2735,Julia Heath,dadams@example.com,USA,2021-09-03,Premium,45.0,2026-07-19 13:22:07.677046
2736,Belinda Bowers,shawnmeyer@example.net,,2025-08-12,Premium,,2026-07-19 13:22:07.678046
2737,Eric Gonzalez,kristenalexander@example.net,Germany,2024-07-24,Standard,43.0,2026-07-19 13:22:07.678046
2738,Julie Davis,stevenzimmerman@example.net,,2024-11-26,Premium,,2026-07-19 13:22:07.678046
2739,Rachel Thompson,hunter94@example.com,UK,2023-02-19,Premium,64.0,2026-07-19 13:22:07.678046
2740,Chelsea Lee,barremily@example.com,Canada,2022-05-29,premium,,2026-07-19 13:22:07.678046
2741,Andres Sanchez,ihernandez@example.net,,2024-01-10,,,2026-07-19 13:22:07.678046
2742,Miranda Hampton,frederick87@example.org,,2025-10-17,Standard,64.0,2026-07-19 13:22:07.678046
2743,Howard Sullivan,elizabethmatthews@example.com,USA,2021-07-11,Premium,,2026-07-19 13:22:07.678046
2744,Mrs. Carol Johnson,amanda69@example.org,,2022-11-28,,,2026-07-19 13:22:07.678046
2745,Jeffrey Keller,allenkelsey@example.net,Germany,2025-07-23,premium,67.0,2026-07-19 13:22:07.679046
2746,Tyler Jones,castilloeric@example.org,USA,2024-11-18,,39.0,2026-07-19 13:22:07.679046
2747,Alicia Smith,stephensjustin@example.com,UK,2023-08-24,,,2026-07-19 13:22:07.679046
2748,Catherine Snyder,jasmineclark@example.net,Germany,2024-10-05,Standard,27.0,2026-07-19 13:22:07.679046
2749,Samuel Evans,mcgeewilliam@example.org,,2021-08-07,Standard,,2026-07-19 13:22:07.679046
2750,Nathaniel Stone,wagnerlouis@example.org,UK,2021-08-13,premium,,2026-07-19 13:22:07.679046
2751,Donald Lane,eric81@example.com,India,2025-08-14,Premium,,2026-07-19 13:22:07.679046
2752,Caleb Fitzpatrick,karen56@example.net,Germany,2024-02-02,Standard,,2026-07-19 13:22:07.679046
2753,Jean West,tom27@example.net,India,2023-02-24,Premium,,2026-07-19 13:22:07.680045
2754,Emily Barnes,rachaelcallahan@example.com,USA,2026-01-04,Standard,53.0,2026-07-19 13:22:07.680045
2755,Jacob Bauer,reginabarrera@example.net,Canada,2023-03-12,Premium,52.0,2026-07-19 13:22:07.680045
2756,Jeanette Chapman,audrey79@example.com,Canada,2023-10-23,Premium,41.0,2026-07-19 13:22:07.680045
2757,Edgar Wolfe,charles49@example.org,India,2021-04-08,,,2026-07-19 13:22:07.680045
2758,Bridget Rodriguez,taylorchristina@example.org,UK,2025-11-03,,36.0,2026-07-19 13:22:07.680045
2759,Rebecca Grant,bradleywilson@example.org,,2022-08-03,Premium,,2026-07-19 13:22:07.680045
2760,Alexander Waters,gallowayglenda@example.net,Germany,2025-01-27,Premium,,2026-07-19 13:22:07.680045
2761,Alexander Smith,nicholas36@example.org,,2022-10-19,Premium,40.0,2026-07-19 13:22:07.680045
2762,Bryan Rios,whitneywerner@example.com,,2022-02-06,Standard,64.0,2026-07-19 13:22:07.681045
2763,Lisa Krause,william79@example.com,India,2025-09-02,premium,,2026-07-19 13:22:07.681045
2764,Desiree Scott,david23@example.net,,2022-06-04,Premium,,2026-07-19 13:22:07.681045
2765,Shelby Johnson,stevenmoon@example.net,Canada,2024-02-13,Premium,,2026-07-19 13:22:07.681045
2766,Fernando Campbell,bthompson@example.org,USA,2021-10-30,Premium,58.0,2026-07-19 13:22:07.681045
2767,Darlene Ramirez,cheryl28@example.com,USA,2025-10-12,,32.0,2026-07-19 13:22:07.681045
2768,Donald Webb,michaelsantos@example.net,India,2023-11-30,Standard,49.0,2026-07-19 13:22:07.681045
2769,David Smith,angelamendoza@example.net,,2023-10-06,premium,26.0,2026-07-19 13:22:07.681045
2770,Deborah Rose,marshallnancy@example.net,,2021-08-21,Premium,51.0,2026-07-19 13:22:07.682045
2771,Gina Taylor,dongrimes@example.org,Canada,2024-02-11,Premium,49.0,2026-07-19 13:22:07.682045
2772,Rodney Davis,wallacesandra@example.net,,2025-07-20,Premium,,2026-07-19 13:22:07.682045
2773,Todd Lopez,wgarza@example.net,UK,2024-06-01,Standard,,2026-07-19 13:22:07.682045
2774,Anthony Parks,floresthomas@example.net,Germany,2023-07-29,Standard,37.0,2026-07-19 13:22:07.682045
2775,Mark Jackson,gailhall@example.org,India,2022-10-20,,,2026-07-19 13:22:07.682045
2776,Mr. Andrew Patterson,darlene79@example.com,UK,2024-07-18,,36.0,2026-07-19 13:22:07.682045
2777,Raven Ross,melanieelliott@example.com,USA,2025-12-01,premium,,2026-07-19 13:22:07.682045
2778,Kimberly Erickson,brucesullivan@example.com,India,2025-02-28,,25.0,2026-07-19 13:22:07.683045
2779,Melanie Weiss,bross@example.org,Germany,2021-03-09,premium,60.0,2026-07-19 13:22:07.683045
2780,Vicki Faulkner,sarahalvarez@example.com,India,2022-08-22,,63.0,2026-07-19 13:22:07.683045
2781,Samuel Chaney,norman11@example.com,Germany,2021-11-02,,,2026-07-19 13:22:07.683045
2782,Grant Everett,debrabrady@example.net,,2025-03-26,Premium,,2026-07-19 13:22:07.683045
2783,Jeremy Rivera,todd48@example.net,UK,2025-05-05,,,2026-07-19 13:22:07.683045
2784,Steven Brown,richard11@example.net,India,2022-10-06,premium,,2026-07-19 13:22:07.683045
2785,Benjamin Rich,christopher47@example.net,Germany,2024-03-01,,34.0,2026-07-19 13:22:07.683045
2786,Mark Robinson,daniel59@example.org,India,2023-10-29,Standard,39.0,2026-07-19 13:22:07.683045
2787,Jim Mccarthy,emily93@example.com,India,2024-01-15,,32.0,2026-07-19 13:22:07.683045
2788,Jeffrey Chambers,ymarks@example.net,UK,2025-05-23,Premium,,2026-07-19 13:22:07.684045
2789,Frank Price,tammy81@example.com,USA,2023-02-27,Premium,64.0,2026-07-19 13:22:07.684045
2790,Michael Burns,ryan30@example.net,Germany,2026-01-16,premium,40.0,2026-07-19 13:22:07.684045
2791,Jennifer Dixon,mcgeesandra@example.com,,2026-04-10,Standard,41.0,2026-07-19 13:22:07.684045
2792,Lisa Faulkner MD,amandasmith@example.com,USA,2021-11-06,,63.0,2026-07-19 13:22:07.684045
2793,Brian Thomas,barneslisa@example.com,India,2022-01-20,Standard,,2026-07-19 13:22:07.684045
2794,Michael Bautista,awilson@example.net,Germany,2025-05-04,Standard,18.0,2026-07-19 13:22:07.684045
2795,Denise Fitzgerald,hmontoya@example.net,Canada,2022-04-25,Premium,,2026-07-19 13:22:07.684045
2796,Elizabeth Wright,stephanie24@example.com,Germany,2026-04-24,Standard,,2026-07-19 13:22:07.685045
2797,Glenda Johnson,megan59@example.com,Canada,2025-04-04,Standard,,2026-07-19 13:22:07.685045
2798,William Hernandez,amy85@example.com,,2025-11-08,,,2026-07-19 13:22:07.685045
2799,Lisa Crosby,cdavis@example.net,USA,2021-12-17,premium,23.0,2026-07-19 13:22:07.685045
2800,Melissa Gray,claire59@example.org,Canada,2023-09-20,,19.0,2026-07-19 13:22:07.685045
2801,Alexis Peterson,uruiz@example.net,,2021-11-22,Standard,,2026-07-19 13:22:07.685045
2802,Jonathan Hammond,rosselizabeth@example.org,USA,2021-11-20,premium,,2026-07-19 13:22:07.685045
2803,Bryan Johnson,gooddaniel@example.com,Germany,2023-09-04,Premium,,2026-07-19 13:22:07.685045
2804,Shelby Willis,scottgray@example.org,Germany,2025-05-30,Premium,,2026-07-19 13:22:07.685045
2805,Jeffrey Scott,rodriguezallison@example.org,Germany,2024-11-30,,23.0,2026-07-19 13:22:07.686049
2806,Kathleen Moore,shane22@example.net,Germany,2023-05-28,premium,,2026-07-19 13:22:07.686049
2807,Melissa Wagner,hillmelissa@example.net,,2023-07-23,Standard,42.0,2026-07-19 13:22:07.686049
2808,Darlene Larson,christophercooper@example.com,Germany,2022-06-20,,41.0,2026-07-19 13:22:07.686049
2809,Carol West,fwhite@example.net,Germany,2025-04-17,Premium,43.0,2026-07-19 13:22:07.686049
2810,Martin Page,shaun60@example.org,Germany,2024-06-22,,54.0,2026-07-19 13:22:07.686049
2811,Michael Keller,mbell@example.net,,2024-10-21,premium,27.0,2026-07-19 13:22:07.686049
2812,Kimberly Brooks,angela44@example.net,Canada,2023-05-28,Standard,,2026-07-19 13:22:07.686049
2813,Brett Case,hmoore@example.net,UK,2025-02-23,Premium,,2026-07-19 13:22:07.686049
2814,Nicholas Ward,richardjohnson@example.org,UK,2021-11-06,,51.0,2026-07-19 13:22:07.686049
2815,Heather Wood,jeffrey07@example.net,Canada,2022-03-31,,,2026-07-19 13:22:07.686049
2816,Jeremy Williams,wheeleraustin@example.org,India,2022-05-25,premium,27.0,2026-07-19 13:22:07.686049
2817,Scott Johnson,olivia36@example.net,India,2022-09-07,,,2026-07-19 13:22:07.686049
2818,Henry Salazar,ashleymelendez@example.org,,2025-05-17,,,2026-07-19 13:22:07.686049
2819,Wendy Montes,emily21@example.com,India,2021-03-02,Standard,,2026-07-19 13:22:07.687552
2820,Karen Coffey,andrea15@example.net,,2023-11-03,Premium,,2026-07-19 13:22:07.687552
2821,Brittany Allen,vjennings@example.org,,2026-02-11,,26.0,2026-07-19 13:22:07.687552
2822,James Yang,nicholas72@example.org,USA,2023-08-20,Premium,28.0,2026-07-19 13:22:07.687552
2823,Emily Livingston,millerbrittany@example.org,Germany,2021-09-02,Premium,,2026-07-19 13:22:07.687552
2824,Danielle Walker,janderson@example.com,Germany,2025-08-04,,,2026-07-19 13:22:07.687552
2825,Alec Hodge,omiller@example.org,Germany,2026-07-01,premium,,2026-07-19 13:22:07.687552
2826,Charlene Ramirez,enelson@example.com,India,2022-07-06,premium,,2026-07-19 13:22:07.687552
2827,Cory Scott,jswanson@example.net,UK,2021-07-24,premium,54.0,2026-07-19 13:22:07.687552
2828,Terrance Dickerson,pacheconatalie@example.org,USA,2024-12-02,Standard,,2026-07-19 13:22:07.688556
2829,Corey Adams,michael49@example.org,UK,2023-02-27,premium,,2026-07-19 13:22:07.688556
2830,Shawn Evans,bradley30@example.net,USA,2021-04-19,premium,65.0,2026-07-19 13:22:07.688556
2831,Steven Davila MD,ywilkinson@example.com,USA,2023-08-11,,,2026-07-19 13:22:07.688556
2832,Gilbert Steele,amydawson@example.net,Germany,2025-07-17,Standard,48.0,2026-07-19 13:22:07.688556
2833,Riley Gardner,jamesmoore@example.net,Canada,2024-10-19,Standard,30.0,2026-07-19 13:22:07.688556
2834,Taylor Reyes,riveradan@example.com,UK,2023-12-23,premium,24.0,2026-07-19 13:22:07.688556
2835,Nicole Romero,philliplewis@example.org,UK,2023-12-03,Standard,,2026-07-19 13:22:07.688556
2836,Jessica Lara,taylorjones@example.net,,2023-05-31,Standard,40.0,2026-07-19 13:22:07.689556
2837,Emily Bennett,ramosmichelle@example.org,USA,2025-01-03,premium,,2026-07-19 13:22:07.689556
2838,Keith Scott,michellegould@example.com,UK,2022-06-17,premium,,2026-07-19 13:22:07.689556
2839,Julia Stewart,dlittle@example.org,India,2023-05-27,Standard,22.0,2026-07-19 13:22:07.689556
2840,Katie Harrison,bking@example.org,Canada,2022-06-14,Standard,35.0,2026-07-19 13:22:07.689556
2841,Terry Nash,christianjennifer@example.org,India,2023-05-22,Premium,,2026-07-19 13:22:07.689556
2842,Shelby Simmons,amanda56@example.org,India,2023-04-28,premium,,2026-07-19 13:22:07.689556
2843,Jordan Delgado,ylee@example.com,USA,2025-08-09,Premium,68.0,2026-07-19 13:22:07.689556
2844,Timothy Schneider,thomastiffany@example.net,USA,2026-01-13,Standard,27.0,2026-07-19 13:22:07.689556
2845,Amber Bennett,jcunningham@example.net,Germany,2021-08-23,Premium,38.0,2026-07-19 13:22:07.690555
2846,Kimberly Bennett,jessica54@example.org,Canada,2025-10-12,,,2026-07-19 13:22:07.690555
2847,Patricia Jefferson,joshua95@example.net,India,2024-11-07,Premium,,2026-07-19 13:22:07.690555
2848,James Dunlap,alyssabrown@example.org,Germany,2022-03-18,,,2026-07-19 13:22:07.690555
2849,Charles Mckinney,jyang@example.net,India,2024-10-19,premium,51.0,2026-07-19 13:22:07.690555
2850,Christopher Soto,emily00@example.org,UK,2021-10-29,Standard,,2026-07-19 13:22:07.690555
2851,Ann Johnson,joshua72@example.com,,2025-09-30,,,2026-07-19 13:22:07.690555
2852,Nichole Byrd,blake69@example.net,Germany,2022-08-26,premium,61.0,2026-07-19 13:22:07.690555
2853,Richard Crosby,fhaynes@example.net,UK,2021-07-03,,,2026-07-19 13:22:07.691664
2854,Jamie Sanders,joel70@example.org,USA,2026-05-29,premium,,2026-07-19 13:22:07.691664
2855,Drew Haynes,barkermichael@example.com,,2024-03-03,Standard,57.0,2026-07-19 13:22:07.691664
2856,Teresa Johnson,thomasbolton@example.net,Germany,2024-06-13,Standard,65.0,2026-07-19 13:22:07.691664
2857,Caleb Alexander DDS,jscott@example.org,USA,2024-01-26,premium,51.0,2026-07-19 13:22:07.691664
2858,Vanessa Garrison,fletcherrichard@example.org,Canada,2023-04-06,premium,39.0,2026-07-19 13:22:07.691664
2859,Christine Mcdonald,corey90@example.com,India,2021-05-31,premium,50.0,2026-07-19 13:22:07.691664
2860,William Nelson,jerrybarrett@example.com,UK,2025-01-06,Premium,,2026-07-19 13:22:07.691664
2861,Carol Lester,ugraham@example.com,,2023-11-12,,,2026-07-19 13:22:07.692559
2862,James Smith,kevinarmstrong@example.net,India,2023-01-16,Premium,54.0,2026-07-19 13:22:07.692559
2863,Vernon Jackson,jeremyharvey@example.net,,2021-05-07,,,2026-07-19 13:22:07.692559
2864,Laura Duncan,christianedward@example.com,Germany,2025-07-29,,65.0,2026-07-19 13:22:07.692559
2865,Austin Bowen,rgregory@example.org,Canada,2024-06-23,Premium,57.0,2026-07-19 13:22:07.693557
2866,Daniel Rodgers,fgriffin@example.net,,2022-06-03,Standard,26.0,2026-07-19 13:22:07.693557
2867,Charles Webster,sandrajones@example.com,Germany,2021-11-14,Premium,,2026-07-19 13:22:07.693557
2868,Stacey Williams,michael95@example.net,,2022-07-25,Premium,38.0,2026-07-19 13:22:07.693557
2869,Kenneth Thompson,chelsea08@example.org,UK,2024-12-28,Standard,59.0,2026-07-19 13:22:07.693557
2870,John Blair,eugene48@example.com,India,2021-11-08,premium,63.0,2026-07-19 13:22:07.693557
2871,Lee Hamilton,robertsanthony@example.org,UK,2022-07-02,premium,51.0,2026-07-19 13:22:07.693557
2872,Alexander Wiggins,fmiller@example.net,,2024-04-15,,60.0,2026-07-19 13:22:07.693557
2873,Ashley Lamb,brenda08@example.org,Canada,2025-06-19,Standard,,2026-07-19 13:22:07.693557
2874,Robert Smith,carrollstephanie@example.com,Canada,2025-07-31,,,2026-07-19 13:22:07.695062
2875,Erica Simon,cvargas@example.org,UK,2025-06-08,,29.0,2026-07-19 13:22:07.695062
2876,Rodney Murphy,warroyo@example.com,India,2025-01-05,premium,,2026-07-19 13:22:07.695062
2877,Yolanda Evans,jacob16@example.net,Germany,2023-05-13,Premium,,2026-07-19 13:22:07.695062
2878,Christopher Wall,jeremy25@example.com,Canada,2025-11-23,Premium,29.0,2026-07-19 13:22:07.695062
2879,Mr. Peter Williams,melanierodgers@example.com,USA,2024-10-07,Premium,67.0,2026-07-19 13:22:07.695062
2880,Tyrone Tran,nichole71@example.org,Canada,2025-04-30,premium,47.0,2026-07-19 13:22:07.695062
2881,Michelle Robertson,randy86@example.org,,2021-04-05,Standard,37.0,2026-07-19 13:22:07.695062
2882,Angela Morales,lisaroberts@example.org,,2022-04-24,Standard,37.0,2026-07-19 13:22:07.696068
2883,Melissa Lewis,daniel53@example.com,Germany,2022-08-04,premium,,2026-07-19 13:22:07.696068
2884,Wendy Murray,mark66@example.com,USA,2023-05-19,premium,44.0,2026-07-19 13:22:07.696068
2885,Christine Lane,ashley76@example.com,USA,2025-01-07,Standard,,2026-07-19 13:22:07.696068
2886,Ms. Amber Camacho,smithdominique@example.net,India,2022-08-21,,34.0,2026-07-19 13:22:07.696068
2887,Christopher Martinez,dunnamber@example.com,Germany,2024-07-22,premium,,2026-07-19 13:22:07.696068
2888,Isaac Todd,jonesjoshua@example.com,,2022-09-11,Standard,,2026-07-19 13:22:07.696068
2889,Trevor Newman,waltersthomas@example.org,USA,2023-07-14,Standard,,2026-07-19 13:22:07.696068
2890,Robin Williams,michael75@example.com,India,2022-12-04,premium,,2026-07-19 13:22:07.696068
2891,Jamie Smith,george00@example.com,,2021-02-12,premium,23.0,2026-07-19 13:22:07.697068
2892,Vernon Warren,twelch@example.com,India,2025-04-29,,34.0,2026-07-19 13:22:07.697068
2893,Roger Mata,kenneth44@example.com,Canada,2023-08-26,Standard,48.0,2026-07-19 13:22:07.697068
2894,Paul Cain,heather47@example.com,Germany,2023-04-05,premium,,2026-07-19 13:22:07.697068
2895,Albert Morris,julie23@example.org,,2023-04-01,Premium,38.0,2026-07-19 13:22:07.697068
2896,Patty Carter,dwayne91@example.net,,2024-07-15,Premium,,2026-07-19 13:22:07.697068
2897,Debbie Scott,markwashington@example.com,Germany,2024-09-02,premium,59.0,2026-07-19 13:22:07.697068
2898,Jennifer Anderson,coreygraham@example.net,USA,2021-06-05,premium,37.0,2026-07-19 13:22:07.697068
2899,Jasmine Smith,ericapoole@example.net,Germany,2023-06-26,Standard,66.0,2026-07-19 13:22:07.698068
2900,Alexandra Park,markgonzales@example.org,Germany,2022-01-04,,,2026-07-19 13:22:07.698068
2901,Andrew Price,anthonywilkinson@example.com,,2024-04-23,,,2026-07-19 13:22:07.698068
2902,Trevor Gonzalez,phyllisware@example.com,,2024-06-15,premium,,2026-07-19 13:22:07.698068
2903,Erin Wilson,mckenziecindy@example.org,India,2026-04-28,Standard,66.0,2026-07-19 13:22:07.698068
2904,Roger Turner,walteryu@example.net,Germany,2024-02-28,premium,,2026-07-19 13:22:07.699067
2905,Lindsey Calhoun,schaeferamber@example.org,UK,2026-05-22,Standard,50.0,2026-07-19 13:22:07.699067
2906,Jay Vance,josephfriedman@example.org,India,2021-07-30,Standard,54.0,2026-07-19 13:22:07.699067
2907,Tina Garza,nharmon@example.org,USA,2022-10-30,premium,68.0,2026-07-19 13:22:07.699067
2908,David Calderon,collinssandra@example.com,Canada,2024-10-24,Standard,,2026-07-19 13:22:07.699067
2909,Kim Murphy,thompsontimothy@example.com,Germany,2024-04-30,Standard,47.0,2026-07-19 13:22:07.699067
2910,Brandon Miranda,nguyenelizabeth@example.net,,2025-09-20,Standard,,2026-07-19 13:22:07.699067
2911,Michelle Welch,hansenpriscilla@example.org,India,2026-02-05,Standard,33.0,2026-07-19 13:22:07.699067
2912,Eric Malone,joshua91@example.net,Germany,2026-01-16,Standard,,2026-07-19 13:22:07.700072
2913,Vanessa Reed,kidddwayne@example.net,Canada,2023-11-15,Standard,40.0,2026-07-19 13:22:07.700072
2914,Nancy Murphy,dustinferguson@example.net,Germany,2023-06-19,,62.0,2026-07-19 13:22:07.700072
2915,Hannah Larson,janewilson@example.org,Germany,2022-10-20,,47.0,2026-07-19 13:22:07.700072
2916,Rebecca Alvarez,westmatthew@example.net,Canada,2024-05-17,Standard,38.0,2026-07-19 13:22:07.700072
2917,Denise Trujillo,donnaroth@example.org,Germany,2022-03-19,premium,,2026-07-19 13:22:07.700072
2918,Mrs. Jamie Ashley,ronald76@example.org,UK,2024-05-04,Premium,,2026-07-19 13:22:07.700072
2919,Nicole Harris,ashleyanderson@example.com,,2022-05-25,Premium,32.0,2026-07-19 13:22:07.700072
2920,Joel Chaney,jenniferlarson@example.com,USA,2024-06-24,premium,39.0,2026-07-19 13:22:07.700072
2921,Mercedes Murphy DVM,howard75@example.net,UK,2023-03-10,,22.0,2026-07-19 13:22:07.701179
2922,Robin Burns,amandaferguson@example.net,USA,2023-09-30,Standard,20.0,2026-07-19 13:22:07.701179
2923,Stephen Perez,bsmith@example.org,India,2024-02-09,Premium,,2026-07-19 13:22:07.701179
2924,Richard Martinez,zbrown@example.com,,2025-07-16,,,2026-07-19 13:22:07.701179
2925,Robert Brown,vcortez@example.net,India,2024-05-18,,,2026-07-19 13:22:07.701179
2926,Renee Obrien,donald06@example.net,Germany,2025-07-17,Standard,43.0,2026-07-19 13:22:07.701179
2927,Michael Ross,owenjeffrey@example.net,Germany,2022-01-10,Premium,40.0,2026-07-19 13:22:07.701179
2928,Kimberly Williams,jessicajohnson@example.org,,2021-09-17,,69.0,2026-07-19 13:22:07.701179
2929,Mark Richmond,anthonywilson@example.org,USA,2024-10-04,Standard,,2026-07-19 13:22:07.702114
2930,Joseph Williams,michaelhunter@example.com,,2023-12-31,Premium,,2026-07-19 13:22:07.702114
2931,Jasmine Taylor,michael88@example.net,Germany,2022-03-23,Premium,,2026-07-19 13:22:07.702114
2932,Gloria Edwards,stephen65@example.com,India,2022-05-22,Premium,,2026-07-19 13:22:07.702114
2933,Mary Gill,bradfordamber@example.com,UK,2024-06-16,,,2026-07-19 13:22:07.702114
2934,James Yoder,olopez@example.org,UK,2021-02-05,premium,25.0,2026-07-19 13:22:07.702114
2935,Christopher Griffin,jennifer90@example.net,Germany,2023-07-27,,61.0,2026-07-19 13:22:07.702114
2936,Diana Mccarty,rachelshelton@example.org,USA,2026-07-05,premium,,2026-07-19 13:22:07.702114
2937,Paul Kaiser,joshuajennings@example.com,USA,2023-08-30,,45.0,2026-07-19 13:22:07.702114
2938,Emily Gilmore,margaretlane@example.org,Germany,2024-12-20,Premium,,2026-07-19 13:22:07.702114
2939,David Floyd,moorekristen@example.net,Germany,2024-06-28,Premium,,2026-07-19 13:22:07.703181
2940,Megan Berry,johnny34@example.org,India,2024-02-29,premium,,2026-07-19 13:22:07.703181
2941,Charles Lopez,nsilva@example.net,Canada,2023-07-04,premium,,2026-07-19 13:22:07.703181
2942,Todd Lucero,sarah96@example.com,India,2024-03-17,Premium,,2026-07-19 13:22:07.703181
2943,Krista Johnson,megansmith@example.org,India,2022-12-25,Premium,56.0,2026-07-19 13:22:07.703181
2944,Lori Higgins,michael14@example.net,India,2022-06-12,Premium,,2026-07-19 13:22:07.703181
2945,Virginia Olson,omarshall@example.com,USA,2025-07-26,Premium,52.0,2026-07-19 13:22:07.703181
2946,Joy Bowen,meyersjeremiah@example.com,USA,2022-06-22,Standard,,2026-07-19 13:22:07.703181
2947,Alexa Winters,ramireztonya@example.net,Germany,2021-07-17,premium,,2026-07-19 13:22:07.703181
2948,Joanne Peck,rmoore@example.com,,2023-02-01,Standard,,2026-07-19 13:22:07.703181
2949,Teresa Ellis,james28@example.net,Canada,2026-02-13,premium,41.0,2026-07-19 13:22:07.704606
2950,Joseph Phillips,valenciaeric@example.net,USA,2023-02-18,Premium,42.0,2026-07-19 13:22:07.704606
2951,Rachel Ortiz,mcdonaldkevin@example.org,India,2021-05-07,premium,,2026-07-19 13:22:07.704606
2952,David Lawson,dstein@example.net,Canada,2025-07-08,premium,64.0,2026-07-19 13:22:07.704606
2953,Gregory Wilson,stephanieanderson@example.com,Germany,2021-02-19,Premium,68.0,2026-07-19 13:22:07.704606
2954,Michael Fowler,martinmartinez@example.com,UK,2025-01-31,premium,57.0,2026-07-19 13:22:07.704606
2955,Wendy Perez,millermichelle@example.org,,2022-01-25,Premium,,2026-07-19 13:22:07.704606
2956,Michael Owens,karen79@example.net,USA,2022-04-14,,35.0,2026-07-19 13:22:07.704606
2957,George Hansen DDS,jamescarroll@example.com,India,2023-09-26,Premium,,2026-07-19 13:22:07.704606
2958,Ruth Bailey,susan48@example.org,USA,2022-09-30,premium,35.0,2026-07-19 13:22:07.704606
2959,Jennifer Jefferson,jasminevalenzuela@example.org,Germany,2025-05-21,Premium,,2026-07-19 13:22:07.704606
2960,Amy Stewart,ucampbell@example.org,,2025-10-27,premium,,2026-07-19 13:22:07.706092
2961,Patricia Black,briannabarnes@example.net,UK,2022-02-12,premium,24.0,2026-07-19 13:22:07.706092
2962,Michael Thompson,mkerr@example.com,USA,2026-06-12,premium,32.0,2026-07-19 13:22:07.706092
2963,Shane Ford,rodneysmith@example.org,UK,2024-12-07,,,2026-07-19 13:22:07.707107
2964,David Solis,ryan55@example.org,,2023-03-18,premium,,2026-07-19 13:22:07.707107
2965,Margaret Henderson,bakersusan@example.com,Germany,2021-05-02,Premium,,2026-07-19 13:22:07.707107
2966,Joseph Kelley,ukirk@example.com,India,2024-08-09,,,2026-07-19 13:22:07.707107
2967,Theresa Shaw,garzamichelle@example.net,,2023-10-02,Standard,52.0,2026-07-19 13:22:07.707107
2968,Danielle Morales,stephen35@example.org,,2024-05-12,premium,43.0,2026-07-19 13:22:07.707107
2969,David Butler,kylestafford@example.net,,2021-10-08,Premium,,2026-07-19 13:22:07.707107
2970,Robert Lawson,juliegardner@example.org,UK,2024-08-11,Premium,,2026-07-19 13:22:07.708142
2971,Angela Lopez,williamslisa@example.net,India,2024-11-29,premium,,2026-07-19 13:22:07.708142
2972,Jennifer Henry,melissa94@example.com,Canada,2025-09-03,Standard,,2026-07-19 13:22:07.708142
2973,Matthew Bowers,johnsonsharon@example.org,UK,2024-02-17,,66.0,2026-07-19 13:22:07.708142
2974,Scott Richardson,joshua03@example.net,India,2023-06-06,,,2026-07-19 13:22:07.708142
2975,Barbara Ward,meyerswhitney@example.net,UK,2025-10-23,,56.0,2026-07-19 13:22:07.708142
2976,Kelsey Mitchell,yroman@example.net,Canada,2024-04-30,Standard,31.0,2026-07-19 13:22:07.708142
2977,Tina Cole,nramsey@example.net,UK,2024-12-04,Standard,,2026-07-19 13:22:07.708142
2978,Steven Fuller,howardjennifer@example.org,UK,2024-04-04,premium,66.0,2026-07-19 13:22:07.709098
2979,Russell Stanley,cervantesshaun@example.com,Germany,2021-07-01,premium,,2026-07-19 13:22:07.709098
2980,Antonio Carter,kathryn10@example.org,,2025-12-15,premium,,2026-07-19 13:22:07.709098
2981,Nathan Munoz,crosbylauren@example.org,USA,2021-09-24,,,2026-07-19 13:22:07.709098
2982,Rebecca Howard,michellewilliams@example.net,India,2021-12-01,,28.0,2026-07-19 13:22:07.709098
2983,Katelyn Carr,carolmorris@example.org,Germany,2024-12-06,Premium,,2026-07-19 13:22:07.709098
2984,Brandy Wilson,phillipschristopher@example.com,Germany,2022-11-14,Standard,61.0,2026-07-19 13:22:07.709098
2985,Brian Hanson,moorecarrie@example.com,Germany,2023-04-18,,,2026-07-19 13:22:07.709098
2986,Brittany Alexander,smithapril@example.com,USA,2022-12-24,Premium,57.0,2026-07-19 13:22:07.710204
2987,Michelle Cruz,andrew29@example.com,USA,2023-02-17,Premium,,2026-07-19 13:22:07.710204
2988,Catherine Lopez,savagemathew@example.org,Canada,2024-09-22,Standard,,2026-07-19 13:22:07.710204
2989,Leslie Roberts,brendaward@example.com,,2026-01-14,premium,,2026-07-19 13:22:07.710204
2990,Ashley Stevenson,porterjesse@example.com,UK,2023-09-06,Standard,,2026-07-19 13:22:07.710204
2991,Timothy Aguilar,charles32@example.net,India,2022-06-30,Standard,,2026-07-19 13:22:07.710204
2992,Veronica Allen,megan82@example.org,,2021-05-20,Standard,38.0,2026-07-19 13:22:07.710204
2993,Tamara Rodriguez,kellyross@example.org,India,2026-03-09,Premium,,2026-07-19 13:22:07.711101
2994,Jordan West,kaitlynsmith@example.org,Germany,2025-03-05,,33.0,2026-07-19 13:22:07.711101
2995,Kristin Francis,nataliehall@example.org,Germany,2023-09-29,Premium,,2026-07-19 13:22:07.711101
2996,Phillip Campbell,ihernandez@example.net,USA,2025-03-05,,64.0,2026-07-19 13:22:07.711101
2997,Jason Gonzalez,urichardson@example.net,Canada,2022-05-08,Premium,,2026-07-19 13:22:07.711101
2998,Patrick Hernandez,dunnrebecca@example.org,UK,2023-11-30,,,2026-07-19 13:22:07.711101
2999,Evan Russell,stewartmichael@example.org,India,2021-08-05,Premium,63.0,2026-07-19 13:22:07.711101
3000,Andrea Peterson,carrie97@example.org,Germany,2023-11-08,Premium,,2026-07-19 13:22:07.712099
3001,Katherine Swanson,samanthameyers@example.com,,2022-03-28,Premium,,2026-07-19 13:22:07.712099
3002,Jennifer Adams,ochoapedro@example.net,,2021-05-07,,45.0,2026-07-19 13:22:07.712099
3003,Jesse Dominguez,harveypaul@example.com,Canada,2025-09-24,premium,66.0,2026-07-19 13:22:07.712099
3004,Jenny Pham,yevans@example.com,,2025-08-07,premium,,2026-07-19 13:22:07.712099
3005,Michael Lindsey,juliehart@example.org,USA,2021-06-06,Standard,,2026-07-19 13:22:07.712099
3006,Clarence Bailey,hannahvega@example.net,USA,2025-01-24,Premium,39.0,2026-07-19 13:22:07.712099
3007,Tonya Knight,melissa39@example.org,Germany,2021-07-04,,66.0,2026-07-19 13:22:07.713102
3008,Aaron Bailey,chad34@example.net,India,2024-08-17,premium,,2026-07-19 13:22:07.713102
3009,Scott Jones,jacquelineanderson@example.net,India,2022-02-18,,,2026-07-19 13:22:07.713102
3010,Melinda Patterson,dtorres@example.com,UK,2025-01-02,Premium,66.0,2026-07-19 13:22:07.713102
3011,Isaac Baker,adamsedward@example.com,USA,2023-08-16,premium,19.0,2026-07-19 13:22:07.713102
3012,Adriana Moyer,jonesemma@example.org,India,2023-05-22,premium,,2026-07-19 13:22:07.713102
3013,Evan Moore,jasongrimes@example.com,India,2021-04-02,Standard,,2026-07-19 13:22:07.713102
3014,Carol Brooks,fgaines@example.net,Germany,2022-07-20,,,2026-07-19 13:22:07.713102
3015,Rebecca Jones,calderonmichael@example.com,USA,2022-05-18,Standard,,2026-07-19 13:22:07.714099
3016,Jimmy Herring,jenniferbrown@example.com,Germany,2025-02-08,Standard,19.0,2026-07-19 13:22:07.714099
3017,Jeremiah Gonzalez,nhernandez@example.org,UK,2024-11-06,Standard,55.0,2026-07-19 13:22:07.714099
3018,Alexandra Ortega,julie02@example.com,India,2024-07-04,,48.0,2026-07-19 13:22:07.714099
3019,Anna Jones,megan78@example.com,India,2022-12-09,Standard,,2026-07-19 13:22:07.714099
3020,Taylor Cooper,lmelendez@example.com,UK,2024-06-13,,49.0,2026-07-19 13:22:07.714099
3021,Joseph Anderson,johnsonbrent@example.net,UK,2023-11-05,Standard,,2026-07-19 13:22:07.714099
3022,Jeremy Chung,sara11@example.net,Canada,2022-10-19,Premium,39.0,2026-07-19 13:22:07.714099
3023,Christine Velez,alee@example.net,India,2025-05-23,Standard,,2026-07-19 13:22:07.714099
3024,Mark Washington,sean77@example.org,UK,2022-03-09,Premium,59.0,2026-07-19 13:22:07.715120
3025,Matthew Garcia,dylangross@example.com,India,2023-10-02,,54.0,2026-07-19 13:22:07.715120
3026,Wesley Espinoza,owilson@example.net,,2021-10-21,Standard,65.0,2026-07-19 13:22:07.715120
3027,Steven Fisher,mullinsanthony@example.org,India,2022-10-28,Premium,43.0,2026-07-19 13:22:07.715120
3028,Stephanie Rhodes,melanie38@example.org,India,2023-09-14,Premium,35.0,2026-07-19 13:22:07.715120
3029,Kimberly Bennett,rushjennifer@example.net,Canada,2024-01-17,Standard,,2026-07-19 13:22:07.715120
3030,Kevin Adams,perryjohn@example.com,,2025-07-10,Standard,,2026-07-19 13:22:07.715120
3031,Jennifer James,hamiltoncatherine@example.net,USA,2026-04-28,premium,,2026-07-19 13:22:07.715120
3032,Ms. Abigail Smith,wfoster@example.com,Canada,2022-05-20,Standard,64.0,2026-07-19 13:22:07.716115
3033,Jeremy Campbell,colemancourtney@example.net,USA,2023-08-14,premium,21.0,2026-07-19 13:22:07.716115
3034,Douglas Orr,makayla02@example.net,USA,2025-03-07,,47.0,2026-07-19 13:22:07.716115
3035,Danielle York,hadams@example.org,UK,2021-08-09,Premium,38.0,2026-07-19 13:22:07.716115
3036,Vanessa Silva,dtaylor@example.net,USA,2023-11-13,Premium,46.0,2026-07-19 13:22:07.716115
3037,Brian Rodriguez,amorales@example.net,Germany,2025-06-10,Premium,52.0,2026-07-19 13:22:07.716115
3038,Jacqueline Bailey,christopher92@example.net,UK,2023-10-26,premium,54.0,2026-07-19 13:22:07.716115
3039,Devon Snow,brandy21@example.org,UK,2024-02-20,Premium,,2026-07-19 13:22:07.716115
3040,Michael Huber,davisandrew@example.net,,2025-06-16,,,2026-07-19 13:22:07.716115
3041,Tammy Patterson,glennelizabeth@example.net,Germany,2023-03-06,premium,49.0,2026-07-19 13:22:07.717114
3042,Jodi Lambert,sherry01@example.net,India,2023-09-15,,,2026-07-19 13:22:07.717114
3043,Katelyn Wright,robert02@example.com,,2024-11-13,premium,52.0,2026-07-19 13:22:07.717114
3044,Joshua Robinson,pereztracy@example.org,India,2025-01-02,premium,,2026-07-19 13:22:07.717114
3045,Christian Hudson,todd61@example.org,Canada,2022-04-22,Standard,49.0,2026-07-19 13:22:07.717114
3046,Justin Zimmerman,lawrencecollier@example.net,India,2021-07-16,,49.0,2026-07-19 13:22:07.717114
3047,Jacqueline Schultz,mrodriguez@example.net,USA,2026-03-07,,,2026-07-19 13:22:07.717114
3048,Michael Morrison,yjensen@example.com,Canada,2021-05-11,,39.0,2026-07-19 13:22:07.717114
3049,Danny Lopez,jamie03@example.org,USA,2022-03-08,Premium,66.0,2026-07-19 13:22:07.717114
3050,Karen White,willisdarius@example.net,USA,2024-10-28,premium,,2026-07-19 13:22:07.718113
3051,Angela Nguyen,christina05@example.net,Canada,2022-09-16,premium,57.0,2026-07-19 13:22:07.718113
3052,Jerry Espinoza,hjackson@example.net,UK,2022-10-12,Standard,38.0,2026-07-19 13:22:07.718113
3053,Crystal Kelly,christopherpollard@example.com,USA,2022-04-02,,68.0,2026-07-19 13:22:07.718113
3054,Kathleen Aguilar,deanhunt@example.com,USA,2023-02-16,Standard,,2026-07-19 13:22:07.718113
3055,Toni Morgan,mhoffman@example.com,,2023-03-18,,,2026-07-19 13:22:07.718113
3056,Randy Chen,vmay@example.org,USA,2021-04-26,premium,,2026-07-19 13:22:07.718113
3057,Shannon Webster,wrios@example.com,India,2025-09-26,premium,,2026-07-19 13:22:07.718113
3058,Juan Contreras,petersonkevin@example.org,,2024-10-12,,,2026-07-19 13:22:07.719113
3059,David Medina,martinezjoan@example.org,UK,2024-05-05,,,2026-07-19 13:22:07.719113
3060,James Pope,charlesjones@example.org,Canada,2021-02-12,,40.0,2026-07-19 13:22:07.719113
3061,Jonathan Burns,johnsonchristopher@example.org,Germany,2022-04-01,premium,19.0,2026-07-19 13:22:07.719113
3062,Thomas Sanders,kleinmaria@example.org,USA,2022-11-02,premium,,2026-07-19 13:22:07.719113
3063,Karen Moore,ibarnes@example.com,Canada,2024-09-28,,,2026-07-19 13:22:07.719113
3064,Jodi Carr,rogerscody@example.net,India,2023-06-03,Standard,69.0,2026-07-19 13:22:07.719113
3065,Sergio Hart,bensonrandall@example.com,UK,2023-09-23,,35.0,2026-07-19 13:22:07.719113
3066,Anthony Pacheco,ybond@example.org,Canada,2025-03-09,Standard,,2026-07-19 13:22:07.720120
3067,James Cabrera,ucampos@example.org,,2023-03-23,,,2026-07-19 13:22:07.720120
3068,Edward Davis,james37@example.net,,2021-03-02,,,2026-07-19 13:22:07.720120
3069,Robert Wright,roconnor@example.com,UK,2023-04-06,,21.0,2026-07-19 13:22:07.720120
3070,Tina Fisher,michelle81@example.org,Canada,2022-12-18,premium,,2026-07-19 13:22:07.720120
3071,Cathy Anderson,tnguyen@example.com,Germany,2021-05-15,premium,,2026-07-19 13:22:07.720120
3072,Christine Pruitt,juan40@example.net,USA,2021-08-11,Premium,,2026-07-19 13:22:07.720120
3073,Brian Ward,shuff@example.org,USA,2021-08-25,Standard,,2026-07-19 13:22:07.720120
3074,Lindsey Lopez,rebecca69@example.net,UK,2025-06-05,Premium,46.0,2026-07-19 13:22:07.721100
3075,Angela Mccullough,butlerbryan@example.net,India,2023-05-04,premium,,2026-07-19 13:22:07.721100
3076,Richard Jackson,williewalker@example.net,,2026-06-05,Standard,67.0,2026-07-19 13:22:07.721100
3077,Lisa Roy,jonesgregory@example.org,,2022-07-24,premium,,2026-07-19 13:22:07.721100
3078,Mrs. Angela Smith,kenneth51@example.org,,2021-08-03,Standard,,2026-07-19 13:22:07.721100
3079,Thomas Levine,lisaburns@example.net,Germany,2025-04-09,,,2026-07-19 13:22:07.722098
3080,Katelyn Morrison,morrisdonna@example.net,USA,2022-10-01,premium,34.0,2026-07-19 13:22:07.722098
3081,Jamie Howard,amanda71@example.net,USA,2025-11-17,,,2026-07-19 13:22:07.722098
3082,Megan Garcia,thomas36@example.com,Germany,2022-01-27,Premium,51.0,2026-07-19 13:22:07.722098
3083,Blake Edwards,ucampbell@example.com,UK,2024-06-15,Premium,,2026-07-19 13:22:07.722098
3084,William Hebert,aprilgalvan@example.org,Canada,2021-03-02,premium,,2026-07-19 13:22:07.722098
3085,Carrie Horne,jenniferwilliams@example.com,India,2023-04-29,premium,58.0,2026-07-19 13:22:07.722098
3086,Shane Perry,mgreene@example.net,,2026-02-15,Premium,53.0,2026-07-19 13:22:07.723099
3087,Taylor Lindsey,randymartin@example.com,UK,2025-08-29,Premium,,2026-07-19 13:22:07.723099
3088,Robert Brown,camerondennis@example.org,UK,2022-11-26,Standard,66.0,2026-07-19 13:22:07.723099
3089,Michael Cannon,adamjohnson@example.net,,2024-02-18,premium,,2026-07-19 13:22:07.723099
3090,Charles Wheeler,charles86@example.com,,2025-09-11,premium,22.0,2026-07-19 13:22:07.723099
3091,Leslie Griffin,ashleypowers@example.com,,2023-04-28,premium,,2026-07-19 13:22:07.723099
3092,Taylor Stevens,timothyglover@example.com,Canada,2024-04-18,premium,,2026-07-19 13:22:07.723099
3093,Willie Richardson,debbie01@example.org,Canada,2026-07-02,Standard,,2026-07-19 13:22:07.723099
3094,Judith Dominguez,williamseric@example.net,USA,2025-02-04,Standard,,2026-07-19 13:22:07.724097
3095,Stephen Stewart,mbaker@example.net,UK,2023-12-25,Standard,,2026-07-19 13:22:07.724097
3096,Chad Clark,jbaker@example.net,,2021-09-07,Standard,30.0,2026-07-19 13:22:07.724097
3097,Joy Stevens,mistymeyer@example.org,USA,2024-10-26,Standard,24.0,2026-07-19 13:22:07.724097
3098,Annette Hawkins,deborahdawson@example.org,UK,2023-03-05,Premium,67.0,2026-07-19 13:22:07.724097
3099,Victoria Vasquez,pbennett@example.org,UK,2024-08-05,Premium,,2026-07-19 13:22:07.724097
3100,Brittany Jimenez,markproctor@example.com,USA,2022-11-10,Standard,,2026-07-19 13:22:07.724097
3101,Cathy Smith,danielturner@example.com,USA,2024-03-03,premium,32.0,2026-07-19 13:22:07.724097
3102,James Dixon,beverly80@example.org,India,2026-05-25,Standard,46.0,2026-07-19 13:22:07.725097
3103,Shelly Coleman,ryan52@example.com,Germany,2026-05-28,,65.0,2026-07-19 13:22:07.725097
3104,Michael Patrick,xrice@example.org,Germany,2026-04-10,,,2026-07-19 13:22:07.725097
3105,Leslie Hernandez,mendozachristine@example.net,USA,2025-05-24,,55.0,2026-07-19 13:22:07.725097
3106,Jennifer Ortiz,hendersonmichael@example.org,Canada,2021-02-10,Standard,50.0,2026-07-19 13:22:07.725097
3107,Christina Smith,luis68@example.com,USA,2022-04-22,Standard,,2026-07-19 13:22:07.725097
3108,Nicole Smith,timothy79@example.com,,2023-02-27,premium,,2026-07-19 13:22:07.725097
3109,Patrick Foster,diazmichelle@example.net,Germany,2025-06-23,Standard,,2026-07-19 13:22:07.725097
3110,Desiree Vincent,jamiethompson@example.com,Germany,2025-02-12,Premium,47.0,2026-07-19 13:22:07.726102
3111,Frank Smith,washingtonjennifer@example.org,Canada,2024-06-01,,43.0,2026-07-19 13:22:07.726102
3112,Daniel Martin,alexander60@example.net,India,2024-07-11,premium,,2026-07-19 13:22:07.726102
3113,Travis Tate,kathryn17@example.com,,2024-11-11,Standard,62.0,2026-07-19 13:22:07.726102
3114,Jennifer Long,williamsimpson@example.org,,2022-12-09,,48.0,2026-07-19 13:22:07.726102
3115,Jessica Friedman,miguelwheeler@example.org,India,2022-06-16,premium,20.0,2026-07-19 13:22:07.726102
3116,Megan Simmons,mariohenry@example.com,USA,2025-07-21,Premium,26.0,2026-07-19 13:22:07.726102
3117,Ashley Stewart,riverasierra@example.com,USA,2022-08-26,,66.0,2026-07-19 13:22:07.726102
3118,Michael Gomez,fmendoza@example.com,Canada,2023-03-16,Standard,,2026-07-19 13:22:07.727102
3119,Jesus Winters,angelamurillo@example.net,India,2023-02-01,,70.0,2026-07-19 13:22:07.727102
3120,Steve Miller,kristen72@example.net,Germany,2025-07-31,Standard,51.0,2026-07-19 13:22:07.727102
3121,Caitlin Anderson,cthomas@example.org,,2022-01-04,Standard,41.0,2026-07-19 13:22:07.727102
3122,Cole Scott,gibbszachary@example.org,USA,2026-05-19,,,2026-07-19 13:22:07.727102
3123,Emma Carpenter,marissa46@example.org,Germany,2023-01-16,premium,,2026-07-19 13:22:07.727102
3124,Larry Mcdaniel,matthew99@example.com,Canada,2022-02-26,Premium,39.0,2026-07-19 13:22:07.727102
3125,William Ward,victoria19@example.com,Germany,2026-05-10,Standard,44.0,2026-07-19 13:22:07.728102
3126,Kenneth Hunter,collin80@example.org,UK,2024-06-07,Standard,28.0,2026-07-19 13:22:07.728102
3127,Mrs. Amber Cummings,asalazar@example.net,Canada,2024-08-04,Standard,,2026-07-19 13:22:07.728102
3128,Tammy Gonzalez,dpatel@example.com,Canada,2025-12-01,,,2026-07-19 13:22:07.728102
3129,Tamara Robinson,farleymelissa@example.org,UK,2024-01-30,Standard,56.0,2026-07-19 13:22:07.728102
3130,Christie Jefferson,ohuynh@example.net,India,2023-11-17,,34.0,2026-07-19 13:22:07.728102
3131,Matthew Johnson,cwarren@example.com,India,2022-11-13,premium,57.0,2026-07-19 13:22:07.728102
3132,Jason Roberson,ftorres@example.org,Germany,2023-10-14,Standard,26.0,2026-07-19 13:22:07.728102
3133,Victoria Martinez,jennifer33@example.com,UK,2025-10-27,Standard,32.0,2026-07-19 13:22:07.728102
3134,Aaron Lynn,schultzcasey@example.org,,2026-01-06,,36.0,2026-07-19 13:22:07.729102
3135,Julia Rojas,dgardner@example.com,USA,2025-04-12,premium,,2026-07-19 13:22:07.729102
3136,Amber Becker,anthonyfrench@example.net,India,2022-07-25,,,2026-07-19 13:22:07.729102
3137,Douglas Robinson,christopher64@example.net,USA,2024-09-16,,41.0,2026-07-19 13:22:07.729102
3138,Chelsea Lucas,qjohnson@example.net,UK,2022-06-02,Premium,,2026-07-19 13:22:07.729102
3139,Alyssa Terry,daletravis@example.com,,2026-04-12,Standard,29.0,2026-07-19 13:22:07.729102
3140,Jeremy Fisher,jennifersingh@example.com,USA,2022-12-28,Premium,68.0,2026-07-19 13:22:07.729102
3141,Jeff Cole,james20@example.org,USA,2024-04-28,premium,,2026-07-19 13:22:07.729102
3142,Yesenia Anderson,hdowns@example.org,Germany,2021-09-27,premium,,2026-07-19 13:22:07.730101
3143,Robert Macdonald,mcneilashley@example.org,Germany,2025-05-06,,,2026-07-19 13:22:07.730101
3144,Darrell Santiago,cpreston@example.com,UK,2024-01-31,Premium,,2026-07-19 13:22:07.730101
3145,Sandra Boone,allenemily@example.com,,2022-03-29,premium,39.0,2026-07-19 13:22:07.730101
3146,Richard Robertson,garzamichael@example.com,India,2024-08-20,,,2026-07-19 13:22:07.730101
3147,Patrick Collier,dawnvazquez@example.org,,2026-01-03,premium,,2026-07-19 13:22:07.730101
3148,Amy Brooks,swilson@example.org,Canada,2022-03-01,premium,45.0,2026-07-19 13:22:07.730101
3149,David Wood,ayalamichael@example.net,UK,2025-11-03,Premium,,2026-07-19 13:22:07.730101
3150,Allison Brown,russell79@example.org,Canada,2025-11-15,premium,,2026-07-19 13:22:07.731102
3151,David Johnson,starkbrittany@example.com,India,2024-01-05,,53.0,2026-07-19 13:22:07.731102
3152,Alicia Jackson,househeather@example.org,UK,2025-07-11,,70.0,2026-07-19 13:22:07.731102
3153,Sergio Chaney,michael60@example.com,USA,2021-11-02,Standard,67.0,2026-07-19 13:22:07.731102
3154,Barbara Bautista,arose@example.net,USA,2022-06-08,premium,51.0,2026-07-19 13:22:07.731102
3155,Robert Bradley,ohernandez@example.com,UK,2021-09-22,Premium,,2026-07-19 13:22:07.731102
3156,Susan Murphy,scottpatton@example.org,UK,2025-04-04,Standard,41.0,2026-07-19 13:22:07.731102
3157,Kimberly Bryan,joseph53@example.com,Canada,2022-09-25,Standard,58.0,2026-07-19 13:22:07.731102
3158,Amber Nguyen,jenkinsjohn@example.org,,2025-09-11,,,2026-07-19 13:22:07.732101
3159,Renee Thompson,barnescarlos@example.com,Canada,2021-03-03,,,2026-07-19 13:22:07.732101
3160,Jason Anderson,nicolehernandez@example.net,UK,2021-02-05,,,2026-07-19 13:22:07.732101
3161,Laura Molina,eharris@example.net,India,2025-10-14,premium,18.0,2026-07-19 13:22:07.732101
3162,Brent Williams,phobbs@example.net,India,2022-07-30,premium,31.0,2026-07-19 13:22:07.732101
3163,Kevin Davidson,lopezkevin@example.org,Canada,2022-04-25,,26.0,2026-07-19 13:22:07.732101
3164,Trevor Zamora,kwong@example.net,Germany,2021-12-08,Standard,66.0,2026-07-19 13:22:07.732101
3165,Lynn Proctor,juliagutierrez@example.org,Germany,2022-02-20,Standard,,2026-07-19 13:22:07.732101
3166,Thomas Roberts,sonya14@example.net,Germany,2023-03-26,Standard,,2026-07-19 13:22:07.733101
3167,Bailey Harris,fgriffin@example.com,Canada,2025-04-12,premium,,2026-07-19 13:22:07.733101
3168,Marvin Gutierrez,timothy90@example.net,Canada,2022-06-24,Standard,,2026-07-19 13:22:07.733101
3169,Rachael Russell,karen69@example.com,USA,2022-10-12,premium,,2026-07-19 13:22:07.733101
3170,Stephanie Wilson,hannahpalmer@example.com,Canada,2022-12-23,Premium,,2026-07-19 13:22:07.733101
3171,Sonia Costa,bellbrittany@example.com,UK,2025-12-21,,,2026-07-19 13:22:07.733101
3172,Alisha Fowler,davidwatts@example.org,India,2021-12-09,Premium,,2026-07-19 13:22:07.733101
3173,Nicholas Franklin,colekevin@example.com,USA,2026-02-25,premium,35.0,2026-07-19 13:22:07.733101
3174,Jeremiah Miller,zhall@example.net,Germany,2021-11-06,premium,,2026-07-19 13:22:07.733101
3175,Matthew Keith,hgonzalez@example.net,Germany,2023-04-08,Standard,,2026-07-19 13:22:07.734101
3176,Scott Martinez,yruiz@example.org,India,2025-04-15,Premium,,2026-07-19 13:22:07.734101
3177,Ashley Kirby,pwalker@example.com,USA,2021-09-03,,,2026-07-19 13:22:07.734101
3178,Rebecca Leblanc,mharrison@example.org,Germany,2026-03-25,Premium,,2026-07-19 13:22:07.734101
3179,Jessica Romero,operez@example.net,,2022-06-10,premium,,2026-07-19 13:22:07.734101
3180,Jeffrey Aguirre,agreene@example.com,Germany,2022-10-23,premium,40.0,2026-07-19 13:22:07.734101
3181,Kathleen Beck,michelle12@example.org,Canada,2025-12-24,,,2026-07-19 13:22:07.734101
3182,Melinda Scott,bowenshannon@example.net,USA,2023-03-27,,,2026-07-19 13:22:07.734101
3183,Laura Hill,ktyler@example.com,Canada,2022-03-03,,,2026-07-19 13:22:07.735101
3184,Kristy Cooper,christopher85@example.org,UK,2023-08-22,,20.0,2026-07-19 13:22:07.735101
3185,Adrienne Gonzalez,cooperalison@example.net,UK,2021-11-06,Premium,54.0,2026-07-19 13:22:07.735101
3186,Ms. Valerie Terrell,kimberlycarlson@example.com,Canada,2021-02-16,Standard,,2026-07-19 13:22:07.735101
3187,Isaac Alexander,joshuaoneal@example.com,Germany,2022-07-09,Premium,,2026-07-19 13:22:07.735101
3188,Kelly Mitchell,jennifermorales@example.org,Germany,2023-05-02,Premium,,2026-07-19 13:22:07.735101
3189,Mrs. Bonnie Hill DDS,riosrachel@example.com,,2021-06-16,Premium,31.0,2026-07-19 13:22:07.735101
3190,William Smith DDS,monicaknight@example.org,Canada,2023-01-05,premium,,2026-07-19 13:22:07.736105
3191,Ryan Wiley,mullinsralph@example.com,Germany,2022-01-19,Premium,,2026-07-19 13:22:07.736105
3192,George Jensen,brittany46@example.org,India,2024-07-15,premium,40.0,2026-07-19 13:22:07.736105
3193,Jason Gonzalez,savagebrett@example.org,India,2024-01-18,Premium,,2026-07-19 13:22:07.736105
3194,Darrell Kirby,gordonbrian@example.com,,2022-12-27,premium,67.0,2026-07-19 13:22:07.736105
3195,Adam Ramirez,regina12@example.net,USA,2023-06-02,premium,,2026-07-19 13:22:07.736105
3196,Victoria Ramos,alejandro66@example.net,India,2022-03-03,Standard,49.0,2026-07-19 13:22:07.736105
3197,Diane Hanson,harmonhelen@example.org,India,2024-07-29,Standard,,2026-07-19 13:22:07.736105
3198,Deanna Morales,agardner@example.com,Canada,2021-06-03,Premium,,2026-07-19 13:22:07.737106
3199,Joseph Garcia,jeremy24@example.org,India,2023-01-23,,58.0,2026-07-19 13:22:07.737106
3200,Craig Pratt,joseph26@example.com,Germany,2025-05-31,premium,,2026-07-19 13:22:07.737106
3201,Aaron Miller,ofleming@example.org,India,2024-08-28,,41.0,2026-07-19 13:22:07.737106
3202,Candice Shepard,aguilarjustin@example.com,USA,2024-09-26,Premium,25.0,2026-07-19 13:22:07.737106
3203,Jamie Johnson,stonevictor@example.com,UK,2024-10-22,premium,66.0,2026-07-19 13:22:07.737106
3204,Elizabeth Rivera,leetammy@example.org,Germany,2023-01-30,Premium,30.0,2026-07-19 13:22:07.737106
3205,Beth Poole,justin92@example.org,Canada,2022-07-23,,34.0,2026-07-19 13:22:07.737106
3206,James Nelson,usmith@example.net,,2024-08-22,premium,43.0,2026-07-19 13:22:07.737106
3207,Terry Jones,hjohnson@example.net,Germany,2025-12-19,premium,57.0,2026-07-19 13:22:07.738105
3208,Patricia Smith,christine48@example.com,India,2025-04-15,,70.0,2026-07-19 13:22:07.738105
3209,Diane Miles,kennedyjon@example.org,USA,2023-06-23,Standard,,2026-07-19 13:22:07.738105
3210,Patrick Joyce,sarah67@example.com,Canada,2023-10-11,Standard,62.0,2026-07-19 13:22:07.738105
3211,Stephanie Wagner,millervictoria@example.com,USA,2021-08-22,Standard,46.0,2026-07-19 13:22:07.738105
3212,George Owens,moorejoseph@example.net,USA,2026-06-24,premium,33.0,2026-07-19 13:22:07.738105
3213,James Zavala,kevin76@example.com,UK,2023-11-03,,44.0,2026-07-19 13:22:07.738105
3214,David Park,williamgregory@example.com,Germany,2025-07-03,,,2026-07-19 13:22:07.738105
3215,Gregory Alvarez,amanda45@example.com,,2025-01-30,premium,,2026-07-19 13:22:07.738105
3216,Timothy Callahan,huertachristina@example.com,Germany,2024-06-21,premium,,2026-07-19 13:22:07.739105
3217,Lucas Ross,michaelmccormick@example.org,UK,2024-07-18,Premium,62.0,2026-07-19 13:22:07.739105
3218,Steven Barrett,deanna77@example.net,India,2021-09-22,Standard,68.0,2026-07-19 13:22:07.739105
3219,Steven Rodriguez,johnsoncynthia@example.com,Canada,2021-05-28,,,2026-07-19 13:22:07.739105
3220,Allison Gomez,xhahn@example.org,Canada,2022-01-08,Standard,,2026-07-19 13:22:07.739105
3221,Marco Willis,spencernelson@example.org,,2022-08-12,Standard,,2026-07-19 13:22:07.739105
3222,Peter Fernandez,hallmichael@example.com,UK,2021-11-09,Premium,,2026-07-19 13:22:07.739105
3223,Isaac Johnson,cruzbrandon@example.org,Germany,2023-03-27,,22.0,2026-07-19 13:22:07.739105
3224,Robert Green,lperry@example.org,Canada,2023-05-30,,53.0,2026-07-19 13:22:07.740105
3225,Christopher Lopez,linda55@example.org,India,2023-11-16,Standard,,2026-07-19 13:22:07.740105
3226,Nicholas Moore,dunnbrian@example.org,Canada,2021-03-12,premium,,2026-07-19 13:22:07.740105
3227,Alex Henson,jmiddleton@example.com,,2026-05-24,,45.0,2026-07-19 13:22:07.740105
3228,Dana Michael,johnsonraymond@example.org,Germany,2025-05-05,,,2026-07-19 13:22:07.740105
3229,Julie Bowman,christopher49@example.net,India,2025-03-30,,,2026-07-19 13:22:07.740105
3230,Jillian Lamb,opacheco@example.com,Canada,2021-02-07,Premium,,2026-07-19 13:22:07.740105
3231,Rachel Rivera,gardnerjose@example.net,UK,2025-11-16,Premium,57.0,2026-07-19 13:22:07.741104
3232,Robert Lewis,josephaguilar@example.org,UK,2024-03-24,Standard,64.0,2026-07-19 13:22:07.741104
3233,Amanda Delgado,romanricky@example.net,USA,2023-03-06,Standard,29.0,2026-07-19 13:22:07.741104
3234,Jeremy Jackson,juliadiaz@example.org,,2021-05-04,,64.0,2026-07-19 13:22:07.741104
3235,Stephanie Sanchez,irwinmark@example.net,India,2026-01-18,Premium,,2026-07-19 13:22:07.741104
3236,Rose Parks,sabrina37@example.net,Germany,2024-05-30,,,2026-07-19 13:22:07.741104
3237,Aimee Anderson,pmorrow@example.net,USA,2026-01-04,premium,40.0,2026-07-19 13:22:07.742105
3238,Lauren Ibarra,ethanlowe@example.com,,2024-02-19,premium,49.0,2026-07-19 13:22:07.742105
3239,Jerry Butler,pjohnson@example.com,USA,2025-02-01,,30.0,2026-07-19 13:22:07.742105
3240,Valerie Gallegos,gmelendez@example.net,India,2022-12-02,Premium,,2026-07-19 13:22:07.742105
3241,Whitney Murphy,dustinoliver@example.net,Canada,2023-08-12,premium,19.0,2026-07-19 13:22:07.742105
3242,Sheri Lara,rturner@example.org,UK,2026-03-20,premium,24.0,2026-07-19 13:22:07.742105
3243,Marco Harris,dianewilkinson@example.com,Canada,2021-02-22,Premium,,2026-07-19 13:22:07.742105
3244,David Anderson,susankirk@example.com,Germany,2024-10-30,Premium,,2026-07-19 13:22:07.743105
3245,Kelly Cisneros,kyliewatson@example.org,Canada,2021-03-10,Standard,,2026-07-19 13:22:07.743105
3246,Ashley Arnold,pauladavis@example.com,USA,2023-07-19,Standard,40.0,2026-07-19 13:22:07.743105
3247,Tyler Kim,hrodgers@example.com,,2021-06-06,Standard,,2026-07-19 13:22:07.743105
3248,Timothy Jackson,gmoreno@example.org,UK,2025-07-22,,63.0,2026-07-19 13:22:07.743105
3249,Patricia Walker,jasmine53@example.org,UK,2025-09-18,,19.0,2026-07-19 13:22:07.743105
3250,Kristen Brown,ycastro@example.com,UK,2021-07-26,Premium,,2026-07-19 13:22:07.743105
3251,Kimberly Ramsey,larry69@example.org,India,2025-12-11,premium,61.0,2026-07-19 13:22:07.743105
3252,Paula Rodgers,martinezebony@example.org,UK,2023-08-23,Standard,,2026-07-19 13:22:07.743105
3253,Molly Johnson,joereese@example.org,USA,2023-03-02,Standard,,2026-07-19 13:22:07.744105
3254,Ian Lewis,maryburton@example.com,Germany,2021-05-05,,,2026-07-19 13:22:07.744105
3255,Emily Richardson,bchen@example.net,Canada,2022-10-19,Premium,39.0,2026-07-19 13:22:07.744105
3256,Omar Campos,thomasbrenda@example.net,India,2025-10-03,Standard,,2026-07-19 13:22:07.744105
3257,Kim Gonzalez,tblevins@example.com,USA,2022-02-04,,,2026-07-19 13:22:07.744105
3258,Brittany Mcintyre,martinjason@example.com,Canada,2021-05-29,,69.0,2026-07-19 13:22:07.744105
3259,Michael Santiago,jblackburn@example.com,UK,2026-01-14,premium,,2026-07-19 13:22:07.744105
3260,David Koch,griffithmichelle@example.net,UK,2022-12-10,Standard,,2026-07-19 13:22:07.744105
3261,Joseph Drake,matthew55@example.org,USA,2024-01-14,Standard,,2026-07-19 13:22:07.745105
3262,Stephanie Mitchell,staceyrobinson@example.com,Germany,2024-02-09,,,2026-07-19 13:22:07.745105
3263,Diane Flores,timothyjennings@example.org,Canada,2023-10-17,Premium,,2026-07-19 13:22:07.745105
3264,Gina Beasley,sherry98@example.org,UK,2024-05-14,premium,,2026-07-19 13:22:07.745105
3265,Jennifer Newton,meltonphillip@example.org,,2022-08-18,Premium,51.0,2026-07-19 13:22:07.745105
3266,Michael Melendez,jamesgarcia@example.net,USA,2021-03-28,Premium,37.0,2026-07-19 13:22:07.745105
3267,James Mcdonald,lisamartin@example.com,,2024-10-15,Premium,52.0,2026-07-19 13:22:07.745105
3268,Benjamin Olson,cassandra62@example.com,Canada,2021-02-16,premium,42.0,2026-07-19 13:22:07.745105
3269,Barbara Price,timothy84@example.com,India,2021-02-21,Premium,,2026-07-19 13:22:07.745105
3270,Miguel King,jermaine76@example.org,,2023-09-12,Standard,,2026-07-19 13:22:07.746109
3271,Ryan Wyatt,bpaul@example.net,,2022-08-18,Premium,31.0,2026-07-19 13:22:07.746109
3272,Kevin Brown,iansmith@example.org,Germany,2021-03-22,Standard,,2026-07-19 13:22:07.746109
3273,Michael Evans,aprilwells@example.com,Canada,2022-07-18,Standard,49.0,2026-07-19 13:22:07.746109
3274,Daniel Martinez,nathangregory@example.com,UK,2022-12-16,Premium,,2026-07-19 13:22:07.746109
3275,Austin Bishop,lwilliams@example.net,USA,2021-07-02,Premium,36.0,2026-07-19 13:22:07.746109
3276,Stephen Gillespie,lmorris@example.com,USA,2022-11-07,premium,,2026-07-19 13:22:07.746109
3277,Melissa Alvarez,kjensen@example.net,USA,2024-06-18,,20.0,2026-07-19 13:22:07.746109
3278,Johnathan Rodriguez,natalieharris@example.net,USA,2023-03-11,Standard,,2026-07-19 13:22:07.747109
3279,Erica Conley,bmorgan@example.org,Germany,2022-09-25,premium,,2026-07-19 13:22:07.747109
3280,Luke Alvarado,christopherhill@example.com,Germany,2022-09-05,Premium,,2026-07-19 13:22:07.747109
3281,Stacey Douglas,pearsondebra@example.net,Germany,2024-12-27,Standard,,2026-07-19 13:22:07.747109
3282,Keith Long,anthonythomas@example.net,India,2023-03-08,Premium,,2026-07-19 13:22:07.747109
3283,Ellen Espinoza,chelsea99@example.com,Canada,2022-08-24,,26.0,2026-07-19 13:22:07.747109
3284,Steven Thomas,osanchez@example.org,Canada,2022-12-22,Premium,25.0,2026-07-19 13:22:07.747109
3285,Marissa Burke,courtney93@example.net,Germany,2026-03-05,Standard,,2026-07-19 13:22:07.747109
3286,Michael Brooks,graceferguson@example.org,USA,2021-04-04,premium,,2026-07-19 13:22:07.748108
3287,Kaylee Chapman,garciabrandy@example.net,India,2023-07-17,premium,,2026-07-19 13:22:07.748108
3288,Luis Taylor,amanda02@example.com,Canada,2022-04-13,Premium,43.0,2026-07-19 13:22:07.748108
3289,Patrick Jackson,vwalker@example.net,Canada,2023-06-09,,30.0,2026-07-19 13:22:07.748108
3290,Michael Anderson,taylor59@example.net,UK,2026-05-07,,48.0,2026-07-19 13:22:07.748108
3291,David Brown,rrowe@example.net,Canada,2025-04-07,Premium,42.0,2026-07-19 13:22:07.748108
3292,Patrick Merritt,sarah33@example.org,Canada,2022-04-10,Premium,,2026-07-19 13:22:07.748108
3293,Benjamin French,barbara66@example.com,UK,2024-06-20,,65.0,2026-07-19 13:22:07.748108
3294,Bryan Craig,todd16@example.com,Germany,2023-03-15,Premium,60.0,2026-07-19 13:22:07.748108
3295,Adriana Wolf,wsnow@example.com,USA,2022-06-26,premium,20.0,2026-07-19 13:22:07.749109
3296,Taylor Love,kweaver@example.net,USA,2024-08-19,premium,,2026-07-19 13:22:07.749109
3297,Paul Weber,katrina86@example.org,Germany,2025-06-04,Premium,,2026-07-19 13:22:07.749109
3298,Darlene Bender,irandall@example.org,USA,2021-03-28,premium,50.0,2026-07-19 13:22:07.749109
3299,Nancy Thomas,rcoleman@example.net,USA,2025-07-08,Standard,,2026-07-19 13:22:07.749109
3300,Gloria Pratt,mclaughlinpaul@example.net,Canada,2021-08-30,,22.0,2026-07-19 13:22:07.749109
3301,Marissa Moore,ohuynh@example.com,UK,2023-08-02,premium,53.0,2026-07-19 13:22:07.749109
3302,Debra Conrad,colleen05@example.org,USA,2023-06-25,premium,21.0,2026-07-19 13:22:07.749109
3303,Jose Sharp,cbowers@example.net,,2026-03-08,,51.0,2026-07-19 13:22:07.749109
3304,Amy Turner,adamsantiago@example.net,UK,2022-07-05,Standard,,2026-07-19 13:22:07.750109
3305,Rhonda Fox,henrydeanna@example.com,India,2026-05-02,Standard,24.0,2026-07-19 13:22:07.750109
3306,James Little,randallswanson@example.net,Canada,2024-05-30,Premium,54.0,2026-07-19 13:22:07.750109
3307,Joseph Adams,nabbott@example.net,Germany,2022-03-28,Premium,32.0,2026-07-19 13:22:07.750109
3308,Matthew Crosby,klevine@example.com,UK,2023-06-28,Premium,,2026-07-19 13:22:07.750109
3309,Eugene Powell,gthompson@example.com,UK,2022-12-07,,,2026-07-19 13:22:07.750109
3310,Paul Francis,kevinberry@example.net,Germany,2021-06-11,Standard,,2026-07-19 13:22:07.750109
3311,James Fitzgerald,ccummings@example.org,UK,2025-02-22,premium,,2026-07-19 13:22:07.750109
3312,Margaret Marshall,flynn@example.org,Germany,2021-05-24,Standard,,2026-07-19 13:22:07.750109
3313,Laura Murray,allison79@example.net,USA,2025-09-27,premium,58.0,2026-07-19 13:22:07.751109
3314,Olivia Le,riveraerica@example.org,Germany,2025-02-08,Standard,41.0,2026-07-19 13:22:07.751109
3315,Melinda Mcdonald DVM,cheyennenash@example.net,Germany,2022-01-12,premium,27.0,2026-07-19 13:22:07.751109
3316,Kristi Sanders,andrew57@example.net,Germany,2024-03-31,Standard,43.0,2026-07-19 13:22:07.751109
3317,Chloe Thomas,vcopeland@example.com,,2024-07-27,Standard,,2026-07-19 13:22:07.751109
3318,Jesse Mckenzie,michelle79@example.net,Germany,2023-12-19,,,2026-07-19 13:22:07.751109
3319,Edward Ramos,ashley86@example.com,Germany,2024-07-05,premium,,2026-07-19 13:22:07.751109
3320,Gail James,mariakramer@example.com,USA,2022-06-29,Standard,33.0,2026-07-19 13:22:07.751109
3321,Emily Boyd,clarkjulie@example.net,,2025-06-23,Standard,,2026-07-19 13:22:07.752149
3322,Mario Brown,christopher36@example.net,Germany,2023-06-23,,,2026-07-19 13:22:07.752149
3323,Katherine Frederick,cameron06@example.net,USA,2024-05-06,Standard,48.0,2026-07-19 13:22:07.752149
3324,David Castillo,isaiah90@example.net,UK,2022-11-22,,,2026-07-19 13:22:07.752149
3325,Thomas Wallace,bhill@example.org,Canada,2025-06-06,Standard,39.0,2026-07-19 13:22:07.752149
3326,Carl Vasquez,alyssa23@example.com,,2024-05-23,,,2026-07-19 13:22:07.752149
3327,John Mitchell,justinrivera@example.org,Canada,2022-08-28,Standard,42.0,2026-07-19 13:22:07.752149
3328,Kelly Wright,lisabishop@example.net,India,2022-05-14,Standard,,2026-07-19 13:22:07.752149
3329,Kelsey Bass,shawnturner@example.org,UK,2022-03-01,Standard,,2026-07-19 13:22:07.752149
3330,Kevin Norman,ksullivan@example.net,India,2023-12-03,Standard,65.0,2026-07-19 13:22:07.753127
3331,Tiffany Walker,kferguson@example.net,Germany,2024-10-10,Premium,61.0,2026-07-19 13:22:07.753127
3332,James Martinez,christopher19@example.net,Canada,2026-01-25,Premium,18.0,2026-07-19 13:22:07.753127
3333,Curtis Hall,garciamichelle@example.net,India,2021-10-07,Premium,,2026-07-19 13:22:07.753127
3334,Autumn Evans,qmendoza@example.org,USA,2022-05-19,Standard,,2026-07-19 13:22:07.753127
3335,Paula Garcia,fostermichael@example.org,Canada,2024-07-06,premium,,2026-07-19 13:22:07.753127
3336,Ricardo Thomas,amanda11@example.net,Germany,2024-08-25,Standard,,2026-07-19 13:22:07.753127
3337,Anna Young,hjohnson@example.com,Canada,2022-01-18,Standard,27.0,2026-07-19 13:22:07.754110
3338,Scott Williams,arios@example.org,Germany,2025-11-19,,,2026-07-19 13:22:07.754110
3339,James Hicks,tjenkins@example.org,,2024-12-21,Standard,25.0,2026-07-19 13:22:07.754110
3340,Kevin Smith,brian90@example.net,Germany,2026-01-02,Premium,,2026-07-19 13:22:07.754110
3341,Tom Cook,jeremypage@example.net,Germany,2024-06-03,,28.0,2026-07-19 13:22:07.754110
3342,Sarah Lee,ashelton@example.org,UK,2022-09-09,premium,46.0,2026-07-19 13:22:07.754110
3343,Scott Charles,wlandry@example.com,Germany,2021-07-15,Premium,,2026-07-19 13:22:07.754110
3344,Scott Stewart,christinaschmidt@example.net,India,2026-01-26,premium,22.0,2026-07-19 13:22:07.755108
3345,Karen Pearson,adam06@example.net,USA,2023-01-18,premium,,2026-07-19 13:22:07.755108
3346,Jessica Williams,whitesheri@example.net,USA,2025-12-04,Standard,,2026-07-19 13:22:07.755108
3347,Kristen Faulkner,mgarcia@example.net,India,2022-07-24,Premium,,2026-07-19 13:22:07.755108
3348,Justin Patterson,taylormichael@example.com,Canada,2023-01-23,,,2026-07-19 13:22:07.755108
3349,Collin Adams,harristimothy@example.net,India,2025-06-21,premium,51.0,2026-07-19 13:22:07.755108
3350,Charles Smith,zlewis@example.net,Germany,2024-10-05,Standard,21.0,2026-07-19 13:22:07.755108
3351,Edward Herman,curtis74@example.org,,2024-10-30,premium,,2026-07-19 13:22:07.755108
3352,Leon Lopez,vbrown@example.org,India,2026-04-28,premium,,2026-07-19 13:22:07.756110
3353,Andrew Wilson,bhunter@example.net,,2026-02-05,premium,53.0,2026-07-19 13:22:07.756110
3354,Amanda Kline,ysanders@example.org,USA,2021-08-29,Premium,65.0,2026-07-19 13:22:07.756110
3355,John Richards,bridgesglenn@example.com,India,2024-05-31,Standard,,2026-07-19 13:22:07.756110
3356,Katherine Bentley,kwarren@example.com,Germany,2026-05-07,premium,,2026-07-19 13:22:07.756110
3357,Emily Davis,justingrant@example.com,India,2024-06-28,,,2026-07-19 13:22:07.756110
3358,Kelly Kelly,deanna95@example.net,USA,2021-04-05,premium,,2026-07-19 13:22:07.757109
3359,Peter Lee,andrea76@example.org,UK,2025-06-19,,,2026-07-19 13:22:07.757109
3360,Christopher Davenport,jason40@example.com,Canada,2021-06-05,,60.0,2026-07-19 13:22:07.757109
3361,Paul Thompson DDS,boyerwendy@example.org,,2021-06-05,premium,50.0,2026-07-19 13:22:07.757109
3362,Ann Lee,amyprice@example.com,Canada,2022-01-01,Standard,69.0,2026-07-19 13:22:07.757109
3363,David Gonzalez,gregoryrice@example.org,USA,2026-02-17,Standard,41.0,2026-07-19 13:22:07.757109
3364,Beth Carroll,hardingrichard@example.net,USA,2023-05-05,Standard,67.0,2026-07-19 13:22:07.758109
3365,Tricia Carter,cross@example.org,Canada,2026-06-30,Premium,,2026-07-19 13:22:07.758109
3366,Eric Hoover,nschmitt@example.com,UK,2026-02-25,Standard,,2026-07-19 13:22:07.758109
3367,Anna Alvarado,freemanian@example.com,,2021-08-26,premium,68.0,2026-07-19 13:22:07.758109
3368,Priscilla Ruiz,jonesmarc@example.com,UK,2025-11-12,Premium,63.0,2026-07-19 13:22:07.758109
3369,Peter Wood,steven90@example.org,USA,2021-05-26,Premium,29.0,2026-07-19 13:22:07.758109
3370,Anthony Burnett,nho@example.net,,2021-03-19,Premium,,2026-07-19 13:22:07.758109
3371,Frank Torres DDS,jennifernguyen@example.org,,2025-03-29,Standard,21.0,2026-07-19 13:22:07.758109
3372,Kelly Davila,alexisorr@example.net,Germany,2024-10-01,Standard,48.0,2026-07-19 13:22:07.759110
3373,Meghan Howell,riverabrittany@example.org,,2023-10-09,Standard,,2026-07-19 13:22:07.759110
3374,Lisa Barrett,brownanna@example.org,,2022-10-04,Premium,46.0,2026-07-19 13:22:07.759110
3375,Timothy Kirk,robert92@example.com,UK,2026-07-07,Premium,29.0,2026-07-19 13:22:07.759110
3376,Jessica Brown,hgallagher@example.org,India,2025-09-28,Standard,62.0,2026-07-19 13:22:07.759110
3377,William Levy,gabrielkennedy@example.com,,2022-04-12,Premium,30.0,2026-07-19 13:22:07.759110
3378,Danielle Nixon,dana43@example.net,India,2022-04-23,Standard,,2026-07-19 13:22:07.759110
3379,Ryan Ayers,ywilliams@example.org,,2021-11-10,premium,,2026-07-19 13:22:07.759110
3380,Craig Ruiz,ashleysilva@example.net,UK,2022-12-16,premium,,2026-07-19 13:22:07.759110
3381,Kevin Pearson,cunninghammichael@example.net,India,2021-12-04,premium,65.0,2026-07-19 13:22:07.760109
3382,Marc Hammond,tammyarnold@example.org,UK,2026-07-05,premium,36.0,2026-07-19 13:22:07.760109
3383,Christy Barrera,hillgregory@example.com,Canada,2026-03-15,Premium,,2026-07-19 13:22:07.760109
3384,Samantha Thomas,sfrazier@example.net,,2026-03-18,,,2026-07-19 13:22:07.760109
3385,Monica Ramsey,howardmackenzie@example.org,Canada,2022-05-17,Premium,,2026-07-19 13:22:07.760109
3386,Daniel Zimmerman,jessicacurry@example.net,,2022-09-24,Premium,,2026-07-19 13:22:07.760109
3387,Daniel Francis,atkinsonjose@example.org,,2021-11-03,premium,,2026-07-19 13:22:07.760109
3388,Eddie Rojas,mejiaemily@example.net,,2022-01-01,,,2026-07-19 13:22:07.761109
3389,Ricky Kirby,belindashea@example.org,India,2022-04-08,,38.0,2026-07-19 13:22:07.761109
3390,Elizabeth Ford,melissa67@example.net,USA,2023-04-04,Standard,,2026-07-19 13:22:07.761109
3391,Jesse Grant,dross@example.net,Germany,2023-12-10,,,2026-07-19 13:22:07.761109
3392,Caroline Berg,jenniferhall@example.net,Germany,2021-09-04,,46.0,2026-07-19 13:22:07.761109
3393,William Cox,wperez@example.com,USA,2022-05-30,,44.0,2026-07-19 13:22:07.761109
3394,Becky Munoz,ellisteresa@example.net,USA,2022-02-16,premium,42.0,2026-07-19 13:22:07.761109
3395,Sarah Chavez,alvarezrobert@example.com,Germany,2024-07-01,Premium,45.0,2026-07-19 13:22:07.762110
3396,Richard Page,oblack@example.com,USA,2023-03-23,Standard,31.0,2026-07-19 13:22:07.762110
3397,Danielle Morales,ejohnson@example.com,Canada,2024-05-09,,,2026-07-19 13:22:07.762110
3398,Tracy Alvarez,tshaw@example.com,India,2025-06-09,Premium,,2026-07-19 13:22:07.762110
3399,Crystal Andrews,kaitlynhood@example.net,USA,2024-11-05,premium,32.0,2026-07-19 13:22:07.762110
3400,Jessica Brown,luis25@example.com,Germany,2023-02-23,,,2026-07-19 13:22:07.762110
3401,Peter Webb,kimberly71@example.net,USA,2023-10-25,Premium,40.0,2026-07-19 13:22:07.762110
3402,Samantha Joyce,rgriffith@example.net,Canada,2021-03-16,premium,,2026-07-19 13:22:07.762110
3403,Dawn Spence,iadams@example.org,UK,2024-12-04,Standard,,2026-07-19 13:22:07.763143
3404,Kevin Avila,toddashley@example.com,USA,2024-03-19,,,2026-07-19 13:22:07.763143
3405,Stephen Bell DDS,laurawilliams@example.org,,2025-08-29,premium,,2026-07-19 13:22:07.763143
3406,Jose Harvey,matthewherman@example.org,,2023-01-30,,57.0,2026-07-19 13:22:07.763143
3407,Kimberly Mcdonald,danweiss@example.net,UK,2025-10-27,premium,,2026-07-19 13:22:07.763143
3408,Michael Kelley,rschmidt@example.org,,2021-09-14,Standard,,2026-07-19 13:22:07.763143
3409,Raymond Chan,jacob75@example.net,Canada,2026-06-13,,,2026-07-19 13:22:07.763143
3410,Jeffrey Edwards,ubrown@example.net,USA,2025-05-17,premium,62.0,2026-07-19 13:22:07.764109
3411,Ruth Bruce,barry10@example.net,India,2022-12-29,,,2026-07-19 13:22:07.764109
3412,Blake Walker,rlutz@example.net,UK,2024-08-21,premium,62.0,2026-07-19 13:22:07.764109
3413,Tracey Baker,josephgillespie@example.org,USA,2021-02-18,premium,68.0,2026-07-19 13:22:07.764109
3414,Shari Ruiz,jennycook@example.org,,2023-03-23,Standard,70.0,2026-07-19 13:22:07.764109
3415,Betty Chavez,bridgesbeverly@example.com,Germany,2023-05-23,,,2026-07-19 13:22:07.765110
3416,Jessica Diaz,clopez@example.com,UK,2021-08-11,Premium,42.0,2026-07-19 13:22:07.765110
3417,Joshua Rodriguez,awalker@example.com,UK,2024-09-29,Premium,,2026-07-19 13:22:07.765110
3418,Elizabeth Woodard,qsmith@example.net,Germany,2023-03-03,premium,,2026-07-19 13:22:07.765110
3419,Lisa Harris,angelmartinez@example.org,Germany,2022-03-10,Standard,,2026-07-19 13:22:07.765110
3420,Sara Mcgee,stephanie40@example.com,,2025-09-29,premium,67.0,2026-07-19 13:22:07.765110
3421,Kristine Kaufman,gravesdaniel@example.net,Germany,2025-03-01,Standard,58.0,2026-07-19 13:22:07.765110
3422,Angela Wright,shawn56@example.org,India,2024-07-20,,53.0,2026-07-19 13:22:07.765110
3423,Glenn Heath,richardtaylor@example.net,India,2021-03-08,premium,,2026-07-19 13:22:07.765110
3424,Robert Chavez,lewissandra@example.org,UK,2021-08-06,Standard,70.0,2026-07-19 13:22:07.766135
3425,Jason George,mjones@example.net,UK,2023-02-26,Premium,36.0,2026-07-19 13:22:07.766135
3426,Raymond Edwards,whitedeborah@example.net,,2021-08-02,Standard,,2026-07-19 13:22:07.766135
3427,Norma Payne,jacksontracy@example.net,USA,2022-02-11,,45.0,2026-07-19 13:22:07.766135
3428,Peter Kerr,stevenssteven@example.net,India,2025-01-31,Standard,,2026-07-19 13:22:07.766135
3429,Emily Juarez,jeremy88@example.com,Canada,2026-05-21,,,2026-07-19 13:22:07.766135
3430,Amanda Turner,wkhan@example.com,Germany,2022-03-14,Standard,,2026-07-19 13:22:07.766135
3431,Lindsay Davis,debra20@example.net,UK,2025-09-01,,,2026-07-19 13:22:07.766135
3432,Mary Baldwin,reevesjennifer@example.org,Canada,2021-04-18,premium,,2026-07-19 13:22:07.767126
3433,Brandon Peters,christensenamy@example.com,USA,2022-08-03,,36.0,2026-07-19 13:22:07.767126
3434,Amanda Rojas,davidnichols@example.org,UK,2025-10-29,premium,19.0,2026-07-19 13:22:07.767126
3435,Kevin Haney,xgriffith@example.com,Canada,2021-09-06,premium,,2026-07-19 13:22:07.767126
3436,Lisa Ryan,mitchellbrown@example.org,India,2025-10-02,premium,,2026-07-19 13:22:07.767126
3437,Daniel Cole,whartman@example.net,UK,2026-05-28,,,2026-07-19 13:22:07.767126
3438,Larry Fisher,ashley64@example.org,Germany,2025-07-20,premium,57.0,2026-07-19 13:22:07.767126
3439,Daniel Bolton,kellerlinda@example.net,,2024-12-17,premium,54.0,2026-07-19 13:22:07.767126
3440,Dustin Taylor,igarcia@example.org,UK,2026-03-27,Standard,49.0,2026-07-19 13:22:07.768110
3441,Theresa Weaver,james39@example.net,Canada,2025-10-06,Standard,24.0,2026-07-19 13:22:07.768110
3442,Christian Hughes,combsmark@example.net,,2025-03-25,Premium,,2026-07-19 13:22:07.768110
3443,Vincent Bass,ybradley@example.org,India,2024-08-26,Premium,,2026-07-19 13:22:07.768110
3444,Bridget Morrow,james01@example.org,Canada,2023-10-15,,52.0,2026-07-19 13:22:07.768110
3445,Steven Williams,nlove@example.org,UK,2024-03-19,,62.0,2026-07-19 13:22:07.768110
3446,Christopher Bryant,ypace@example.com,UK,2021-12-07,Premium,70.0,2026-07-19 13:22:07.768110
3447,Nicholas James,ralphrivas@example.org,Germany,2025-08-28,Premium,,2026-07-19 13:22:07.768110
3448,Edward Williams,richardrandolph@example.net,USA,2025-03-16,Premium,59.0,2026-07-19 13:22:07.768110
3449,Richard Vasquez,loganwilliam@example.net,Canada,2022-12-11,Standard,48.0,2026-07-19 13:22:07.769109
3450,Meagan Patel,phillipsjacob@example.org,Canada,2025-04-27,Standard,27.0,2026-07-19 13:22:07.769109
3451,Eric Adams,gregory77@example.org,UK,2024-10-03,premium,,2026-07-19 13:22:07.769109
3452,Jillian Brown,wernerjustin@example.org,Canada,2023-09-09,premium,49.0,2026-07-19 13:22:07.769109
3453,Steven Thomas,hwolfe@example.net,,2022-07-17,,53.0,2026-07-19 13:22:07.769109
3454,Rachel Brown,elizabeth51@example.com,Canada,2025-06-05,Premium,31.0,2026-07-19 13:22:07.769109
3455,Manuel Davis,jrobinson@example.org,UK,2023-10-17,Premium,40.0,2026-07-19 13:22:07.769109
3456,Michelle Bailey,masonowens@example.com,UK,2021-08-09,premium,50.0,2026-07-19 13:22:07.770111
3457,Alex Sharp,ashley09@example.org,Germany,2025-05-10,Standard,52.0,2026-07-19 13:22:07.770111
3458,Gerald Perry,ashleystevens@example.org,,2022-05-17,premium,,2026-07-19 13:22:07.770111
3459,Michael Zimmerman,mullinsdonald@example.net,UK,2024-05-15,Standard,,2026-07-19 13:22:07.770111
3460,Kayla Mcguire,jayhoward@example.com,India,2025-06-14,premium,,2026-07-19 13:22:07.770111
3461,Wendy Mora,lambenjamin@example.com,Canada,2022-11-25,premium,46.0,2026-07-19 13:22:07.770111
3462,Pam Yoder,richardpace@example.net,Germany,2023-03-02,,31.0,2026-07-19 13:22:07.770111
3463,Brittney Smith,mcclaintimothy@example.net,Canada,2026-04-25,,69.0,2026-07-19 13:22:07.770111
3464,Daniel Thomas,grantadam@example.com,,2021-04-26,Standard,,2026-07-19 13:22:07.771109
3465,Michael Smith,kristina14@example.org,,2022-10-08,Standard,,2026-07-19 13:22:07.771109
3466,Samantha King,ufox@example.org,India,2023-12-13,Premium,59.0,2026-07-19 13:22:07.771109
3467,Jeremy Richards,francomelissa@example.org,UK,2021-07-22,premium,31.0,2026-07-19 13:22:07.771109
3468,Darlene Kaiser,jblair@example.net,India,2026-06-24,Standard,,2026-07-19 13:22:07.771109
3469,Vicki Arroyo,owensherry@example.net,USA,2023-09-30,,,2026-07-19 13:22:07.771109
3470,Michael Coleman,bhart@example.net,Germany,2024-05-10,Standard,,2026-07-19 13:22:07.771109
3471,Lisa Stephens,wendy11@example.net,UK,2023-03-15,premium,68.0,2026-07-19 13:22:07.771109
3472,Steve Buckley,cathycruz@example.net,Canada,2023-02-03,Premium,18.0,2026-07-19 13:22:07.771109
3473,Michael Johnson,allenbeth@example.com,UK,2026-04-08,Premium,35.0,2026-07-19 13:22:07.772109
3474,Shannon Perry,nsparks@example.com,India,2024-01-20,,64.0,2026-07-19 13:22:07.772109
3475,Ryan Figueroa,pcoleman@example.org,Canada,2026-04-01,premium,31.0,2026-07-19 13:22:07.772109
3476,Melinda Taylor,vsanchez@example.com,Germany,2022-05-22,premium,,2026-07-19 13:22:07.772109
3477,Joseph Barnett,wwilliams@example.org,Germany,2022-11-19,Premium,37.0,2026-07-19 13:22:07.772109
3478,Julie Bryant,sarah30@example.net,Canada,2024-11-08,Standard,,2026-07-19 13:22:07.772109
3479,James Ortiz,meadowsrebekah@example.com,USA,2025-11-15,Premium,48.0,2026-07-19 13:22:07.772109
3480,John Tucker,rebeccamoore@example.com,Canada,2025-12-01,Premium,64.0,2026-07-19 13:22:07.772109
3481,Angel Hahn,jill25@example.net,Germany,2021-09-02,premium,35.0,2026-07-19 13:22:07.773109
3482,Don Hansen,kristinegriffith@example.com,,2023-05-23,,22.0,2026-07-19 13:22:07.773109
3483,Shawn Potts,robert82@example.net,USA,2026-03-08,,,2026-07-19 13:22:07.773109
3484,Micheal Ferguson,samanthamoore@example.com,Canada,2026-05-04,,,2026-07-19 13:22:07.773109
3485,Jerry Nelson,cantuwilliam@example.com,Germany,2025-07-26,Premium,54.0,2026-07-19 13:22:07.773109
3486,Jason Kane,rogerschristine@example.net,,2026-03-12,premium,,2026-07-19 13:22:07.773109
3487,Anthony Lyons,james16@example.org,,2023-11-11,Standard,,2026-07-19 13:22:07.773109
3488,Mrs. Nancy Collins MD,jordanstanley@example.com,Canada,2022-10-14,premium,30.0,2026-07-19 13:22:07.773109
3489,Michael Francis,vhill@example.net,,2024-01-14,Premium,59.0,2026-07-19 13:22:07.774109
3490,Sarah Herrera,seandrake@example.net,UK,2021-11-12,,,2026-07-19 13:22:07.774109
3491,Nathan Smith,blackvirginia@example.com,USA,2022-07-15,Premium,,2026-07-19 13:22:07.774109
3492,Michele Vargas,catherinehoover@example.org,Canada,2023-03-13,premium,,2026-07-19 13:22:07.774109
3493,Haley Hill,mark77@example.org,UK,2025-08-18,premium,,2026-07-19 13:22:07.774109
3494,Keith Martinez,sara34@example.org,,2023-06-17,Standard,,2026-07-19 13:22:07.774109
3495,Tina Russo,pboyer@example.net,Germany,2025-07-28,,,2026-07-19 13:22:07.774109
3496,Ronald Barnes,sandovaljose@example.net,India,2022-03-31,premium,,2026-07-19 13:22:07.775142
3497,Maria Gonzalez,wsutton@example.net,,2023-07-05,,,2026-07-19 13:22:07.775142
3498,Alyssa Pittman,sarah35@example.com,Canada,2023-03-04,premium,,2026-07-19 13:22:07.775142
3499,Teresa Dixon,debrapark@example.com,India,2022-12-06,,46.0,2026-07-19 13:22:07.775142
3500,Ricky Thornton,susanshaw@example.net,Canada,2024-08-15,Standard,,2026-07-19 13:22:07.775142
3501,Corey Moore,rachelzhang@example.net,UK,2023-01-01,Standard,69.0,2026-07-19 13:22:07.775142
3502,Dawn Kennedy,marcus09@example.com,USA,2021-12-04,,,2026-07-19 13:22:07.776111
3503,Kimberly Allen,candace10@example.org,Canada,2023-09-27,Premium,51.0,2026-07-19 13:22:07.776111
3504,Melissa Best,perezhoward@example.org,UK,2026-07-11,premium,53.0,2026-07-19 13:22:07.776111
3505,Steven Walsh,owensamy@example.com,,2025-04-11,premium,49.0,2026-07-19 13:22:07.776111
3506,Mary Lara,gbennett@example.com,India,2022-06-12,premium,,2026-07-19 13:22:07.776111
3507,Michael Barber,kanderson@example.net,UK,2022-11-12,,,2026-07-19 13:22:07.776111
3508,Amanda Porter,sclements@example.net,,2024-04-05,Premium,,2026-07-19 13:22:07.777109
3509,Nicole Mcintyre,tiffanynguyen@example.net,USA,2021-11-14,Standard,63.0,2026-07-19 13:22:07.777109
3510,Tyler Ruiz,nancy32@example.org,UK,2022-01-23,Premium,49.0,2026-07-19 13:22:07.777109
3511,David King,obrown@example.net,Canada,2022-08-26,premium,,2026-07-19 13:22:07.777109
3512,Karen Ferguson,matthew47@example.org,India,2021-12-02,Standard,52.0,2026-07-19 13:22:07.777109
3513,Joseph Collins,cassandraford@example.net,USA,2026-06-01,Premium,,2026-07-19 13:22:07.777109
3514,Andrew Mcconnell,gallowaysharon@example.org,Canada,2025-05-21,Standard,70.0,2026-07-19 13:22:07.777109
3515,Kent Harrison,lesliepadilla@example.com,Canada,2025-02-15,,,2026-07-19 13:22:07.777109
3516,Amanda Webb,lindseyflores@example.net,India,2022-11-03,,,2026-07-19 13:22:07.777109
3517,Anthony Adams,onealolivia@example.org,India,2024-05-16,premium,,2026-07-19 13:22:07.778109
3518,Denise Pittman,leestacy@example.net,Germany,2023-01-28,,58.0,2026-07-19 13:22:07.778109
3519,Bruce Santos,medinalaura@example.org,,2023-10-17,Premium,,2026-07-19 13:22:07.778109
3520,Steven Figueroa,laura52@example.net,India,2026-05-17,premium,,2026-07-19 13:22:07.778109
3521,Andre Pierce,nancytaylor@example.com,Germany,2022-04-30,Premium,,2026-07-19 13:22:07.778109
3522,Ryan Hernandez,jjohnson@example.net,,2023-10-19,Premium,42.0,2026-07-19 13:22:07.778109
3523,Kim Garcia,catherinecox@example.net,Germany,2022-04-17,Premium,,2026-07-19 13:22:07.778109
3524,Roger Donaldson,singhchristina@example.com,UK,2026-01-12,Premium,33.0,2026-07-19 13:22:07.778109
3525,Peggy Daniels MD,vgoodwin@example.com,Germany,2024-06-02,premium,,2026-07-19 13:22:07.779109
3526,Courtney Lindsey,thomas87@example.com,Canada,2024-09-26,premium,,2026-07-19 13:22:07.779109
3527,David Gomez,williamheath@example.org,USA,2023-02-09,,24.0,2026-07-19 13:22:07.779109
3528,Randy Dudley,smiththeodore@example.com,,2025-10-30,Premium,,2026-07-19 13:22:07.779109
3529,Jennifer Burke,mallorycowan@example.com,Canada,2023-09-25,Standard,,2026-07-19 13:22:07.779109
3530,Dale Mccarthy,martinjermaine@example.com,,2023-05-19,,69.0,2026-07-19 13:22:07.779109
3531,Jennifer Taylor,lrojas@example.org,India,2023-04-07,Premium,,2026-07-19 13:22:07.779109
3532,Tristan Miller,hharris@example.net,USA,2021-06-28,,36.0,2026-07-19 13:22:07.779109
3533,Andrew Jacobs,mosleyalex@example.net,Canada,2024-12-02,premium,45.0,2026-07-19 13:22:07.780109
3534,Elizabeth Berg,rperez@example.org,,2025-09-05,Premium,,2026-07-19 13:22:07.780109
3535,Wayne Pope,millerjoseph@example.net,Germany,2025-02-24,Premium,42.0,2026-07-19 13:22:07.780109
3536,Robin Johnson,larajohn@example.com,Germany,2026-04-21,premium,29.0,2026-07-19 13:22:07.780109
3537,Colin Payne,michaelhampton@example.net,India,2021-09-11,,,2026-07-19 13:22:07.780109
3538,Lisa Smith,hollymoss@example.org,,2021-03-26,Premium,24.0,2026-07-19 13:22:07.780109
3539,Alexander Murphy,joel78@example.org,USA,2025-10-22,Premium,,2026-07-19 13:22:07.780109
3540,Larry Reid,hannapeter@example.com,India,2022-02-04,,,2026-07-19 13:22:07.780109
3541,Tracey Reeves,yolandasmith@example.org,,2023-07-02,Premium,,2026-07-19 13:22:07.780109
3542,Nicole Wood,nathan34@example.com,Canada,2024-12-25,,,2026-07-19 13:22:07.781109
3543,Taylor Garcia,tsmith@example.net,Canada,2026-03-08,Premium,,2026-07-19 13:22:07.781109
3544,Cindy Cardenas,jillfreeman@example.com,Germany,2024-04-19,Standard,26.0,2026-07-19 13:22:07.781109
3545,Jason Martinez,benjamin80@example.net,Canada,2025-08-22,Premium,54.0,2026-07-19 13:22:07.781109
3546,Sandra Martin,odowns@example.net,,2025-06-12,,,2026-07-19 13:22:07.781109
3547,Patricia Ramos,jenniferdavis@example.net,UK,2025-01-27,,22.0,2026-07-19 13:22:07.781109
3548,Zachary Solomon,nicolemcintyre@example.org,UK,2024-03-25,Premium,53.0,2026-07-19 13:22:07.781109
3549,Teresa Stone,thorn@example.com,USA,2025-05-31,Standard,37.0,2026-07-19 13:22:07.782109
3550,Timothy Knox,zacharywilliams@example.org,,2022-08-13,,,2026-07-19 13:22:07.782109
3551,Denise Anderson,michellenguyen@example.com,Canada,2023-09-09,Premium,,2026-07-19 13:22:07.782109
3552,Hannah Brewer,qwalker@example.net,UK,2023-07-29,Premium,37.0,2026-07-19 13:22:07.782109
3553,Henry Donovan,stacyferguson@example.com,India,2021-05-21,Standard,48.0,2026-07-19 13:22:07.782109
3554,Todd Hardin,samantha54@example.net,USA,2022-10-29,,,2026-07-19 13:22:07.782109
3555,Robert Moon,johnsonmary@example.net,USA,2025-12-29,Standard,42.0,2026-07-19 13:22:07.782109
3556,Diane Murray,ericwright@example.net,USA,2022-10-22,Standard,50.0,2026-07-19 13:22:07.783109
3557,David Cole,andersondan@example.net,Canada,2023-11-14,Premium,54.0,2026-07-19 13:22:07.783109
3558,Casey Lynch,aevans@example.com,USA,2023-01-13,,,2026-07-19 13:22:07.783109
3559,Timothy Trujillo,wmiller@example.org,USA,2021-11-27,premium,44.0,2026-07-19 13:22:07.783109
3560,Charles Davis,imendoza@example.com,Germany,2026-04-23,premium,,2026-07-19 13:22:07.783109
3561,Michael Hoover,danielpeterson@example.com,Canada,2025-06-20,premium,,2026-07-19 13:22:07.783109
3562,Charles Hughes,jessehuber@example.com,UK,2021-11-10,Standard,65.0,2026-07-19 13:22:07.783109
3563,Michael Fox,ashleyfitzgerald@example.org,Germany,2023-02-06,,59.0,2026-07-19 13:22:07.783109
3564,Daniel Wilson,seanlane@example.net,USA,2023-03-11,premium,49.0,2026-07-19 13:22:07.784109
3565,Sonya Burnett,brownnicole@example.com,Germany,2023-03-09,Premium,44.0,2026-07-19 13:22:07.784109
3566,Rebecca Lucas,larsonrobert@example.net,UK,2026-01-27,Standard,67.0,2026-07-19 13:22:07.784109
3567,Makayla Martin,katiewilson@example.org,India,2024-12-28,,,2026-07-19 13:22:07.784109
3568,Brandon Copeland,burkejamie@example.org,,2022-01-09,premium,,2026-07-19 13:22:07.784109
3569,Gabriela Bishop,mgill@example.com,India,2021-10-02,,,2026-07-19 13:22:07.784109
3570,Amanda Barker DDS,landryamanda@example.net,Germany,2022-04-20,Standard,,2026-07-19 13:22:07.785145
3571,Michael Bennett,marypoole@example.org,Canada,2022-09-02,,39.0,2026-07-19 13:22:07.785145
3572,Edward Schmidt,karenlee@example.com,India,2023-01-08,premium,,2026-07-19 13:22:07.785145
3573,Kimberly Simmons,ipalmer@example.net,UK,2023-09-02,Standard,,2026-07-19 13:22:07.785145
3574,Jose James,etanner@example.com,USA,2023-05-17,Standard,,2026-07-19 13:22:07.785145
3575,Megan Schmitt,michaelhogan@example.net,USA,2021-12-01,premium,,2026-07-19 13:22:07.786143
3576,Sharon Carter,vhicks@example.org,India,2025-01-25,,60.0,2026-07-19 13:22:07.786143
3577,Sarah Johnson,mcastro@example.net,UK,2021-07-22,Standard,,2026-07-19 13:22:07.786143
3578,Brandy Nelson,uturner@example.com,USA,2022-09-11,premium,,2026-07-19 13:22:07.786143
3579,Kelli Barnes,wilsonjessica@example.org,USA,2022-01-27,,55.0,2026-07-19 13:22:07.786143
3580,Jacqueline Cox,hoffmanmelissa@example.org,Canada,2022-06-27,premium,58.0,2026-07-19 13:22:07.786143
3581,Richard Hamilton,wendygolden@example.net,USA,2023-03-13,premium,,2026-07-19 13:22:07.786143
3582,Jonathan Wilson,fmathews@example.net,India,2025-03-03,,,2026-07-19 13:22:07.786143
3583,Martin Coleman,austincase@example.com,UK,2023-12-22,premium,,2026-07-19 13:22:07.786143
3584,Derrick Peters,rachelwarner@example.com,UK,2026-02-22,premium,,2026-07-19 13:22:07.786143
3585,Philip Arellano,amber10@example.org,UK,2024-05-05,Premium,22.0,2026-07-19 13:22:07.786143
3586,Chelsea King,danielkaufman@example.com,India,2021-05-06,,,2026-07-19 13:22:07.786143
3587,Summer Pearson,meganlambert@example.org,UK,2023-05-14,,,2026-07-19 13:22:07.786143
3588,Jacob Miller,hrowland@example.org,Canada,2024-02-25,,56.0,2026-07-19 13:22:07.786143
3589,Meredith Owens,kimberly91@example.org,Germany,2024-02-05,,38.0,2026-07-19 13:22:07.787667
3590,Deborah Mitchell,nmcfarland@example.org,USA,2025-07-14,Premium,41.0,2026-07-19 13:22:07.787667
3591,Alison Fox,julie38@example.com,Canada,2021-10-18,Premium,35.0,2026-07-19 13:22:07.787667
3592,Melissa Gould,simpsonjessica@example.org,UK,2023-07-19,premium,26.0,2026-07-19 13:22:07.787667
3593,Amber Arias,jennifer84@example.com,,2022-09-12,,31.0,2026-07-19 13:22:07.787667
3594,Gary Bradley,msantiago@example.net,,2023-05-16,Premium,18.0,2026-07-19 13:22:07.787667
3595,Tina York,greenbrian@example.org,India,2021-01-26,premium,,2026-07-19 13:22:07.787667
3596,Samuel Davis,sarah21@example.com,USA,2025-04-03,Standard,,2026-07-19 13:22:07.787667
3597,Peter Mccoy,jerry46@example.com,UK,2024-07-25,Standard,27.0,2026-07-19 13:22:07.787667
3598,Jacqueline Thompson,devans@example.org,UK,2023-04-10,premium,66.0,2026-07-19 13:22:07.788698
3599,Jessica Brown,robertdiaz@example.com,USA,2022-01-11,,31.0,2026-07-19 13:22:07.788698
3600,David Wolfe,xibarra@example.net,USA,2026-01-14,premium,,2026-07-19 13:22:07.788698
3601,Yvonne Ibarra,rogerthomas@example.org,Canada,2026-01-05,Standard,44.0,2026-07-19 13:22:07.788698
3602,Courtney Mosley,garciajacob@example.net,USA,2023-12-21,Standard,29.0,2026-07-19 13:22:07.788698
3603,Mary Curtis,christinamccoy@example.org,India,2025-12-12,Premium,,2026-07-19 13:22:07.788698
3604,Amy Wright,rodriguezchristopher@example.org,Germany,2023-04-19,,46.0,2026-07-19 13:22:07.789681
3605,Catherine Lutz,icombs@example.com,USA,2025-12-26,Premium,,2026-07-19 13:22:07.789681
3606,Edward Mccormick,paynejulie@example.com,Germany,2025-09-15,,,2026-07-19 13:22:07.789681
3607,Steven Hendricks,tiffany72@example.com,Canada,2023-07-07,premium,,2026-07-19 13:22:07.789681
3608,Michael Warner,tammyclark@example.net,Germany,2022-02-13,premium,38.0,2026-07-19 13:22:07.789681
3609,Natasha Davis,barellano@example.net,Germany,2023-09-14,,46.0,2026-07-19 13:22:07.789681
3610,Rachel Brown,lreese@example.org,India,2025-09-27,Premium,,2026-07-19 13:22:07.790681
3611,Paul Bush,dakota14@example.com,USA,2022-02-17,,31.0,2026-07-19 13:22:07.790681
3612,Paul Bailey,anthonyrodriguez@example.net,India,2024-07-26,,35.0,2026-07-19 13:22:07.790681
3613,Molly Wagner,chelsey14@example.net,,2024-12-01,Standard,,2026-07-19 13:22:07.790681
3614,Raymond Barnes,williamspatrick@example.com,Canada,2022-09-13,Standard,59.0,2026-07-19 13:22:07.790681
3615,Jasmine Myers,andrew03@example.com,Germany,2022-07-20,Premium,,2026-07-19 13:22:07.790681
3616,David Jarvis,rmcmahon@example.net,India,2024-05-30,Premium,,2026-07-19 13:22:07.790681
3617,Michael Price,lisawilson@example.com,,2024-01-19,,,2026-07-19 13:22:07.790681
3618,John Taylor,currylinda@example.com,India,2024-08-05,Standard,,2026-07-19 13:22:07.790681
3619,Cynthia Madden,michael73@example.com,India,2023-11-12,Standard,28.0,2026-07-19 13:22:07.791680
3620,Vanessa Ray,denise47@example.net,UK,2022-12-07,Standard,,2026-07-19 13:22:07.791680
3621,Amanda Alvarado,gmatthews@example.org,India,2026-04-12,Standard,23.0,2026-07-19 13:22:07.791680
3622,Mary Richardson,travisfisher@example.org,Canada,2023-02-05,Premium,34.0,2026-07-19 13:22:07.791680
3623,Jane Williams,gdunn@example.com,UK,2021-04-28,premium,46.0,2026-07-19 13:22:07.791680
3624,Diane Stein,allison67@example.org,India,2025-10-02,,35.0,2026-07-19 13:22:07.791680
3625,Kimberly Bishop,olivia29@example.org,USA,2024-04-02,premium,28.0,2026-07-19 13:22:07.791680
3626,Lori Allison,josephstanton@example.com,USA,2021-08-29,Premium,57.0,2026-07-19 13:22:07.791680
3627,Sheila Davis,michaelbranch@example.com,UK,2022-11-17,Standard,,2026-07-19 13:22:07.791680
3628,Gregory Gray,tstephens@example.com,Germany,2021-07-13,Standard,33.0,2026-07-19 13:22:07.792679
3629,Mark Rodriguez IV,david48@example.com,USA,2023-03-03,Premium,22.0,2026-07-19 13:22:07.792679
3630,Rachel Hester,gcooper@example.org,India,2021-12-19,Standard,52.0,2026-07-19 13:22:07.792679
3631,Julia Odom,brandteric@example.org,Germany,2023-06-12,premium,64.0,2026-07-19 13:22:07.792679
3632,Christopher King,jeffreypham@example.net,USA,2023-07-23,Standard,33.0,2026-07-19 13:22:07.792679
3633,Gary Roberts,shaneanderson@example.net,India,2021-10-02,Standard,,2026-07-19 13:22:07.792679
3634,Melissa Scott,sharonsmith@example.com,UK,2021-12-27,Premium,50.0,2026-07-19 13:22:07.792679
3635,Sharon Harper,richardmendoza@example.net,Germany,2025-10-16,Standard,,2026-07-19 13:22:07.792679
3636,Tammy Reeves,johnjackson@example.com,USA,2021-10-20,Standard,,2026-07-19 13:22:07.793679
3637,Kerry Richardson,ksanchez@example.net,UK,2022-02-27,premium,47.0,2026-07-19 13:22:07.793679
3638,Brandon Young,dustinramirez@example.org,Germany,2025-07-26,Premium,63.0,2026-07-19 13:22:07.793679
3639,Maureen Martin,uwallace@example.net,USA,2022-12-17,Premium,,2026-07-19 13:22:07.793679
3640,Rodney Briggs,fconway@example.org,USA,2026-07-18,premium,,2026-07-19 13:22:07.793679
3641,Randy Adams,ureed@example.net,,2022-04-27,,,2026-07-19 13:22:07.793679
3642,Robert Dennis,frodriguez@example.com,UK,2023-12-07,premium,,2026-07-19 13:22:07.793679
3643,Joshua Combs,smithjohn@example.com,India,2023-08-12,,,2026-07-19 13:22:07.793679
3644,Adam Phillips,blanchardalexa@example.net,USA,2022-01-13,Premium,31.0,2026-07-19 13:22:07.793679
3645,Russell Burton,paula75@example.net,UK,2024-06-27,premium,,2026-07-19 13:22:07.793679
3646,Jacqueline Chan,william08@example.org,Germany,2024-06-10,premium,41.0,2026-07-19 13:22:07.793679
3647,Brandon Obrien,santanarichard@example.com,India,2023-10-26,Standard,66.0,2026-07-19 13:22:07.793679
3648,Joshua Newton,lmiller@example.com,USA,2024-02-09,Standard,46.0,2026-07-19 13:22:07.795217
3649,Roger Wilson,rphillips@example.org,,2022-02-05,premium,43.0,2026-07-19 13:22:07.795217
3650,Dustin Weber,hubercindy@example.org,USA,2026-06-16,Standard,,2026-07-19 13:22:07.795217
3651,Sara Green,gregorywhitehead@example.net,Germany,2024-04-23,,,2026-07-19 13:22:07.795217
3652,Chelsea Williams,sanchezlynn@example.com,India,2021-08-07,Standard,47.0,2026-07-19 13:22:07.795217
3653,Russell Walker,halevincent@example.net,Germany,2021-03-02,Premium,33.0,2026-07-19 13:22:07.795217
3654,Savannah Parker,martinezjamie@example.com,,2021-05-17,Premium,,2026-07-19 13:22:07.795217
3655,Michael Rivera,warrenjennifer@example.net,Canada,2024-08-01,,,2026-07-19 13:22:07.795217
3656,Betty White,christopherhaney@example.com,Canada,2023-03-12,premium,,2026-07-19 13:22:07.796241
3657,Joshua Gibbs,vkline@example.org,Canada,2021-04-24,,,2026-07-19 13:22:07.796241
3658,Dr. Michelle Obrien,tannerbenjamin@example.org,India,2025-06-18,premium,50.0,2026-07-19 13:22:07.796241
3659,Ronald Parker,gabrieldavis@example.org,Canada,2025-12-24,Standard,,2026-07-19 13:22:07.796241
3660,Thomas Griffin,erik78@example.com,Canada,2026-05-30,Standard,,2026-07-19 13:22:07.796241
3661,Rick Mitchell,ubarnes@example.net,Canada,2024-01-13,,,2026-07-19 13:22:07.796241
3662,David Herrera,sara89@example.net,India,2023-01-23,premium,,2026-07-19 13:22:07.796241
3663,Michelle Mcfarland,judith67@example.com,Canada,2022-01-21,Premium,,2026-07-19 13:22:07.796241
3664,Jenny Weaver,tylersims@example.org,Germany,2022-04-08,Premium,60.0,2026-07-19 13:22:07.797226
3665,Donna Gray,jessicagilbert@example.net,USA,2021-04-26,,,2026-07-19 13:22:07.797226
3666,Jennifer Peterson,cohenantonio@example.com,,2022-07-01,premium,27.0,2026-07-19 13:22:07.797226
3667,Sarah Hodge,csimon@example.com,USA,2026-01-10,,,2026-07-19 13:22:07.797226
3668,Autumn Wolf,john09@example.org,USA,2026-04-25,Premium,37.0,2026-07-19 13:22:07.797226
3669,Paul Walker,smithterri@example.net,USA,2025-06-16,,54.0,2026-07-19 13:22:07.798224
3670,Kenneth Vargas,townsendpatrick@example.net,Germany,2022-01-24,Standard,,2026-07-19 13:22:07.798224
3671,John Miller,molinajoseph@example.net,USA,2026-07-18,Premium,28.0,2026-07-19 13:22:07.798224
3672,Kimberly Burton,newtonryan@example.org,India,2022-06-21,,68.0,2026-07-19 13:22:07.798224
3673,Oscar Rivera,jessicaquinn@example.org,USA,2023-12-03,Standard,,2026-07-19 13:22:07.798224
3674,Thomas Lawrence,autumn62@example.com,Canada,2026-02-06,,,2026-07-19 13:22:07.798224
3675,Mr. Sean Hall,qschmidt@example.net,UK,2022-06-20,premium,,2026-07-19 13:22:07.798224
3676,Chelsea Ferguson,michael04@example.org,UK,2023-06-02,premium,,2026-07-19 13:22:07.798224
3677,James Fuller,bryan83@example.org,UK,2025-09-04,premium,69.0,2026-07-19 13:22:07.799224
3678,Patrick Rodriguez,nbryan@example.net,USA,2021-12-24,Premium,,2026-07-19 13:22:07.799224
3679,Joseph Gonzalez,fosterzachary@example.com,India,2024-09-15,premium,,2026-07-19 13:22:07.799224
3680,Megan Campos,misty29@example.net,Canada,2021-03-18,premium,,2026-07-19 13:22:07.799224
3681,Lauren Jimenez,yjohnson@example.com,Canada,2021-12-05,Standard,53.0,2026-07-19 13:22:07.799224
3682,Michelle Jenkins,gallagherhunter@example.com,USA,2021-08-11,Standard,47.0,2026-07-19 13:22:07.799224
3683,Yolanda Marshall,christinaroach@example.com,Canada,2022-08-21,premium,,2026-07-19 13:22:07.799224
3684,Belinda Kim,pooleandre@example.net,Germany,2023-05-16,premium,37.0,2026-07-19 13:22:07.799224
3685,Christine Young,kbanks@example.org,USA,2025-08-21,,60.0,2026-07-19 13:22:07.800224
3686,Joshua Hughes DDS,fergusonerik@example.net,India,2021-05-10,Premium,,2026-07-19 13:22:07.800224
3687,Adrienne Harris,gregoryjimenez@example.net,Germany,2025-09-07,,48.0,2026-07-19 13:22:07.800224
3688,Steve Kim,brittany15@example.org,India,2021-04-16,premium,,2026-07-19 13:22:07.800224
3689,Tiffany Turner,sean20@example.com,USA,2023-10-27,,43.0,2026-07-19 13:22:07.800224
3690,Steven Brewer,uanderson@example.com,Germany,2024-02-20,Standard,36.0,2026-07-19 13:22:07.800224
3691,Jacob Fowler,lonniehouse@example.org,UK,2022-01-14,Standard,39.0,2026-07-19 13:22:07.801223
3692,Juan Galvan,youngashlee@example.org,UK,2024-09-18,,23.0,2026-07-19 13:22:07.801223
3693,Raymond Lewis,taylorkatie@example.org,Canada,2026-02-01,Premium,,2026-07-19 13:22:07.801223
3694,Gregory Jensen,diazjames@example.org,Germany,2021-07-09,Premium,68.0,2026-07-19 13:22:07.801223
3695,Eric Carter,lhill@example.org,Canada,2026-07-15,,29.0,2026-07-19 13:22:07.801223
3696,Michaela Johnson,igraham@example.com,USA,2024-11-30,premium,,2026-07-19 13:22:07.801223
3697,Nicole Roberson,nicholasflynn@example.org,,2023-05-05,Premium,20.0,2026-07-19 13:22:07.801223
3698,Alan Combs,tflores@example.net,India,2024-09-11,Premium,20.0,2026-07-19 13:22:07.801223
3699,Bruce Wilson,tiffanymiller@example.org,Canada,2023-02-07,Premium,70.0,2026-07-19 13:22:07.801223
3700,Jose Dunn,chandlermichael@example.com,USA,2021-07-08,,,2026-07-19 13:22:07.802223
3701,Daniel Little,morgan90@example.org,Canada,2025-01-18,premium,57.0,2026-07-19 13:22:07.802223
3702,Philip Hoffman,ugates@example.com,UK,2024-12-14,Standard,,2026-07-19 13:22:07.802223
3703,Connor Holmes,michael57@example.org,UK,2021-10-08,premium,28.0,2026-07-19 13:22:07.802223
3704,Kelsey Morales,mdawson@example.net,Germany,2023-02-23,Standard,,2026-07-19 13:22:07.802223
3705,Paul Harris,emily76@example.org,Canada,2024-05-05,premium,60.0,2026-07-19 13:22:07.802223
3706,Vincent Gregory,gina30@example.com,,2023-11-24,,,2026-07-19 13:22:07.802223
3707,Patricia Thompson,ngarcia@example.com,India,2022-11-19,,44.0,2026-07-19 13:22:07.802223
3708,Anna Harvey,wthompson@example.org,India,2022-10-24,premium,31.0,2026-07-19 13:22:07.802223
3709,Caitlin Cooper,rlam@example.org,Germany,2025-09-18,Standard,20.0,2026-07-19 13:22:07.802223
3710,Jordan Pena,daniel32@example.com,Canada,2023-04-03,Premium,27.0,2026-07-19 13:22:07.803223
3711,Kimberly Hurst MD,zwallace@example.net,Germany,2025-11-03,Standard,64.0,2026-07-19 13:22:07.803223
3712,Anthony Mccall,angelatorres@example.net,India,2022-03-25,premium,,2026-07-19 13:22:07.803223
3713,Mrs. Kimberly Fletcher MD,poncejudith@example.com,UK,2025-03-17,,,2026-07-19 13:22:07.803223
3714,Marcus Ross,stacey73@example.org,Canada,2021-05-02,premium,63.0,2026-07-19 13:22:07.803223
3715,Anthony Knight,lee72@example.net,Germany,2022-11-14,Premium,41.0,2026-07-19 13:22:07.803223
3716,Albert Smith,nathan69@example.org,Germany,2025-06-22,premium,22.0,2026-07-19 13:22:07.803223
3717,Colleen Mckinney,allisonmorales@example.com,Canada,2021-10-31,premium,42.0,2026-07-19 13:22:07.804224
3718,Daniel Tanner,reidamy@example.net,Germany,2023-12-13,,,2026-07-19 13:22:07.804224
3719,Erin Rodriguez,limatthew@example.net,Germany,2025-10-20,premium,,2026-07-19 13:22:07.804224
3720,Joseph Tucker,markrichardson@example.net,,2024-10-13,Standard,18.0,2026-07-19 13:22:07.804224
3721,Daniel Owens,michelle99@example.net,India,2024-03-20,Premium,,2026-07-19 13:22:07.804224
3722,Erin Robinson,mholder@example.net,USA,2026-04-24,Standard,,2026-07-19 13:22:07.804224
3723,Paula Middleton,efoster@example.net,India,2021-06-17,Standard,64.0,2026-07-19 13:22:07.805224
3724,Brenda Garcia,wayne62@example.net,Germany,2026-05-02,Premium,,2026-07-19 13:22:07.805224
3725,Samuel Espinoza,lawrence07@example.net,,2024-08-16,premium,39.0,2026-07-19 13:22:07.805224
3726,Victoria Tucker,davidsonchelsea@example.com,Canada,2023-11-04,Standard,31.0,2026-07-19 13:22:07.805224
3727,Benjamin Perez,fcoleman@example.org,India,2022-09-25,premium,,2026-07-19 13:22:07.805224
3728,David Horne,lynn49@example.net,UK,2023-03-28,Standard,45.0,2026-07-19 13:22:07.805224
3729,Jennifer Ortiz,mejiadavid@example.net,Germany,2021-02-21,premium,,2026-07-19 13:22:07.805224
3730,Michael Williamson,mlewis@example.net,Canada,2024-12-14,premium,,2026-07-19 13:22:07.805224
3731,Taylor Solis,hudsonmichelle@example.net,UK,2023-01-12,Premium,,2026-07-19 13:22:07.805224
3732,Derek Bailey,manntonya@example.org,Germany,2021-06-03,Standard,38.0,2026-07-19 13:22:07.806229
3733,April Hansen,james61@example.net,Germany,2025-01-23,premium,59.0,2026-07-19 13:22:07.806229
3734,Kenneth Williams,trujillothomas@example.com,USA,2022-10-20,premium,,2026-07-19 13:22:07.806229
3735,Pamela Brown,david20@example.com,Canada,2023-07-29,Standard,20.0,2026-07-19 13:22:07.806229
3736,Richard Scott DDS,moorewilliam@example.org,Germany,2025-03-17,,,2026-07-19 13:22:07.806229
3737,James Perez,hortondonna@example.com,Canada,2021-03-04,Premium,,2026-07-19 13:22:07.806229
3738,Nathaniel Mejia,stephensmarissa@example.net,UK,2021-12-25,,,2026-07-19 13:22:07.806229
3739,Emily Anderson,rachel37@example.net,UK,2022-10-30,Premium,49.0,2026-07-19 13:22:07.807265
3740,Jamie Brown,randylopez@example.com,UK,2022-11-03,premium,67.0,2026-07-19 13:22:07.807265
3741,Cathy Murphy,alexandrahopkins@example.net,USA,2021-05-11,,,2026-07-19 13:22:07.807265
3742,Michelle Rogers,hsanchez@example.net,USA,2023-06-29,Standard,,2026-07-19 13:22:07.807265
3743,Jeffrey Fernandez,joseph26@example.org,Canada,2024-09-14,Standard,48.0,2026-07-19 13:22:07.807265
3744,Taylor Gill,richard76@example.org,Canada,2025-10-27,premium,,2026-07-19 13:22:07.807265
3745,Kristina Landry,fschmitt@example.com,,2025-02-08,,,2026-07-19 13:22:07.807265
3746,Alexis Smith,xpitts@example.org,USA,2022-06-17,Standard,41.0,2026-07-19 13:22:07.807265
3747,Hannah Santana,rwilliams@example.net,India,2024-10-24,Premium,22.0,2026-07-19 13:22:07.808228
3748,Daniel Becker,butleramy@example.org,Canada,2021-10-06,Premium,33.0,2026-07-19 13:22:07.808228
3749,Sandra Erickson,eritter@example.org,India,2021-02-19,Standard,,2026-07-19 13:22:07.808228
3750,Hannah Stephens,gkeller@example.net,India,2025-11-13,,50.0,2026-07-19 13:22:07.808228
3751,Susan Miller,nicole92@example.org,Germany,2022-10-20,premium,68.0,2026-07-19 13:22:07.808228
3752,Wendy Smith,juan61@example.org,India,2022-02-15,Premium,40.0,2026-07-19 13:22:07.808228
3753,Jason Young,xandrews@example.net,Germany,2022-01-10,Standard,,2026-07-19 13:22:07.808228
3754,Samuel Jackson,yhoffman@example.com,,2026-06-12,Premium,22.0,2026-07-19 13:22:07.808228
3755,Bethany Hall,gwest@example.org,USA,2024-08-18,Standard,51.0,2026-07-19 13:22:07.809229
3756,Thomas Sanders,amymills@example.net,Germany,2021-05-13,premium,,2026-07-19 13:22:07.809229
3757,Thomas Mclean,amanda90@example.org,Germany,2022-02-07,,,2026-07-19 13:22:07.809229
3758,Zachary Spencer,justin23@example.org,USA,2025-08-10,Standard,,2026-07-19 13:22:07.809229
3759,Jessica Stone,stephanie37@example.net,UK,2022-05-10,Premium,65.0,2026-07-19 13:22:07.809229
3760,Jason Hill,pbrown@example.net,,2021-04-24,,,2026-07-19 13:22:07.809229
3761,Patrick Walsh,davisseth@example.com,Germany,2024-09-28,premium,30.0,2026-07-19 13:22:07.809229
3762,Taylor Smith,hardyjasmine@example.com,Canada,2024-01-04,Standard,,2026-07-19 13:22:07.809229
3763,Michele Smith,hawkinsdawn@example.net,Canada,2022-10-27,premium,,2026-07-19 13:22:07.810229
3764,Evan Miranda,owu@example.org,Germany,2022-05-06,Premium,,2026-07-19 13:22:07.810229
3765,Mariah Flynn,scottsmith@example.com,Canada,2025-10-18,Premium,56.0,2026-07-19 13:22:07.810229
3766,Timothy Martin,jacksondebra@example.com,UK,2025-10-14,,,2026-07-19 13:22:07.810229
3767,Vincent Thomas,michelle72@example.org,Canada,2023-01-17,Premium,,2026-07-19 13:22:07.810229
3768,Ebony Mendoza,watersdavid@example.net,USA,2024-10-18,,36.0,2026-07-19 13:22:07.811229
3769,Amy Wheeler,merickson@example.org,Canada,2026-03-29,premium,60.0,2026-07-19 13:22:07.811229
3770,Sandra Harris,johnflores@example.org,,2025-02-06,,,2026-07-19 13:22:07.811229
3771,Stanley Jones,amandahudson@example.org,India,2021-10-13,,,2026-07-19 13:22:07.811229
3772,Henry Merritt,owenssarah@example.org,Canada,2023-10-03,premium,,2026-07-19 13:22:07.811229
3773,Laura Young,williamsalicia@example.net,Germany,2026-06-03,Premium,,2026-07-19 13:22:07.811229
3774,Larry Butler,matthewdunn@example.net,USA,2022-07-23,Premium,26.0,2026-07-19 13:22:07.811229
3775,Pamela Chavez,mstout@example.com,India,2025-11-29,Premium,,2026-07-19 13:22:07.811229
3776,Barbara Bennett,noahgarcia@example.net,India,2021-07-26,Premium,29.0,2026-07-19 13:22:07.812229
3777,Desiree Wallace,operez@example.net,UK,2022-01-22,Premium,32.0,2026-07-19 13:22:07.812229
3778,Marcus Reed,meghanmartin@example.net,India,2024-10-20,Premium,,2026-07-19 13:22:07.812229
3779,Jessica Robinson,kathrynharrison@example.com,UK,2022-11-10,premium,,2026-07-19 13:22:07.812229
3780,Melissa Nelson,xchase@example.com,Canada,2024-10-19,,,2026-07-19 13:22:07.812229
3781,William Allison,johnsonsuzanne@example.net,India,2022-05-24,Premium,26.0,2026-07-19 13:22:07.812229
3782,Darlene Wheeler,kelly25@example.com,Canada,2021-03-24,Premium,,2026-07-19 13:22:07.812229
3783,Lisa Holland,barbaramcpherson@example.net,Canada,2023-12-02,premium,43.0,2026-07-19 13:22:07.812229
3784,Michael Lopez,cynthiaespinoza@example.net,India,2025-08-28,Standard,,2026-07-19 13:22:07.813228
3785,Danielle Rich,sbarr@example.com,USA,2025-07-05,Premium,58.0,2026-07-19 13:22:07.813228
3786,Karen Ramirez,andrew70@example.com,Germany,2025-04-28,Standard,28.0,2026-07-19 13:22:07.813228
3787,Mark Macias,anitawalls@example.net,Germany,2026-07-09,premium,54.0,2026-07-19 13:22:07.813228
3788,Matthew Carr,brownkatrina@example.net,Germany,2023-06-24,Standard,,2026-07-19 13:22:07.813228
3789,Samantha Nelson,benjaminkimberly@example.net,USA,2023-02-10,,,2026-07-19 13:22:07.813228
3790,Shawn Sanchez,kross@example.net,India,2025-10-14,,,2026-07-19 13:22:07.813228
3791,Beth Miller,triciawest@example.com,UK,2024-12-07,premium,33.0,2026-07-19 13:22:07.814228
3792,Andrew Burnett,qnelson@example.com,,2024-03-11,premium,,2026-07-19 13:22:07.814228
3793,Michael Shannon,xhale@example.net,Canada,2025-11-27,,55.0,2026-07-19 13:22:07.814228
3794,Mary Gomez,russellrichard@example.com,,2025-02-16,Standard,54.0,2026-07-19 13:22:07.814228
3795,Jose Smith,danielle26@example.net,,2023-04-18,Premium,60.0,2026-07-19 13:22:07.814228
3796,Michael Cole,thompsonjoan@example.com,USA,2022-07-24,Premium,32.0,2026-07-19 13:22:07.814228
3797,Angela Jenkins,melissarivas@example.com,,2026-04-15,Premium,,2026-07-19 13:22:07.814228
3798,Michael Wilson,veronica54@example.net,USA,2021-02-19,Standard,35.0,2026-07-19 13:22:07.815228
3799,Dawn Johnston,cameron11@example.net,UK,2026-07-14,Standard,63.0,2026-07-19 13:22:07.815228
3800,Kevin Ho,justin56@example.net,,2026-06-21,,,2026-07-19 13:22:07.815228
3801,Matthew Weaver,frankaaron@example.org,USA,2024-01-16,Standard,27.0,2026-07-19 13:22:07.815228
3802,Lauren Compton,perryjoseph@example.org,India,2024-09-22,,,2026-07-19 13:22:07.815228
3803,Carol Powers,goldenkimberly@example.net,Germany,2022-10-30,Standard,58.0,2026-07-19 13:22:07.815228
3804,Gary Ferguson,rwebb@example.com,USA,2024-05-13,premium,30.0,2026-07-19 13:22:07.815228
3805,Tamara Murphy,david35@example.com,Germany,2023-10-22,premium,45.0,2026-07-19 13:22:07.815228
3806,Trevor Peterson,heather68@example.com,India,2026-07-13,,47.0,2026-07-19 13:22:07.815228
3807,Holly Hill,vlopez@example.com,Canada,2022-03-02,Premium,,2026-07-19 13:22:07.816647
3808,Matthew Walker,hmorgan@example.net,UK,2024-12-04,Standard,44.0,2026-07-19 13:22:07.816647
3809,Steven Roberts,michael99@example.net,India,2025-10-04,premium,35.0,2026-07-19 13:22:07.816647
3810,Dustin Reyes,ramosjonathan@example.com,Germany,2022-03-27,Premium,48.0,2026-07-19 13:22:07.816647
3811,Matthew Mitchell,ballrhonda@example.org,UK,2024-01-01,premium,37.0,2026-07-19 13:22:07.816647
3812,Dale White,olsoncody@example.com,Germany,2025-06-03,premium,,2026-07-19 13:22:07.817619
3813,Matthew Brown,meganmercer@example.com,India,2025-08-25,,,2026-07-19 13:22:07.817619
3814,Laura Robbins,garciajohn@example.com,USA,2026-06-14,Standard,,2026-07-19 13:22:07.817619
3815,Robin Bowman,anthonydavis@example.net,Germany,2025-04-27,Standard,,2026-07-19 13:22:07.817619
3816,Crystal Kim,melissa17@example.net,,2024-06-20,premium,62.0,2026-07-19 13:22:07.817619
3817,Justin Rodriguez,hespinoza@example.com,India,2021-09-18,premium,,2026-07-19 13:22:07.817619
3818,Eric Bailey,denisejackson@example.net,Canada,2026-03-13,Premium,,2026-07-19 13:22:07.818619
3819,Brittany Jenkins,katherineclark@example.org,India,2022-01-03,Standard,66.0,2026-07-19 13:22:07.818619
3820,Edward Moody,ramosethan@example.com,,2023-10-06,Premium,27.0,2026-07-19 13:22:07.818619
3821,Yolanda Kline,carrie49@example.org,India,2022-03-29,,,2026-07-19 13:22:07.818619
3822,Felicia Franklin,cthomas@example.com,Canada,2023-11-07,Standard,29.0,2026-07-19 13:22:07.818619
3823,Brian Nunez,kennethtyler@example.org,,2024-10-30,,,2026-07-19 13:22:07.818619
3824,Jamie Harrell,david79@example.com,UK,2025-06-06,,,2026-07-19 13:22:07.818619
3825,Judy Atkins,andersonmelinda@example.net,Canada,2024-06-01,,57.0,2026-07-19 13:22:07.818619
3826,Bianca Kelly,breanna22@example.com,USA,2024-09-22,Premium,,2026-07-19 13:22:07.819620
3827,Laura Bailey,eric62@example.com,Germany,2022-04-17,Standard,,2026-07-19 13:22:07.819620
3828,Andrew Hardin,tkelly@example.net,Germany,2025-04-09,,53.0,2026-07-19 13:22:07.819620
3829,Douglas Michael,taylorjessica@example.net,,2026-02-13,Premium,54.0,2026-07-19 13:22:07.819620
3830,William Crawford,mia46@example.net,USA,2024-03-30,Premium,,2026-07-19 13:22:07.819620
3831,Felicia Trujillo,lowebrandon@example.org,Germany,2023-07-20,Premium,,2026-07-19 13:22:07.819620
3832,Emma Shea,veronica47@example.org,,2025-10-15,Standard,65.0,2026-07-19 13:22:07.819620
3833,Jennifer Mosley,anitastanley@example.net,USA,2024-06-20,Premium,,2026-07-19 13:22:07.819620
3834,John Morris,pamelamartinez@example.com,Canada,2021-05-26,,,2026-07-19 13:22:07.820619
3835,Tonya Powell,michaelsanders@example.net,,2023-04-01,,31.0,2026-07-19 13:22:07.820619
3836,Megan Lane,joanne02@example.org,India,2021-05-15,Standard,57.0,2026-07-19 13:22:07.820619
3837,Marie Lewis,ygregory@example.org,Canada,2022-01-12,premium,68.0,2026-07-19 13:22:07.820619
3838,Steven Richards,zimmermanjoshua@example.com,Canada,2023-11-18,premium,52.0,2026-07-19 13:22:07.820619
3839,Sharon Jennings,pray@example.net,,2022-04-20,Premium,49.0,2026-07-19 13:22:07.820619
3840,Gregory Butler,jeffreyandrade@example.com,Germany,2021-07-28,premium,24.0,2026-07-19 13:22:07.820619
3841,Melissa Ruiz,eburton@example.com,UK,2023-04-13,Standard,,2026-07-19 13:22:07.821620
3842,Suzanne Smith,christopher04@example.org,Canada,2024-02-26,premium,,2026-07-19 13:22:07.821620
3843,Lynn Schroeder,walterkristin@example.com,UK,2022-08-24,Standard,19.0,2026-07-19 13:22:07.821620
3844,Marissa Bell,felicia19@example.org,,2023-05-06,Premium,,2026-07-19 13:22:07.821620
3845,Curtis Lee,lawrencerhonda@example.net,USA,2025-08-01,Standard,32.0,2026-07-19 13:22:07.821620
3846,Mary Garcia,katherinefox@example.com,,2025-07-17,Standard,70.0,2026-07-19 13:22:07.821620
3847,Jessica Lawrence,tanya40@example.net,USA,2025-10-21,premium,47.0,2026-07-19 13:22:07.821620
3848,Sara Anderson,jacobhale@example.net,,2024-01-11,Standard,57.0,2026-07-19 13:22:07.822642
3849,Deborah Hansen,lawrence73@example.com,Canada,2025-11-20,Standard,,2026-07-19 13:22:07.822642
3850,Alexander Powers,tgarcia@example.com,,2024-02-16,Standard,62.0,2026-07-19 13:22:07.822642
3851,Mr. Craig Hamilton,belldavid@example.com,USA,2023-11-22,,18.0,2026-07-19 13:22:07.822642
3852,Tamara Velazquez,jwhite@example.org,India,2026-05-09,Standard,,2026-07-19 13:22:07.822642
3853,Destiny Bailey,stefanie34@example.net,Canada,2026-01-27,Standard,31.0,2026-07-19 13:22:07.822642
3854,Charlotte Williams,garygarcia@example.org,USA,2024-03-21,Premium,45.0,2026-07-19 13:22:07.822642
3855,Timothy Bender,peterforbes@example.com,,2021-12-28,Standard,,2026-07-19 13:22:07.822642
3856,Mark Lee,thomasscott@example.org,Germany,2025-08-31,Standard,,2026-07-19 13:22:07.823619
3857,Dr. Kelsey Cox,opugh@example.org,USA,2023-02-14,,,2026-07-19 13:22:07.823619
3858,Erika White,crystal59@example.net,India,2023-02-24,Standard,64.0,2026-07-19 13:22:07.823619
3859,Jason Bass,wjacobs@example.com,USA,2024-04-09,premium,,2026-07-19 13:22:07.823619
3860,Dustin Mitchell,bishopchristopher@example.org,Canada,2021-08-23,Premium,68.0,2026-07-19 13:22:07.823619
3861,Michael Nguyen,fgordon@example.com,Canada,2025-04-05,Premium,,2026-07-19 13:22:07.823619
3862,Angela Alvarez,cynthia78@example.com,Germany,2021-06-13,Standard,21.0,2026-07-19 13:22:07.823619
3863,Penny Jones,dillonjennifer@example.com,UK,2021-08-21,Standard,69.0,2026-07-19 13:22:07.823619
3864,Gerald Hart,kathyhopkins@example.org,USA,2021-06-16,Premium,50.0,2026-07-19 13:22:07.823619
3865,Julia Shea,jennifer34@example.com,USA,2023-07-12,Premium,39.0,2026-07-19 13:22:07.823619
3866,Mark Hartman,bennettlinda@example.org,India,2025-01-31,premium,53.0,2026-07-19 13:22:07.825124
3867,Christopher Green,logantaylor@example.com,USA,2026-04-20,,49.0,2026-07-19 13:22:07.825124
3868,James Ingram,eanderson@example.com,USA,2022-01-17,Standard,62.0,2026-07-19 13:22:07.825124
3869,Kristina Watson,michele49@example.net,UK,2025-09-20,,,2026-07-19 13:22:07.825124
3870,Peter Ramos,ipatrick@example.net,,2022-12-29,Premium,,2026-07-19 13:22:07.825124
3871,Nicholas Hughes,timothy38@example.net,Germany,2025-08-16,premium,39.0,2026-07-19 13:22:07.825124
3872,April Beasley,iray@example.com,Canada,2022-04-04,Premium,67.0,2026-07-19 13:22:07.825124
3873,Nicole Berry,dmata@example.com,,2022-09-04,Premium,69.0,2026-07-19 13:22:07.825124
3874,William Ferguson,david98@example.com,Canada,2024-09-27,Standard,66.0,2026-07-19 13:22:07.825124
3875,Robert Cox,danielpowers@example.net,Canada,2022-09-10,Standard,48.0,2026-07-19 13:22:07.825124
3876,Vincent Ross,stephanie35@example.net,Germany,2022-02-26,premium,21.0,2026-07-19 13:22:07.825124
3877,Douglas Odom,sjenkins@example.com,,2025-09-16,premium,,2026-07-19 13:22:07.825124
3878,Jessica Hawkins,gkelly@example.com,,2025-11-26,premium,,2026-07-19 13:22:07.825124
3879,Michael Church,mvelez@example.net,India,2025-08-27,Premium,52.0,2026-07-19 13:22:07.825124
3880,Andres Rodriguez,williamevans@example.net,UK,2022-10-20,,,2026-07-19 13:22:07.826628
3881,Thomas Kaiser,aguilarsusan@example.com,UK,2021-06-11,Premium,27.0,2026-07-19 13:22:07.826628
3882,Megan Sanchez,michaelboyd@example.net,India,2023-09-27,Premium,,2026-07-19 13:22:07.826628
3883,Ryan Conner,smithmichael@example.net,Germany,2026-04-28,,47.0,2026-07-19 13:22:07.826628
3884,John Rollins,loganhaas@example.net,Canada,2023-03-10,Premium,,2026-07-19 13:22:07.826628
3885,Larry Griffin,kelsey04@example.net,USA,2024-06-06,premium,,2026-07-19 13:22:07.826628
3886,Rebekah Williams,samanthalawson@example.com,Canada,2024-07-09,premium,51.0,2026-07-19 13:22:07.826628
3887,Sherri Moore,kari03@example.net,Germany,2024-06-06,Premium,,2026-07-19 13:22:07.826628
3888,Aaron Howard,pwest@example.net,USA,2022-01-28,premium,50.0,2026-07-19 13:22:07.827633
3889,Jenna Harris,lreed@example.org,India,2024-06-23,Premium,,2026-07-19 13:22:07.827633
3890,Bryan Williams,michaelsilva@example.net,USA,2022-02-23,,64.0,2026-07-19 13:22:07.827633
3891,Michael Henry,mannmary@example.net,UK,2022-07-18,Premium,,2026-07-19 13:22:07.827633
3892,Matthew Perez,steven41@example.net,Canada,2024-04-08,Standard,,2026-07-19 13:22:07.827633
3893,Spencer Fernandez,jwolfe@example.com,UK,2021-09-30,,,2026-07-19 13:22:07.827633
3894,Yolanda Green,wigginsjoseph@example.org,Canada,2022-03-21,Standard,26.0,2026-07-19 13:22:07.827633
3895,Matthew Spears,greenanthony@example.org,Canada,2025-01-17,Premium,,2026-07-19 13:22:07.827633
3896,Sabrina Dyer,rcollins@example.net,India,2021-11-13,Premium,53.0,2026-07-19 13:22:07.828633
3897,Beverly Myers,zharrington@example.org,India,2023-01-15,premium,59.0,2026-07-19 13:22:07.828633
3898,Katherine Alexander,angelajones@example.org,UK,2021-03-25,,49.0,2026-07-19 13:22:07.828633
3899,Gary Herring,desireehorton@example.net,UK,2025-06-17,,63.0,2026-07-19 13:22:07.828633
3900,Donald Abbott,robertserin@example.org,UK,2022-12-01,Premium,,2026-07-19 13:22:07.828633
3901,Steven Mcgee,jwilson@example.net,USA,2025-09-05,Premium,,2026-07-19 13:22:07.828633
3902,Ashley Farmer,scott85@example.com,UK,2022-09-30,premium,64.0,2026-07-19 13:22:07.828633
3903,Gary Barrett,meghanfrank@example.net,UK,2023-05-06,premium,,2026-07-19 13:22:07.828633
3904,Jacqueline Long,paulastark@example.com,USA,2026-06-07,Standard,44.0,2026-07-19 13:22:07.829632
3905,Raymond Clark,flynnblake@example.org,India,2022-07-01,,31.0,2026-07-19 13:22:07.829632
3906,Jonathan Hines,marcus72@example.net,India,2021-02-28,premium,,2026-07-19 13:22:07.829632
3907,Jennifer Carr,kevin53@example.org,Canada,2021-12-09,,,2026-07-19 13:22:07.829632
3908,Maria Turner,charlesolson@example.com,USA,2024-07-23,premium,,2026-07-19 13:22:07.829632
3909,Paul Fuentes,derek35@example.com,Canada,2025-07-02,,68.0,2026-07-19 13:22:07.829632
3910,Leslie Chavez,etaylor@example.org,,2022-10-05,premium,39.0,2026-07-19 13:22:07.829632
3911,Mindy Gamble,davidduarte@example.org,India,2025-06-22,Premium,60.0,2026-07-19 13:22:07.830632
3912,Cynthia Nicholson,trevor60@example.net,Germany,2024-06-07,premium,,2026-07-19 13:22:07.830632
3913,Stephanie Taylor,lcampos@example.net,India,2023-09-03,Premium,67.0,2026-07-19 13:22:07.830632
3914,Alyssa Miranda,zgraves@example.com,,2025-12-08,premium,33.0,2026-07-19 13:22:07.830632
3915,Alyssa Marsh,katherinelewis@example.org,India,2024-09-08,Standard,47.0,2026-07-19 13:22:07.831633
3916,Nancy Alvarez,bonnie23@example.com,,2022-09-09,premium,,2026-07-19 13:22:07.831633
3917,Austin Lara,hooperdesiree@example.org,,2022-12-19,Premium,36.0,2026-07-19 13:22:07.831633
3918,Gerald Bell,aadams@example.net,USA,2021-05-30,Standard,,2026-07-19 13:22:07.831633
3919,Paul Anderson,edwardsjerry@example.com,USA,2021-11-26,premium,,2026-07-19 13:22:07.831633
3920,Sarah Brock,omar16@example.org,,2025-11-11,,64.0,2026-07-19 13:22:07.831633
3921,Brandon Stein,francobrian@example.net,USA,2022-01-11,Premium,23.0,2026-07-19 13:22:07.832660
3922,Stephen Smith,sarahrodriguez@example.org,,2023-03-09,,,2026-07-19 13:22:07.832660
3923,Cynthia Vazquez,benjaminlopez@example.org,,2021-08-15,Premium,52.0,2026-07-19 13:22:07.832660
3924,Martha Mcknight,uhart@example.org,UK,2021-01-28,Standard,33.0,2026-07-19 13:22:07.832660
3925,Hailey Gonzales,lowedavid@example.net,,2022-09-28,Standard,49.0,2026-07-19 13:22:07.832660
3926,Amy Meyer,nancyalexander@example.org,USA,2024-04-11,premium,32.0,2026-07-19 13:22:07.832660
3927,Richard Howell,christopherle@example.net,Germany,2021-10-03,Premium,64.0,2026-07-19 13:22:07.832660
3928,Tara Miller,amarshall@example.net,Canada,2021-05-26,,,2026-07-19 13:22:07.832660
3929,Joshua Fischer,washingtonjohn@example.com,Germany,2026-01-05,,,2026-07-19 13:22:07.833635
3930,Jeffrey Brown,kevinvasquez@example.net,UK,2022-07-05,Premium,18.0,2026-07-19 13:22:07.833635
3931,Jerome Scott,jasonjimenez@example.org,USA,2021-12-12,Premium,69.0,2026-07-19 13:22:07.833635
3932,Todd Palmer,millerashley@example.org,UK,2025-12-13,premium,,2026-07-19 13:22:07.833635
3933,Mr. James Smith,davidburke@example.org,Canada,2023-06-20,Standard,56.0,2026-07-19 13:22:07.833635
3934,Brett Carter,jordanthomas@example.com,USA,2022-09-09,,,2026-07-19 13:22:07.833635
3935,Courtney Baker,dillon19@example.org,,2022-08-10,,,2026-07-19 13:22:07.833635
3936,Jeffrey Stevenson,eho@example.com,UK,2025-11-16,,18.0,2026-07-19 13:22:07.833635
3937,Derrick Franklin,eric99@example.org,Germany,2024-06-26,premium,26.0,2026-07-19 13:22:07.833635
3938,Amber Carter,omiles@example.org,Canada,2024-10-20,Premium,69.0,2026-07-19 13:22:07.833635
3939,Curtis Nunez,melissa93@example.org,UK,2022-12-18,premium,,2026-07-19 13:22:07.833635
3940,Shane Miller,khawkins@example.com,USA,2025-04-02,,,2026-07-19 13:22:07.833635
3941,Bob Vasquez,pollardteresa@example.org,India,2021-11-06,Premium,55.0,2026-07-19 13:22:07.835139
3942,Kyle Nichols,cindy68@example.net,Germany,2025-06-16,Standard,70.0,2026-07-19 13:22:07.835139
3943,Todd Flynn,terrikidd@example.com,USA,2023-02-23,Standard,22.0,2026-07-19 13:22:07.835139
3944,Matthew Huang,morganmarcia@example.net,Germany,2025-01-02,premium,,2026-07-19 13:22:07.835139
3945,Patrick Barber,chriscalhoun@example.com,Canada,2026-01-12,premium,,2026-07-19 13:22:07.835139
3946,Dominique Bowen,wernerkelly@example.net,USA,2023-08-20,,65.0,2026-07-19 13:22:07.835139
3947,Justin Cochran,ffernandez@example.com,India,2023-01-05,Premium,,2026-07-19 13:22:07.835139
3948,Tracy Wilson,todd60@example.net,USA,2023-10-15,,,2026-07-19 13:22:07.835139
3949,Mark Casey,tparker@example.net,,2026-04-16,Premium,25.0,2026-07-19 13:22:07.836161
3950,Joseph Gray,gregory06@example.org,Germany,2022-03-04,Premium,20.0,2026-07-19 13:22:07.836161
3951,Mr. Ian Martin,jenniferstout@example.net,Canada,2023-08-19,Standard,,2026-07-19 13:22:07.836161
3952,Kelsey Nguyen,robert14@example.com,Germany,2021-08-03,Premium,70.0,2026-07-19 13:22:07.836161
3953,Jamie Keith,janice35@example.com,Germany,2025-09-07,,,2026-07-19 13:22:07.836161
3954,James Benjamin,wreynolds@example.org,,2025-05-10,Premium,29.0,2026-07-19 13:22:07.836161
3955,James Krause,aimeemartinez@example.com,India,2021-07-07,premium,40.0,2026-07-19 13:22:07.836161
3956,Brett Mcbride,nealhannah@example.com,Germany,2023-09-11,Standard,45.0,2026-07-19 13:22:07.836161
3957,Kristi Henry,michaeladkins@example.net,Germany,2023-01-14,,45.0,2026-07-19 13:22:07.837143
3958,Travis Christian,trancourtney@example.com,UK,2025-05-14,premium,36.0,2026-07-19 13:22:07.837143
3959,Peter Giles,james17@example.com,Canada,2025-03-11,premium,53.0,2026-07-19 13:22:07.837143
3960,John Griffin,alicia77@example.com,UK,2024-01-15,Standard,,2026-07-19 13:22:07.837143
3961,John Gordon,meagan16@example.org,USA,2023-11-16,Standard,44.0,2026-07-19 13:22:07.837143
3962,Justin Johnson,hernandezbrian@example.org,USA,2025-03-28,premium,57.0,2026-07-19 13:22:07.837143
3963,Bonnie Moon,wmartin@example.net,Canada,2025-12-22,premium,46.0,2026-07-19 13:22:07.837143
3964,John Haas,juliamcintyre@example.org,UK,2021-12-09,Premium,,2026-07-19 13:22:07.837143
3965,Andrea Neal,pthompson@example.net,UK,2023-04-17,Premium,,2026-07-19 13:22:07.838143
3966,Timothy Mathews,owilson@example.net,India,2023-05-01,Standard,,2026-07-19 13:22:07.838143
3967,Nancy Hamilton,steven41@example.org,India,2023-04-13,Standard,,2026-07-19 13:22:07.838143
3968,Daniel Hughes,cynthia10@example.net,UK,2023-05-04,,,2026-07-19 13:22:07.838143
3969,Rebecca Martinez,roberthester@example.com,UK,2022-12-13,,,2026-07-19 13:22:07.838143
3970,Allen Hawkins,meyerdavid@example.net,USA,2023-07-19,premium,,2026-07-19 13:22:07.838143
3971,Edward Wilson,timothypeterson@example.com,,2021-03-18,Standard,,2026-07-19 13:22:07.839145
3972,Tom Richards,marc88@example.org,UK,2025-12-21,premium,,2026-07-19 13:22:07.839145
3973,Stephen Ferguson,ruben53@example.com,UK,2023-01-29,Standard,29.0,2026-07-19 13:22:07.839145
3974,Kelli Davis,jennifer24@example.com,Canada,2025-07-06,Standard,36.0,2026-07-19 13:22:07.839145
3975,Jonathon Martinez,laura53@example.org,Germany,2024-04-13,Premium,44.0,2026-07-19 13:22:07.839145
3976,Karen Cervantes,rmoreno@example.org,UK,2023-11-24,Standard,43.0,2026-07-19 13:22:07.839145
3977,Mr. David Cohen Jr.,carterkelsey@example.net,Germany,2022-04-07,,,2026-07-19 13:22:07.839145
3978,Stephen Cook,sara90@example.net,USA,2022-05-07,Standard,37.0,2026-07-19 13:22:07.839145
3979,Cindy Mccoy,kylebennett@example.net,UK,2023-02-23,Standard,,2026-07-19 13:22:07.839145
3980,Sean Tran,evansexton@example.com,,2025-03-07,Standard,60.0,2026-07-19 13:22:07.840144
3981,Mr. John Graves,sharoncarr@example.com,India,2021-11-27,Premium,,2026-07-19 13:22:07.840144
3982,Douglas Booker,justinortega@example.com,,2025-11-20,Standard,,2026-07-19 13:22:07.840144
3983,Jose Mckee,jacksonbriana@example.net,India,2026-05-19,Standard,,2026-07-19 13:22:07.840144
3984,Michael Johnson,hlopez@example.org,UK,2022-10-03,Standard,,2026-07-19 13:22:07.840144
3985,Lynn Buchanan,amberwells@example.net,Canada,2022-02-26,,,2026-07-19 13:22:07.840144
3986,Mark Stevens,karen06@example.com,India,2024-04-07,Premium,31.0,2026-07-19 13:22:07.840144
3987,Erika Riggs,rhonda99@example.com,UK,2023-11-06,,24.0,2026-07-19 13:22:07.840144
3988,Penny Ross,johnward@example.net,USA,2022-01-08,premium,,2026-07-19 13:22:07.841144
3989,Daisy Harvey,merrittjames@example.net,Canada,2025-02-19,Standard,,2026-07-19 13:22:07.841144
3990,Thomas Sellers,snguyen@example.net,Germany,2023-07-07,Standard,,2026-07-19 13:22:07.841144
3991,Annette Thomas,gdiaz@example.net,UK,2025-01-09,Premium,19.0,2026-07-19 13:22:07.841144
3992,Sandra Cook,bradfowler@example.net,Germany,2022-05-01,Standard,18.0,2026-07-19 13:22:07.841144
3993,Ashley Ramos,gregory45@example.net,,2021-10-08,,,2026-07-19 13:22:07.841144
3994,Dylan Reyes,ekennedy@example.net,Germany,2026-03-13,Premium,,2026-07-19 13:22:07.841144
3995,Adam Walters,tmorris@example.org,UK,2025-06-01,Premium,23.0,2026-07-19 13:22:07.842143
3996,Steve Young,bakerjacob@example.net,UK,2024-09-02,Premium,21.0,2026-07-19 13:22:07.842143
3997,Brian Rodriguez,taylorgarrett@example.net,Germany,2023-08-04,Premium,,2026-07-19 13:22:07.842143
3998,Tara Hansen,williamknight@example.net,Canada,2024-11-26,Premium,,2026-07-19 13:22:07.842143
3999,Jeremy Anderson,william79@example.net,Canada,2024-01-03,,67.0,2026-07-19 13:22:07.842143
4000,Tammy Martinez,christinaharrington@example.com,,2023-08-16,Standard,,2026-07-19 13:22:07.842143
4001,Sara Conley,cortezdiana@example.org,,2024-03-29,Standard,,2026-07-19 13:22:07.843144
4002,Richard Patrick,annabrown@example.org,USA,2022-12-22,premium,35.0,2026-07-19 13:22:07.843144
4003,Theresa Morales,njackson@example.net,Germany,2024-01-29,,,2026-07-19 13:22:07.843144
4004,Tasha Jones,katherinemorgan@example.net,Germany,2025-08-21,Premium,,2026-07-19 13:22:07.843144
4005,David Harris,hutchinsoncassandra@example.com,USA,2022-06-24,,,2026-07-19 13:22:07.843144
4006,Jessica Day,adrianajames@example.net,,2025-10-26,Standard,40.0,2026-07-19 13:22:07.843144
4007,Brian Miller,james65@example.net,UK,2022-01-26,Premium,,2026-07-19 13:22:07.843144
4008,Amanda Garcia,mcbridejessica@example.net,,2023-01-16,,42.0,2026-07-19 13:22:07.843144
4009,Connie Hernandez,joeberry@example.com,USA,2023-05-19,Premium,,2026-07-19 13:22:07.844143
4010,Scott Johnson,lutzrachel@example.net,Canada,2024-04-27,premium,22.0,2026-07-19 13:22:07.844143
4011,Lisa Turner,wmiller@example.org,USA,2025-05-30,,32.0,2026-07-19 13:22:07.844143
4012,James Bruce,wpage@example.net,USA,2021-03-13,premium,40.0,2026-07-19 13:22:07.844143
4013,Jason Morris,susanmiranda@example.net,USA,2024-08-12,,,2026-07-19 13:22:07.844143
4014,Jason Fritz,heather74@example.org,UK,2021-05-08,Premium,47.0,2026-07-19 13:22:07.844143
4015,Shannon Peck,vhenderson@example.org,USA,2021-10-14,Standard,61.0,2026-07-19 13:22:07.844143
4016,Maria Moore,rpeterson@example.net,Canada,2023-03-03,Standard,,2026-07-19 13:22:07.844143
4017,Kevin Phelps,brandonthomas@example.com,Canada,2025-04-27,,,2026-07-19 13:22:07.845143
4018,Joseph Hahn,patrick13@example.net,USA,2023-12-05,,,2026-07-19 13:22:07.845143
4019,John Hernandez,dgallagher@example.org,Germany,2025-11-13,Standard,,2026-07-19 13:22:07.845143
4020,William Harris,samantha76@example.net,Canada,2021-07-20,premium,,2026-07-19 13:22:07.845143
4021,Phillip Solis,antoniobaker@example.org,UK,2026-04-10,Standard,,2026-07-19 13:22:07.845143
4022,Matthew Rios,shaherin@example.com,Canada,2025-10-04,,36.0,2026-07-19 13:22:07.845143
4023,Morgan Paul,thomasjohn@example.net,Canada,2024-02-17,premium,36.0,2026-07-19 13:22:07.845143
4024,Aaron Hardin,tranneil@example.com,USA,2024-01-06,Standard,,2026-07-19 13:22:07.846147
4025,Tim Brown,michelle15@example.org,Canada,2024-04-25,,52.0,2026-07-19 13:22:07.846147
4026,Oscar Downs,brownjessica@example.com,USA,2021-06-22,,,2026-07-19 13:22:07.846147
4027,Carla Franklin,gavin59@example.org,,2023-09-02,Standard,29.0,2026-07-19 13:22:07.846147
4028,Jordan Patton,fgutierrez@example.net,Canada,2021-11-15,Standard,58.0,2026-07-19 13:22:07.846147
4029,Robert Mullen,davidbarnes@example.com,Germany,2021-07-14,Standard,24.0,2026-07-19 13:22:07.846147
4030,George Harris,chad91@example.org,India,2023-08-21,,,2026-07-19 13:22:07.846147
4031,Jason Cole,hliu@example.com,,2021-11-23,,,2026-07-19 13:22:07.846147
4032,Mary Kaufman,hallandrea@example.org,USA,2022-04-19,,70.0,2026-07-19 13:22:07.846147
4033,Matthew Hunter,rbell@example.net,UK,2025-03-09,Premium,50.0,2026-07-19 13:22:07.847147
4034,Michael Jenkins,carrie57@example.org,UK,2022-09-23,premium,44.0,2026-07-19 13:22:07.847147
4035,Christine Tran,esims@example.net,India,2025-04-07,,65.0,2026-07-19 13:22:07.847147
4036,Donald Gallagher,zamorajustin@example.org,Germany,2022-02-22,,43.0,2026-07-19 13:22:07.847147
4037,Nicole Peters,mwilson@example.net,Germany,2023-11-13,Premium,,2026-07-19 13:22:07.847147
4038,Savannah Lucas,richardsonmargaret@example.com,USA,2021-07-02,,51.0,2026-07-19 13:22:07.847147
4039,Jacqueline Stephens,oneillmichelle@example.org,Canada,2024-07-02,Premium,42.0,2026-07-19 13:22:07.847147
4040,Christopher Williams,catherine36@example.net,Canada,2022-11-08,Standard,29.0,2026-07-19 13:22:07.848187
4041,Gregory Lopez,rhanson@example.org,,2024-08-03,premium,61.0,2026-07-19 13:22:07.848187
4042,Tracy Castro,adouglas@example.com,Canada,2024-05-05,premium,,2026-07-19 13:22:07.848187
4043,Kelly Dorsey,mario28@example.org,UK,2024-01-15,Premium,,2026-07-19 13:22:07.848187
4044,Kimberly Mckee,gilbertjames@example.org,Germany,2023-05-10,Standard,64.0,2026-07-19 13:22:07.848187
4045,Steven Price,kthompson@example.com,UK,2022-11-24,Standard,22.0,2026-07-19 13:22:07.848187
4046,Bonnie Wilson,harrisonbradley@example.net,India,2023-05-14,,47.0,2026-07-19 13:22:07.848187
4047,Richard Park,westebony@example.org,UK,2023-03-28,premium,,2026-07-19 13:22:07.848187
4048,Phyllis Rocha,emilycarson@example.com,UK,2023-02-18,premium,68.0,2026-07-19 13:22:07.849165
4049,Mitchell Berry,thayes@example.com,USA,2025-11-02,Premium,39.0,2026-07-19 13:22:07.849165
4050,Laura Chan,tnunez@example.net,UK,2022-09-02,Standard,,2026-07-19 13:22:07.849165
4051,Teresa Lara,nicholas10@example.org,,2023-03-12,premium,,2026-07-19 13:22:07.849165
4052,Taylor Vaughn,rcox@example.com,,2025-10-26,premium,,2026-07-19 13:22:07.849165
4053,Kelly Watts,smithmatthew@example.com,,2023-02-17,Premium,59.0,2026-07-19 13:22:07.849165
4054,Evan Robertson,ehart@example.com,India,2024-08-08,,,2026-07-19 13:22:07.849165
4055,Jonathan Ellis,stephanie15@example.com,Canada,2022-08-26,,,2026-07-19 13:22:07.849165
4056,Robert Keller,hernandezbobby@example.org,USA,2025-03-25,,,2026-07-19 13:22:07.849165
4057,Amy Bolton,kristin92@example.net,Germany,2025-06-13,Standard,,2026-07-19 13:22:07.850171
4058,Amber Brown,reillytimothy@example.com,India,2024-05-31,Premium,57.0,2026-07-19 13:22:07.850171
4059,Carrie Clark,qwoods@example.com,,2023-01-11,,,2026-07-19 13:22:07.850171
4060,Dr. Andrew Lee MD,ehowe@example.com,Germany,2023-07-06,Standard,,2026-07-19 13:22:07.850171
4061,Tina Smith,murraymaxwell@example.com,UK,2023-10-05,Standard,,2026-07-19 13:22:07.850171
4062,Laura Mejia,odonnellchristopher@example.com,UK,2023-04-25,Standard,49.0,2026-07-19 13:22:07.850171
4063,Craig Cameron,jameslee@example.com,,2023-07-26,premium,61.0,2026-07-19 13:22:07.850171
4064,Melissa Manning,laura42@example.com,Germany,2022-12-10,Standard,61.0,2026-07-19 13:22:07.850171
4065,Robert Kirby,emily71@example.net,India,2026-04-04,premium,,2026-07-19 13:22:07.851171
4066,Mrs. Leslie Miller,waltersvirginia@example.com,Germany,2024-05-30,premium,,2026-07-19 13:22:07.851171
4067,Christina Campbell,jenna15@example.org,UK,2026-05-02,Premium,61.0,2026-07-19 13:22:07.851171
4068,Amanda Byrd,cobbemily@example.net,USA,2024-12-24,Standard,,2026-07-19 13:22:07.851171
4069,Dylan Ramirez,zdaniels@example.org,India,2025-01-16,premium,,2026-07-19 13:22:07.851171
4070,Luis Rosario MD,brandonmartinez@example.net,Germany,2023-03-22,,30.0,2026-07-19 13:22:07.851171
4071,Alison Rodgers MD,penarickey@example.com,India,2021-11-30,premium,29.0,2026-07-19 13:22:07.851171
4072,Robert Lewis,mwallace@example.net,,2021-03-19,Standard,,2026-07-19 13:22:07.851171
4073,Daniel Anderson,hshaw@example.com,Germany,2021-11-22,Standard,30.0,2026-07-19 13:22:07.852163
4074,Rebecca Ramos,gina98@example.com,India,2024-04-11,Standard,34.0,2026-07-19 13:22:07.852163
4075,Ashley Salazar,richardsimon@example.net,,2022-09-25,premium,,2026-07-19 13:22:07.852163
4076,Tracy Nunez,deniseadams@example.org,,2021-04-27,,,2026-07-19 13:22:07.852163
4077,Joan Howard,penny19@example.net,Germany,2025-08-10,Standard,43.0,2026-07-19 13:22:07.852163
4078,Jason Ritter,christophersherman@example.org,,2025-04-20,premium,,2026-07-19 13:22:07.853147
4079,Barbara Knight MD,gregoryvelasquez@example.com,Canada,2025-04-18,Premium,,2026-07-19 13:22:07.853147
4080,Mr. John Long,sosborne@example.net,India,2024-06-30,Premium,,2026-07-19 13:22:07.853147
4081,Jacqueline Warner,blacktimothy@example.net,UK,2025-01-27,,,2026-07-19 13:22:07.853147
4082,Felicia Sanders,rebeccaochoa@example.com,Canada,2023-02-16,premium,,2026-07-19 13:22:07.853147
4083,Todd Anderson,ibooth@example.com,,2024-12-08,premium,32.0,2026-07-19 13:22:07.853147
4084,Erica Noble,ymoon@example.org,USA,2024-10-30,Premium,61.0,2026-07-19 13:22:07.854147
4085,Samuel Roberts,deborahmccoy@example.org,Canada,2021-06-04,,,2026-07-19 13:22:07.854147
4086,Richard Flores,catherineday@example.net,USA,2026-04-14,Standard,,2026-07-19 13:22:07.854147
4087,Joseph English,jessica42@example.org,UK,2025-03-23,premium,68.0,2026-07-19 13:22:07.854147
4088,Elizabeth Weeks,scottrobinson@example.org,Canada,2021-11-05,premium,,2026-07-19 13:22:07.854147
4089,Tamara Carney,vargaskatelyn@example.com,India,2026-01-20,premium,,2026-07-19 13:22:07.854147
4090,Jason Quinn,juliewilliams@example.net,Canada,2024-09-18,premium,30.0,2026-07-19 13:22:07.854147
4091,Danielle King,bellmegan@example.net,USA,2022-06-18,Standard,41.0,2026-07-19 13:22:07.855148
4092,Brianna Gonzalez,hallwilliam@example.com,Germany,2023-11-18,Premium,,2026-07-19 13:22:07.855148
4093,Kelli Hansen,mariawang@example.com,Germany,2021-10-10,premium,20.0,2026-07-19 13:22:07.855148
4094,Heather Chang,harristyler@example.org,UK,2025-01-21,Standard,62.0,2026-07-19 13:22:07.855148
4095,Jeremy Fitzgerald,martinmiller@example.org,India,2021-03-21,Premium,,2026-07-19 13:22:07.855148
4096,Richard Griffith,aarmstrong@example.com,USA,2023-12-27,,57.0,2026-07-19 13:22:07.855148
4097,Joshua Elliott,andersonelizabeth@example.org,,2023-03-26,,53.0,2026-07-19 13:22:07.855148
4098,Mr. Kyle Washington,weeksmeghan@example.org,UK,2022-06-10,Standard,,2026-07-19 13:22:07.855148
4099,Kimberly Bruce,perezcharles@example.net,Canada,2025-01-09,premium,26.0,2026-07-19 13:22:07.856153
4100,Kelly Gomez,stephaniegonzales@example.net,UK,2023-08-06,premium,43.0,2026-07-19 13:22:07.856153
4101,Rebecca Ramsey,janicealvarado@example.com,USA,2021-04-21,premium,,2026-07-19 13:22:07.856153
4102,Elizabeth Murphy,lambertnicholas@example.org,Germany,2026-03-22,premium,,2026-07-19 13:22:07.856153
4103,Kelly Mejia,melissacherry@example.com,Germany,2023-07-12,,,2026-07-19 13:22:07.856153
4104,Walter Pacheco PhD,hector01@example.net,USA,2025-10-09,,,2026-07-19 13:22:07.856153
4105,William Rodriguez,lisawilliams@example.org,UK,2024-08-28,premium,,2026-07-19 13:22:07.856153
4106,Travis Joseph,laurashaw@example.org,,2023-04-02,,,2026-07-19 13:22:07.857153
4107,Joseph Franklin,melissadavis@example.net,,2021-10-30,premium,29.0,2026-07-19 13:22:07.857153
4108,Jacob Gillespie,randalltaylor@example.org,India,2021-03-06,Premium,,2026-07-19 13:22:07.857153
4109,Jason Taylor,tammy18@example.com,India,2026-05-28,Standard,18.0,2026-07-19 13:22:07.857153
4110,Kevin Alexander,xcantu@example.net,Canada,2025-09-03,premium,41.0,2026-07-19 13:22:07.857153
4111,William Kent,sandrasnyder@example.com,UK,2022-12-02,Standard,22.0,2026-07-19 13:22:07.857153
4112,Kristin Rose,jameswilliams@example.org,USA,2022-12-11,Premium,,2026-07-19 13:22:07.857153
4113,Andrew Schmidt,erichudson@example.net,India,2026-02-28,Standard,,2026-07-19 13:22:07.858152
4114,Veronica Davis,adamvincent@example.com,India,2023-11-08,Premium,51.0,2026-07-19 13:22:07.858152
4115,David Taylor,jtucker@example.com,,2022-12-31,,53.0,2026-07-19 13:22:07.858152
4116,Tami Turner,kmartin@example.org,,2025-12-26,premium,,2026-07-19 13:22:07.858152
4117,Jill Henson,ppowers@example.net,UK,2023-08-10,,,2026-07-19 13:22:07.858152
4118,Karen Rivera,reneebaker@example.com,USA,2023-09-30,Standard,,2026-07-19 13:22:07.858152
4119,Robert Hall,kevin05@example.net,,2022-02-15,,,2026-07-19 13:22:07.858152
4120,Theodore Ross,cynthiahayes@example.com,,2024-03-25,Standard,65.0,2026-07-19 13:22:07.858152
4121,Jeffrey Hartman,jsimmons@example.org,USA,2024-06-29,Standard,,2026-07-19 13:22:07.859152
4122,Barbara Bridges,jeffrey06@example.com,USA,2021-03-23,Premium,51.0,2026-07-19 13:22:07.859152
4123,Michael Giles,owilliams@example.net,USA,2022-07-31,Premium,65.0,2026-07-19 13:22:07.859152
4124,James Myers,xkeller@example.net,USA,2021-11-10,Premium,26.0,2026-07-19 13:22:07.859152
4125,Frank Smith,ricardobautista@example.com,UK,2025-09-29,Premium,,2026-07-19 13:22:07.859152
4126,Christian Howell,proctordenise@example.org,UK,2026-01-11,Premium,42.0,2026-07-19 13:22:07.859152
4127,James Jacobson,matthew76@example.org,Canada,2023-08-20,Standard,,2026-07-19 13:22:07.859152
4128,Lisa Johnson,rarnold@example.com,Germany,2025-08-26,Standard,,2026-07-19 13:22:07.860153
4129,Jake Li,vsmith@example.net,India,2026-05-31,Standard,,2026-07-19 13:22:07.860153
4130,Adam Collier,omccoy@example.org,Germany,2023-08-22,Premium,,2026-07-19 13:22:07.860153
4131,Ronald Nelson,tcasey@example.com,USA,2022-02-19,Standard,,2026-07-19 13:22:07.860153
4132,James Holloway,styler@example.org,Germany,2024-09-30,premium,,2026-07-19 13:22:07.860153
4133,Francisco Johnson,mariah22@example.org,UK,2023-01-11,premium,48.0,2026-07-19 13:22:07.860153
4134,Jasmine Davis,xgeorge@example.com,Germany,2025-09-06,Premium,38.0,2026-07-19 13:22:07.860153
4135,Michael Shaw,michael95@example.net,UK,2026-01-16,,42.0,2026-07-19 13:22:07.860153
4136,Peter Oneal,mathewmckee@example.org,,2025-12-22,,21.0,2026-07-19 13:22:07.861152
4137,Cassidy King,jorge63@example.org,,2024-01-31,Premium,,2026-07-19 13:22:07.861152
4138,Rachel Holt,ramirezyolanda@example.net,USA,2026-03-12,,61.0,2026-07-19 13:22:07.861152
4139,Jennifer Miller DDS,mpitts@example.org,USA,2024-01-24,Standard,54.0,2026-07-19 13:22:07.861152
4140,Nicole Johnson,christianrice@example.net,Canada,2024-09-20,Standard,29.0,2026-07-19 13:22:07.861152
4141,Seth Fitzgerald,millermatthew@example.com,UK,2021-03-11,Standard,,2026-07-19 13:22:07.861152
4142,Carmen Henry,jeanne86@example.net,USA,2021-03-11,Premium,,2026-07-19 13:22:07.861152
4143,Tyler Thomas,ejohnson@example.com,India,2022-11-11,Premium,,2026-07-19 13:22:07.861152
4144,Nicholas Wright,jonathanrivera@example.net,USA,2023-06-13,Standard,33.0,2026-07-19 13:22:07.861152
4145,Phillip Campbell,ericagraves@example.org,India,2022-11-20,premium,62.0,2026-07-19 13:22:07.862152
4146,Sheri Smith,sarah03@example.org,UK,2021-10-01,Standard,,2026-07-19 13:22:07.862152
4147,Mark Morgan,sarah60@example.net,India,2024-03-16,Premium,,2026-07-19 13:22:07.862152
4148,Charles Cross,ahenderson@example.net,,2022-05-18,,32.0,2026-07-19 13:22:07.862152
4149,Nathan Martin,wilsonnatalie@example.net,Germany,2024-12-03,Standard,,2026-07-19 13:22:07.862152
4150,Justin Murray,tyler02@example.org,India,2021-09-11,premium,,2026-07-19 13:22:07.862152
4151,Oscar Porter,debbie68@example.org,UK,2022-07-15,Premium,,2026-07-19 13:22:07.862152
4152,Alexander Powell,bakermichael@example.net,UK,2021-12-03,,18.0,2026-07-19 13:22:07.862152
4153,Meredith Rice,andrewsalazar@example.com,UK,2025-07-27,,22.0,2026-07-19 13:22:07.863152
4154,Joel Nelson,stantonwilliam@example.com,Canada,2024-09-09,Standard,,2026-07-19 13:22:07.863152
4155,Brandon Nguyen,delgadoderrick@example.org,UK,2021-06-10,,64.0,2026-07-19 13:22:07.863152
4156,Leslie Long,morrisjonathan@example.com,USA,2023-10-19,premium,26.0,2026-07-19 13:22:07.863152
4157,Eric Miles,knightbrian@example.org,USA,2025-09-17,Premium,69.0,2026-07-19 13:22:07.864152
4158,Brian Mccann,williamslarry@example.com,USA,2022-02-06,premium,43.0,2026-07-19 13:22:07.864152
4159,Hannah Harrison,nataliewilson@example.com,UK,2025-06-29,Standard,20.0,2026-07-19 13:22:07.864152
4160,Jennifer Russell,james70@example.net,India,2022-04-13,,,2026-07-19 13:22:07.864152
4161,Julie Rivera,bgarcia@example.net,UK,2023-09-22,,40.0,2026-07-19 13:22:07.864152
4162,Natalie Roth MD,matthewjuarez@example.net,,2022-05-26,premium,,2026-07-19 13:22:07.864152
4163,William Riddle,dianeayers@example.net,USA,2025-03-22,,21.0,2026-07-19 13:22:07.865153
4164,Terri Robbins,pchurch@example.org,USA,2026-06-14,premium,37.0,2026-07-19 13:22:07.865153
4165,Jeanne House,yschneider@example.com,Germany,2022-12-06,Premium,,2026-07-19 13:22:07.865153
4166,Vanessa Luna,mhartman@example.com,Canada,2023-12-20,Premium,40.0,2026-07-19 13:22:07.865153
4167,Patrick Mathis,bmartin@example.net,USA,2021-08-29,Premium,19.0,2026-07-19 13:22:07.865153
4168,Eric Haley,savageshannon@example.com,,2023-04-24,Standard,,2026-07-19 13:22:07.865153
4169,Joseph Patterson,richard19@example.org,,2026-05-31,Premium,37.0,2026-07-19 13:22:07.865153
4170,Dylan Davis,anthonybright@example.com,Germany,2024-12-29,Standard,21.0,2026-07-19 13:22:07.865153
4171,Anna Atkinson,samuelanderson@example.net,Canada,2023-04-26,,48.0,2026-07-19 13:22:07.866152
4172,Brandi Harper,thompsonkylie@example.net,USA,2022-09-12,,23.0,2026-07-19 13:22:07.866152
4173,Patrick Edwards,elizabethgalvan@example.net,USA,2024-04-26,Premium,58.0,2026-07-19 13:22:07.866152
4174,Mariah Erickson,karlcaldwell@example.net,,2025-09-12,Premium,31.0,2026-07-19 13:22:07.866152
4175,William Cummings,malikgarcia@example.net,Canada,2021-09-08,,,2026-07-19 13:22:07.866152
4176,Theresa Johnson,ihernandez@example.com,,2025-10-07,Premium,25.0,2026-07-19 13:22:07.867154
4177,Dr. Anna Munoz,holly11@example.net,Canada,2025-12-01,,43.0,2026-07-19 13:22:07.867154
4178,Anna Hart,emilymartinez@example.com,USA,2021-06-05,Standard,20.0,2026-07-19 13:22:07.867154
4179,Chelsea Lee,ukirk@example.net,UK,2022-07-03,Premium,46.0,2026-07-19 13:22:07.867154
4180,Peggy Marks,smorgan@example.com,,2024-08-16,,33.0,2026-07-19 13:22:07.867154
4181,Crystal Barnett,harrismolly@example.com,UK,2022-05-12,Standard,,2026-07-19 13:22:07.867154
4182,Mark Levine,anitaaguilar@example.com,UK,2025-06-20,,,2026-07-19 13:22:07.867154
4183,Nicholas Snyder,matthewwall@example.net,USA,2023-07-17,Premium,60.0,2026-07-19 13:22:07.868153
4184,Kiara Bond,ojohnson@example.net,Germany,2022-11-25,premium,67.0,2026-07-19 13:22:07.868153
4185,Mrs. Alisha Cummings,gnguyen@example.net,USA,2022-04-06,premium,29.0,2026-07-19 13:22:07.868153
4186,Roger Conner,tpollard@example.org,Canada,2024-12-14,Premium,,2026-07-19 13:22:07.868153
4187,Tyler Bonilla,zjohnson@example.net,,2023-08-10,Standard,39.0,2026-07-19 13:22:07.868153
4188,Anita Harrell,robert88@example.net,UK,2022-10-27,premium,26.0,2026-07-19 13:22:07.868153
4189,Rita Montgomery,johnstone@example.org,UK,2024-12-09,,26.0,2026-07-19 13:22:07.868153
4190,Juan Khan,jason93@example.net,UK,2025-06-18,premium,,2026-07-19 13:22:07.868153
4191,Erin Munoz,lewispaula@example.org,Canada,2022-01-02,Premium,69.0,2026-07-19 13:22:07.868153
4192,Sierra Farley,znorton@example.net,,2022-10-23,premium,,2026-07-19 13:22:07.869153
4193,Dustin Mitchell,lmarsh@example.com,Canada,2022-03-13,Premium,,2026-07-19 13:22:07.869153
4194,Kathy Jackson,susanpierce@example.org,Canada,2025-10-02,premium,,2026-07-19 13:22:07.869153
4195,Anthony Morgan,robert90@example.net,India,2023-06-20,premium,,2026-07-19 13:22:07.869153
4196,Anthony Roach,katie66@example.net,Germany,2024-10-29,Standard,31.0,2026-07-19 13:22:07.869153
4197,Jordan Stuart,zhopkins@example.com,India,2021-04-08,Premium,65.0,2026-07-19 13:22:07.869153
4198,Andrea Perez,dalemcdaniel@example.org,Canada,2025-10-04,,,2026-07-19 13:22:07.869153
4199,Danny Rodriguez,kayla17@example.net,Canada,2024-07-08,Standard,48.0,2026-07-19 13:22:07.869153
4200,Heather Jackson,nashley@example.net,UK,2023-10-10,premium,21.0,2026-07-19 13:22:07.869153
4201,Caitlin Martin,jvilla@example.org,UK,2023-01-28,Premium,46.0,2026-07-19 13:22:07.870152
4202,Raymond Kramer,richardsonjeffrey@example.org,Germany,2024-02-28,Premium,44.0,2026-07-19 13:22:07.870152
4203,Chelsea Sanders,bobby04@example.net,USA,2025-11-02,premium,51.0,2026-07-19 13:22:07.870152
4204,Sabrina Johnson DDS,mollysanchez@example.com,India,2024-10-03,premium,28.0,2026-07-19 13:22:07.870152
4205,Cynthia Thompson,ian71@example.net,USA,2022-08-13,premium,20.0,2026-07-19 13:22:07.870152
4206,Joshua Horton,laura75@example.net,Canada,2025-11-06,Premium,,2026-07-19 13:22:07.870152
4207,Diana Garrett,david84@example.com,Germany,2021-03-08,,,2026-07-19 13:22:07.870152
4208,Faith Hernandez,pnichols@example.com,India,2024-03-05,premium,57.0,2026-07-19 13:22:07.870152
4209,Lindsay Smith,arthur65@example.net,India,2024-01-25,premium,,2026-07-19 13:22:07.870152
4210,Charles Day,davisjames@example.org,Germany,2021-10-26,Standard,,2026-07-19 13:22:07.871152
4211,Alexis Ochoa,wrightmichael@example.org,Germany,2021-10-30,Premium,,2026-07-19 13:22:07.871152
4212,Rachel Schmidt,maria82@example.com,Germany,2024-02-11,Premium,25.0,2026-07-19 13:22:07.871152
4213,Valerie Perry,abooth@example.com,UK,2026-03-20,Premium,69.0,2026-07-19 13:22:07.871152
4214,Carlos Campbell,ryancrystal@example.net,Canada,2025-05-21,Premium,,2026-07-19 13:22:07.871152
4215,Daniel Downs,luis72@example.org,UK,2025-04-05,Premium,,2026-07-19 13:22:07.871152
4216,Robert Brooks,vmercer@example.org,India,2022-04-08,Premium,49.0,2026-07-19 13:22:07.871152
4217,Cynthia English,austin24@example.net,Germany,2023-08-27,Premium,52.0,2026-07-19 13:22:07.871152
4218,Jeffrey Hunter,fwilliams@example.org,UK,2026-01-01,premium,46.0,2026-07-19 13:22:07.871152
4219,Shannon Randall,duaneperez@example.org,USA,2023-03-24,Premium,64.0,2026-07-19 13:22:07.872153
4220,Douglas Faulkner,carpenterkelly@example.org,India,2022-08-07,Premium,47.0,2026-07-19 13:22:07.872153
4221,Jamie Gonzalez,alexanderrebecca@example.org,USA,2023-09-12,Premium,,2026-07-19 13:22:07.872153
4222,Jessica Weaver,tharvey@example.org,Canada,2025-03-02,Premium,47.0,2026-07-19 13:22:07.872153
4223,William Thompson,peggy77@example.org,India,2026-02-06,Premium,,2026-07-19 13:22:07.872153
4224,Matthew Moore,bbaxter@example.com,India,2021-02-09,premium,,2026-07-19 13:22:07.872153
4225,Deborah Meadows,paynerobert@example.net,USA,2022-01-21,,29.0,2026-07-19 13:22:07.872153
4226,Renee Russo,justin55@example.org,,2025-06-12,Premium,,2026-07-19 13:22:07.872153
4227,Michelle Martinez,derekobrien@example.net,USA,2024-08-04,premium,,2026-07-19 13:22:07.873152
4228,Jessica Rose,shaffervictoria@example.com,,2024-02-21,premium,49.0,2026-07-19 13:22:07.873152
4229,Olivia Davis,xcaldwell@example.com,USA,2025-11-15,Premium,39.0,2026-07-19 13:22:07.873152
4230,John Weiss,tyler15@example.net,,2022-01-16,Standard,,2026-07-19 13:22:07.873152
4231,Jeanne Henderson,nortonjennifer@example.com,USA,2021-12-08,,,2026-07-19 13:22:07.873152
4232,Dustin Koch,durankyle@example.com,Germany,2024-02-06,Standard,,2026-07-19 13:22:07.873152
4233,Matthew Lopez,jesseolson@example.com,UK,2026-03-10,Standard,,2026-07-19 13:22:07.873152
4234,Christina Patton,stevenjohnson@example.org,Canada,2026-05-15,Premium,,2026-07-19 13:22:07.874152
4235,Jessica Cruz,johnprice@example.org,Germany,2024-02-29,Premium,,2026-07-19 13:22:07.874152
4236,Joel Curry,elizabeth01@example.com,,2023-03-31,Premium,66.0,2026-07-19 13:22:07.874152
4237,Kim Cook,andersondavid@example.com,Canada,2026-04-07,,,2026-07-19 13:22:07.874152
4238,Sarah Holland,crystalarroyo@example.com,,2023-12-05,Premium,34.0,2026-07-19 13:22:07.874152
4239,Michael King,bradley48@example.org,Canada,2022-05-08,premium,55.0,2026-07-19 13:22:07.874152
4240,Rachel Li,teresa39@example.net,UK,2022-03-29,Premium,,2026-07-19 13:22:07.874152
4241,Donna Hampton,mooreashley@example.org,UK,2026-07-13,premium,33.0,2026-07-19 13:22:07.875186
4242,John Wagner,bethashley@example.com,India,2022-02-24,Standard,,2026-07-19 13:22:07.875186
4243,Chad Young,gmckee@example.org,UK,2023-02-19,Premium,,2026-07-19 13:22:07.875186
4244,Connie Woods,timothy64@example.net,,2021-11-22,,,2026-07-19 13:22:07.875186
4245,Carla Callahan,umann@example.org,,2025-04-17,Premium,,2026-07-19 13:22:07.875186
4246,Anthony Osborn,joshuawright@example.net,UK,2024-02-01,Premium,,2026-07-19 13:22:07.875186
4247,Ashley Brown,rhondaevans@example.com,Germany,2023-03-03,premium,,2026-07-19 13:22:07.875186
4248,Norma Diaz,hannahanderson@example.com,Germany,2021-03-11,Premium,27.0,2026-07-19 13:22:07.875186
4249,Richard Lynch,omyers@example.org,Germany,2024-12-09,Premium,,2026-07-19 13:22:07.876175
4250,Steven Jacobson,gdixon@example.org,UK,2025-01-20,Standard,32.0,2026-07-19 13:22:07.876175
4251,George Miller,carriedavis@example.com,India,2024-02-06,Standard,,2026-07-19 13:22:07.876175
4252,Sandra Lewis,jeremywood@example.org,UK,2023-05-12,Premium,,2026-07-19 13:22:07.876175
4253,Sheri Steele,bblair@example.net,Canada,2026-03-04,premium,,2026-07-19 13:22:07.876175
4254,Amanda Walker,craig46@example.com,,2025-10-07,Premium,,2026-07-19 13:22:07.876175
4255,Gabriela Obrien,wcarlson@example.net,Canada,2023-08-29,,70.0,2026-07-19 13:22:07.876175
4256,Clayton Grant,aarondunlap@example.org,Canada,2026-01-18,,21.0,2026-07-19 13:22:07.876175
4257,Laura Sims,fmccullough@example.net,,2022-10-26,Premium,,2026-07-19 13:22:07.877168
4258,Frank Hinton,cynthia28@example.org,Canada,2021-10-13,Premium,,2026-07-19 13:22:07.877168
4259,Darren Goodman,anthony96@example.com,,2022-08-12,,27.0,2026-07-19 13:22:07.877168
4260,Heather Barton,amberyu@example.org,Canada,2021-01-28,,,2026-07-19 13:22:07.877168
4261,Tammy Thompson,barnettandrea@example.org,,2023-09-13,Premium,70.0,2026-07-19 13:22:07.877168
4262,Ronald Diaz,samanthacase@example.com,UK,2021-05-06,,,2026-07-19 13:22:07.877168
4263,Jesse Barnes,olsonderrick@example.net,UK,2025-10-09,Standard,66.0,2026-07-19 13:22:07.877168
4264,Carl Moreno,nicholsjason@example.net,Germany,2021-03-28,premium,51.0,2026-07-19 13:22:07.877168
4265,Kristin Bryant,iknight@example.com,UK,2024-01-30,premium,46.0,2026-07-19 13:22:07.878168
4266,Thomas Frye,caroline29@example.com,UK,2025-07-31,Premium,69.0,2026-07-19 13:22:07.878168
4267,Jeffrey Clark,wardthomas@example.com,India,2023-07-09,Premium,,2026-07-19 13:22:07.878168
4268,Jeremy Whitaker,travislopez@example.org,India,2023-11-23,Premium,29.0,2026-07-19 13:22:07.878168
4269,Damon Hale,natalie72@example.org,Germany,2023-05-23,Premium,,2026-07-19 13:22:07.878168
4270,Jessica Tucker,fmaxwell@example.org,Canada,2022-04-06,Premium,,2026-07-19 13:22:07.878168
4271,Danny Williams,christopherrivers@example.net,,2021-12-19,premium,68.0,2026-07-19 13:22:07.878168
4272,Kathryn Hale,hamiltonbrian@example.org,UK,2022-10-15,,53.0,2026-07-19 13:22:07.878168
4273,James Leonard,claudia01@example.net,Germany,2022-06-23,,,2026-07-19 13:22:07.878168
4274,Jessica Gentry,brobertson@example.com,,2022-12-26,Premium,35.0,2026-07-19 13:22:07.879154
4275,Christopher Johnson,higginsrobert@example.com,UK,2024-07-23,Standard,63.0,2026-07-19 13:22:07.879154
4276,Stacey Patel,ccarroll@example.org,India,2021-06-23,Premium,,2026-07-19 13:22:07.879154
4277,Samantha Lee,rodriguezashley@example.org,Canada,2024-07-23,,,2026-07-19 13:22:07.879154
4278,Patricia Santiago,davidbailey@example.com,UK,2022-12-12,Standard,,2026-07-19 13:22:07.879154
4279,Ann Khan,rollinsamy@example.org,India,2022-10-08,Standard,,2026-07-19 13:22:07.879154
4280,Michael Todd,lroberts@example.org,India,2025-12-12,,,2026-07-19 13:22:07.880153
4281,James Cruz,lisa35@example.com,USA,2024-11-27,Premium,,2026-07-19 13:22:07.880153
4282,Paul Washington,angel56@example.org,,2022-12-17,premium,,2026-07-19 13:22:07.880153
4283,Jared Rhodes,payneamanda@example.com,Germany,2023-06-26,Standard,,2026-07-19 13:22:07.880153
4284,Nicholas Myers,watsonwilliam@example.org,UK,2024-02-21,Premium,,2026-07-19 13:22:07.880153
4285,Jared Schneider,kennethkelly@example.com,UK,2024-10-18,Standard,,2026-07-19 13:22:07.880153
4286,Danielle Reed,patrickchristopher@example.net,Canada,2025-09-09,premium,,2026-07-19 13:22:07.880153
4287,Debra Thomas,antonio67@example.com,USA,2025-08-26,premium,55.0,2026-07-19 13:22:07.880153
4288,Gary Jones,georgearmstrong@example.net,,2024-04-08,premium,52.0,2026-07-19 13:22:07.881568
4289,Nicholas Lewis,daniel87@example.net,Canada,2023-09-24,Standard,,2026-07-19 13:22:07.881568
4290,Laurie Hays,shawnkrueger@example.org,UK,2022-08-23,Standard,57.0,2026-07-19 13:22:07.881568
4291,Edward Paul,wmyers@example.net,Germany,2025-10-11,premium,,2026-07-19 13:22:07.881568
4292,David Allen,angela87@example.com,USA,2022-04-30,,56.0,2026-07-19 13:22:07.881568
4293,Robert Walsh,wardnicole@example.net,Germany,2026-06-04,Premium,,2026-07-19 13:22:07.881568
4294,Ashley Gonzalez DDS,elizabethyoung@example.com,Canada,2025-05-06,Premium,55.0,2026-07-19 13:22:07.881568
4295,Michael Perkins,smithteresa@example.net,India,2022-11-03,Standard,70.0,2026-07-19 13:22:07.881568
4296,Thomas Austin,peter30@example.org,,2024-04-06,Premium,32.0,2026-07-19 13:22:07.881568
4297,Christopher Lucas,obridges@example.org,Germany,2022-07-07,,,2026-07-19 13:22:07.883050
4298,Kaitlyn Lucas,shawn63@example.net,USA,2025-02-25,Premium,,2026-07-19 13:22:07.883050
4299,Shawn Johnson,myersalisha@example.net,UK,2023-09-07,Premium,,2026-07-19 13:22:07.883050
4300,Andrew Gallagher,rodney36@example.org,,2026-06-05,Standard,,2026-07-19 13:22:07.883050
4301,Matthew Mason,burgesskaren@example.com,India,2023-10-09,Standard,34.0,2026-07-19 13:22:07.883050
4302,Steven Little,sandovaldawn@example.net,UK,2026-01-01,,38.0,2026-07-19 13:22:07.883050
4303,Sherry Caldwell,stephanie15@example.net,USA,2022-08-22,premium,35.0,2026-07-19 13:22:07.883050
4304,Rebecca Pitts,danieljohnson@example.org,UK,2024-03-19,,,2026-07-19 13:22:07.883050
4305,Ricky Brown,danielgonzalez@example.com,,2023-11-01,Premium,67.0,2026-07-19 13:22:07.884054
4306,Michelle Garza,laura04@example.net,,2025-02-05,Premium,52.0,2026-07-19 13:22:07.884054
4307,David Knapp,peterwilson@example.com,Germany,2023-12-17,Standard,,2026-07-19 13:22:07.884054
4308,Tina Dixon,morrisontamara@example.org,Canada,2024-01-25,premium,44.0,2026-07-19 13:22:07.884054
4309,Kaitlyn Lyons,grahammichelle@example.com,USA,2021-11-03,premium,57.0,2026-07-19 13:22:07.884054
4310,Jacob Mitchell,michelle99@example.net,Germany,2023-01-13,,,2026-07-19 13:22:07.884054
4311,Marcus Duran,michaelsanchez@example.com,UK,2022-10-30,Standard,,2026-07-19 13:22:07.884054
4312,Rhonda Jones,vsharp@example.net,,2023-01-30,,,2026-07-19 13:22:07.884054
4313,Natalie Harrison,edwardmurray@example.com,UK,2024-10-18,Premium,,2026-07-19 13:22:07.885054
4314,Charles Zavala,robertanderson@example.net,UK,2025-01-31,premium,69.0,2026-07-19 13:22:07.885054
4315,Timothy Craig,jose06@example.com,Canada,2025-11-07,Standard,64.0,2026-07-19 13:22:07.885054
4316,Dale Castaneda,kelly31@example.org,Canada,2021-10-23,,41.0,2026-07-19 13:22:07.885054
4317,Jessica Martinez,sarahramirez@example.com,,2021-05-04,,62.0,2026-07-19 13:22:07.885054
4318,Nicole Kim,tiffanyramos@example.com,India,2025-11-29,Premium,48.0,2026-07-19 13:22:07.885054
4319,Deborah Mcguire,dschwartz@example.org,Germany,2022-09-20,Premium,,2026-07-19 13:22:07.885054
4320,Sean Alvarado,margaret50@example.net,USA,2024-03-09,premium,,2026-07-19 13:22:07.885054
4321,George Dean,whoffman@example.org,,2022-12-01,Standard,,2026-07-19 13:22:07.886055
4322,Joshua Davis,johnsoncarla@example.org,India,2024-06-17,Premium,,2026-07-19 13:22:07.886055
4323,Andrew Ramos,stephenlewis@example.org,Canada,2026-04-10,Premium,,2026-07-19 13:22:07.886055
4324,Hannah Griffith,april96@example.com,USA,2024-11-15,premium,29.0,2026-07-19 13:22:07.886055
4325,Tracy Hinton,twallace@example.com,India,2021-05-21,,,2026-07-19 13:22:07.886055
4326,Mark Lewis II,millerbrianna@example.org,,2021-09-19,,,2026-07-19 13:22:07.886055
4327,Ronnie Mckay,piercesusan@example.org,Germany,2026-04-08,premium,,2026-07-19 13:22:07.886055
4328,Laura Wade,jonesrobert@example.com,India,2025-08-22,Premium,,2026-07-19 13:22:07.886055
4329,Brian House,ksantos@example.com,India,2024-03-04,premium,,2026-07-19 13:22:07.886055
4330,Aaron Hill,emiller@example.org,India,2023-07-15,Premium,,2026-07-19 13:22:07.886055
4331,Melvin Davis,garnerchelsea@example.com,India,2022-03-30,premium,32.0,2026-07-19 13:22:07.886055
4332,Albert Mcbride,tranaaron@example.org,UK,2022-01-12,Premium,45.0,2026-07-19 13:22:07.887561
4333,Judy Smith,obryant@example.net,USA,2021-09-28,premium,,2026-07-19 13:22:07.887561
4334,Jessica Jones,elliottvictor@example.org,Germany,2022-02-26,Standard,58.0,2026-07-19 13:22:07.887561
4335,Christopher Jones,zclay@example.com,Germany,2024-08-29,premium,21.0,2026-07-19 13:22:07.887561
4336,Katherine Ramirez,alexander94@example.net,Germany,2023-01-01,premium,,2026-07-19 13:22:07.887561
4337,Maria Figueroa,amberharris@example.com,USA,2021-05-11,Premium,,2026-07-19 13:22:07.887561
4338,Amanda Gray,imiller@example.net,USA,2021-10-01,Standard,25.0,2026-07-19 13:22:07.888567
4339,Eddie Richmond,mmorris@example.com,USA,2024-11-24,Standard,,2026-07-19 13:22:07.888567
4340,Jason James,robertlopez@example.net,Germany,2021-02-21,,,2026-07-19 13:22:07.888567
4341,Grace Lozano,fscott@example.org,India,2024-04-19,Standard,,2026-07-19 13:22:07.888567
4342,Linda Romero,gonzalesemily@example.net,UK,2026-03-04,,19.0,2026-07-19 13:22:07.888567
4343,Lynn Cross,fchurch@example.org,Canada,2025-07-22,premium,63.0,2026-07-19 13:22:07.888567
4344,Heather Miller,stacy80@example.net,Canada,2024-06-17,premium,,2026-07-19 13:22:07.888567
4345,Brian Young,joseph64@example.com,Canada,2026-07-07,Premium,,2026-07-19 13:22:07.888567
4346,Michelle Finley,bensondanny@example.com,UK,2023-08-27,,,2026-07-19 13:22:07.889567
4347,Michelle Green,ychung@example.org,UK,2025-10-31,Standard,23.0,2026-07-19 13:22:07.889567
4348,Stephanie Hicks,robertsonerika@example.net,UK,2023-03-18,premium,46.0,2026-07-19 13:22:07.889567
4349,Mike Little,brendasmith@example.net,India,2024-01-18,Standard,,2026-07-19 13:22:07.889567
4350,Kristen Johnson,yhoward@example.org,India,2021-10-07,Standard,,2026-07-19 13:22:07.889567
4351,Andre Spencer,triciafrancis@example.com,Canada,2025-09-21,Premium,28.0,2026-07-19 13:22:07.889567
4352,Megan Brooks,hornenorma@example.com,USA,2023-08-02,premium,,2026-07-19 13:22:07.889567
4353,Kathryn Saunders,marcusdurham@example.org,India,2025-04-09,,,2026-07-19 13:22:07.889567
4354,Andrew Rivera,lamtravis@example.net,UK,2026-04-12,,,2026-07-19 13:22:07.890567
4355,Christopher Baker,alicia17@example.net,,2025-08-08,premium,34.0,2026-07-19 13:22:07.890567
4356,Kevin Powell,johnsrachel@example.org,India,2025-10-31,Premium,60.0,2026-07-19 13:22:07.890567
4357,Donald Jackson,coxdanielle@example.net,UK,2024-09-23,premium,,2026-07-19 13:22:07.890567
4358,Patrick Perry,michelle30@example.net,Canada,2026-05-16,,,2026-07-19 13:22:07.890567
4359,Dominique Carter,robinsonmichael@example.com,,2024-06-27,premium,,2026-07-19 13:22:07.890567
4360,Jay Peterson,matthewsmary@example.net,India,2022-05-26,Standard,30.0,2026-07-19 13:22:07.890567
4361,Angelica Davis,ufritz@example.org,Canada,2025-10-06,Standard,,2026-07-19 13:22:07.890567
4362,April Cox,cochranbrenda@example.org,India,2022-03-26,,61.0,2026-07-19 13:22:07.891566
4363,Jacob Bryant,maureendaugherty@example.org,Germany,2024-02-03,,66.0,2026-07-19 13:22:07.891566
4364,Leah Huynh,annette35@example.net,USA,2022-10-28,premium,59.0,2026-07-19 13:22:07.891566
4365,Lisa York,lmiller@example.com,Germany,2025-08-06,Premium,,2026-07-19 13:22:07.891566
4366,Mrs. Julie Huang MD,anita47@example.com,,2025-08-06,Premium,,2026-07-19 13:22:07.891566
4367,Paul Bryant,smithsandra@example.net,,2026-06-24,Premium,69.0,2026-07-19 13:22:07.891566
4368,Katrina Martin,finleysergio@example.org,UK,2022-02-25,,33.0,2026-07-19 13:22:07.891566
4369,Shane Bates,rosedaniel@example.net,India,2024-09-14,Standard,,2026-07-19 13:22:07.891566
4370,Zachary Byrd,jo15@example.net,UK,2022-02-07,Standard,38.0,2026-07-19 13:22:07.892566
4371,Michelle Sandoval,griffindylan@example.org,India,2023-01-18,Standard,39.0,2026-07-19 13:22:07.892566
4372,Cheyenne Dudley,ylewis@example.com,India,2026-06-25,Premium,62.0,2026-07-19 13:22:07.892566
4373,Frank Jones,john45@example.org,UK,2026-02-28,,,2026-07-19 13:22:07.892566
4374,Kyle Stevenson,connie50@example.org,UK,2024-12-10,Premium,,2026-07-19 13:22:07.892566
4375,Devin Murray,paulgray@example.com,USA,2024-12-25,premium,,2026-07-19 13:22:07.892566
4376,Lucas Hudson,barbaramiller@example.org,India,2025-01-29,,21.0,2026-07-19 13:22:07.892566
4377,David Warren,tgarcia@example.org,UK,2021-08-14,premium,62.0,2026-07-19 13:22:07.892566
4378,Luis Brown,michelle93@example.com,Germany,2023-03-03,Standard,46.0,2026-07-19 13:22:07.892566
4379,Ethan Newman,awinters@example.org,Canada,2022-12-13,premium,33.0,2026-07-19 13:22:07.893566
4380,Robert Hunt,ballardmicheal@example.com,USA,2023-07-16,,,2026-07-19 13:22:07.893566
4381,Amy Kirby,beverlyperez@example.net,UK,2022-06-05,,,2026-07-19 13:22:07.893566
4382,Jeffrey Mahoney,michelleschultz@example.com,UK,2023-08-04,Standard,66.0,2026-07-19 13:22:07.893566
4383,Lori Lee,phyllis34@example.net,India,2024-10-13,,55.0,2026-07-19 13:22:07.893566
4384,Brian Sullivan,greenanthony@example.net,Germany,2025-12-17,premium,46.0,2026-07-19 13:22:07.893566
4385,Victor Green,tyler46@example.org,India,2024-06-08,Standard,20.0,2026-07-19 13:22:07.893566
4386,Loretta Lane,ashley89@example.net,,2023-03-12,,,2026-07-19 13:22:07.893566
4387,Mark Phillips,sholloway@example.com,USA,2025-01-17,Standard,31.0,2026-07-19 13:22:07.893566
4388,Felicia Bruce,jessica68@example.com,UK,2024-01-11,Standard,51.0,2026-07-19 13:22:07.893566
4389,Kevin Snow,devinwalker@example.org,USA,2023-05-13,Premium,27.0,2026-07-19 13:22:07.895098
4390,Holly Goodwin DDS,deborah09@example.org,,2022-11-07,,,2026-07-19 13:22:07.895098
4391,Patrick White,estafford@example.net,USA,2021-04-04,Standard,29.0,2026-07-19 13:22:07.895098
4392,Kenneth Wade,rachaelmoses@example.org,,2023-04-23,Standard,28.0,2026-07-19 13:22:07.895098
4393,Kimberly Brown,wyoung@example.net,Canada,2026-04-19,Premium,18.0,2026-07-19 13:22:07.895098
4394,Aaron Jennings,kimberly74@example.org,USA,2025-07-25,Premium,19.0,2026-07-19 13:22:07.895098
4395,Pamela Gallegos,alfrednicholson@example.net,,2023-08-15,,,2026-07-19 13:22:07.895098
4396,Richard Gonzalez,ccrawford@example.org,Germany,2025-11-27,Premium,,2026-07-19 13:22:07.896112
4397,Jennifer Liu,smithpatrick@example.com,,2024-05-19,Premium,18.0,2026-07-19 13:22:07.896112
4398,Kathy Swanson,xrobbins@example.com,India,2025-06-27,premium,42.0,2026-07-19 13:22:07.896112
4399,Andrew Oconnor,emilychavez@example.net,India,2026-03-15,Standard,,2026-07-19 13:22:07.896112
4400,David Buckley,sarah83@example.com,India,2022-11-27,Standard,59.0,2026-07-19 13:22:07.896112
4401,Cindy Murray,cford@example.net,UK,2023-09-08,Premium,,2026-07-19 13:22:07.896112
4402,Kimberly Edwards,wilsonwyatt@example.com,India,2024-03-09,Standard,,2026-07-19 13:22:07.896112
4403,Jennifer Forbes,kennedyvanessa@example.org,India,2024-04-04,premium,61.0,2026-07-19 13:22:07.896112
4404,Emma Cook,brandon76@example.net,Canada,2026-07-12,Standard,64.0,2026-07-19 13:22:07.896112
4405,Kathleen Sullivan,michael33@example.com,Germany,2021-11-12,,29.0,2026-07-19 13:22:07.897111
4406,Elizabeth Alvarez,xcordova@example.org,India,2021-12-19,premium,,2026-07-19 13:22:07.897111
4407,Terri Spencer,thomasjeffrey@example.net,Germany,2021-11-14,Premium,39.0,2026-07-19 13:22:07.897111
4408,Tanya Combs,collincurtis@example.org,,2026-04-16,,,2026-07-19 13:22:07.897111
4409,Dr. Christopher Duran Jr.,nbennett@example.net,Germany,2025-01-15,Premium,22.0,2026-07-19 13:22:07.897111
4410,Donna Young,eortiz@example.org,,2024-05-06,premium,37.0,2026-07-19 13:22:07.897111
4411,Bradley Ibarra,samuel24@example.com,,2026-01-16,Standard,36.0,2026-07-19 13:22:07.897111
4412,Jennifer Wagner,stephaniehoffman@example.net,Germany,2023-07-06,premium,,2026-07-19 13:22:07.897111
4413,Anthony White,housemiguel@example.org,UK,2021-12-17,premium,,2026-07-19 13:22:07.898111
4414,Christopher Lewis,lancepope@example.net,Canada,2023-08-14,Premium,41.0,2026-07-19 13:22:07.898111
4415,Dana Ashley,robert63@example.net,Germany,2024-03-12,Standard,36.0,2026-07-19 13:22:07.898111
4416,Jennifer Nguyen,helen48@example.net,Germany,2023-07-21,,,2026-07-19 13:22:07.898111
4417,Wanda Stevens,baxtershawn@example.net,UK,2023-12-22,Premium,51.0,2026-07-19 13:22:07.898111
4418,Samantha Brown,joseph47@example.com,UK,2024-02-13,Premium,,2026-07-19 13:22:07.898111
4419,Linda Atkinson,scott99@example.org,UK,2026-02-21,premium,,2026-07-19 13:22:07.899111
4420,Brittany Carney,katelynmayo@example.net,UK,2024-02-22,Standard,,2026-07-19 13:22:07.899111
4421,Audrey Martinez,richard80@example.com,Canada,2023-05-10,,42.0,2026-07-19 13:22:07.899111
4422,Selena Gregory,rodneyayers@example.org,,2023-03-20,Standard,26.0,2026-07-19 13:22:07.899111
4423,Steven Howard,harold23@example.org,Canada,2025-10-21,,,2026-07-19 13:22:07.899111
4424,Jennifer Rhodes,natasha57@example.com,Germany,2021-10-14,Standard,42.0,2026-07-19 13:22:07.899111
4425,Olivia Carrillo,ericawood@example.net,India,2026-02-08,Premium,,2026-07-19 13:22:07.899111
4426,Jessica Obrien,anthonyclark@example.net,USA,2021-04-10,Premium,,2026-07-19 13:22:07.899111
4427,Lisa Browning,racheljimenez@example.com,India,2024-08-31,premium,,2026-07-19 13:22:07.899111
4428,Kevin Manning,lloydlaura@example.com,Germany,2023-12-27,premium,63.0,2026-07-19 13:22:07.900132
4429,Ronald Nichols Jr.,dianewoodard@example.org,,2022-05-10,Standard,,2026-07-19 13:22:07.900132
4430,Karen Oliver,nicholasgriffin@example.net,Germany,2023-03-04,Standard,68.0,2026-07-19 13:22:07.900132
4431,Gina Mcdonald,jeremiah21@example.org,Canada,2023-07-06,Standard,35.0,2026-07-19 13:22:07.900132
4432,Justin Richards,kcamacho@example.com,UK,2022-07-21,,,2026-07-19 13:22:07.900132
4433,Patricia Lara,morganronald@example.net,India,2025-07-22,Standard,,2026-07-19 13:22:07.900132
4434,Tanya Nunez,kathyturner@example.net,India,2023-09-04,Premium,46.0,2026-07-19 13:22:07.900132
4435,Melody Johnson,lwright@example.org,,2021-08-09,premium,,2026-07-19 13:22:07.900132
4436,Michael Burton PhD,nichole59@example.net,India,2021-05-30,Standard,,2026-07-19 13:22:07.901112
4437,Taylor Foley,erikameyer@example.net,,2024-11-25,premium,49.0,2026-07-19 13:22:07.901112
4438,Terry Barker,leelauren@example.net,India,2024-02-09,Standard,18.0,2026-07-19 13:22:07.901112
4439,Jeff Vaughn,raymondsullivan@example.com,USA,2021-10-24,premium,49.0,2026-07-19 13:22:07.901112
4440,Lisa Atkinson,sarah30@example.net,,2023-04-30,Premium,64.0,2026-07-19 13:22:07.901112
4441,Matthew Chapman,matthewhughes@example.org,Canada,2023-01-02,,,2026-07-19 13:22:07.901112
4442,Diana Jensen,bradleyvasquez@example.net,Germany,2025-01-02,Premium,47.0,2026-07-19 13:22:07.901112
4443,Patrick Carter MD,cassandra58@example.net,USA,2021-11-28,Standard,,2026-07-19 13:22:07.902116
4444,Danny Moore,stevenroberts@example.org,USA,2023-09-23,Standard,,2026-07-19 13:22:07.902116
4445,Lori Mckay,tiffanysmith@example.com,,2021-08-01,premium,18.0,2026-07-19 13:22:07.902116
4446,Brenda Cowan,brandi97@example.org,Canada,2023-10-29,Standard,,2026-07-19 13:22:07.902116
4447,Nicholas Campos,rmoore@example.org,,2024-01-05,Standard,23.0,2026-07-19 13:22:07.902116
4448,Daniel Luna,vschroeder@example.org,Germany,2026-02-21,,,2026-07-19 13:22:07.902116
4449,Joseph Beck,sfarley@example.org,Canada,2023-11-06,Premium,,2026-07-19 13:22:07.902116
4450,Ronald Dawson,harold98@example.com,UK,2022-12-14,Premium,23.0,2026-07-19 13:22:07.902116
4451,Caroline Hughes,danielmaddox@example.com,UK,2024-06-18,Premium,57.0,2026-07-19 13:22:07.902116
4452,Anthony Castillo,mjones@example.com,Germany,2021-07-31,Premium,70.0,2026-07-19 13:22:07.902116
4453,Krista Harris,codypark@example.net,India,2025-07-04,,23.0,2026-07-19 13:22:07.903214
4454,Daniel Henry,hensleymichael@example.net,,2024-07-07,Standard,,2026-07-19 13:22:07.903214
4455,Carlos Robinson,nshields@example.net,Canada,2021-12-11,Standard,30.0,2026-07-19 13:22:07.903214
4456,Charles Oliver,ryanblair@example.org,Canada,2023-12-16,Premium,,2026-07-19 13:22:07.903214
4457,Robert Briggs,mkaufman@example.net,UK,2024-10-15,Premium,,2026-07-19 13:22:07.903214
4458,Jennifer Scott,matthew33@example.net,India,2021-06-20,Premium,,2026-07-19 13:22:07.903214
4459,Luke Bell,dadams@example.net,UK,2022-07-24,premium,,2026-07-19 13:22:07.903214
4460,Rebecca Fisher,garrettbrenda@example.com,USA,2022-01-01,Standard,,2026-07-19 13:22:07.904118
4461,Mark Knight,jasonshelton@example.org,Germany,2023-03-23,Standard,,2026-07-19 13:22:07.904118
4462,Duane Jones,kristen48@example.org,USA,2023-03-19,premium,,2026-07-19 13:22:07.904118
4463,Michele Peters DDS,samantha96@example.org,Canada,2024-03-25,Premium,57.0,2026-07-19 13:22:07.904118
4464,Mark Brock,phillipssamuel@example.net,Germany,2025-05-31,premium,69.0,2026-07-19 13:22:07.904118
4465,Wendy Banks,tracy56@example.com,USA,2021-06-29,Premium,,2026-07-19 13:22:07.904118
4466,Martha Wall,patrick13@example.org,India,2026-04-18,Standard,,2026-07-19 13:22:07.904118
4467,David Powell,ryanmccarty@example.net,USA,2022-09-16,Standard,,2026-07-19 13:22:07.904118
4468,Audrey Caldwell,sheila81@example.net,India,2025-05-09,premium,,2026-07-19 13:22:07.904118
4469,Jennifer Garcia,kaylee59@example.com,UK,2022-04-07,Standard,39.0,2026-07-19 13:22:07.904118
4470,Melissa Price,dixondaisy@example.net,Germany,2023-07-30,Premium,,2026-07-19 13:22:07.905215
4471,Michael Lynch,cooperbrittany@example.com,UK,2024-02-09,Premium,,2026-07-19 13:22:07.905215
4472,Christina Lopez,brandongreen@example.com,Germany,2025-06-18,Standard,,2026-07-19 13:22:07.905215
4473,Jessica Fuller,ralphbrown@example.net,India,2021-04-30,Standard,,2026-07-19 13:22:07.905215
4474,Pamela Mitchell,brenda11@example.com,USA,2024-10-06,Standard,,2026-07-19 13:22:07.905215
4475,Christopher Henry,joshuaharrington@example.org,Germany,2021-06-02,Standard,52.0,2026-07-19 13:22:07.905215
4476,Stephen Evans,swalker@example.com,India,2024-09-03,Premium,,2026-07-19 13:22:07.905215
4477,Amy Tucker,lperez@example.org,India,2022-08-06,Premium,,2026-07-19 13:22:07.905215
4478,David Mcclure,jennifer26@example.net,Germany,2023-01-27,premium,40.0,2026-07-19 13:22:07.905215
4479,Elizabeth Hicks,fowlerchristina@example.org,India,2021-02-28,,28.0,2026-07-19 13:22:07.906248
4480,Nathan Murillo,taylorlopez@example.org,UK,2025-07-10,Premium,56.0,2026-07-19 13:22:07.906248
4481,Lori Gibson,tiffanyortiz@example.com,UK,2021-04-18,premium,,2026-07-19 13:22:07.906248
4482,Wesley Wright,valeriecunningham@example.net,Canada,2026-04-23,,,2026-07-19 13:22:07.906248
4483,Brian Mcdaniel,rodriguezkyle@example.net,,2026-05-24,Premium,32.0,2026-07-19 13:22:07.906248
4484,Michael Moss,yangkatherine@example.org,Canada,2025-12-26,,,2026-07-19 13:22:07.906248
4485,Allen Clark,dgoodman@example.com,Canada,2023-03-07,Premium,,2026-07-19 13:22:07.907113
4486,Mary Morris,holmesroberta@example.net,India,2022-08-07,,,2026-07-19 13:22:07.907113
4487,Samantha Klein,christina07@example.net,Canada,2022-09-12,Standard,28.0,2026-07-19 13:22:07.907113
4488,Valerie Reyes,barrettlindsey@example.org,Germany,2022-07-12,premium,,2026-07-19 13:22:07.907113
4489,Denise Johnson,kharrington@example.net,India,2022-08-19,Premium,61.0,2026-07-19 13:22:07.907113
4490,Scott Hatfield,davismatthew@example.net,Canada,2021-07-17,Premium,60.0,2026-07-19 13:22:07.907113
4491,Donna Thomas MD,jasminrodriguez@example.org,USA,2024-02-04,premium,,2026-07-19 13:22:07.907113
4492,Mary Rodriguez,ymcdonald@example.net,Canada,2026-06-28,Standard,44.0,2026-07-19 13:22:07.907113
4493,William Lopez,melinda12@example.org,Canada,2024-10-03,Premium,39.0,2026-07-19 13:22:07.908117
4494,Timothy Stanton,shahanthony@example.org,,2021-05-01,Standard,,2026-07-19 13:22:07.908117
4495,Daniel Stephens,christianwest@example.net,Germany,2022-12-30,premium,,2026-07-19 13:22:07.908117
4496,Wanda Gonzales,rachel06@example.org,India,2026-04-21,,,2026-07-19 13:22:07.908117
4497,Jonathan Richard,rodriguezjames@example.com,,2025-06-23,Standard,47.0,2026-07-19 13:22:07.908117
4498,Jesse Boyd,ronald86@example.org,India,2022-07-30,premium,59.0,2026-07-19 13:22:07.908117
4499,Charles Jones,garzadavid@example.net,USA,2022-10-24,Premium,21.0,2026-07-19 13:22:07.909163
4500,Susan Boyle,christopher91@example.net,Germany,2024-12-07,Standard,37.0,2026-07-19 13:22:07.909163
4501,Brittany Lucas,debrataylor@example.com,USA,2022-09-05,Premium,,2026-07-19 13:22:07.909163
4502,Christopher Cunningham,vickie53@example.net,India,2025-11-03,Premium,,2026-07-19 13:22:07.909163
4503,Justin Jones,cindywashington@example.net,Canada,2023-09-16,premium,22.0,2026-07-19 13:22:07.909163
4504,Benjamin Myers,desireedavies@example.net,UK,2024-11-12,Premium,,2026-07-19 13:22:07.909163
4505,Kathryn Jordan,diazmegan@example.net,UK,2023-02-03,Standard,,2026-07-19 13:22:07.909163
4506,Daniel Barker,petersloretta@example.org,India,2022-04-15,Standard,,2026-07-19 13:22:07.910123
4507,Laura Arnold,rperez@example.com,USA,2026-04-17,premium,42.0,2026-07-19 13:22:07.910123
4508,Amy Ramirez,sarah69@example.org,Canada,2026-03-20,,49.0,2026-07-19 13:22:07.910123
4509,Samantha Miller,julia31@example.net,,2026-06-10,,,2026-07-19 13:22:07.910123
4510,Amanda Jackson,tommy41@example.com,UK,2026-03-21,Premium,,2026-07-19 13:22:07.910123
4511,Julie Sanchez,deborahcarpenter@example.net,,2024-02-01,,34.0,2026-07-19 13:22:07.910123
4512,Krista Parker,dennis20@example.org,,2021-07-12,Standard,,2026-07-19 13:22:07.910123
4513,Jessica Evans,phillipthomas@example.com,,2022-09-25,Standard,63.0,2026-07-19 13:22:07.910123
4514,Brandon Moreno,annahicks@example.org,,2025-06-18,premium,,2026-07-19 13:22:07.911114
4515,Sandra Powers,meredithwatts@example.com,USA,2026-06-07,Premium,,2026-07-19 13:22:07.911114
4516,Sarah Johnson,patrickwalter@example.net,Germany,2024-06-07,Standard,,2026-07-19 13:22:07.911114
4517,Thomas Edwards,hestershelly@example.org,Canada,2025-04-29,Standard,,2026-07-19 13:22:07.911114
4518,Jason Kennedy,williamfowler@example.net,Canada,2026-02-20,,,2026-07-19 13:22:07.912117
4519,Jon Jones,donaldguzman@example.net,India,2025-02-12,Standard,43.0,2026-07-19 13:22:07.912117
4520,Jane Stevens,jeffreywilliams@example.net,India,2025-12-15,,,2026-07-19 13:22:07.912117
4521,Mackenzie Reed,otaylor@example.com,USA,2023-04-14,Premium,58.0,2026-07-19 13:22:07.912117
4522,Miguel Stewart,rodriguezrichard@example.org,,2021-03-28,Standard,32.0,2026-07-19 13:22:07.912117
4523,Jose Wallace,rharris@example.net,India,2024-09-10,Premium,22.0,2026-07-19 13:22:07.912117
4524,Carol Martin,sotonicole@example.org,,2022-02-18,Premium,54.0,2026-07-19 13:22:07.912117
4525,Jason Marshall,bradvance@example.org,,2021-07-12,,61.0,2026-07-19 13:22:07.912117
4526,Samuel Reynolds,brittany59@example.com,India,2025-03-06,Premium,,2026-07-19 13:22:07.912117
4527,Eric Rivera,gregory55@example.net,UK,2025-02-16,Standard,18.0,2026-07-19 13:22:07.913113
4528,Valerie Sanders,gjones@example.org,Canada,2026-01-19,,,2026-07-19 13:22:07.913113
4529,Mark Sellers,joseph14@example.com,USA,2022-02-03,Standard,57.0,2026-07-19 13:22:07.913113
4530,Christina Walls,joseph09@example.net,India,2021-07-10,premium,,2026-07-19 13:22:07.913113
4531,Donald Fisher,christopher98@example.org,UK,2023-06-06,,38.0,2026-07-19 13:22:07.913113
4532,Frank Williamson,fbaker@example.org,Canada,2025-08-03,,37.0,2026-07-19 13:22:07.913113
4533,Stephanie Callahan,fstewart@example.net,Germany,2026-04-15,Standard,,2026-07-19 13:22:07.913113
4534,Edward Hartman,vasquezjennifer@example.net,,2022-01-15,Standard,69.0,2026-07-19 13:22:07.913113
4535,Scott Butler,lperez@example.org,,2025-10-03,,,2026-07-19 13:22:07.913113
4536,Zachary Chavez,candacewilliams@example.org,UK,2025-07-02,Premium,,2026-07-19 13:22:07.914113
4537,Eric Burton,amiller@example.com,Germany,2021-07-23,Premium,62.0,2026-07-19 13:22:07.914113
4538,Christopher Ortega,phillipsmichael@example.org,Canada,2021-06-17,,25.0,2026-07-19 13:22:07.914113
4539,Lisa Willis,timothyyang@example.org,India,2021-10-29,Standard,32.0,2026-07-19 13:22:07.914113
4540,Virginia Villarreal,salaselizabeth@example.org,USA,2025-06-27,,62.0,2026-07-19 13:22:07.914113
4541,Cheryl Weaver,galvantimothy@example.com,Canada,2022-12-02,Standard,,2026-07-19 13:22:07.914113
4542,Amanda Hernandez,moorebrenda@example.net,UK,2022-02-21,Premium,,2026-07-19 13:22:07.915116
4543,Laura Farley,marissa16@example.com,,2026-07-11,premium,54.0,2026-07-19 13:22:07.915116
4544,Alisha Welch,ukennedy@example.org,Germany,2025-12-14,Premium,,2026-07-19 13:22:07.915116
4545,Alex Morris,lorettafox@example.org,USA,2023-07-19,premium,39.0,2026-07-19 13:22:07.915116
4546,Jose Stevens,debraphillips@example.net,,2023-04-01,premium,,2026-07-19 13:22:07.915116
4547,Miguel Holt,stanleychad@example.net,,2021-02-03,,28.0,2026-07-19 13:22:07.915116
4548,Kevin Brewer,maryoliver@example.com,Germany,2023-06-07,Premium,63.0,2026-07-19 13:22:07.915116
4549,Lorraine Michael,rrojas@example.org,India,2021-05-28,Standard,48.0,2026-07-19 13:22:07.915116
4550,Debra Burns,cherylvelazquez@example.net,Canada,2023-06-24,,56.0,2026-07-19 13:22:07.916112
4551,Carolyn Shields,fpowers@example.com,UK,2021-06-15,,,2026-07-19 13:22:07.916112
4552,Daniel Gardner,brendawright@example.net,India,2021-02-26,premium,21.0,2026-07-19 13:22:07.916112
4553,Jenna Montgomery,nicholsonjames@example.net,UK,2025-10-10,Standard,,2026-07-19 13:22:07.916112
4554,Christine Haas,kristi59@example.com,USA,2026-07-17,Premium,29.0,2026-07-19 13:22:07.916112
4555,James Curtis,danielconley@example.net,UK,2024-11-23,Standard,58.0,2026-07-19 13:22:07.916112
4556,David Morris,murphylee@example.net,USA,2022-11-01,Standard,,2026-07-19 13:22:07.916112
4557,Michael Mason,eric71@example.net,Canada,2024-12-28,premium,,2026-07-19 13:22:07.916112
4558,Terri Wade,perezgregory@example.org,,2025-05-13,Standard,65.0,2026-07-19 13:22:07.917132
4559,Ashley Riddle,megan61@example.org,Canada,2024-03-08,premium,54.0,2026-07-19 13:22:07.917132
4560,Mary Bryan,dana10@example.org,,2026-06-29,Standard,65.0,2026-07-19 13:22:07.917132
4561,Jessica Davis,elizabethcasey@example.net,USA,2026-05-07,Standard,,2026-07-19 13:22:07.917132
4562,Amanda Holmes,xgomez@example.org,,2022-08-24,Standard,32.0,2026-07-19 13:22:07.917132
4563,Kristine Collins,benjaminmorris@example.org,USA,2022-07-12,,,2026-07-19 13:22:07.917132
4564,Jordan Curtis,vsimmons@example.org,USA,2022-08-25,Premium,,2026-07-19 13:22:07.917132
4565,Patrick Wagner,wmays@example.org,,2025-06-17,Premium,67.0,2026-07-19 13:22:07.918113
4566,Michelle Camacho,amandamiddleton@example.org,UK,2026-01-09,,39.0,2026-07-19 13:22:07.918113
4567,Travis Brown,eshea@example.net,Germany,2025-02-15,,30.0,2026-07-19 13:22:07.918113
4568,Timothy Welch,crystal07@example.com,,2021-12-03,Premium,40.0,2026-07-19 13:22:07.918113
4569,Steven Branch,mariejones@example.net,Germany,2023-12-27,,,2026-07-19 13:22:07.918113
4570,Wesley Smith,dramirez@example.org,UK,2026-01-04,Standard,26.0,2026-07-19 13:22:07.918113
4571,Anna Rogers,wandareyes@example.org,,2026-06-03,Standard,56.0,2026-07-19 13:22:07.918113
4572,Richard Wang,esparzadebra@example.org,Germany,2022-09-20,Premium,,2026-07-19 13:22:07.918113
4573,Richard Lee,hmeza@example.com,Germany,2021-09-12,Premium,28.0,2026-07-19 13:22:07.918113
4574,Emily Melton,villarrealjacob@example.org,Canada,2021-04-03,Premium,34.0,2026-07-19 13:22:07.919126
4575,Maria Ferrell,jenniferbrown@example.org,,2023-07-07,premium,,2026-07-19 13:22:07.919126
4576,Adam Cobb,christopherbarrera@example.net,Germany,2025-08-21,Standard,54.0,2026-07-19 13:22:07.919126
4577,John Keller,darrell88@example.org,USA,2021-04-14,Premium,,2026-07-19 13:22:07.919126
4578,Bruce Jordan,saramyers@example.com,Canada,2023-09-27,Premium,,2026-07-19 13:22:07.919126
4579,David Wang,kaylapaul@example.org,UK,2021-08-02,premium,,2026-07-19 13:22:07.919126
4580,Patty Heath,millerjonathan@example.net,Germany,2021-03-14,Premium,42.0,2026-07-19 13:22:07.919126
4581,Anita Khan,kmiddleton@example.com,,2024-05-04,Standard,,2026-07-19 13:22:07.920126
4582,Crystal Fry,james17@example.com,India,2024-07-09,Premium,,2026-07-19 13:22:07.920126
4583,Brenda Mitchell,heather01@example.net,India,2024-11-11,Premium,,2026-07-19 13:22:07.920126
4584,Samuel Butler,emilyedwards@example.com,Germany,2025-06-12,premium,56.0,2026-07-19 13:22:07.920126
4585,Lance Freeman,mitchellgene@example.net,,2025-04-15,,40.0,2026-07-19 13:22:07.920126
4586,Mr. Thomas Beasley Jr.,rross@example.com,India,2022-12-02,,,2026-07-19 13:22:07.920126
4587,James Peters,howardcarol@example.com,USA,2025-10-27,Standard,42.0,2026-07-19 13:22:07.920126
4588,Rebekah Kelly,laurie46@example.net,Germany,2021-08-08,Premium,,2026-07-19 13:22:07.920126
4589,Jared Leon,ojenkins@example.org,USA,2025-02-11,Standard,,2026-07-19 13:22:07.921128
4590,Tracy Brown,laurietodd@example.net,,2025-10-11,premium,,2026-07-19 13:22:07.921128
4591,James Ross,david39@example.com,India,2022-10-09,Standard,24.0,2026-07-19 13:22:07.921128
4592,Billy House,john52@example.net,UK,2022-06-05,,56.0,2026-07-19 13:22:07.921128
4593,Kyle Conway,mirandaheather@example.net,,2023-01-21,,27.0,2026-07-19 13:22:07.921128
4594,Bradley Townsend,jacqueline49@example.org,,2024-10-20,Premium,,2026-07-19 13:22:07.921128
4595,Jonathan Smith,milleredward@example.org,India,2025-04-24,Standard,,2026-07-19 13:22:07.921128
4596,Keith Rasmussen,christopherhicks@example.org,USA,2021-07-28,Standard,,2026-07-19 13:22:07.921128
4597,Sean Garcia,johnsonderek@example.com,Germany,2021-02-01,Standard,41.0,2026-07-19 13:22:07.922112
4598,Caleb Brown,youngdiana@example.com,India,2023-07-27,Standard,32.0,2026-07-19 13:22:07.922112
4599,Juan Mason,hollyjones@example.com,India,2021-03-23,Standard,70.0,2026-07-19 13:22:07.922112
4600,Mary Chavez,jeffrey40@example.com,,2025-03-13,Premium,,2026-07-19 13:22:07.922112
4601,Tammy Morrison,hblanchard@example.org,,2023-08-01,,43.0,2026-07-19 13:22:07.922112
4602,Theresa Arnold,rivasamanda@example.net,India,2022-07-08,premium,,2026-07-19 13:22:07.923115
4603,Sarah Morris,richardsondaniel@example.com,,2024-05-11,premium,,2026-07-19 13:22:07.923115
4604,Autumn James,amypruitt@example.com,Germany,2024-04-18,premium,,2026-07-19 13:22:07.923115
4605,Joanne Murphy,nancy53@example.org,USA,2024-07-11,Standard,,2026-07-19 13:22:07.923115
4606,David Martinez,vstephenson@example.com,UK,2023-11-25,premium,,2026-07-19 13:22:07.923115
4607,Luis Allen DVM,willismary@example.org,,2023-03-20,,69.0,2026-07-19 13:22:07.923115
4608,Sara Gibson,suzanne26@example.org,Germany,2025-05-18,premium,26.0,2026-07-19 13:22:07.924114
4609,Dominique Johnson,pughbethany@example.net,USA,2024-08-16,premium,41.0,2026-07-19 13:22:07.924114
4610,Danielle Smith,chapmanjoseph@example.net,UK,2022-08-21,Premium,,2026-07-19 13:22:07.924114
4611,David Lopez,uwilliams@example.net,UK,2021-05-28,premium,50.0,2026-07-19 13:22:07.924114
4612,Taylor Mclean,blaircynthia@example.com,India,2025-07-05,,56.0,2026-07-19 13:22:07.924114
4613,Brittany Williams,taylor85@example.com,India,2022-02-20,premium,,2026-07-19 13:22:07.924114
4614,Mrs. Michelle Myers,johnsonrachael@example.com,Germany,2024-11-08,,29.0,2026-07-19 13:22:07.924114
4615,Debbie Bowman,nicholas99@example.com,USA,2026-06-22,,35.0,2026-07-19 13:22:07.924114
4616,Martin Davis,samantha26@example.com,USA,2024-06-26,Premium,35.0,2026-07-19 13:22:07.924114
4617,Kimberly West,nicholechaney@example.net,Germany,2025-11-11,premium,,2026-07-19 13:22:07.925133
4618,Timothy White,erikreed@example.net,,2023-06-30,Standard,33.0,2026-07-19 13:22:07.925133
4619,Nancy Martinez,kathy30@example.com,Germany,2021-12-20,Premium,,2026-07-19 13:22:07.925133
4620,Jeremy Lowery,benderlauren@example.net,India,2025-05-08,Premium,,2026-07-19 13:22:07.925133
4621,Ronald Mcmahon,kbuchanan@example.com,USA,2022-11-10,,32.0,2026-07-19 13:22:07.925133
4622,Jennifer Harris,tonya59@example.org,,2021-06-25,Premium,19.0,2026-07-19 13:22:07.925133
4623,Mr. David Graham,vincent05@example.org,Germany,2021-04-11,premium,28.0,2026-07-19 13:22:07.925133
4624,Susan Jones,usmith@example.org,Canada,2026-02-07,premium,,2026-07-19 13:22:07.925133
4625,Kaitlyn Miller,thompsonelizabeth@example.net,Canada,2021-05-30,premium,38.0,2026-07-19 13:22:07.925133
4626,Alex Peterson,nelsonjeremy@example.com,USA,2024-07-07,premium,65.0,2026-07-19 13:22:07.926127
4627,Karen Higgins,jwarner@example.net,Germany,2021-07-24,,,2026-07-19 13:22:07.926127
4628,William Rodriguez,lisaadams@example.net,,2022-11-25,,21.0,2026-07-19 13:22:07.926127
4629,Lisa Leon,ewoods@example.net,Germany,2025-06-17,Standard,59.0,2026-07-19 13:22:07.926127
4630,Karen Davis,serranobrandy@example.org,,2023-08-01,,,2026-07-19 13:22:07.926127
4631,William Green,mooreanthony@example.net,,2021-12-12,Standard,,2026-07-19 13:22:07.926127
4632,Ian Mitchell,dorothy31@example.com,Germany,2024-01-04,Standard,,2026-07-19 13:22:07.926127
4633,Keith Drake,alexandra60@example.net,Germany,2022-09-22,premium,44.0,2026-07-19 13:22:07.926127
4634,Shelia Anderson,pamelajohnson@example.org,USA,2023-12-04,Premium,,2026-07-19 13:22:07.926127
4635,Laura Rodriguez,hramsey@example.com,Canada,2022-12-05,Premium,,2026-07-19 13:22:07.927128
4636,William Nelson,tiffany22@example.com,USA,2021-12-26,,52.0,2026-07-19 13:22:07.927128
4637,Yvonne Stewart,obarnett@example.net,Canada,2021-05-07,premium,38.0,2026-07-19 13:22:07.927128
4638,Thomas Holt,byrdjames@example.com,Canada,2026-05-29,Standard,48.0,2026-07-19 13:22:07.927128
4639,Melissa Harris,claudiazhang@example.com,,2025-10-30,Premium,37.0,2026-07-19 13:22:07.927128
4640,Emma Yu,csmith@example.net,India,2023-12-14,Standard,,2026-07-19 13:22:07.927128
4641,Amy Bridges,patriciaallen@example.com,Canada,2023-02-28,premium,32.0,2026-07-19 13:22:07.927128
4642,Lisa Haley,nnavarro@example.net,USA,2022-04-09,,51.0,2026-07-19 13:22:07.927128
4643,Cynthia Morse,alexabryant@example.com,Germany,2025-08-17,Premium,30.0,2026-07-19 13:22:07.928126
4644,Dylan Grant,wwatson@example.com,USA,2024-06-05,premium,40.0,2026-07-19 13:22:07.928126
4645,Andrea Love,kylejohnson@example.org,UK,2022-03-14,,29.0,2026-07-19 13:22:07.928126
4646,Kimberly Chaney,juanpierce@example.net,UK,2022-12-07,Standard,,2026-07-19 13:22:07.928126
4647,Brent Lopez,bmoses@example.com,USA,2024-08-14,Standard,,2026-07-19 13:22:07.928126
4648,Rachel Neal,cooperjoseph@example.com,UK,2024-07-28,Standard,33.0,2026-07-19 13:22:07.929113
4649,Tyler Thornton,teresacohen@example.com,USA,2025-09-14,,32.0,2026-07-19 13:22:07.929113
4650,Patricia Gilbert,sparksteresa@example.com,UK,2023-03-02,Standard,,2026-07-19 13:22:07.929113
4651,Jennifer Carpenter,victoria83@example.com,India,2021-10-07,,62.0,2026-07-19 13:22:07.929113
4652,Jaime Guerra,samuel75@example.com,India,2025-04-14,Standard,,2026-07-19 13:22:07.929113
4653,David Baker,sgreene@example.org,Germany,2026-01-22,premium,,2026-07-19 13:22:07.929113
4654,James Higgins,toddferguson@example.net,Germany,2026-01-13,Premium,,2026-07-19 13:22:07.929113
4655,Denise Willis,williegardner@example.com,Canada,2023-09-06,Standard,,2026-07-19 13:22:07.930117
4656,Ms. Jacqueline Alvarez,vpeterson@example.org,Canada,2022-04-06,Standard,,2026-07-19 13:22:07.930117
4657,James Torres,tonya10@example.net,Canada,2025-12-29,Premium,49.0,2026-07-19 13:22:07.930117
4658,Victoria Gardner,melaniejames@example.com,USA,2024-04-29,Premium,40.0,2026-07-19 13:22:07.930117
4659,Heather Stewart,alexanderamanda@example.net,UK,2022-09-30,Standard,63.0,2026-07-19 13:22:07.930117
4660,Donald Allen,lauradavila@example.com,Germany,2022-10-24,,,2026-07-19 13:22:07.931115
4661,Megan Peterson,nicholas23@example.org,UK,2021-09-23,premium,,2026-07-19 13:22:07.931115
4662,Jennifer Frye,erincarpenter@example.net,Germany,2025-06-04,premium,,2026-07-19 13:22:07.931115
4663,Sharon Peterson,ineal@example.net,USA,2025-09-25,Standard,31.0,2026-07-19 13:22:07.931115
4664,Mary Elliott,tiffany85@example.net,USA,2021-03-17,Standard,63.0,2026-07-19 13:22:07.931115
4665,Shawn Hamilton,gene29@example.com,,2025-12-14,premium,34.0,2026-07-19 13:22:07.931115
4666,Keith Walker,brettmason@example.com,India,2023-05-29,Standard,63.0,2026-07-19 13:22:07.931115
4667,Samuel Haley,stevenbeasley@example.org,USA,2022-06-07,premium,43.0,2026-07-19 13:22:07.932114
4668,Diane Campos,tmeyer@example.net,Germany,2025-07-10,premium,,2026-07-19 13:22:07.932114
4669,Charles Butler,zimmermanjoseph@example.org,,2026-04-10,,,2026-07-19 13:22:07.932114
4670,Samuel West,normadalton@example.org,USA,2026-03-05,Premium,52.0,2026-07-19 13:22:07.932114
4671,Andrew Barton,jacksonlaura@example.org,India,2024-04-28,,35.0,2026-07-19 13:22:07.932114
4672,Sierra Rodriguez,evansanthony@example.org,USA,2026-07-07,,,2026-07-19 13:22:07.932114
4673,Sandra Jones,rivassamuel@example.com,USA,2021-09-29,premium,67.0,2026-07-19 13:22:07.932114
4674,Erin Warren,daydenise@example.net,,2023-05-26,premium,27.0,2026-07-19 13:22:07.933143
4675,Theresa Nguyen,donald36@example.org,,2026-02-23,Standard,,2026-07-19 13:22:07.933143
4676,George Thomas,gjennings@example.net,USA,2024-04-19,Premium,,2026-07-19 13:22:07.933143
4677,Christopher Simmons,hernandezchristopher@example.com,,2024-04-23,Standard,,2026-07-19 13:22:07.933143
4678,Amber Lyons,grantaudrey@example.org,,2024-07-01,,,2026-07-19 13:22:07.933143
4679,Aaron Lee,qanderson@example.org,,2024-12-30,,,2026-07-19 13:22:07.933143
4680,Alexis Reeves,josewilkinson@example.org,India,2025-02-20,Premium,69.0,2026-07-19 13:22:07.933143
4681,Arthur Bruce,zhernandez@example.org,,2022-11-06,Premium,41.0,2026-07-19 13:22:07.933143
4682,Tyler Valdez,gchen@example.org,Germany,2022-07-05,premium,22.0,2026-07-19 13:22:07.933143
4683,Savannah Marks,stephanie78@example.com,UK,2022-04-02,premium,,2026-07-19 13:22:07.934128
4684,Renee Hensley,jordancarl@example.org,India,2026-06-15,Premium,,2026-07-19 13:22:07.934128
4685,Michael Adkins,bairdjessica@example.org,UK,2025-05-12,premium,,2026-07-19 13:22:07.934128
4686,Jeremy Thompson,friedmanbobby@example.net,India,2022-01-13,Standard,,2026-07-19 13:22:07.934128
4687,Jessica James,ywerner@example.org,Canada,2021-12-31,Standard,,2026-07-19 13:22:07.934128
4688,Richard Hughes,stephenramirez@example.net,USA,2024-02-10,Standard,60.0,2026-07-19 13:22:07.934128
4689,Tamara Pacheco,jamesguerra@example.net,Canada,2023-01-21,,24.0,2026-07-19 13:22:07.934128
4690,Brianna Sweeney,rliu@example.com,,2022-11-02,Premium,,2026-07-19 13:22:07.934128
4691,James Mckay,holmesheather@example.org,Canada,2021-04-10,Standard,54.0,2026-07-19 13:22:07.935113
4692,Brittany Fisher,tfischer@example.net,,2024-02-20,,,2026-07-19 13:22:07.935113
4693,Frank Bates,sfuentes@example.com,Germany,2026-05-06,,31.0,2026-07-19 13:22:07.935113
4694,Jonathan Williams,qkent@example.com,USA,2024-02-27,,48.0,2026-07-19 13:22:07.935113
4695,Travis Hunter,johnsonchristine@example.org,Canada,2022-01-27,Standard,,2026-07-19 13:22:07.935113
4696,Richard Short,jimenezbianca@example.com,,2024-05-13,Premium,,2026-07-19 13:22:07.935113
4697,Michael Jones,owalker@example.com,,2023-04-25,,,2026-07-19 13:22:07.935113
4698,Peter Crawford,benjamin29@example.net,India,2025-03-21,Standard,,2026-07-19 13:22:07.935113
4699,Johnny Mckenzie,cwood@example.org,USA,2025-11-25,Premium,,2026-07-19 13:22:07.935113
4700,Christine Clark,barbaraknight@example.net,India,2024-10-25,Standard,,2026-07-19 13:22:07.936113
4701,Samuel Wilson,blackmary@example.org,USA,2025-03-29,Premium,27.0,2026-07-19 13:22:07.936113
4702,Leslie Horton,travismorrison@example.org,USA,2025-11-14,Premium,40.0,2026-07-19 13:22:07.936113
4703,Yvonne Jones,amber14@example.net,India,2023-10-28,,,2026-07-19 13:22:07.936113
4704,Alexis Powers,lscott@example.org,UK,2022-12-17,,,2026-07-19 13:22:07.936113
4705,Jesus Lee,jessica89@example.org,Germany,2026-07-05,Premium,18.0,2026-07-19 13:22:07.936113
4706,Elizabeth Sims,davislarry@example.net,Germany,2021-02-13,,,2026-07-19 13:22:07.936113
4707,Dave Cooper Jr.,abarnes@example.net,India,2023-06-30,,,2026-07-19 13:22:07.936113
4708,Bryan Schmidt,ugalvan@example.org,India,2023-05-04,,,2026-07-19 13:22:07.937113
4709,Laura Gould,shanetapia@example.org,India,2021-08-02,Premium,44.0,2026-07-19 13:22:07.937113
4710,Tony Ortiz,dawnlee@example.com,Germany,2021-07-22,premium,45.0,2026-07-19 13:22:07.937113
4711,Kara Ross,yrivera@example.org,India,2021-09-27,premium,20.0,2026-07-19 13:22:07.937113
4712,Dr. Cory Nelson,ronald48@example.com,Germany,2025-03-06,premium,38.0,2026-07-19 13:22:07.937113
4713,Sara Gentry,ujohnson@example.com,Germany,2025-06-07,Premium,,2026-07-19 13:22:07.937113
4714,Sarah Aguilar,rachelhill@example.com,India,2023-05-19,,57.0,2026-07-19 13:22:07.937113
4715,Jessica White,lyncharthur@example.net,Germany,2024-01-28,Premium,,2026-07-19 13:22:07.937113
4716,George Downs,bradleyjohnny@example.org,USA,2023-05-11,,,2026-07-19 13:22:07.938130
4717,Eric Bryan,pamelaowens@example.net,USA,2026-04-09,premium,,2026-07-19 13:22:07.938130
4718,Leah Young,gillespiemichael@example.com,,2026-07-03,Standard,,2026-07-19 13:22:07.938130
4719,James Todd,ariel86@example.net,Canada,2025-08-23,Standard,,2026-07-19 13:22:07.938130
4720,Patricia Maynard,douglas97@example.org,,2025-05-23,,37.0,2026-07-19 13:22:07.938130
4721,Jeffrey Weaver MD,johnsellers@example.org,Canada,2021-10-06,premium,,2026-07-19 13:22:07.938130
4722,Scott Johnson,taylorgeorge@example.net,UK,2023-01-25,premium,,2026-07-19 13:22:07.938130
4723,Robert Barker,churchamanda@example.net,India,2021-05-17,premium,,2026-07-19 13:22:07.938130
4724,Melissa Hughes,priceemily@example.org,USA,2024-11-15,premium,,2026-07-19 13:22:07.939117
4725,Samantha Becker,ianforbes@example.com,India,2022-05-15,Standard,,2026-07-19 13:22:07.939117
4726,Joshua Wu,tbrooks@example.com,Canada,2022-02-09,premium,57.0,2026-07-19 13:22:07.939117
4727,Carolyn Brown,rachel54@example.net,Germany,2023-05-10,Standard,66.0,2026-07-19 13:22:07.939117
4728,Andrew Mccoy,simpsonpreston@example.net,,2021-04-02,premium,,2026-07-19 13:22:07.939117
4729,Christopher Zuniga,urichards@example.org,India,2025-04-12,premium,,2026-07-19 13:22:07.939117
4730,Jeffery Estrada,gwheeler@example.net,Canada,2023-08-08,Standard,27.0,2026-07-19 13:22:07.939117
4731,Gina Smith,ninahernandez@example.net,Canada,2023-03-22,premium,,2026-07-19 13:22:07.940140
4732,Aaron Hahn,codyjackson@example.net,USA,2023-02-26,,64.0,2026-07-19 13:22:07.940140
4733,Samantha Sellers,hlane@example.org,UK,2022-10-18,premium,24.0,2026-07-19 13:22:07.940140
4734,Kevin Robinson,qgriffin@example.com,USA,2025-12-19,Premium,,2026-07-19 13:22:07.940140
4735,Mindy Martinez MD,hogankathy@example.org,USA,2026-03-16,Standard,,2026-07-19 13:22:07.940140
4736,Vincent Hunter MD,williamsian@example.com,Canada,2023-11-12,premium,,2026-07-19 13:22:07.940140
4737,Benjamin Davis,yyoung@example.com,USA,2024-12-09,,,2026-07-19 13:22:07.940140
4738,James Kent,xbrown@example.net,Germany,2022-01-22,Standard,67.0,2026-07-19 13:22:07.940140
4739,Keith Bird,oscarrichards@example.com,Canada,2025-03-06,Premium,,2026-07-19 13:22:07.941132
4740,Mark Reed,joseph04@example.net,India,2023-05-16,,,2026-07-19 13:22:07.941132
4741,Steven Martin,sarahwatson@example.net,Canada,2025-09-19,Standard,54.0,2026-07-19 13:22:07.941132
4742,Brittany Nicholson,bensonpatrick@example.net,Canada,2025-10-03,premium,24.0,2026-07-19 13:22:07.941132
4743,Amanda Austin,ghicks@example.org,Canada,2025-05-28,,,2026-07-19 13:22:07.941132
4744,Erika Smith,wmoore@example.org,India,2023-08-02,,,2026-07-19 13:22:07.941132
4745,Jeffrey Brown,dgrant@example.com,UK,2024-08-28,,,2026-07-19 13:22:07.941132
4746,Anthony Anderson,longmelissa@example.org,Canada,2021-05-17,Standard,,2026-07-19 13:22:07.941132
4747,Eric Reid,youngfernando@example.net,,2024-07-11,premium,,2026-07-19 13:22:07.942129
4748,Christina Howard,odonnellrobert@example.net,,2024-09-17,,42.0,2026-07-19 13:22:07.942129
4749,Jose Eaton,pellis@example.org,Canada,2026-02-21,Standard,,2026-07-19 13:22:07.942129
4750,Cory King,aaron25@example.org,Canada,2021-08-02,Standard,36.0,2026-07-19 13:22:07.942129
4751,Stephanie Kelly,jchen@example.org,USA,2021-11-25,,28.0,2026-07-19 13:22:07.942129
4752,Jesse Williams,simmonscarrie@example.net,Canada,2021-09-26,Standard,,2026-07-19 13:22:07.942129
4753,Jaclyn White,gilestammy@example.com,Germany,2024-11-27,Standard,,2026-07-19 13:22:07.943115
4754,Monica Taylor,denisewebb@example.net,USA,2022-11-14,Premium,,2026-07-19 13:22:07.943115
4755,Kathy Lewis,christophersmith@example.org,USA,2022-10-30,,,2026-07-19 13:22:07.943115
4756,Patrick Mack,lopezsherry@example.com,UK,2022-05-23,,68.0,2026-07-19 13:22:07.943115
4757,Andrea Richardson,ccisneros@example.org,Canada,2023-06-15,premium,63.0,2026-07-19 13:22:07.943115
4758,Brian Preston,noahmorgan@example.org,UK,2021-09-21,premium,42.0,2026-07-19 13:22:07.943115
4759,Mrs. Kathy Douglas,ucox@example.org,USA,2021-07-31,Premium,,2026-07-19 13:22:07.943115
4760,Thomas Nguyen,laceyyang@example.com,Germany,2021-07-24,premium,,2026-07-19 13:22:07.944112
4761,Cheryl Welch,thomaspowell@example.org,India,2025-06-29,Premium,37.0,2026-07-19 13:22:07.944112
4762,Mark Edwards,sullivandawn@example.org,India,2026-03-22,Standard,,2026-07-19 13:22:07.944112
4763,Anna Vaughn,wolfchelsey@example.net,Canada,2025-08-19,Standard,,2026-07-19 13:22:07.944112
4764,Ryan Bauer,stephen84@example.net,Germany,2024-05-10,premium,,2026-07-19 13:22:07.944112
4765,Linda Zimmerman,gabriel11@example.com,India,2022-06-16,Standard,30.0,2026-07-19 13:22:07.944112
4766,David Middleton,diazrichard@example.net,USA,2023-08-19,Standard,57.0,2026-07-19 13:22:07.944112
4767,Shelby Heath,kleinjudith@example.net,Canada,2025-10-13,Premium,,2026-07-19 13:22:07.944112
4768,Evan Mora,erichampton@example.net,Germany,2023-05-02,Premium,31.0,2026-07-19 13:22:07.945142
4769,Christine Johnson,andreakramer@example.net,Canada,2025-04-05,Premium,32.0,2026-07-19 13:22:07.945142
4770,David Stanley,martinezmathew@example.net,India,2024-04-04,,46.0,2026-07-19 13:22:07.945142
4771,Carla Waters,stricklandsara@example.org,,2022-09-01,Premium,,2026-07-19 13:22:07.945142
4772,Debra Moss,amanda64@example.net,Germany,2024-07-02,Premium,,2026-07-19 13:22:07.945142
4773,Katelyn Anderson,thomas88@example.org,USA,2022-03-13,,,2026-07-19 13:22:07.945142
4774,Ashley Rodriguez,jessesavage@example.net,India,2025-02-24,Premium,,2026-07-19 13:22:07.945142
4775,Erin Schmidt,robertsdavid@example.com,,2024-06-21,Standard,21.0,2026-07-19 13:22:07.945142
4776,Brian Taylor,rioskelly@example.net,USA,2021-06-11,Standard,,2026-07-19 13:22:07.946127
4777,Amber Chambers,matthew37@example.com,Germany,2025-08-04,Standard,19.0,2026-07-19 13:22:07.946127
4778,Erika Irwin,lmejia@example.net,India,2022-07-13,Standard,20.0,2026-07-19 13:22:07.946127
4779,Chad King,yjones@example.net,UK,2024-11-20,,22.0,2026-07-19 13:22:07.946127
4780,Kendra Stanley,anitaglover@example.com,Canada,2024-01-01,Standard,28.0,2026-07-19 13:22:07.946127
4781,Stephanie Clark,twalker@example.org,India,2026-04-04,premium,,2026-07-19 13:22:07.946127
4782,Katherine Cordova,bcollier@example.com,,2024-03-24,premium,,2026-07-19 13:22:07.946127
4783,Jason Walker,matthewmartinez@example.com,,2022-03-13,Premium,,2026-07-19 13:22:07.946127
4784,Alyssa Lewis,stevenhuerta@example.com,India,2021-12-03,premium,44.0,2026-07-19 13:22:07.947118
4785,Leslie Martin,reedpatricia@example.net,UK,2022-02-19,Standard,34.0,2026-07-19 13:22:07.947118
4786,Patrick Williams,kristine46@example.com,Germany,2024-07-13,Standard,,2026-07-19 13:22:07.947118
4787,Cody Farley,wilsonrebecca@example.net,USA,2022-02-15,,58.0,2026-07-19 13:22:07.947118
4788,Mr. Phillip Ellis,pettyfrank@example.net,India,2023-09-18,Premium,29.0,2026-07-19 13:22:07.947118
4789,Adam Foster,joneskristin@example.com,India,2023-03-11,Premium,,2026-07-19 13:22:07.947118
4790,Danny Ryan,hornryan@example.net,Germany,2024-05-03,premium,,2026-07-19 13:22:07.947118
4791,Mary Holder,jeremy10@example.com,UK,2022-06-26,Standard,,2026-07-19 13:22:07.948137
4792,Laura Patel,myershannah@example.com,USA,2023-01-12,Standard,46.0,2026-07-19 13:22:07.948137
4793,Roy Chavez,tami49@example.com,USA,2025-12-27,Standard,23.0,2026-07-19 13:22:07.948137
4794,Ray Hurley,eweeks@example.org,Canada,2025-11-17,,50.0,2026-07-19 13:22:07.948137
4795,Brittany Rice,brian61@example.org,USA,2022-08-22,premium,,2026-07-19 13:22:07.948137
4796,Sherry Thompson,kbauer@example.com,,2023-02-08,Premium,60.0,2026-07-19 13:22:07.948137
4797,Emily Keller,kristiewilliams@example.org,Germany,2021-10-02,Premium,,2026-07-19 13:22:07.948137
4798,John Williams,smithmartin@example.org,India,2022-08-29,Premium,69.0,2026-07-19 13:22:07.948137
4799,Michelle Goodman,yreynolds@example.com,UK,2025-09-13,premium,,2026-07-19 13:22:07.948137
4800,Kyle Ramos,sarah85@example.com,,2024-07-23,Standard,,2026-07-19 13:22:07.949130
4801,Alice Mcgrath,upotter@example.org,,2021-07-31,Premium,49.0,2026-07-19 13:22:07.949130
4802,Mary Parker,jasmine52@example.com,USA,2025-07-25,Standard,,2026-07-19 13:22:07.949130
4803,Scott Mitchell,richard58@example.com,,2025-02-13,Standard,,2026-07-19 13:22:07.949130
4804,Jerry Smith,stewartdavid@example.com,USA,2025-08-19,Premium,,2026-07-19 13:22:07.949130
4805,Joshua Rangel,martinrobert@example.net,USA,2025-09-27,Premium,42.0,2026-07-19 13:22:07.949130
4806,Barbara Soto,yvonnewatson@example.org,Germany,2022-09-28,premium,,2026-07-19 13:22:07.949130
4807,Jennifer Velasquez,scottaguilar@example.org,UK,2021-08-14,,30.0,2026-07-19 13:22:07.950112
4808,Maria White,ramirezchristian@example.net,,2022-06-03,Premium,62.0,2026-07-19 13:22:07.950112
4809,Erika Jones,mmcclure@example.net,USA,2021-01-27,premium,,2026-07-19 13:22:07.950112
4810,Thomas Walker,fordbrian@example.org,Germany,2021-08-18,Premium,,2026-07-19 13:22:07.950112
4811,Ashley Hunter,iyoung@example.com,UK,2023-03-10,premium,,2026-07-19 13:22:07.950112
4812,David Moore,hsmith@example.com,Germany,2026-06-07,Standard,,2026-07-19 13:22:07.950112
4813,Jerry Harrison,nball@example.com,UK,2022-09-19,,,2026-07-19 13:22:07.950112
4814,Tami Hernandez,hprice@example.net,Canada,2023-02-12,premium,,2026-07-19 13:22:07.950112
4815,Michael Foster,rgomez@example.net,Germany,2025-02-07,Standard,,2026-07-19 13:22:07.950112
4816,Margaret Hall,ule@example.org,,2022-11-10,Standard,,2026-07-19 13:22:07.951131
4817,John Hernandez,anthonyholden@example.net,Germany,2025-03-29,premium,,2026-07-19 13:22:07.951131
4818,Annette Martinez,brianmclaughlin@example.net,Germany,2023-11-21,premium,68.0,2026-07-19 13:22:07.951131
4819,Jeremy Phillips,alyssa23@example.net,USA,2021-06-08,premium,54.0,2026-07-19 13:22:07.951131
4820,John Davis,kim85@example.org,Canada,2024-03-15,Premium,,2026-07-19 13:22:07.951131
4821,Daniel Parsons,andrewjoseph@example.com,UK,2026-01-29,Standard,69.0,2026-07-19 13:22:07.951131
4822,Jenna Coleman,alexandrajones@example.net,Canada,2022-11-18,premium,54.0,2026-07-19 13:22:07.951131
4823,Melissa Thornton,wernerthomas@example.net,USA,2023-03-24,premium,25.0,2026-07-19 13:22:07.951131
4824,Kathryn Harvey,onelson@example.com,India,2021-05-14,,31.0,2026-07-19 13:22:07.952130
4825,Howard Curry,kelleyelizabeth@example.net,USA,2023-03-26,premium,,2026-07-19 13:22:07.952130
4826,Janet Hudson,samantha12@example.org,USA,2024-02-08,Standard,47.0,2026-07-19 13:22:07.952130
4827,Anna Hernandez,paige44@example.net,,2024-04-04,Standard,,2026-07-19 13:22:07.952130
4828,Jennifer Conrad,acostarick@example.net,,2022-04-07,Standard,,2026-07-19 13:22:07.952130
4829,Andrea Pruitt,millerjesse@example.org,Germany,2026-02-14,premium,,2026-07-19 13:22:07.952130
4830,Hannah Moyer,herrerasamantha@example.com,UK,2023-08-31,Premium,,2026-07-19 13:22:07.952130
4831,Dana Dudley,coopergrace@example.org,Canada,2025-06-16,Standard,64.0,2026-07-19 13:22:07.952130
4832,Ashley Dunn,matthew73@example.org,USA,2022-11-17,Premium,,2026-07-19 13:22:07.953127
4833,Parker Alexander PhD,christopher80@example.org,UK,2023-07-21,Standard,63.0,2026-07-19 13:22:07.953127
4834,Savannah Wells,ericbell@example.org,Canada,2021-12-15,Premium,29.0,2026-07-19 13:22:07.953127
4835,John Martinez,michaelamanda@example.com,Canada,2021-03-22,Standard,68.0,2026-07-19 13:22:07.953127
4836,George Brown,bvazquez@example.com,India,2022-05-07,premium,50.0,2026-07-19 13:22:07.953127
4837,Jeanette Mcdonald,eshea@example.com,,2024-06-17,Standard,,2026-07-19 13:22:07.953127
4838,Robin Mckinney,evelynkelley@example.org,UK,2023-10-01,,37.0,2026-07-19 13:22:07.953127
4839,Melissa Newman,dgonzalez@example.net,Canada,2022-04-08,Premium,,2026-07-19 13:22:07.953127
4840,Paul Smith,jimeneztyler@example.org,India,2023-06-06,Premium,,2026-07-19 13:22:07.954113
4841,Kevin Mcbride,lisaramos@example.com,India,2022-05-05,Standard,61.0,2026-07-19 13:22:07.954113
4842,Katie Carlson,dwilliams@example.org,Canada,2022-02-03,,,2026-07-19 13:22:07.954113
4843,Matthew Long,ymiller@example.com,Germany,2022-12-20,,,2026-07-19 13:22:07.954113
4844,Chad Hines,rphillips@example.net,UK,2024-09-17,,,2026-07-19 13:22:07.954113
4845,Michael Burnett,nicole08@example.net,India,2021-03-31,,,2026-07-19 13:22:07.954113
4846,Joseph Schneider,rodgersalexandra@example.org,,2025-11-18,,64.0,2026-07-19 13:22:07.954113
4847,Anita Berger,laura01@example.com,USA,2024-11-20,Standard,25.0,2026-07-19 13:22:07.955114
4848,Jennifer Hunt,spencerobert@example.net,,2021-05-02,,69.0,2026-07-19 13:22:07.955114
4849,Robert Murphy,istephens@example.com,USA,2026-02-16,Standard,29.0,2026-07-19 13:22:07.955114
4850,Stacey Smith,lcook@example.org,India,2022-09-05,Premium,,2026-07-19 13:22:07.955114
4851,Kaitlyn Werner,phaney@example.net,USA,2023-02-13,premium,52.0,2026-07-19 13:22:07.955114
4852,Michelle Salinas,brice@example.net,Canada,2024-12-20,,50.0,2026-07-19 13:22:07.955114
4853,Angela Kennedy,morrislisa@example.com,Canada,2023-11-28,,,2026-07-19 13:22:07.955114
4854,Andrea Bailey,ndudley@example.org,UK,2023-02-17,premium,54.0,2026-07-19 13:22:07.955114
4855,Donna Barrett,yolanda82@example.org,,2025-08-24,Standard,25.0,2026-07-19 13:22:07.956127
4856,Michele Wu,dannywilliams@example.net,Canada,2025-04-26,,,2026-07-19 13:22:07.956127
4857,Rodney Thomas,hpierce@example.org,Canada,2022-05-31,Standard,63.0,2026-07-19 13:22:07.956127
4858,Amanda Hill,vewing@example.net,Canada,2026-07-08,premium,30.0,2026-07-19 13:22:07.956127
4859,Cynthia Ramirez,ctodd@example.net,UK,2024-08-29,Standard,,2026-07-19 13:22:07.956127
4860,Linda Molina,zwalton@example.net,USA,2021-08-27,Premium,,2026-07-19 13:22:07.956127
4861,Jeffrey Galloway,wadams@example.org,,2026-04-15,premium,69.0,2026-07-19 13:22:07.956127
4862,Kaylee Brown,zwood@example.com,India,2025-03-06,Standard,53.0,2026-07-19 13:22:07.956127
4863,Tammy Hawkins,cindylee@example.org,India,2023-06-13,Standard,44.0,2026-07-19 13:22:07.956127
4864,Randy Morales,iwillis@example.org,,2022-03-08,Premium,,2026-07-19 13:22:07.957111
4865,Emily Roman,manuel65@example.net,Germany,2023-07-22,,,2026-07-19 13:22:07.957111
4866,Kathleen Henry,ngarcia@example.net,Germany,2021-04-25,Standard,32.0,2026-07-19 13:22:07.957111
4867,Kenneth Burke,blakebrett@example.net,UK,2021-07-24,Standard,,2026-07-19 13:22:07.957111
4868,Glen Campbell,tgarcia@example.net,,2022-02-13,Standard,,2026-07-19 13:22:07.957111
4869,Jennifer Lucero,jacob30@example.net,Germany,2021-07-02,Premium,,2026-07-19 13:22:07.957111
4870,David Vance,jonathanjohnson@example.net,,2025-11-28,,,2026-07-19 13:22:07.957111
4871,Erika Woodward,shermanmatthew@example.net,Germany,2025-12-17,Standard,,2026-07-19 13:22:07.957111
4872,Daniel Brown DVM,gracemartin@example.net,Canada,2026-07-18,Premium,30.0,2026-07-19 13:22:07.958127
4873,Paul Pace,ygomez@example.net,,2023-09-18,Standard,30.0,2026-07-19 13:22:07.958127
4874,Kimberly Beard,waderobert@example.com,,2023-02-19,Standard,24.0,2026-07-19 13:22:07.958127
4875,Justin Phillips,william72@example.org,India,2021-07-07,Standard,47.0,2026-07-19 13:22:07.958127
4876,Zoe Perkins,ysteele@example.net,UK,2023-11-16,premium,63.0,2026-07-19 13:22:07.958127
4877,Michael Burns,egraham@example.org,Germany,2021-03-16,,,2026-07-19 13:22:07.958127
4878,Robin Schmidt,normamontgomery@example.net,Canada,2022-11-25,Premium,,2026-07-19 13:22:07.958127
4879,Lisa Anderson,anthony70@example.com,UK,2025-08-11,Premium,58.0,2026-07-19 13:22:07.959115
4880,Alexander Carr,wfowler@example.org,,2021-12-27,premium,33.0,2026-07-19 13:22:07.959115
4881,Dustin Allen,kathryn32@example.org,UK,2025-11-01,,,2026-07-19 13:22:07.959115
4882,Cathy Watts,cheryl50@example.com,Germany,2025-11-22,,50.0,2026-07-19 13:22:07.959115
4883,Joy Jordan,lopezmichael@example.com,India,2021-02-09,,55.0,2026-07-19 13:22:07.959115
4884,Andrea Bradley,molly49@example.com,UK,2022-08-31,premium,,2026-07-19 13:22:07.959115
4885,Kim Harvey,hooveredward@example.org,USA,2022-06-06,Premium,63.0,2026-07-19 13:22:07.959115
4886,Kathy Luna,thomaschristopher@example.net,,2024-05-10,,,2026-07-19 13:22:07.959115
4887,Clayton Holloway,lewiswillie@example.net,UK,2024-05-23,Standard,,2026-07-19 13:22:07.959115
4888,Yvette Dennis,mbonilla@example.com,UK,2021-11-24,Premium,,2026-07-19 13:22:07.960112
4889,Alexis Lopez,stephen49@example.org,Germany,2025-05-27,premium,57.0,2026-07-19 13:22:07.960112
4890,Sean Romero,kimkim@example.net,India,2024-09-20,Standard,,2026-07-19 13:22:07.960112
4891,Brett Brown,vjimenez@example.org,,2024-02-09,Premium,,2026-07-19 13:22:07.960112
4892,Cindy Pacheco,clarkjessica@example.net,,2024-11-16,Standard,55.0,2026-07-19 13:22:07.960112
4893,Christina Simpson,hbrown@example.org,Germany,2025-01-16,,,2026-07-19 13:22:07.960112
4894,Maria Le,eingram@example.com,Germany,2023-03-29,premium,,2026-07-19 13:22:07.960112
4895,James Gonzalez,erik01@example.net,UK,2023-01-29,,49.0,2026-07-19 13:22:07.960112
4896,Robert Martin,mnoble@example.com,UK,2026-07-12,,,2026-07-19 13:22:07.960112
4897,Brandon Martin,brianoliver@example.org,India,2023-05-31,premium,,2026-07-19 13:22:07.961111
4898,Christopher Hood,sharonvillarreal@example.com,Germany,2025-01-01,Premium,50.0,2026-07-19 13:22:07.961111
4899,Michelle Moody,jessica82@example.net,UK,2022-01-19,premium,,2026-07-19 13:22:07.961111
4900,Jason Walker,robertyoung@example.com,Germany,2025-03-10,premium,,2026-07-19 13:22:07.961111
4901,Tyler Smith,bridget26@example.net,USA,2024-04-24,Premium,,2026-07-19 13:22:07.961111
4902,Timothy Hurst,hayessara@example.org,UK,2023-07-22,Premium,,2026-07-19 13:22:07.961111
4903,Julie Schaefer,westterri@example.org,India,2026-06-29,Standard,,2026-07-19 13:22:07.961111
4904,Raymond Miller,gwilson@example.com,Canada,2024-09-18,Standard,25.0,2026-07-19 13:22:07.961111
4905,Maria Sparks,smithangela@example.com,USA,2024-04-24,Standard,47.0,2026-07-19 13:22:07.962112
4906,Sara Salazar,vcochran@example.org,Germany,2024-04-21,premium,53.0,2026-07-19 13:22:07.962112
4907,Amber Douglas,dunnadam@example.net,Canada,2021-11-02,Standard,,2026-07-19 13:22:07.962112
4908,Tammy Clark,nancybennett@example.com,India,2023-08-19,Premium,67.0,2026-07-19 13:22:07.962112
4909,Eric Henderson,davisrobert@example.org,Canada,2023-06-06,Standard,60.0,2026-07-19 13:22:07.962112
4910,Matthew Smith,ubrown@example.com,India,2023-11-04,premium,60.0,2026-07-19 13:22:07.962112
4911,Manuel Yates,brookslindsey@example.org,UK,2023-03-19,,34.0,2026-07-19 13:22:07.962112
4912,Nancy Porter,nicholas55@example.net,UK,2024-08-07,,33.0,2026-07-19 13:22:07.962112
4913,Alex Wilcox,mary25@example.com,USA,2021-05-11,,,2026-07-19 13:22:07.963157
4914,Thomas Terry,luisstrong@example.net,Canada,2026-04-14,Premium,31.0,2026-07-19 13:22:07.963157
4915,Suzanne Stewart,michelle30@example.com,,2024-08-12,,,2026-07-19 13:22:07.963157
4916,Charles Ritter,angeljones@example.com,Canada,2023-03-25,premium,59.0,2026-07-19 13:22:07.963157
4917,Katelyn Boyd,lisa83@example.net,Canada,2021-06-09,premium,,2026-07-19 13:22:07.963157
4918,Caitlyn Jones,johnsonjonathan@example.org,Canada,2023-06-03,premium,67.0,2026-07-19 13:22:07.963157
4919,Timothy Matthews,jeremycarter@example.com,Germany,2023-07-07,premium,,2026-07-19 13:22:07.964117
4920,Elizabeth Warren,qhenderson@example.com,UK,2026-04-04,,64.0,2026-07-19 13:22:07.964117
4921,Cassie Ware,nguyenerika@example.com,,2025-11-19,,,2026-07-19 13:22:07.964117
4922,Jacqueline Martin,conleychristian@example.net,,2022-01-16,Premium,19.0,2026-07-19 13:22:07.964117
4923,Nancy Morris,laurentran@example.org,,2022-05-05,Standard,,2026-07-19 13:22:07.964117
4924,Charles Carter,adkinsandrew@example.com,,2025-11-10,Premium,,2026-07-19 13:22:07.965114
4925,Sara Camacho,mmason@example.net,India,2024-11-06,premium,26.0,2026-07-19 13:22:07.965114
4926,John Walker,diane55@example.org,Germany,2023-11-01,premium,,2026-07-19 13:22:07.965114
4927,Troy Lyons,jacobsbrian@example.net,Germany,2023-06-01,,,2026-07-19 13:22:07.965114
4928,Jared Hood,whitneyellis@example.org,USA,2024-11-10,Premium,42.0,2026-07-19 13:22:07.965114
4929,Angela Ferguson,charles72@example.com,USA,2025-11-22,premium,,2026-07-19 13:22:07.965114
4930,Rebecca Lester,joyceellis@example.com,Germany,2025-10-12,premium,45.0,2026-07-19 13:22:07.965114
4931,Breanna Allen,hortontroy@example.com,USA,2021-04-14,Standard,25.0,2026-07-19 13:22:07.965114
4932,Joseph Kim,jocelyn02@example.org,India,2025-03-23,Standard,,2026-07-19 13:22:07.966115
4933,Matthew Nicholson,hahnmatthew@example.net,Germany,2022-02-06,Premium,,2026-07-19 13:22:07.966115
4934,Jared Harrington,houserobert@example.com,India,2023-11-09,,,2026-07-19 13:22:07.966115
4935,Jason Rush,brettdixon@example.org,,2022-02-22,premium,41.0,2026-07-19 13:22:07.966115
4936,Joy Gordon,hwilliams@example.net,UK,2024-02-05,premium,28.0,2026-07-19 13:22:07.966115
4937,David Potter,dfoley@example.com,USA,2023-07-21,Standard,38.0,2026-07-19 13:22:07.967112
4938,Nicholas Adams,manningyvonne@example.org,Germany,2021-11-22,Premium,,2026-07-19 13:22:07.967112
4939,Michelle King,laurennguyen@example.net,India,2022-06-18,premium,31.0,2026-07-19 13:22:07.967112
4940,Brendan Gill,odonnellnicole@example.com,USA,2022-08-13,Premium,18.0,2026-07-19 13:22:07.967112
4941,Renee Davis,bbrown@example.com,Germany,2025-10-31,Standard,23.0,2026-07-19 13:22:07.967112
4942,Kevin Jackson,rachel34@example.net,,2022-03-07,,33.0,2026-07-19 13:22:07.967112
4943,Jennifer Garcia,perrykenneth@example.net,,2021-02-09,,49.0,2026-07-19 13:22:07.967112
4944,Megan Moyer,allison30@example.com,Germany,2022-03-21,premium,52.0,2026-07-19 13:22:07.967112
4945,Brianna Wagner,jamesthomas@example.org,UK,2024-08-09,premium,,2026-07-19 13:22:07.968127
4946,Noah Vargas,costatina@example.org,UK,2024-09-22,Standard,,2026-07-19 13:22:07.968127
4947,Michael Bailey,whitejeffrey@example.com,USA,2022-09-23,premium,,2026-07-19 13:22:07.968127
4948,Linda Martinez,rrodriguez@example.net,Canada,2024-04-09,Premium,,2026-07-19 13:22:07.968127
4949,Donald Meyer,melissa67@example.org,Germany,2024-06-25,Premium,46.0,2026-07-19 13:22:07.968127
4950,Leon Ellison,snichols@example.net,Canada,2024-08-30,Premium,51.0,2026-07-19 13:22:07.968127
4951,Johnny Carter,tinazimmerman@example.net,India,2024-10-26,Premium,,2026-07-19 13:22:07.968127
4952,William Brown,jodijackson@example.com,Germany,2024-10-28,premium,48.0,2026-07-19 13:22:07.968127
4953,Joshua Camacho,april02@example.com,India,2022-12-20,Standard,40.0,2026-07-19 13:22:07.969128
4954,Melissa Peterson,evanswhitney@example.net,India,2024-02-03,premium,,2026-07-19 13:22:07.969128
4955,Christina Ward,william68@example.net,Canada,2024-07-20,premium,,2026-07-19 13:22:07.969128
4956,Julia Jones,mccallsteven@example.com,USA,2025-02-02,premium,56.0,2026-07-19 13:22:07.969128
4957,Monique Horton,kristinjohnson@example.com,Canada,2024-09-05,Standard,49.0,2026-07-19 13:22:07.969128
4958,Robert Foster,tgordon@example.net,USA,2025-06-15,Premium,51.0,2026-07-19 13:22:07.969128
4959,Dana Woodard,simpsonmargaret@example.com,Germany,2026-01-30,Premium,62.0,2026-07-19 13:22:07.969128
4960,Mark Irwin,houstonsherri@example.org,USA,2021-12-02,Standard,45.0,2026-07-19 13:22:07.969128
4961,Brian Herrera,jaredwilliams@example.net,UK,2023-11-21,Standard,69.0,2026-07-19 13:22:07.970126
4962,Joseph Brown,melaniewarner@example.org,India,2022-02-04,Standard,,2026-07-19 13:22:07.970126
4963,Abigail Merritt,brittany00@example.net,USA,2026-06-30,premium,,2026-07-19 13:22:07.970126
4964,Tracey Moore,lmills@example.net,USA,2024-10-10,Premium,38.0,2026-07-19 13:22:07.970126
4965,Joshua Brown,heather65@example.org,Canada,2024-01-20,premium,,2026-07-19 13:22:07.970126
4966,Henry Noble,mccormickjulian@example.com,,2025-05-10,premium,64.0,2026-07-19 13:22:07.970126
4967,Brittany Hartman,wlewis@example.org,Germany,2021-12-29,Premium,24.0,2026-07-19 13:22:07.971115
4968,Karen Higgins,tlopez@example.org,India,2024-03-01,,,2026-07-19 13:22:07.971115
4969,Erin Garcia,willisronald@example.net,India,2021-09-03,,49.0,2026-07-19 13:22:07.971115
4970,Justin Roman,shauncummings@example.com,,2023-11-11,,,2026-07-19 13:22:07.971115
4971,Jessica Weaver,lindsay62@example.com,USA,2023-03-24,,55.0,2026-07-19 13:22:07.971115
4972,Paula Bryant,gonzalesethan@example.org,India,2025-04-16,Standard,,2026-07-19 13:22:07.971115
4973,Christopher Wiggins,bryantandrew@example.com,USA,2023-04-03,premium,,2026-07-19 13:22:07.971115
4974,Stephanie Turner,erichardson@example.org,India,2021-02-06,premium,21.0,2026-07-19 13:22:07.971115
4975,Thomas Henry,wellscurtis@example.com,,2026-05-05,Premium,,2026-07-19 13:22:07.971115
4976,Miss Karen Murray DDS,mitchelltracie@example.net,Germany,2025-04-09,Premium,52.0,2026-07-19 13:22:07.972113
4977,Ronald Fields,juliemarks@example.net,,2022-07-29,premium,28.0,2026-07-19 13:22:07.972113
4978,Justin Silva,richard75@example.net,,2026-01-26,,,2026-07-19 13:22:07.972113
4979,Erik Oliver,jacquelinerice@example.com,India,2025-08-05,premium,,2026-07-19 13:22:07.972113
4980,Jimmy Curtis,nguyentroy@example.org,,2021-04-16,premium,,2026-07-19 13:22:07.972113
4981,Clarence Robinson,cobbmarie@example.org,UK,2024-06-20,,,2026-07-19 13:22:07.972113
4982,Thomas Gates,davischad@example.net,Germany,2024-09-15,premium,66.0,2026-07-19 13:22:07.972113
4983,Jodi Jones,daustin@example.com,UK,2022-05-22,Premium,55.0,2026-07-19 13:22:07.972113
4984,Sarah Jones,lkim@example.net,USA,2025-09-29,Premium,,2026-07-19 13:22:07.973112
4985,Connie Hicks,smithchelsea@example.org,,2023-07-12,Premium,70.0,2026-07-19 13:22:07.973112
4986,Kristen Clay,eatkins@example.com,India,2023-08-01,Standard,,2026-07-19 13:22:07.973112
4987,Karen Jordan,katherine63@example.org,Canada,2023-12-16,Premium,,2026-07-19 13:22:07.973112
4988,Claudia Armstrong,martinezethan@example.com,India,2021-05-11,premium,69.0,2026-07-19 13:22:07.973112
4989,Kristi Lopez,tthompson@example.net,India,2022-02-03,Standard,,2026-07-19 13:22:07.973112
4990,Savannah Carlson,mjohnson@example.org,USA,2023-08-13,,51.0,2026-07-19 13:22:07.973112
4991,Roger Baxter,njackson@example.com,Canada,2025-07-11,Standard,58.0,2026-07-19 13:22:07.973112
4992,Julie James DVM,vcrosby@example.com,USA,2023-08-03,premium,,2026-07-19 13:22:07.974113
4993,Andrew Nicholson,xbautista@example.org,UK,2025-11-28,Premium,54.0,2026-07-19 13:22:07.974113
4994,Wyatt Bishop III,thomasandrews@example.org,UK,2023-10-17,Premium,,2026-07-19 13:22:07.974113
4995,Jennifer Hudson,judith30@example.net,UK,2026-06-26,Premium,65.0,2026-07-19 13:22:07.974113
4996,Ryan Conley,stewartalexandra@example.com,Canada,2024-01-20,,54.0,2026-07-19 13:22:07.974113
4997,William Lewis,grosssummer@example.org,India,2024-10-11,Standard,,2026-07-19 13:22:07.975116
4998,Thomas Stone,smolina@example.net,Germany,2023-04-08,Standard,,2026-07-19 13:22:07.975116
4999,Alexis Gonzalez,maryhopkins@example.com,Canada,2023-01-10,premium,65.0,2026-07-19 13:22:07.975116
5000,Tonya Mckinney,tanyaweaver@example.net,,2023-12-11,Premium,,2026-07-19 13:22:07.975116
5001,Anna Miller,washingtonjon@example.com,USA,2025-11-02,,19.0,2026-07-19 13:22:07.975116
5002,Kelsey Wolfe,kevin04@example.net,Canada,2023-04-28,Standard,68.0,2026-07-19 13:22:07.975116
5003,William Martinez,cynthiarice@example.com,Canada,2025-02-25,Standard,,2026-07-19 13:22:07.975116
5004,Michelle Huang MD,john20@example.net,India,2025-10-17,premium,40.0,2026-07-19 13:22:07.975116
5005,Michael Smith,youngangela@example.net,USA,2022-06-29,,20.0,2026-07-19 13:22:07.976156
5006,Brandon Lee,uharris@example.org,,2023-07-28,premium,70.0,2026-07-19 13:22:07.976156
5007,Christopher Patterson,laura72@example.org,UK,2022-07-12,Premium,,2026-07-19 13:22:07.976156
5008,Mark Conley,carol60@example.net,India,2026-03-17,Standard,37.0,2026-07-19 13:22:07.976156
5009,Paula Rios,weaverkirsten@example.com,,2023-12-18,Standard,43.0,2026-07-19 13:22:07.976156
5010,Brian Burton,herreraedward@example.net,India,2021-04-26,,,2026-07-19 13:22:07.976156
5011,Dawn Baker,bward@example.org,Germany,2025-10-06,,23.0,2026-07-19 13:22:07.976156
5012,Michelle Alvarado,juliagamble@example.com,,2024-08-04,,54.0,2026-07-19 13:22:07.977129
5013,Kimberly Riley,jessicacastro@example.com,USA,2024-07-26,Standard,69.0,2026-07-19 13:22:07.977129
5014,Benjamin Ponce,dmejia@example.net,,2026-07-05,premium,,2026-07-19 13:22:07.977129
5015,Melanie Marshall,davidmarshall@example.org,Germany,2026-01-15,premium,,2026-07-19 13:22:07.977129
5016,Allison Gillespie,nklein@example.com,Germany,2022-10-25,Standard,,2026-07-19 13:22:07.977129
5017,Justin Gould,caldwellashley@example.com,Germany,2021-12-12,,,2026-07-19 13:22:07.977129
5018,Steve Cardenas,jwhite@example.net,UK,2025-07-04,premium,40.0,2026-07-19 13:22:07.978145
5019,Richard Williams,melissahill@example.com,Canada,2024-06-02,premium,,2026-07-19 13:22:07.978145
5020,Daniel Perez,shane87@example.org,,2023-02-09,Premium,60.0,2026-07-19 13:22:07.978145
5021,James Harris,osmith@example.net,UK,2021-06-10,Standard,,2026-07-19 13:22:07.978145
5022,Kristen Hunt,campbellchristopher@example.org,USA,2023-12-27,Premium,,2026-07-19 13:22:07.978145
5023,Kelsey Hartman,jeremy42@example.net,,2024-06-05,,,2026-07-19 13:22:07.978145
5024,Misty Atkinson,santosbrandon@example.org,USA,2024-11-22,Standard,51.0,2026-07-19 13:22:07.978145
5025,Lee Garcia,nicholsmatthew@example.net,Germany,2022-01-08,premium,34.0,2026-07-19 13:22:07.978145
5026,Hannah Rodriguez,torressteven@example.com,,2022-09-20,,22.0,2026-07-19 13:22:07.979128
5027,Elizabeth Gonzalez,kperez@example.net,Canada,2023-01-20,,38.0,2026-07-19 13:22:07.979128
5028,Morgan Olson,mwalker@example.com,India,2023-07-19,premium,,2026-07-19 13:22:07.979128
5029,Melissa Duncan,johnsharp@example.com,Canada,2021-01-29,premium,25.0,2026-07-19 13:22:07.979128
5030,Colleen Byrd,parkkatherine@example.net,USA,2022-10-18,Premium,,2026-07-19 13:22:07.979128
5031,Jessica Evans,milesrichard@example.com,USA,2026-07-03,premium,,2026-07-19 13:22:07.979128
5032,David Sanders,underwoodsarah@example.org,Germany,2025-05-18,,26.0,2026-07-19 13:22:07.979128
5033,Chad Thomas,angelastewart@example.org,India,2022-12-30,premium,,2026-07-19 13:22:07.980128
5034,Dr. Nancy Velasquez MD,julie89@example.net,Germany,2025-11-24,Standard,,2026-07-19 13:22:07.980128
5035,Christopher Molina,bknapp@example.org,USA,2021-05-09,Premium,,2026-07-19 13:22:07.980128
5036,Shelby Mendez,cardenasjulia@example.org,UK,2022-01-29,Premium,,2026-07-19 13:22:07.980128
5037,Sarah Bowman,tristan11@example.com,Germany,2025-02-02,Premium,54.0,2026-07-19 13:22:07.980128
5038,Joshua Bond,rosskristy@example.net,USA,2023-09-18,premium,,2026-07-19 13:22:07.980128
5039,Tricia Mendoza,nicholsonmichael@example.org,India,2021-08-30,premium,,2026-07-19 13:22:07.980128
5040,Wendy Chapman,brooke13@example.org,Canada,2021-10-01,Standard,,2026-07-19 13:22:07.980128
5041,James Ferguson,yujeffrey@example.org,UK,2022-05-08,,,2026-07-19 13:22:07.981128
5042,Jessica Johnson,thomas96@example.org,Canada,2024-01-03,premium,30.0,2026-07-19 13:22:07.981128
5043,Benjamin Davis,athompson@example.com,,2021-02-13,,69.0,2026-07-19 13:22:07.981128
5044,Gregory Butler,sheltonedward@example.com,Canada,2022-04-20,,,2026-07-19 13:22:07.981128
5045,James Smith,vickiemorrison@example.org,,2022-04-03,Premium,,2026-07-19 13:22:07.981128
5046,Stephen Cannon,scardenas@example.net,USA,2023-03-28,Premium,,2026-07-19 13:22:07.981128
5047,Keith Hatfield,chambersanna@example.org,USA,2023-06-22,,,2026-07-19 13:22:07.981128
5048,Latoya Martinez,deborah67@example.com,UK,2025-04-20,Standard,,2026-07-19 13:22:07.981128
5049,Bruce Wilcox DDS,taylordaniel@example.org,India,2022-04-13,,46.0,2026-07-19 13:22:07.982127
5050,Eric Crosby,shannontaylor@example.net,India,2026-01-07,Standard,63.0,2026-07-19 13:22:07.982127
5051,Kimberly Brown,hopkinsnatasha@example.net,UK,2026-06-24,Premium,40.0,2026-07-19 13:22:07.982127
5052,Brian Rodriguez,mandyparker@example.org,UK,2021-12-01,,19.0,2026-07-19 13:22:07.982127
5053,James Nichols,williamspatricia@example.org,UK,2025-10-31,,,2026-07-19 13:22:07.982127
5054,Tommy Kelly,gsalas@example.com,India,2022-02-18,Standard,,2026-07-19 13:22:07.982127
5055,Michelle Flores,ugray@example.com,Canada,2022-11-16,Standard,32.0,2026-07-19 13:22:07.983112
5056,Heather Dougherty,smithdarren@example.org,UK,2026-05-09,premium,,2026-07-19 13:22:07.983112
5057,Jennifer Hill,teresa20@example.com,USA,2026-07-05,premium,,2026-07-19 13:22:07.983112
5058,Autumn Mcdonald,bphillips@example.com,Canada,2026-06-09,Premium,,2026-07-19 13:22:07.983112
5059,John Farley,lindavid@example.net,,2023-03-26,premium,24.0,2026-07-19 13:22:07.983112
5060,Michael Mullins,john05@example.com,USA,2025-01-11,premium,67.0,2026-07-19 13:22:07.983112
5061,Amanda Smith,justin99@example.net,UK,2022-12-10,Premium,,2026-07-19 13:22:07.983112
5062,Brandi Martin,douglasgutierrez@example.com,,2023-02-04,premium,24.0,2026-07-19 13:22:07.984111
5063,Richard Parker,emitchell@example.com,USA,2022-05-04,premium,,2026-07-19 13:22:07.984111
5064,Thomas Ramirez,jonesherbert@example.org,Canada,2023-04-04,,,2026-07-19 13:22:07.984111
5065,Robert Hale,mgriffith@example.org,India,2021-09-11,,31.0,2026-07-19 13:22:07.984111
5066,Larry Jennings,sbrown@example.org,USA,2024-06-15,Premium,,2026-07-19 13:22:07.984111
5067,Michael Knight,robertbenson@example.net,USA,2025-07-05,premium,,2026-07-19 13:22:07.984111
5068,John Gibbs,wcastillo@example.com,,2022-12-05,Standard,,2026-07-19 13:22:07.984111
5069,Holly Hawkins,sharonvasquez@example.net,Canada,2025-12-11,Premium,20.0,2026-07-19 13:22:07.984111
5070,Nicholas Nelson,bonniekim@example.org,India,2024-05-27,,,2026-07-19 13:22:07.985140
5071,Jennifer Walton,henrybrian@example.org,USA,2026-04-08,,18.0,2026-07-19 13:22:07.985140
5072,Andrew Little,ewu@example.org,UK,2024-04-23,,62.0,2026-07-19 13:22:07.985140
5073,Raymond Ross,briggsbrent@example.org,Canada,2021-04-23,Standard,67.0,2026-07-19 13:22:07.985140
5074,Dr. James Banks DDS,morrisemily@example.net,Canada,2023-03-20,premium,67.0,2026-07-19 13:22:07.985140
5075,Bruce Elliott,smithjennifer@example.com,Germany,2021-07-16,,64.0,2026-07-19 13:22:07.985140
5076,Sarah Michael,gatesmanuel@example.org,Canada,2023-05-07,premium,,2026-07-19 13:22:07.985140
5077,Vanessa Owens,harveyrachel@example.net,UK,2023-04-12,Premium,,2026-07-19 13:22:07.986111
5078,Luis Smith,griffinlaurie@example.org,Germany,2023-11-18,premium,19.0,2026-07-19 13:22:07.986111
5079,David Jackson,dmurphy@example.com,Canada,2023-10-10,Standard,,2026-07-19 13:22:07.986111
5080,Mario Kim,chayes@example.net,UK,2021-02-18,Premium,,2026-07-19 13:22:07.986111
5081,Margaret Rogers,gerald09@example.org,USA,2023-02-05,,23.0,2026-07-19 13:22:07.986111
5082,Leslie Rodriguez,melissa18@example.com,Canada,2022-11-17,,28.0,2026-07-19 13:22:07.986111
5083,Kenneth Morales,johnnguyen@example.net,Canada,2025-12-08,Standard,,2026-07-19 13:22:07.986111
5084,Mr. Xavier Rogers,crawfordrobin@example.com,UK,2026-04-26,,,2026-07-19 13:22:07.986111
5085,Jessica Avila,crystallewis@example.org,Germany,2025-10-01,Standard,25.0,2026-07-19 13:22:07.986111
5086,Matthew Diaz,odonnellcourtney@example.com,India,2024-10-10,premium,,2026-07-19 13:22:07.986111
5087,Heather Hill,weaverdeborah@example.com,Canada,2023-10-08,Premium,54.0,2026-07-19 13:22:07.987636
5088,Robert Davenport,angelkane@example.net,UK,2022-01-07,Premium,48.0,2026-07-19 13:22:07.987636
5089,Richard Contreras,francisco17@example.net,Germany,2025-02-09,premium,,2026-07-19 13:22:07.987636
5090,Dr. Phillip Barker,bbrown@example.org,Canada,2025-09-26,Standard,,2026-07-19 13:22:07.987636
5091,Rebecca Brown,vjones@example.net,India,2021-09-29,Standard,,2026-07-19 13:22:07.987636
5092,William Mayer,stevenhall@example.net,USA,2026-01-10,,18.0,2026-07-19 13:22:07.987636
5093,Mrs. Martha Lee,deborah97@example.org,India,2025-07-14,Standard,,2026-07-19 13:22:07.987636
5094,Mrs. Heather Davis,scott06@example.net,Canada,2025-10-02,Premium,,2026-07-19 13:22:07.987636
5095,Joseph Jimenez,pcowan@example.org,India,2022-05-22,,,2026-07-19 13:22:07.988668
5096,Melissa Houston,jenniferlara@example.net,USA,2024-06-10,Premium,31.0,2026-07-19 13:22:07.988668
5097,Kimberly Munoz,rebekah01@example.net,Germany,2022-12-14,premium,38.0,2026-07-19 13:22:07.988668
5098,Michele Conway,phillipjones@example.org,USA,2021-05-16,Standard,,2026-07-19 13:22:07.988668
5099,Rachel Wilson,flowersxavier@example.com,Canada,2022-11-23,,,2026-07-19 13:22:07.988668
5100,Colton Johnson,theresa92@example.net,,2023-06-04,Premium,61.0,2026-07-19 13:22:07.988668
5101,Calvin Pollard,millersean@example.com,India,2021-03-26,premium,,2026-07-19 13:22:07.988668
5102,Mr. Joseph Harrison DVM,amberjoseph@example.org,UK,2023-07-09,premium,,2026-07-19 13:22:07.988668
5103,Dr. Jacob Reed IV,lewispaige@example.net,Canada,2025-10-23,Premium,24.0,2026-07-19 13:22:07.989668
5104,Bobby Jenkins,bmorris@example.com,India,2021-03-11,Premium,,2026-07-19 13:22:07.989668
5105,Alexander Thomas,sarahballard@example.org,UK,2021-08-11,,,2026-07-19 13:22:07.989668
5106,Timothy Ramirez,mario98@example.org,,2023-02-23,,,2026-07-19 13:22:07.989668
5107,Michael Brown,matthewtrujillo@example.org,UK,2024-02-24,,26.0,2026-07-19 13:22:07.989668
5108,Jessica Pope,stephanie42@example.com,Germany,2024-06-03,Premium,,2026-07-19 13:22:07.989668
5109,Daniel Riley,hopkinsrichard@example.org,India,2023-12-28,premium,19.0,2026-07-19 13:22:07.989668
5110,Annette Shah,marc75@example.com,Germany,2021-12-11,Premium,54.0,2026-07-19 13:22:07.990654
5111,Kevin Ortiz,alexanderdarrell@example.net,UK,2026-05-14,,36.0,2026-07-19 13:22:07.990654
5112,Cody Perry,santanalinda@example.org,Canada,2024-02-05,premium,20.0,2026-07-19 13:22:07.990654
5113,William Hunter,hillbrittney@example.net,Germany,2023-05-07,Standard,43.0,2026-07-19 13:22:07.991654
5114,Matthew Johnson,kduncan@example.net,USA,2022-02-22,premium,,2026-07-19 13:22:07.991654
5115,Vanessa Wade,allisonlaura@example.com,UK,2025-01-15,,,2026-07-19 13:22:07.991654
5116,Mr. James Johns MD,aaronrose@example.org,Canada,2023-09-21,Standard,25.0,2026-07-19 13:22:07.991654
5117,Jimmy Gonzalez,costascott@example.com,UK,2021-02-18,,,2026-07-19 13:22:07.991654
5118,Lisa Pearson,leslie60@example.org,Germany,2025-07-01,Standard,63.0,2026-07-19 13:22:07.991654
5119,Blake Foster,sanchezrichard@example.com,USA,2026-03-06,Standard,,2026-07-19 13:22:07.991654
5120,Cameron Estes,carlos55@example.org,,2021-04-14,Standard,,2026-07-19 13:22:07.991654
5121,Steven Rowe,pearsontimothy@example.org,India,2026-07-16,Standard,66.0,2026-07-19 13:22:07.992670
5122,James Weiss,hughesjacob@example.com,Canada,2026-03-17,Premium,,2026-07-19 13:22:07.992670
5123,Carrie Strickland,rhernandez@example.com,USA,2022-02-06,premium,,2026-07-19 13:22:07.992670
5124,Kimberly Fox,hmckay@example.org,Germany,2025-03-16,Premium,57.0,2026-07-19 13:22:07.992670
5125,Michelle Moreno,erin79@example.net,Canada,2023-08-27,Premium,,2026-07-19 13:22:07.992670
5126,Tina Richard,jeffrey02@example.com,Canada,2024-04-09,Premium,19.0,2026-07-19 13:22:07.992670
5127,Terry Alvarado,bbrown@example.org,Germany,2023-05-14,Standard,70.0,2026-07-19 13:22:07.992670
5128,Brian Stein,destiny21@example.com,USA,2022-09-15,,,2026-07-19 13:22:07.992670
5129,Deborah Trevino,leslie31@example.com,,2021-11-19,,65.0,2026-07-19 13:22:07.993667
5130,Jennifer Rodriguez,anthony08@example.net,Germany,2026-07-01,premium,37.0,2026-07-19 13:22:07.993667
5131,Jeffery Jackson,sparkskristine@example.net,UK,2024-03-01,,,2026-07-19 13:22:07.993667
5132,Jay Jones,wbowman@example.net,USA,2026-04-27,Premium,,2026-07-19 13:22:07.993667
5133,Louis Fisher,lovebrianna@example.org,,2025-04-27,Standard,45.0,2026-07-19 13:22:07.993667
5134,Jeremiah Liu,audreysparks@example.net,Canada,2022-06-30,Standard,46.0,2026-07-19 13:22:07.993667
5135,Connie Navarro,jill11@example.org,Canada,2023-08-13,Premium,38.0,2026-07-19 13:22:07.993667
5136,Robin Rodriguez,rachelrodriguez@example.com,,2023-02-28,premium,,2026-07-19 13:22:07.993667
5137,Kelly Mcfarland,morrisjared@example.net,India,2023-09-27,Standard,,2026-07-19 13:22:07.993667
5138,Rebecca Lloyd,kristinabrown@example.net,USA,2021-02-03,Premium,,2026-07-19 13:22:07.993667
5139,Misty Robertson,ethompson@example.com,,2026-06-25,Premium,41.0,2026-07-19 13:22:07.993667
5140,Melissa Johnson,joseph75@example.net,India,2022-04-10,Standard,,2026-07-19 13:22:07.993667
5141,Derek Larsen,brooksjennifer@example.org,Germany,2026-05-19,,,2026-07-19 13:22:07.995194
5142,Brandon Allison,bbush@example.org,UK,2023-02-22,premium,,2026-07-19 13:22:07.995194
5143,Robert Wilkinson,sedwards@example.com,Germany,2024-02-16,,27.0,2026-07-19 13:22:07.995194
5144,Vanessa Brown,ramosterri@example.net,Canada,2026-03-22,Standard,35.0,2026-07-19 13:22:07.995194
5145,Christopher Walker,farmerdanielle@example.net,USA,2022-08-03,Premium,62.0,2026-07-19 13:22:07.995194
5146,Nicole Wright,andersonchristopher@example.org,USA,2022-11-21,Standard,,2026-07-19 13:22:07.995194
5147,Marissa Carter,rwolfe@example.net,UK,2021-05-17,premium,18.0,2026-07-19 13:22:07.995194
5148,William Jordan,sara60@example.net,Germany,2025-10-04,Premium,,2026-07-19 13:22:07.995194
5149,John Bennett,linda08@example.org,UK,2021-07-28,Premium,,2026-07-19 13:22:07.995194
5150,Phyllis Campbell,cookgary@example.net,,2024-09-22,Standard,47.0,2026-07-19 13:22:07.996221
5151,Desiree Bradley,joseph40@example.com,India,2022-12-23,Standard,,2026-07-19 13:22:07.996221
5152,Lauren Sanders,amy74@example.com,USA,2021-03-20,Standard,,2026-07-19 13:22:07.996221
5153,Kevin Sutton,olsonbrady@example.com,Canada,2026-07-02,premium,23.0,2026-07-19 13:22:07.996221
5154,Chad Humphrey,riverstravis@example.com,UK,2026-01-07,Standard,,2026-07-19 13:22:07.996221
5155,Janice Sullivan,aclark@example.net,Canada,2023-06-21,Premium,,2026-07-19 13:22:07.996221
5156,James Anthony,julie54@example.org,Canada,2023-01-10,Standard,,2026-07-19 13:22:07.996221
5157,Aaron Parker,kathryn33@example.com,India,2023-05-20,Premium,,2026-07-19 13:22:07.996221
5158,Chad Brown,tshaw@example.org,Canada,2021-08-05,Premium,,2026-07-19 13:22:07.996221
5159,Eric Cunningham,rachel67@example.net,UK,2025-07-30,Standard,,2026-07-19 13:22:07.997221
5160,Christopher Smith,zoe32@example.com,Germany,2024-04-04,Premium,21.0,2026-07-19 13:22:07.997221
5161,Alexander Rios,thall@example.org,USA,2023-05-26,Standard,51.0,2026-07-19 13:22:07.997221
5162,Donald Tucker,michaeljohnson@example.org,Germany,2026-01-23,Premium,23.0,2026-07-19 13:22:07.997221
5163,Jennifer Castillo,mhickman@example.com,USA,2021-06-24,Standard,,2026-07-19 13:22:07.997221
5164,Francis Williams,yvonnenorris@example.org,Canada,2024-07-31,Premium,26.0,2026-07-19 13:22:07.998227
5165,Savannah Alvarez,qmyers@example.net,,2021-06-23,premium,,2026-07-19 13:22:07.998227
5166,Megan Estes,debra60@example.org,Canada,2023-10-04,,,2026-07-19 13:22:07.998227
5167,Timothy Robertson,zsmith@example.org,USA,2021-03-10,premium,,2026-07-19 13:22:07.999210
5168,Tyler Hamilton,joel73@example.org,,2026-04-16,premium,59.0,2026-07-19 13:22:07.999210
5169,Danielle Smith,robinsonterri@example.com,USA,2024-01-31,,,2026-07-19 13:22:07.999210
5170,Jennifer Smith,michael73@example.com,Germany,2021-12-02,Premium,24.0,2026-07-19 13:22:07.999210
5171,Donna Jackson,xavierpearson@example.org,India,2025-03-22,Premium,,2026-07-19 13:22:07.999210
5172,Randy Ryan,marcusmoody@example.org,,2022-05-19,Standard,,2026-07-19 13:22:07.999210
5173,Matthew Gonzales,santiagotravis@example.net,Germany,2021-10-22,Standard,34.0,2026-07-19 13:22:08.000239
5174,Sherri Ramirez,stacylane@example.net,India,2023-06-02,,,2026-07-19 13:22:08.000239
5175,Mark Ross,vmeyer@example.net,Germany,2023-07-20,Standard,,2026-07-19 13:22:08.000239
5176,Robert Chavez,richard49@example.com,Canada,2022-05-07,Standard,,2026-07-19 13:22:08.000239
5177,Kimberly Frederick,ljohnson@example.net,,2021-03-16,Standard,,2026-07-19 13:22:08.000239
5178,Lawrence Craig,michelle67@example.net,Canada,2023-09-10,,,2026-07-19 13:22:08.000239
5179,Mario Evans,frederick19@example.org,India,2021-04-28,,27.0,2026-07-19 13:22:08.000239
5180,Jessica Brown,karen17@example.com,India,2026-02-13,,,2026-07-19 13:22:08.000239
5181,Bryan Roberts,uchen@example.net,UK,2021-09-30,premium,,2026-07-19 13:22:08.001208
5182,Ashley Johnson,bellaustin@example.org,Germany,2023-12-06,Premium,60.0,2026-07-19 13:22:08.001208
5183,James Vaughan,dwelch@example.com,UK,2026-03-18,Standard,41.0,2026-07-19 13:22:08.001208
5184,Jeffery Welch,iball@example.net,Canada,2024-03-26,Premium,,2026-07-19 13:22:08.001208
5185,Henry Butler,patrick74@example.com,UK,2023-05-18,,37.0,2026-07-19 13:22:08.001208
5186,Daniel Bolton,paustin@example.net,USA,2025-03-25,premium,35.0,2026-07-19 13:22:08.001208
5187,Tonya Riley,jeffreybrown@example.org,India,2026-04-01,premium,,2026-07-19 13:22:08.001208
5188,Jeremy Porter,michaelhowell@example.net,,2022-04-28,,53.0,2026-07-19 13:22:08.001208
5189,John Nguyen,omiller@example.org,Canada,2025-09-14,Premium,,2026-07-19 13:22:08.001208
5190,Mark Ware,tyleradam@example.org,India,2023-02-27,premium,,2026-07-19 13:22:08.002311
5191,Stacy Bright,psherman@example.org,India,2023-04-29,Standard,,2026-07-19 13:22:08.002311
5192,Derek Beasley,colemanbrian@example.com,,2022-09-03,premium,,2026-07-19 13:22:08.002311
5193,Susan Ramsey,twatson@example.org,,2021-12-16,Premium,67.0,2026-07-19 13:22:08.002311
5194,Dr. Victoria Henry,jessicabaker@example.net,Canada,2022-10-15,,67.0,2026-07-19 13:22:08.002311
5195,Megan Hughes,batesdennis@example.net,UK,2023-06-18,Premium,51.0,2026-07-19 13:22:08.002311
5196,Amy Harvey,pinedamark@example.net,Germany,2025-02-24,Premium,,2026-07-19 13:22:08.002311
5197,Rebecca Mcbride,carlos30@example.org,USA,2024-10-29,Standard,,2026-07-19 13:22:08.002311
5198,William Simpson,adamvargas@example.com,UK,2021-08-24,Standard,64.0,2026-07-19 13:22:08.003316
5199,Melanie Morales,lisa35@example.org,UK,2023-08-26,premium,,2026-07-19 13:22:08.003316
5200,Casey Ramos,christophergreen@example.com,UK,2026-06-02,,,2026-07-19 13:22:08.003316
5201,Jose Mclean,deboraharmstrong@example.com,Canada,2024-08-07,Premium,70.0,2026-07-19 13:22:08.003316
5202,Katherine Haynes,laurenbaldwin@example.com,Canada,2025-07-12,Premium,,2026-07-19 13:22:08.003316
5203,Roger Smith PhD,mark48@example.org,India,2025-06-13,premium,23.0,2026-07-19 13:22:08.003316
5204,Matthew Smith,olsonsamantha@example.com,USA,2021-09-16,Premium,,2026-07-19 13:22:08.004212
5205,Jason Perry,marshalltina@example.org,Canada,2024-10-21,,18.0,2026-07-19 13:22:08.004212
5206,Eduardo Murray,emilyarroyo@example.net,Germany,2025-10-01,Premium,,2026-07-19 13:22:08.004212
5207,Jo Hicks,tinawhite@example.org,Canada,2026-03-22,Standard,28.0,2026-07-19 13:22:08.004212
5208,Michelle Baker,christine28@example.net,,2025-06-02,Premium,,2026-07-19 13:22:08.004212
5209,Sherry Baker,tony95@example.net,UK,2021-11-27,Premium,23.0,2026-07-19 13:22:08.004212
5210,Christopher Roberts,hornerobert@example.org,India,2026-05-14,Premium,,2026-07-19 13:22:08.004212
5211,Kimberly Dawson,timothybates@example.com,Germany,2021-12-27,Premium,33.0,2026-07-19 13:22:08.004212
5212,Christina Rivera,phillipsamber@example.net,,2023-10-07,Premium,,2026-07-19 13:22:08.005317
5213,Christopher Lee,hernandezcarolyn@example.net,,2023-06-09,,20.0,2026-07-19 13:22:08.005317
5214,David Pena,thomaschristine@example.net,,2022-04-20,,,2026-07-19 13:22:08.005317
5215,Madeline Steele,michaelball@example.net,,2022-07-16,Premium,,2026-07-19 13:22:08.005317
5216,Laura Craig,glennsmith@example.net,Canada,2023-04-15,premium,,2026-07-19 13:22:08.006211
5217,Steven Martin,gravesnicholas@example.com,UK,2024-09-14,premium,18.0,2026-07-19 13:22:08.006211
5218,Brent Tran,omarfowler@example.com,Canada,2025-05-24,,39.0,2026-07-19 13:22:08.006211
5219,Travis Jenkins,clopez@example.org,India,2023-07-30,Standard,63.0,2026-07-19 13:22:08.006211
5220,Mark Taylor,heathmichelle@example.net,Canada,2023-11-25,Standard,,2026-07-19 13:22:08.006211
5221,Catherine Hudson,zcarter@example.net,UK,2022-05-16,Premium,48.0,2026-07-19 13:22:08.006211
5222,Sharon Wagner,qmcdaniel@example.com,Germany,2023-03-11,Premium,63.0,2026-07-19 13:22:08.006211
5223,Zachary Warner,timothy84@example.org,Germany,2025-12-02,,,2026-07-19 13:22:08.007212
5224,James Baker,alex07@example.net,Canada,2023-06-14,Premium,,2026-07-19 13:22:08.007212
5225,Brianna Shields,richmondjason@example.net,USA,2025-10-27,Standard,,2026-07-19 13:22:08.007212
5226,Steve Sanchez,ihughes@example.org,India,2023-11-07,,67.0,2026-07-19 13:22:08.007212
5227,Mark Nelson,jillmckinney@example.com,UK,2025-06-09,,39.0,2026-07-19 13:22:08.007212
5228,Russell Smith,dpreston@example.net,Canada,2024-01-15,,53.0,2026-07-19 13:22:08.007212
5229,Brandon Orr,jillianholt@example.com,Canada,2025-07-12,premium,53.0,2026-07-19 13:22:08.007212
5230,John Todd,devinnorman@example.net,,2022-06-30,premium,,2026-07-19 13:22:08.007212
5231,Katherine Long,johnewing@example.net,Germany,2021-09-08,Premium,18.0,2026-07-19 13:22:08.008208
5232,Kevin Lopez,alexanderallison@example.com,,2025-02-08,premium,30.0,2026-07-19 13:22:08.008208
5233,Thomas Morgan,epadilla@example.com,USA,2021-08-20,,29.0,2026-07-19 13:22:08.008208
5234,Erica Smith,zamorabeth@example.org,Canada,2024-05-10,Premium,,2026-07-19 13:22:08.008208
5235,Jason Benton,douglas61@example.org,UK,2022-10-19,,,2026-07-19 13:22:08.008208
5236,Cynthia Hopkins,fphillips@example.net,Germany,2025-02-03,,,2026-07-19 13:22:08.008208
5237,Cheryl Weaver,zoconnor@example.com,Canada,2024-05-14,,,2026-07-19 13:22:08.008208
5238,Sara Green,williamsallen@example.net,Canada,2024-02-06,Premium,,2026-07-19 13:22:08.009207
5239,Bryan White,cwebb@example.net,,2022-05-08,Standard,,2026-07-19 13:22:08.009207
5240,Lisa Kelly,feliciaguzman@example.com,Canada,2022-06-04,Premium,,2026-07-19 13:22:08.009207
5241,Vanessa Barry,lcoleman@example.org,USA,2024-05-15,Premium,,2026-07-19 13:22:08.009207
5242,Casey Schwartz,bryan00@example.org,Canada,2025-04-30,Standard,41.0,2026-07-19 13:22:08.009207
5243,Deborah Campbell,matthew44@example.com,,2023-08-14,premium,68.0,2026-07-19 13:22:08.009207
5244,Cheyenne Erickson,joseph45@example.org,India,2021-10-16,Standard,62.0,2026-07-19 13:22:08.009207
5245,Aaron Diaz,codyboyd@example.org,UK,2023-07-13,Standard,54.0,2026-07-19 13:22:08.010207
5246,Tracie Cook,cparker@example.net,India,2023-07-06,premium,50.0,2026-07-19 13:22:08.010207
5247,James Taylor,vmartinez@example.net,USA,2026-06-01,Premium,37.0,2026-07-19 13:22:08.010207
5248,Ralph Shaw,darrellberger@example.org,,2024-03-01,Premium,70.0,2026-07-19 13:22:08.010207
5249,Kevin Roman,derrick29@example.net,India,2021-09-26,Standard,20.0,2026-07-19 13:22:08.010207
5250,Jon Horton,rodriguezrichard@example.org,Canada,2024-06-25,Premium,,2026-07-19 13:22:08.010207
5251,Megan Wilson,davidwall@example.com,,2024-07-03,,,2026-07-19 13:22:08.010207
5252,Vincent Wilson,jasoncollins@example.org,Germany,2022-07-20,Standard,,2026-07-19 13:22:08.010207
5253,Sarah Edwards,hamiltonmary@example.net,USA,2024-10-23,Premium,23.0,2026-07-19 13:22:08.011207
5254,Erika Smith,rford@example.org,India,2026-06-15,Premium,,2026-07-19 13:22:08.011207
5255,Chris Cook,jessicabishop@example.net,Germany,2024-03-10,premium,67.0,2026-07-19 13:22:08.011207
5256,Steven Berry,johnsonadam@example.org,Germany,2023-09-18,,,2026-07-19 13:22:08.011207
5257,Sharon Foster,stanleyscott@example.org,Germany,2025-03-01,premium,38.0,2026-07-19 13:22:08.011207
5258,James Morris,jenkinstyler@example.net,USA,2023-06-27,Premium,,2026-07-19 13:22:08.012208
5259,Jacqueline Green,theresahancock@example.net,India,2022-01-08,Premium,26.0,2026-07-19 13:22:08.012208
5260,Donald Ramsey,jennifergraves@example.org,UK,2024-06-17,,50.0,2026-07-19 13:22:08.012208
5261,Kristen Oneal,larry41@example.org,India,2024-07-08,premium,,2026-07-19 13:22:08.012208
5262,Shawna Lambert,ahill@example.org,,2026-04-17,,28.0,2026-07-19 13:22:08.012208
5263,Melissa Thomas,hannah72@example.org,,2024-05-25,Premium,,2026-07-19 13:22:08.013211
5264,Amanda Randolph,wkelley@example.com,India,2024-02-09,premium,,2026-07-19 13:22:08.013211
5265,Heidi Merritt,mariamason@example.net,Germany,2022-03-19,,47.0,2026-07-19 13:22:08.013211
5266,Erik Nicholson,thomaskelley@example.com,Canada,2024-07-16,Premium,46.0,2026-07-19 13:22:08.013211
5267,Joseph Rivera,stacywagner@example.org,Canada,2023-12-19,Standard,,2026-07-19 13:22:08.013211
5268,Robert Tate,crawfordjennifer@example.com,Canada,2024-07-09,,,2026-07-19 13:22:08.013211
5269,Katie Proctor,sfoster@example.com,,2023-11-08,Standard,48.0,2026-07-19 13:22:08.014210
5270,James Owens,jhampton@example.org,USA,2025-12-31,,,2026-07-19 13:22:08.014210
5271,Barbara Stout,goodwintammy@example.org,USA,2023-07-30,Premium,67.0,2026-07-19 13:22:08.014210
5272,Robert Rosales,leachlindsey@example.com,Germany,2024-11-19,Premium,,2026-07-19 13:22:08.014210
5273,Travis Kline,gsingleton@example.com,,2023-12-22,Standard,42.0,2026-07-19 13:22:08.015252
5274,Christopher Lopez,shawn34@example.net,USA,2023-05-24,Standard,,2026-07-19 13:22:08.015252
5275,Joseph Garcia,cruznicholas@example.net,Germany,2022-09-15,,,2026-07-19 13:22:08.015252
5276,Preston Schmidt,whitney21@example.org,USA,2023-06-09,premium,,2026-07-19 13:22:08.015252
5277,Tara Cowan,martinperez@example.net,Germany,2024-02-23,premium,26.0,2026-07-19 13:22:08.015252
5278,Kevin Hall,jerrybrown@example.org,Germany,2022-11-21,,61.0,2026-07-19 13:22:08.015252
5279,April Moreno,huffjoseph@example.net,USA,2023-11-13,Premium,63.0,2026-07-19 13:22:08.015252
5280,Mr. Leonard Colon,sparkstimothy@example.com,India,2025-05-19,,,2026-07-19 13:22:08.015252
5281,Kenneth Baldwin,bmay@example.org,,2025-10-09,premium,56.0,2026-07-19 13:22:08.015252
5282,John Colon,orozcoevan@example.net,USA,2021-07-16,,,2026-07-19 13:22:08.016309
5283,Kylie Douglas,jeremymiranda@example.org,UK,2026-04-04,,60.0,2026-07-19 13:22:08.016309
5284,Amber Baker,johnsonerik@example.com,India,2023-08-26,,55.0,2026-07-19 13:22:08.016309
5285,Renee Hayes,samantha41@example.net,USA,2026-03-24,premium,,2026-07-19 13:22:08.016309
5286,Laura Martinez,christopher56@example.org,USA,2025-02-03,Premium,40.0,2026-07-19 13:22:08.016309
5287,Sheila Terry,amanda58@example.net,,2023-08-10,Standard,48.0,2026-07-19 13:22:08.016309
5288,William Pruitt,markjohnson@example.com,UK,2024-03-15,Premium,,2026-07-19 13:22:08.016309
5289,Tammy Clarke,millerpatrick@example.com,Germany,2021-03-19,premium,67.0,2026-07-19 13:22:08.016309
5290,Jesse Rodgers,marshmarissa@example.org,India,2025-06-22,premium,,2026-07-19 13:22:08.017319
5291,David Thomas,lgalloway@example.net,Canada,2022-06-02,,,2026-07-19 13:22:08.017319
5292,Dr. Cory Butler DVM,caitlyn40@example.net,Germany,2022-07-25,premium,,2026-07-19 13:22:08.017319
5293,Roberta Henry,tommyphillips@example.com,USA,2024-02-07,Premium,55.0,2026-07-19 13:22:08.017319
5294,Bradley Moore,juarezashley@example.net,USA,2021-11-20,premium,27.0,2026-07-19 13:22:08.017319
5295,Kaitlyn Taylor MD,wagnerlisa@example.com,Germany,2025-05-15,,65.0,2026-07-19 13:22:08.017319
5296,Thomas Mathis,jeffrey77@example.com,Germany,2022-06-18,Standard,29.0,2026-07-19 13:22:08.017319
5297,Taylor Fox,rileycourtney@example.net,,2025-07-24,Standard,59.0,2026-07-19 13:22:08.017319
5298,Kyle Johnson,ichambers@example.com,Germany,2025-12-20,Premium,66.0,2026-07-19 13:22:08.017319
5299,Karl Porter DDS,carmen09@example.com,Germany,2021-11-22,premium,,2026-07-19 13:22:08.018307
5300,Robin Macias,grandall@example.org,Germany,2023-02-23,Premium,49.0,2026-07-19 13:22:08.018307
5301,Amy Mack,johnhurley@example.net,Germany,2025-08-17,Premium,,2026-07-19 13:22:08.018307
5302,Nicole Carlson,karen91@example.net,USA,2023-02-02,premium,,2026-07-19 13:22:08.018307
5303,Wesley Payne,milleramanda@example.net,India,2021-11-08,,54.0,2026-07-19 13:22:08.018307
5304,Charles Krause,tannerjacqueline@example.com,Canada,2024-06-12,Standard,,2026-07-19 13:22:08.018307
5305,Kevin Hernandez,johncarr@example.org,UK,2026-07-03,Standard,55.0,2026-07-19 13:22:08.019213
5306,Charlotte Miller,arellanojamie@example.org,USA,2026-05-20,Standard,,2026-07-19 13:22:08.019213
5307,Kevin Wallace,greenjesus@example.com,UK,2022-02-03,Premium,,2026-07-19 13:22:08.019213
5308,Jill Boyd,kennethwilson@example.com,USA,2022-09-29,,,2026-07-19 13:22:08.019213
5309,Katherine Armstrong,natashaalvarez@example.net,Canada,2026-03-17,,52.0,2026-07-19 13:22:08.019213
5310,Anthony Palmer,andrea02@example.net,Canada,2024-01-09,,66.0,2026-07-19 13:22:08.020210
5311,Mike Hunter,stevewilson@example.com,USA,2022-01-10,Premium,43.0,2026-07-19 13:22:08.020210
5312,Tracey Taylor,kdunlap@example.com,Germany,2021-07-29,Premium,39.0,2026-07-19 13:22:08.020210
5313,Marissa Brewer,wendysnyder@example.net,Canada,2024-11-30,Standard,31.0,2026-07-19 13:22:08.020210
5314,Carmen Rosario,nbaker@example.org,Germany,2021-11-12,,,2026-07-19 13:22:08.020210
5315,Christopher Stein,mrobinson@example.org,India,2024-06-08,Standard,,2026-07-19 13:22:08.020210
5316,Paul Whitney,robert60@example.com,USA,2023-05-23,premium,,2026-07-19 13:22:08.020210
5317,Robert Carter,lisamann@example.org,Germany,2025-03-12,Premium,52.0,2026-07-19 13:22:08.020210
5318,Mark Wyatt,leslie39@example.com,UK,2026-05-14,,,2026-07-19 13:22:08.020210
5319,Sarah Harrison,princerenee@example.org,India,2026-03-17,Standard,,2026-07-19 13:22:08.021319
5320,Terry Mathews,gcombs@example.org,Canada,2022-08-18,Standard,65.0,2026-07-19 13:22:08.021319
5321,Regina Mccullough,frazierrobert@example.com,USA,2023-12-16,Standard,,2026-07-19 13:22:08.021319
5322,Heather Smith PhD,qlee@example.com,USA,2023-07-08,Premium,28.0,2026-07-19 13:22:08.021319
5323,David Pineda,dominiquewilson@example.com,Germany,2025-04-20,premium,59.0,2026-07-19 13:22:08.021319
5324,James Duncan,zwilson@example.net,India,2021-01-30,,21.0,2026-07-19 13:22:08.021319
5325,Tara Jackson,francesnelson@example.net,Germany,2022-07-09,,,2026-07-19 13:22:08.022208
5326,Bethany Davis,elizabethbennett@example.org,,2024-09-09,Standard,47.0,2026-07-19 13:22:08.022208
5327,Derek Blake,wolferyan@example.com,UK,2022-12-08,premium,40.0,2026-07-19 13:22:08.022208
5328,Michael Ferguson,holly72@example.org,UK,2023-10-22,premium,,2026-07-19 13:22:08.022208
5329,Nicole Lee,melissa66@example.net,Canada,2024-01-04,Premium,,2026-07-19 13:22:08.022208
5330,James Thornton,schmittanthony@example.net,India,2021-12-21,Premium,,2026-07-19 13:22:08.022208
5331,Heather Campbell,mollybaldwin@example.com,India,2022-04-28,,19.0,2026-07-19 13:22:08.023206
5332,Jerry King,katie28@example.com,Canada,2023-06-28,Premium,60.0,2026-07-19 13:22:08.023206
5333,Alejandro Wagner,zcole@example.org,UK,2021-03-02,Standard,56.0,2026-07-19 13:22:08.023206
5334,Scott Thompson,twilson@example.net,USA,2025-07-03,Premium,,2026-07-19 13:22:08.023206
5335,Angela Oliver,daviscassandra@example.org,USA,2023-01-27,Premium,,2026-07-19 13:22:08.023206
5336,Erica Tate,patrick40@example.org,UK,2023-05-04,Premium,55.0,2026-07-19 13:22:08.023206
5337,Victor Jimenez,summerserin@example.com,USA,2021-07-05,Standard,40.0,2026-07-19 13:22:08.023206
5338,Mark Dodson,acummings@example.org,USA,2025-05-23,Standard,18.0,2026-07-19 13:22:08.023206
5339,Brandy Price,david77@example.net,USA,2024-07-17,Premium,20.0,2026-07-19 13:22:08.023206
5340,Dean Thomas,kristinjackson@example.org,India,2021-06-20,premium,40.0,2026-07-19 13:22:08.024206
5341,Cynthia Rodriguez,rmartinez@example.org,Canada,2023-01-30,Standard,,2026-07-19 13:22:08.024206
5342,Stephanie Tucker,sbarton@example.net,India,2022-01-31,Premium,,2026-07-19 13:22:08.024206
5343,Brenda Russo,howekatherine@example.org,UK,2023-09-21,premium,62.0,2026-07-19 13:22:08.024206
5344,Cathy Fields,tmartin@example.com,UK,2025-06-18,Standard,30.0,2026-07-19 13:22:08.024206
5345,Mrs. Karen Beck,nancy75@example.com,India,2021-10-13,Standard,43.0,2026-07-19 13:22:08.024206
5346,Shannon Smith,mbennett@example.com,UK,2024-02-27,Standard,18.0,2026-07-19 13:22:08.024206
5347,Robert Barnes,brentellis@example.net,India,2023-05-21,Standard,25.0,2026-07-19 13:22:08.024206
5348,Elizabeth Williams,ligregory@example.org,India,2022-04-30,premium,23.0,2026-07-19 13:22:08.025206
5349,Juan Knapp,stephen43@example.org,UK,2026-03-24,,,2026-07-19 13:22:08.025206
5350,Dylan Briggs,erinmahoney@example.com,UK,2024-05-06,premium,57.0,2026-07-19 13:22:08.025206
5351,Hayley Williams,ijackson@example.com,Canada,2025-11-20,Standard,,2026-07-19 13:22:08.025206
5352,Abigail Cook,aaronoconnor@example.com,Germany,2025-06-09,Premium,,2026-07-19 13:22:08.025206
5353,Thomas Manning,elittle@example.net,India,2023-04-02,premium,35.0,2026-07-19 13:22:08.025206
5354,Miss Whitney Bruce,jessicamoore@example.com,Canada,2021-06-19,Premium,42.0,2026-07-19 13:22:08.025206
5355,Danielle Moody,derricksullivan@example.com,UK,2022-03-16,premium,59.0,2026-07-19 13:22:08.025206
5356,Shannon Bailey,stephaniemorales@example.com,UK,2025-05-29,,39.0,2026-07-19 13:22:08.025206
5357,Amanda Lopez,owensmatthew@example.com,UK,2025-10-21,Standard,,2026-07-19 13:22:08.026248
5358,James Martinez Jr.,armstrongjason@example.org,Canada,2022-08-10,Standard,,2026-07-19 13:22:08.026248
5359,Mike Merritt,andersondavid@example.net,India,2025-03-31,,,2026-07-19 13:22:08.026248
5360,Pedro Reeves,stacy34@example.net,India,2023-11-23,premium,,2026-07-19 13:22:08.026248
5361,Jeremy Ibarra,michael53@example.net,India,2024-05-26,Premium,27.0,2026-07-19 13:22:08.026248
5362,Shannon Wood,ljordan@example.net,UK,2024-02-29,Premium,46.0,2026-07-19 13:22:08.026248
5363,James Estrada,fsimmons@example.net,Canada,2026-07-10,Standard,,2026-07-19 13:22:08.026248
5364,Ronnie Johnson,jenniferhorton@example.com,India,2021-08-23,Standard,35.0,2026-07-19 13:22:08.027213
5365,Karen Butler,fernandojohnson@example.org,USA,2025-08-13,Premium,,2026-07-19 13:22:08.027213
5366,Virginia Crane,wwilliams@example.org,,2025-04-04,premium,40.0,2026-07-19 13:22:08.027213
5367,Melanie Carroll,colemanjoshua@example.org,India,2026-01-08,premium,31.0,2026-07-19 13:22:08.027213
5368,Kevin Johnson,rittermatthew@example.org,Canada,2023-04-15,Premium,37.0,2026-07-19 13:22:08.027213
5369,Justin Perkins,stacey89@example.org,,2021-10-30,Premium,,2026-07-19 13:22:08.027213
5370,Bryan Riggs,greenefrank@example.net,Germany,2021-05-28,,58.0,2026-07-19 13:22:08.027213
5371,Allison Blackburn,wendymurphy@example.com,India,2023-12-08,Standard,,2026-07-19 13:22:08.027213
5372,Steven Cox,owensdeborah@example.org,USA,2025-09-08,Premium,50.0,2026-07-19 13:22:08.028208
5373,Melissa Owen,holmesgary@example.net,,2021-12-16,premium,,2026-07-19 13:22:08.028208
5374,Jessica Oliver,powellolivia@example.net,,2021-04-28,Premium,55.0,2026-07-19 13:22:08.028208
5375,Ryan Payne,nlin@example.com,,2021-05-07,Premium,,2026-07-19 13:22:08.028208
5376,Justin Long,howardheather@example.org,Germany,2026-04-26,,,2026-07-19 13:22:08.028208
5377,Sean Andrews,kevin64@example.org,UK,2025-06-08,Standard,33.0,2026-07-19 13:22:08.028208
5378,Paul Morris,younglynn@example.org,UK,2023-03-30,,40.0,2026-07-19 13:22:08.028208
5379,Robert Holland,ortizrichard@example.net,India,2021-08-27,Premium,,2026-07-19 13:22:08.028208
5380,Billy Smith,vrogers@example.org,Germany,2022-07-13,premium,,2026-07-19 13:22:08.029209
5381,Allison Jimenez,spencersanchez@example.org,Canada,2021-08-05,premium,,2026-07-19 13:22:08.029209
5382,Adam Obrien,tiffanylowe@example.org,,2023-08-05,Standard,65.0,2026-07-19 13:22:08.029209
5383,Daniel Gray,dana06@example.com,India,2022-08-17,,,2026-07-19 13:22:08.029209
5384,Edwin Moreno,thomaskaitlyn@example.com,USA,2024-04-12,Standard,,2026-07-19 13:22:08.029209
5385,Amanda Lee,ecarter@example.org,Germany,2023-11-05,Standard,60.0,2026-07-19 13:22:08.029209
5386,Aaron Barnett,tarawerner@example.com,India,2024-11-02,Standard,,2026-07-19 13:22:08.029209
5387,Amber Marquez,victoria97@example.net,,2024-06-15,Premium,,2026-07-19 13:22:08.030208
5388,Rodney Diaz,wangholly@example.com,USA,2023-06-08,Standard,29.0,2026-07-19 13:22:08.030208
5389,Richard Wagner,crystalturner@example.net,India,2026-07-02,Premium,52.0,2026-07-19 13:22:08.030208
5390,Bobby Burch,wrightjustin@example.org,India,2022-06-17,,,2026-07-19 13:22:08.030208
5391,Randy Roberts,johnnyklein@example.org,Germany,2025-08-01,,,2026-07-19 13:22:08.030208
5392,Timothy Myers,moranjennifer@example.org,USA,2022-12-04,Premium,23.0,2026-07-19 13:22:08.030208
5393,David Johnson,samantha51@example.com,USA,2025-03-03,premium,,2026-07-19 13:22:08.030208
5394,Stephen Smith,johndavis@example.com,UK,2023-05-02,Standard,56.0,2026-07-19 13:22:08.031211
5395,Jennifer Bowers,eileen24@example.net,Canada,2023-02-25,,43.0,2026-07-19 13:22:08.031211
5396,Angela Hartman,nicholas95@example.org,,2024-01-23,Premium,,2026-07-19 13:22:08.031211
5397,Jason Guzman,joseph32@example.net,Germany,2026-07-19,premium,39.0,2026-07-19 13:22:08.031211
5398,Charles Sullivan,solomonshawn@example.org,UK,2024-07-10,,30.0,2026-07-19 13:22:08.031211
5399,Allen Fields,saundersjames@example.net,Canada,2023-11-15,premium,59.0,2026-07-19 13:22:08.031211
5400,Virginia Dixon,josetaylor@example.org,Canada,2022-07-12,Standard,57.0,2026-07-19 13:22:08.032212
5401,John Rodriguez,meganhahn@example.net,Canada,2022-05-31,Premium,54.0,2026-07-19 13:22:08.032212
5402,Wayne Turner,williamspatricia@example.com,USA,2024-06-20,Standard,52.0,2026-07-19 13:22:08.032212
5403,Amanda Nichols,april95@example.com,USA,2025-08-25,premium,47.0,2026-07-19 13:22:08.032212
5404,Susan Young,ngibson@example.org,Canada,2021-03-23,Standard,42.0,2026-07-19 13:22:08.032212
5405,Tammy Wood,angel69@example.net,,2026-04-15,,19.0,2026-07-19 13:22:08.032212
5406,Debra Hunt,derek54@example.net,Germany,2023-10-28,Premium,,2026-07-19 13:22:08.033217
5407,Justin Gray,smithmelissa@example.com,India,2024-04-21,Premium,,2026-07-19 13:22:08.033217
5408,Lisa Montoya,jose44@example.com,Canada,2023-11-22,,,2026-07-19 13:22:08.033217
5409,Mary Gonzalez,staffordashley@example.net,India,2025-04-28,premium,18.0,2026-07-19 13:22:08.033217
5410,Mary Thomas,jonespatrick@example.org,UK,2024-09-21,Standard,47.0,2026-07-19 13:22:08.034213
5411,Sandra Stewart,crossjustin@example.com,USA,2025-01-10,,,2026-07-19 13:22:08.034213
5412,William Spears,michaelcopeland@example.org,Germany,2022-11-08,Standard,32.0,2026-07-19 13:22:08.034213
5413,Molly Owens,sford@example.com,USA,2021-09-07,Standard,,2026-07-19 13:22:08.034213
5414,Mark Cervantes,palmerbenjamin@example.com,Canada,2026-06-24,premium,36.0,2026-07-19 13:22:08.034213
5415,Angel Hoffman,zsloan@example.org,Germany,2024-11-13,Standard,30.0,2026-07-19 13:22:08.035220
5416,Dan Clark,alejandro06@example.net,Germany,2024-08-04,premium,,2026-07-19 13:22:08.035220
5417,Elizabeth Walton,marisa82@example.org,Canada,2021-06-01,Standard,47.0,2026-07-19 13:22:08.035220
5418,Joseph Reyes,kmorton@example.net,Germany,2023-11-30,,,2026-07-19 13:22:08.035220
5419,Gina Ellis,lisawilliams@example.org,Germany,2021-03-20,,66.0,2026-07-19 13:22:08.035220
5420,Travis Sanchez,sherri21@example.org,Germany,2021-09-25,Standard,,2026-07-19 13:22:08.035220
5421,Donald Church,diana71@example.net,UK,2024-11-28,Standard,57.0,2026-07-19 13:22:08.035220
5422,Gregory Anderson,stacy29@example.net,India,2021-08-12,,69.0,2026-07-19 13:22:08.035220
5423,Mitchell Colon,sandra08@example.net,Germany,2024-09-16,premium,,2026-07-19 13:22:08.035220
5424,Rachel Price,igraham@example.com,Canada,2026-01-23,,57.0,2026-07-19 13:22:08.036210
5425,Ariana Riley,fgriffith@example.com,USA,2024-11-13,Standard,20.0,2026-07-19 13:22:08.036210
5426,Cheryl Hopkins,michaelkeller@example.net,India,2023-05-29,Standard,,2026-07-19 13:22:08.036210
5427,Rodney Kane,deborah89@example.org,India,2022-03-22,premium,,2026-07-19 13:22:08.036210
5428,Jesse Adams,joneseric@example.org,USA,2025-04-27,premium,,2026-07-19 13:22:08.036210
5429,Erik Watson,mariolewis@example.org,India,2022-01-31,Standard,,2026-07-19 13:22:08.036210
5430,Mrs. Amanda Schmitt,tyroneaustin@example.net,UK,2025-02-11,,54.0,2026-07-19 13:22:08.036210
5431,Brian Short,angelalopez@example.com,USA,2024-07-14,premium,,2026-07-19 13:22:08.036210
5432,James Kelly,garciacindy@example.net,,2025-04-14,,66.0,2026-07-19 13:22:08.037315
5433,Michael Griffin,burnsshawn@example.net,Germany,2023-05-31,Premium,,2026-07-19 13:22:08.037315
5434,Brandy Hahn,chudson@example.com,USA,2025-06-09,,,2026-07-19 13:22:08.037315
5435,Pamela Bentley,ugibson@example.net,Canada,2022-11-20,Premium,,2026-07-19 13:22:08.037315
5436,Erin Miller,owensgabrielle@example.net,USA,2023-09-28,premium,,2026-07-19 13:22:08.037315
5437,James May,simsmarissa@example.net,Germany,2022-05-22,premium,29.0,2026-07-19 13:22:08.037315
5438,Scott Stuart,josephingram@example.net,Germany,2022-06-23,premium,,2026-07-19 13:22:08.037315
5439,Alison Smith,xbarnett@example.org,UK,2023-03-02,Premium,69.0,2026-07-19 13:22:08.038213
5440,Christine Clements,usmith@example.org,UK,2022-03-03,Standard,48.0,2026-07-19 13:22:08.038213
5441,Tommy Gallegos,dgordon@example.org,India,2022-10-12,,,2026-07-19 13:22:08.038213
5442,Jill Meyer,adamsjerome@example.net,Germany,2021-10-20,,65.0,2026-07-19 13:22:08.038213
5443,Shannon Johnston,elizabeth65@example.net,India,2025-04-21,,,2026-07-19 13:22:08.038213
5444,Theresa Evans,williamsdavid@example.com,India,2025-05-11,,,2026-07-19 13:22:08.038213
5445,Rita Kim,kimburns@example.org,,2024-06-11,Premium,,2026-07-19 13:22:08.038213
5446,Fernando Riley,ythompson@example.net,,2021-02-23,premium,,2026-07-19 13:22:08.038213
5447,Pamela Zimmerman,matthewpittman@example.net,Germany,2021-10-15,,,2026-07-19 13:22:08.039245
5448,Michelle Moreno,jenniferbryant@example.com,USA,2024-04-13,Premium,,2026-07-19 13:22:08.039245
5449,Paul Cruz,morenorichard@example.org,,2026-01-22,premium,70.0,2026-07-19 13:22:08.039245
5450,Lisa Bryan,zjackson@example.org,Canada,2025-09-17,,48.0,2026-07-19 13:22:08.039245
5451,Paul Foster,daniel03@example.net,UK,2021-10-27,Premium,,2026-07-19 13:22:08.039245
5452,Joshua Johnston,sheltonbryan@example.net,India,2026-04-27,,,2026-07-19 13:22:08.039245
5453,Christian Mcdonald,meyerjohn@example.com,Canada,2024-12-02,Standard,,2026-07-19 13:22:08.039245
5454,Anthony Wilson,jameskristen@example.com,Germany,2026-05-12,premium,20.0,2026-07-19 13:22:08.040210
5455,Sergio Suarez,yrivera@example.net,,2025-02-27,,,2026-07-19 13:22:08.040210
5456,Lindsey Lawson,ukennedy@example.org,UK,2023-09-11,Standard,31.0,2026-07-19 13:22:08.040210
5457,Maria Lopez,timothy36@example.org,Germany,2023-11-03,,60.0,2026-07-19 13:22:08.040210
5458,Gina Anderson,tjohnson@example.org,Canada,2021-12-18,,48.0,2026-07-19 13:22:08.040210
5459,Daniel Smith,ecarlson@example.com,UK,2021-04-26,Standard,29.0,2026-07-19 13:22:08.040210
5460,Sean Wright,adammills@example.net,Germany,2024-03-31,,,2026-07-19 13:22:08.040210
5461,Anthony Acosta,rebeccabowman@example.net,Canada,2023-02-07,Premium,,2026-07-19 13:22:08.040210
5462,William Long,davidtaylor@example.org,UK,2022-12-02,,39.0,2026-07-19 13:22:08.041244
5463,Donald Mccoy,ishea@example.org,UK,2022-04-15,premium,61.0,2026-07-19 13:22:08.041244
5464,Mrs. Kayla Mejia,zmorris@example.com,Germany,2023-11-28,Standard,,2026-07-19 13:22:08.041244
5465,Thomas Lowery,natashafoster@example.net,USA,2024-11-03,Standard,,2026-07-19 13:22:08.041244
5466,Matthew Johnson,heidi10@example.com,Germany,2026-05-31,premium,,2026-07-19 13:22:08.041244
5467,Nicole Miller,xdouglas@example.org,Canada,2021-10-25,premium,54.0,2026-07-19 13:22:08.041244
5468,Vanessa Fox,petersonjames@example.org,USA,2021-11-26,Premium,,2026-07-19 13:22:08.041244
5469,Lauren Davis,mcervantes@example.net,Canada,2025-01-28,,66.0,2026-07-19 13:22:08.041244
5470,Carrie Kim,zhancock@example.org,UK,2021-09-13,,,2026-07-19 13:22:08.042233
5471,Heather Griffin,kayla26@example.net,Canada,2024-04-07,,31.0,2026-07-19 13:22:08.042233
5472,Anna Barnett,kevinrodriguez@example.com,Canada,2022-04-10,Premium,43.0,2026-07-19 13:22:08.042233
5473,Thomas Stewart,thomas19@example.com,UK,2021-04-30,Premium,48.0,2026-07-19 13:22:08.042233
5474,Mckenzie Price,ibrooks@example.com,UK,2023-04-16,Standard,67.0,2026-07-19 13:22:08.042233
5475,Jonathan Mcgrath,richardsonvincent@example.com,,2023-05-16,Standard,49.0,2026-07-19 13:22:08.042233
5476,Joshua Jackson,andreadurham@example.net,UK,2025-09-07,,,2026-07-19 13:22:08.042233
5477,Shawn Hendricks,jessicagomez@example.net,USA,2022-03-20,Standard,47.0,2026-07-19 13:22:08.042233
5478,Amanda Holt,johnsonana@example.com,Germany,2022-05-31,Premium,,2026-07-19 13:22:08.043224
5479,Anna Boone,ehicks@example.net,India,2023-02-15,premium,,2026-07-19 13:22:08.043224
5480,Cameron Arnold,cookrobert@example.org,UK,2024-11-29,Standard,19.0,2026-07-19 13:22:08.043224
5481,Michael Boyd,ltorres@example.org,,2022-08-25,Standard,23.0,2026-07-19 13:22:08.043224
5482,Roy Long,callahansavannah@example.net,India,2024-11-07,Premium,,2026-07-19 13:22:08.043224
5483,Lori Rogers,kevin72@example.net,India,2022-03-15,,46.0,2026-07-19 13:22:08.043224
5484,Tammy Garcia,wreyes@example.org,Germany,2023-03-11,Standard,,2026-07-19 13:22:08.043224
5485,Katherine Smith,john45@example.com,UK,2024-02-01,Standard,,2026-07-19 13:22:08.043224
5486,Caleb Watson,njohnson@example.com,India,2023-02-22,Standard,35.0,2026-07-19 13:22:08.044205
5487,Rhonda Hughes,aprilhudson@example.com,UK,2021-06-07,premium,60.0,2026-07-19 13:22:08.044205
5488,David Cherry,danieljefferson@example.com,Canada,2022-08-21,Standard,68.0,2026-07-19 13:22:08.044205
5489,Lee Smith,christopherjackson@example.org,Germany,2022-06-26,Premium,,2026-07-19 13:22:08.044205
5490,Ryan King,dawn76@example.net,UK,2021-09-22,Premium,,2026-07-19 13:22:08.044205
5491,Stacy Church,wanda66@example.net,,2025-01-10,Standard,61.0,2026-07-19 13:22:08.044205
5492,Louis Price,carteremily@example.org,India,2021-08-06,Premium,,2026-07-19 13:22:08.044205
5493,Chelsea Lucas,hrowe@example.com,,2021-10-11,premium,67.0,2026-07-19 13:22:08.044205
5494,Jenna Sandoval,frankholloway@example.net,,2023-09-07,Premium,39.0,2026-07-19 13:22:08.045227
5495,Scott Thomas,frankdustin@example.com,USA,2021-04-12,,67.0,2026-07-19 13:22:08.045227
5496,Sarah Proctor,alexandercrystal@example.org,Canada,2023-11-18,Premium,56.0,2026-07-19 13:22:08.045227
5497,Andrew Beck,nancybyrd@example.com,Germany,2023-01-05,premium,,2026-07-19 13:22:08.045227
5498,Dennis Reeves,brandonfisher@example.net,Canada,2025-05-29,Premium,50.0,2026-07-19 13:22:08.045227
5499,Susan Simmons,vgraham@example.org,UK,2022-12-16,Premium,47.0,2026-07-19 13:22:08.045227
5500,Christina Bennett,phillip27@example.org,Germany,2025-09-15,Standard,,2026-07-19 13:22:08.045227
5501,Joshua Porter,heathermartin@example.net,UK,2025-07-28,premium,,2026-07-19 13:22:08.045227
5502,Robert Orozco,matthewmartinez@example.com,Canada,2022-11-05,Premium,47.0,2026-07-19 13:22:08.046207
5503,Brandon Best,ballen@example.org,UK,2023-09-14,premium,54.0,2026-07-19 13:22:08.046207
5504,John Ray,rodriguezjonathan@example.org,,2022-12-03,,,2026-07-19 13:22:08.046207
5505,Jeffrey Scott,biancawood@example.net,Canada,2026-02-15,,52.0,2026-07-19 13:22:08.046207
5506,Anthony Wall,isaiahsmith@example.com,Germany,2021-04-17,Premium,,2026-07-19 13:22:08.046207
5507,John Bailey,goodmanrichard@example.org,Canada,2025-08-02,,,2026-07-19 13:22:08.046207
5508,Russell Clark,hendricksdanielle@example.com,USA,2026-06-18,Premium,51.0,2026-07-19 13:22:08.046207
5509,Beverly Simon,colecody@example.com,Canada,2025-03-15,Premium,47.0,2026-07-19 13:22:08.047210
5510,Eddie Rios,schmidtdouglas@example.net,,2022-04-20,Standard,44.0,2026-07-19 13:22:08.047210
5511,Brandon Garcia,frichardson@example.com,,2021-06-30,premium,,2026-07-19 13:22:08.047210
5512,James Nichols,darlenesmith@example.net,USA,2024-09-20,,58.0,2026-07-19 13:22:08.047210
5513,Edward Le,kelseyellis@example.org,,2025-02-16,premium,,2026-07-19 13:22:08.047210
5514,Lori Gonzalez,ralph11@example.org,Canada,2026-02-03,Standard,,2026-07-19 13:22:08.047210
5515,Jacob West,penachad@example.com,,2021-05-01,Standard,37.0,2026-07-19 13:22:08.048209
5516,Gary Carr,smithjimmy@example.net,,2021-08-19,premium,,2026-07-19 13:22:08.048209
5517,Sarah Webster,espinozamelissa@example.com,UK,2026-06-11,Premium,27.0,2026-07-19 13:22:08.048209
5518,Sarah Smith,meganstevenson@example.org,Germany,2024-07-04,Standard,18.0,2026-07-19 13:22:08.048209
5519,Michael Wilson,eric44@example.com,UK,2021-06-13,premium,,2026-07-19 13:22:08.048209
5520,Roger Johnson,mcconnelljames@example.net,Germany,2021-12-07,Premium,,2026-07-19 13:22:08.048209
5521,Catherine Wang,iwilson@example.org,,2022-04-13,,18.0,2026-07-19 13:22:08.048209
5522,Kathleen Shaffer,martinezsamantha@example.org,India,2025-03-10,,38.0,2026-07-19 13:22:08.048209
5523,Christopher Mcdaniel,jonestimothy@example.com,,2024-10-26,Premium,,2026-07-19 13:22:08.049223
5524,Shawn Cooper,ruthwood@example.net,USA,2022-08-19,,34.0,2026-07-19 13:22:08.049223
5525,Michele Johns,earlellis@example.com,,2023-07-24,,,2026-07-19 13:22:08.049223
5526,Kaitlyn Mitchell,kgillespie@example.com,India,2022-09-27,Premium,,2026-07-19 13:22:08.049223
5527,John Villarreal,hnunez@example.net,,2025-01-08,Standard,,2026-07-19 13:22:08.049223
5528,Lisa Hodges,stephenturner@example.com,,2023-05-09,,49.0,2026-07-19 13:22:08.049223
5529,Alexander Mccann,andreakent@example.org,UK,2024-06-23,premium,,2026-07-19 13:22:08.049223
5530,Philip Burke DVM,kdaugherty@example.net,Germany,2025-09-11,Standard,26.0,2026-07-19 13:22:08.049223
5531,Aaron Kramer,nicholascastro@example.com,Germany,2026-05-02,,,2026-07-19 13:22:08.050222
5532,Cheryl Harper,vanessa44@example.com,UK,2022-03-14,,36.0,2026-07-19 13:22:08.050222
5533,Jeffery Stanton,martinpena@example.org,USA,2024-06-16,premium,,2026-07-19 13:22:08.050222
5534,Michael Kennedy,hramirez@example.org,,2021-06-22,Standard,26.0,2026-07-19 13:22:08.050222
5535,Brenda Rios,dianarodriguez@example.net,India,2025-07-04,,29.0,2026-07-19 13:22:08.050222
5536,Travis Becker,ohaas@example.com,Germany,2023-05-22,Standard,,2026-07-19 13:22:08.050222
5537,Allen Rose,jamesjackson@example.org,Germany,2024-04-25,Premium,,2026-07-19 13:22:08.050222
5538,Tiffany Mcgrath,jeremiah60@example.net,USA,2025-06-27,premium,42.0,2026-07-19 13:22:08.050222
5539,Erica Valenzuela,alicindy@example.org,UK,2021-06-02,Standard,,2026-07-19 13:22:08.051222
5540,Andrew Sanders,sherisimmons@example.com,UK,2022-06-06,,,2026-07-19 13:22:08.051222
5541,Benjamin Mcclure,piercejennifer@example.com,,2023-10-09,,57.0,2026-07-19 13:22:08.051222
5542,Rachael Robinson,kevinroberson@example.org,India,2021-05-30,,,2026-07-19 13:22:08.051222
5543,Mark Garcia,isabel91@example.org,Canada,2025-03-01,premium,51.0,2026-07-19 13:22:08.051222
5544,Miguel Lewis,vanessa74@example.net,Canada,2023-08-13,premium,56.0,2026-07-19 13:22:08.051222
5545,Maria Goodman,awood@example.org,Canada,2024-09-17,Standard,56.0,2026-07-19 13:22:08.051222
5546,Ashley Webster,acostaashley@example.com,UK,2026-01-27,Standard,,2026-07-19 13:22:08.051222
5547,Michelle Good,klewis@example.net,Canada,2026-05-20,Premium,,2026-07-19 13:22:08.052223
5548,Seth Garcia,conwaycraig@example.com,India,2026-04-09,,43.0,2026-07-19 13:22:08.052223
5549,Laurie Bailey,michael87@example.net,UK,2022-06-27,Premium,,2026-07-19 13:22:08.052223
5550,Michael Wilson,avega@example.net,,2022-11-22,Standard,,2026-07-19 13:22:08.052223
5551,Brooke Monroe,bobbywalker@example.com,,2021-04-20,Premium,,2026-07-19 13:22:08.052223
5552,Brooke Oconnor,mortiz@example.net,Canada,2026-06-15,Standard,,2026-07-19 13:22:08.052223
5553,Candace Olsen,sperkins@example.org,India,2025-09-11,,26.0,2026-07-19 13:22:08.052223
5554,Jessica Gonzalez,washingtonjennifer@example.com,UK,2023-02-10,,,2026-07-19 13:22:08.052223
5555,Donna Kelley,barberchristopher@example.org,,2024-05-25,premium,28.0,2026-07-19 13:22:08.053221
5556,Eric Harrell,elizabeth89@example.com,India,2021-06-15,Premium,39.0,2026-07-19 13:22:08.053221
5557,Philip Cannon,annclark@example.net,Canada,2023-08-22,Standard,,2026-07-19 13:22:08.053221
5558,Adam Meza,stephanie06@example.net,USA,2026-05-17,,,2026-07-19 13:22:08.053221
5559,Jason Wilson,owallace@example.org,UK,2021-04-06,Premium,,2026-07-19 13:22:08.053221
5560,Parker Allen,austin72@example.net,UK,2021-06-21,,26.0,2026-07-19 13:22:08.053221
5561,Daniel Price,meaganfuentes@example.com,,2021-09-28,premium,43.0,2026-07-19 13:22:08.054209
5562,Keith Lee,schmittlori@example.com,Canada,2026-01-26,,,2026-07-19 13:22:08.054209
5563,Debbie Meyer,reedtravis@example.net,USA,2023-01-10,Premium,,2026-07-19 13:22:08.054209
5564,Jacob Tucker,migueldiaz@example.com,Germany,2025-12-26,,,2026-07-19 13:22:08.054209
5565,Andre Lee,smithallen@example.net,Germany,2025-09-09,premium,,2026-07-19 13:22:08.054209
5566,Matthew French,angelabryant@example.com,USA,2022-02-02,premium,,2026-07-19 13:22:08.054209
5567,Joshua Lopez,andersonryan@example.net,Canada,2022-07-25,Standard,38.0,2026-07-19 13:22:08.054209
5568,Hannah Thompson,hburgess@example.com,Canada,2022-11-13,Standard,,2026-07-19 13:22:08.055206
5569,Karen Ryan,swong@example.com,Germany,2026-01-02,Premium,,2026-07-19 13:22:08.055206
5570,Jonathan Kennedy,garrettsavannah@example.com,Germany,2023-10-08,Standard,59.0,2026-07-19 13:22:08.055206
5571,James Campbell,jasoncordova@example.com,Canada,2023-10-07,premium,21.0,2026-07-19 13:22:08.055206
5572,Philip Skinner,laurendavis@example.org,Germany,2026-01-24,Standard,20.0,2026-07-19 13:22:08.055206
5573,Debbie Hudson,smithgina@example.com,,2024-09-04,Premium,55.0,2026-07-19 13:22:08.055206
5574,Connie Holland,stephanie79@example.net,UK,2023-11-01,Standard,,2026-07-19 13:22:08.055206
5575,Andrew Fernandez,jenniferhanson@example.net,Canada,2025-06-26,premium,64.0,2026-07-19 13:22:08.055206
5576,Sharon Ramirez,sean18@example.com,India,2021-10-09,premium,,2026-07-19 13:22:08.056234
5577,Julie Mullen,daniel03@example.net,India,2023-06-19,Premium,,2026-07-19 13:22:08.056234
5578,Tracey Perez,rachelphillips@example.org,Germany,2024-02-17,Premium,,2026-07-19 13:22:08.056234
5579,Darrell Robertson,sparkstaylor@example.net,USA,2022-03-16,Standard,38.0,2026-07-19 13:22:08.056234
5580,Carmen Mendoza,maria01@example.com,Canada,2022-09-02,,,2026-07-19 13:22:08.056234
5581,Shelly Bell,nallen@example.net,Canada,2022-03-10,Premium,,2026-07-19 13:22:08.056234
5582,William Martinez,blevinskatie@example.com,,2026-05-11,premium,,2026-07-19 13:22:08.056234
5583,Jason Simmons,joshuawhite@example.org,,2025-03-17,Standard,,2026-07-19 13:22:08.056234
5584,Justin Brooks,tdavidson@example.com,Canada,2025-01-17,premium,42.0,2026-07-19 13:22:08.057206
5585,Megan Black,fowlermary@example.org,India,2026-05-05,Premium,,2026-07-19 13:22:08.057206
5586,Caitlin Hernandez,petersendakota@example.org,UK,2026-07-17,premium,40.0,2026-07-19 13:22:08.057206
5587,Matthew Taylor,petersonnatasha@example.com,,2022-06-02,Premium,,2026-07-19 13:22:08.057206
5588,David Barry,ljordan@example.net,India,2025-01-10,,,2026-07-19 13:22:08.057206
5589,Susan Buchanan,michelle47@example.com,USA,2023-03-04,Premium,43.0,2026-07-19 13:22:08.057206
5590,Matthew Edwards,tara38@example.org,,2023-10-16,,18.0,2026-07-19 13:22:08.057206
5591,Rickey Fernandez,chloe30@example.net,India,2026-06-26,Standard,69.0,2026-07-19 13:22:08.057206
5592,James Miller Jr.,michael39@example.com,,2024-10-20,premium,37.0,2026-07-19 13:22:08.058209
5593,Angela Snow,victor36@example.com,UK,2024-12-31,Premium,66.0,2026-07-19 13:22:08.058209
5594,Michael Johnson,rrose@example.org,UK,2021-05-16,Standard,29.0,2026-07-19 13:22:08.058209
5595,Ryan Parsons,camposlisa@example.net,UK,2026-05-31,Standard,,2026-07-19 13:22:08.058209
5596,Anthony Watts,vcarroll@example.org,Germany,2022-03-28,Standard,67.0,2026-07-19 13:22:08.058209
5597,Anthony Francis,rachel31@example.org,USA,2023-09-01,premium,,2026-07-19 13:22:08.058209
5598,Tiffany Carrillo,goodwinbrian@example.net,,2021-03-25,premium,58.0,2026-07-19 13:22:08.059206
5599,Daniel Pruitt,pattersonjason@example.com,,2024-01-21,Premium,,2026-07-19 13:22:08.059206
5600,Deborah Booker,vbradley@example.net,India,2025-08-31,premium,,2026-07-19 13:22:08.059206
5601,Rachael White,andrew66@example.org,India,2022-09-01,,63.0,2026-07-19 13:22:08.059206
5602,Matthew Williams,changangela@example.com,USA,2022-07-01,Standard,,2026-07-19 13:22:08.059206
5603,Christopher Medina,vlam@example.org,USA,2025-06-05,Premium,,2026-07-19 13:22:08.059206
5604,Sarah Nguyen,vwoods@example.net,India,2025-01-26,Premium,50.0,2026-07-19 13:22:08.059206
5605,Wendy Butler,aaronmyers@example.net,Germany,2023-10-25,Premium,,2026-07-19 13:22:08.059206
5606,Dana Hester,amber78@example.com,Canada,2023-03-16,Standard,20.0,2026-07-19 13:22:08.059206
5607,Micheal Meyer,kallen@example.com,UK,2022-08-17,Premium,,2026-07-19 13:22:08.060221
5608,Alex Burton,anthony28@example.org,USA,2026-02-08,Premium,30.0,2026-07-19 13:22:08.060221
5609,Paul Warren,ramoshannah@example.net,Germany,2024-06-04,Premium,,2026-07-19 13:22:08.060221
5610,Andrea Vincent,blairlinda@example.net,UK,2025-01-01,premium,53.0,2026-07-19 13:22:08.060221
5611,Reginald Cunningham,mmarquez@example.org,India,2025-08-20,,33.0,2026-07-19 13:22:08.060221
5612,Shaun Jackson,timothy40@example.net,,2025-11-17,Premium,,2026-07-19 13:22:08.060221
5613,Justin Mckinney,tracylamb@example.org,Canada,2024-11-22,,69.0,2026-07-19 13:22:08.061210
5614,Daniel Keller,rdiaz@example.org,USA,2026-06-12,premium,,2026-07-19 13:22:08.061210
5615,Jason Vasquez,gobrien@example.com,,2026-07-05,,,2026-07-19 13:22:08.061210
5616,Sherri Hernandez,tboyd@example.org,India,2022-07-24,premium,,2026-07-19 13:22:08.061210
5617,Alexandra Hinton,shelia95@example.org,,2022-08-20,Premium,52.0,2026-07-19 13:22:08.061210
5618,Kenneth Mason,cliffordgarcia@example.org,,2021-07-12,Standard,,2026-07-19 13:22:08.061210
5619,Michael Ross,gwilliams@example.net,Canada,2024-12-04,,65.0,2026-07-19 13:22:08.062209
5620,Trevor Donovan,sherrijohnson@example.org,UK,2023-05-04,premium,64.0,2026-07-19 13:22:08.062209
5621,Dana Acevedo,bthompson@example.net,UK,2025-01-08,,,2026-07-19 13:22:08.062209
5622,Catherine Williams,clarkariana@example.net,Germany,2024-04-05,Standard,44.0,2026-07-19 13:22:08.062209
5623,Betty Pierce,brownwhitney@example.com,USA,2024-09-18,,,2026-07-19 13:22:08.062209
5624,Lori Mccullough,joshua52@example.org,USA,2021-01-27,Premium,,2026-07-19 13:22:08.062209
5625,Tina Bryant,sandrawilcox@example.org,Canada,2022-05-26,premium,19.0,2026-07-19 13:22:08.063210
5626,Johnathan Davis,martinderek@example.com,India,2023-10-28,,18.0,2026-07-19 13:22:08.063210
5627,Timothy Quinn,mariapatel@example.org,Germany,2023-08-26,,,2026-07-19 13:22:08.063210
5628,Benjamin Ruiz,cgonzales@example.net,Canada,2024-05-05,Standard,,2026-07-19 13:22:08.063210
5629,Laura Martin,mjones@example.org,Germany,2025-03-18,,,2026-07-19 13:22:08.063210
5630,Jonathan Hernandez,eayers@example.net,Canada,2025-10-28,Premium,,2026-07-19 13:22:08.063210
5631,Lance Smith,cookjohn@example.net,India,2021-11-07,Premium,57.0,2026-07-19 13:22:08.063210
5632,Marilyn Kelly DDS,evansbonnie@example.org,Canada,2021-09-23,Standard,55.0,2026-07-19 13:22:08.063210
5633,Samuel Weber,lloydchristine@example.org,UK,2025-11-19,Standard,21.0,2026-07-19 13:22:08.064208
5634,Gloria Brown,cody70@example.com,,2026-05-21,Standard,41.0,2026-07-19 13:22:08.064208
5635,Christopher Rodgers,oduncan@example.com,Canada,2023-02-20,premium,39.0,2026-07-19 13:22:08.064208
5636,Amanda Perkins,reynoldspaul@example.org,,2025-06-05,,,2026-07-19 13:22:08.064208
5637,Gregg Brown,browntrevor@example.net,UK,2023-12-05,premium,32.0,2026-07-19 13:22:08.064208
5638,Amy Pollard,james46@example.net,UK,2022-11-28,Standard,43.0,2026-07-19 13:22:08.064208
5639,Karen Reynolds,kathleen95@example.net,Canada,2023-01-20,,20.0,2026-07-19 13:22:08.064208
5640,Marcus Nichols,utucker@example.com,Germany,2024-08-04,,,2026-07-19 13:22:08.064208
5641,Nancy Escobar,cooperjoshua@example.com,India,2021-12-31,premium,58.0,2026-07-19 13:22:08.065208
5642,Robert Elliott,johnsonstephen@example.org,Canada,2024-10-04,premium,,2026-07-19 13:22:08.065208
5643,Benjamin Peterson,david26@example.org,,2024-12-12,premium,32.0,2026-07-19 13:22:08.065208
5644,William Munoz,christopher02@example.org,Canada,2023-06-04,Premium,58.0,2026-07-19 13:22:08.065208
5645,Scott King,eric19@example.com,,2023-06-23,,,2026-07-19 13:22:08.065208
5646,Amber Roberts,brenda72@example.org,UK,2025-05-13,premium,,2026-07-19 13:22:08.065208
5647,Richard Nelson,iellis@example.org,Germany,2024-04-09,Standard,,2026-07-19 13:22:08.065208
5648,Michele Stewart,choibenjamin@example.net,USA,2025-11-09,,,2026-07-19 13:22:08.065208
5649,David Williams,melaniestark@example.org,Canada,2024-10-13,,42.0,2026-07-19 13:22:08.065208
5650,Melanie Mueller,justinwilson@example.com,USA,2021-02-10,,,2026-07-19 13:22:08.066207
5651,Samuel Woodward,tonya00@example.com,USA,2024-10-23,,,2026-07-19 13:22:08.066207
5652,Timothy Gonzalez,jerryvaldez@example.org,Canada,2024-11-20,,58.0,2026-07-19 13:22:08.066207
5653,Jessica Sanchez,johnross@example.com,Germany,2021-06-29,,19.0,2026-07-19 13:22:08.066207
5654,David Parrish,lisa92@example.org,USA,2024-07-26,Premium,,2026-07-19 13:22:08.066207
5655,Erika Hart,edward33@example.net,Canada,2026-02-24,premium,30.0,2026-07-19 13:22:08.066207
5656,Hannah Hansen,kennethmorris@example.net,Canada,2024-01-28,Standard,61.0,2026-07-19 13:22:08.066207
5657,Thomas Brown,dhayes@example.net,Germany,2023-10-06,Premium,,2026-07-19 13:22:08.066207
5658,Donna Mendez,tracywhite@example.com,Canada,2024-08-08,,54.0,2026-07-19 13:22:08.067208
5659,Andrew Hughes,ccole@example.net,India,2025-10-28,Standard,,2026-07-19 13:22:08.067208
5660,Thomas Ortiz,lisa10@example.net,Canada,2025-05-17,Standard,,2026-07-19 13:22:08.067208
5661,Courtney Evans,johnsonkara@example.net,India,2024-01-26,premium,,2026-07-19 13:22:08.067208
5662,Raymond Lucero,wheelertracey@example.net,India,2022-06-12,premium,31.0,2026-07-19 13:22:08.067208
5663,Brian Harper,dduncan@example.org,,2021-12-30,premium,,2026-07-19 13:22:08.067208
5664,Michael Perry,vpowell@example.net,UK,2026-03-30,premium,,2026-07-19 13:22:08.067208
5665,Tony Collins,durhamtina@example.net,Canada,2023-05-04,Premium,,2026-07-19 13:22:08.068208
5666,Eric George,danielle45@example.com,Germany,2021-02-20,premium,,2026-07-19 13:22:08.068208
5667,Joshua Combs,ngarrett@example.net,UK,2025-05-06,,,2026-07-19 13:22:08.068208
5668,Allen Johnson,richard32@example.org,Canada,2023-06-11,Standard,,2026-07-19 13:22:08.068208
5669,Deborah Lopez,selliott@example.org,,2023-02-22,,,2026-07-19 13:22:08.068208
5670,Elizabeth Coleman,thompsonbruce@example.com,Germany,2023-06-25,Premium,,2026-07-19 13:22:08.068208
5671,April Hardy,rickyjones@example.org,Canada,2022-03-21,Standard,,2026-07-19 13:22:08.068208
5672,Anna Lee,diane24@example.org,Germany,2022-01-20,Premium,,2026-07-19 13:22:08.068208
5673,Alicia Gomez,meyertracy@example.org,USA,2021-10-01,Premium,69.0,2026-07-19 13:22:08.069210
5674,George Jordan,robert09@example.com,UK,2025-07-04,Standard,,2026-07-19 13:22:08.069210
5675,Nancy Jenkins,roy07@example.org,Germany,2023-10-22,Standard,31.0,2026-07-19 13:22:08.069210
5676,Joseph Arroyo,laura12@example.org,USA,2022-09-05,,31.0,2026-07-19 13:22:08.069210
5677,Kimberly Hansen,cathyzhang@example.net,USA,2023-05-18,,,2026-07-19 13:22:08.070213
5678,Kathryn Patterson,whitedawn@example.org,Canada,2025-07-03,Standard,38.0,2026-07-19 13:22:08.070213
5679,Sherry Gonzalez,eric99@example.net,USA,2021-12-22,,,2026-07-19 13:22:08.070213
5680,Sharon Mills,brianna81@example.com,Germany,2023-02-01,Standard,34.0,2026-07-19 13:22:08.070213
5681,Kenneth Fowler,tvillanueva@example.net,Germany,2023-11-23,Standard,57.0,2026-07-19 13:22:08.070213
5682,Tanner Perez,jessica71@example.org,USA,2022-07-04,premium,59.0,2026-07-19 13:22:08.071213
5683,Rebecca Lopez,edward25@example.net,Canada,2025-10-13,Standard,61.0,2026-07-19 13:22:08.071213
5684,Jordan Mcdaniel,kevin79@example.org,Canada,2023-04-28,Premium,34.0,2026-07-19 13:22:08.071213
5685,Jennifer Cook,ccox@example.com,Canada,2024-03-05,Standard,32.0,2026-07-19 13:22:08.071213
5686,Christopher Garcia,nolanlisa@example.com,UK,2024-12-25,premium,26.0,2026-07-19 13:22:08.071213
5687,Elizabeth Wilkerson,ywhite@example.net,India,2023-10-10,Premium,56.0,2026-07-19 13:22:08.071213
5688,Kathleen Haynes,nathan01@example.org,UK,2026-07-01,,,2026-07-19 13:22:08.071213
5689,Veronica Huynh,sclark@example.net,Canada,2024-09-15,premium,,2026-07-19 13:22:08.071213
5690,Paul Shaw,cookjose@example.net,USA,2021-07-09,,,2026-07-19 13:22:08.072209
5691,Breanna Anderson,bduke@example.net,India,2024-02-07,Premium,30.0,2026-07-19 13:22:08.072209
5692,Eric Martinez,bcarr@example.org,Canada,2026-05-20,Premium,,2026-07-19 13:22:08.072209
5693,Ricky Hall,michael31@example.net,India,2025-03-03,Standard,61.0,2026-07-19 13:22:08.072209
5694,Larry Suarez,lloydabigail@example.com,USA,2022-03-18,,58.0,2026-07-19 13:22:08.072209
5695,Robin Mueller,thale@example.com,USA,2023-10-14,,,2026-07-19 13:22:08.072209
5696,Sarah Jones,lisagonzalez@example.com,USA,2025-05-28,Premium,44.0,2026-07-19 13:22:08.072209
5697,Carol Foley,xallen@example.com,Germany,2024-04-18,premium,,2026-07-19 13:22:08.072209
5698,Helen Walker,samuelaguilar@example.net,Canada,2021-05-11,,18.0,2026-07-19 13:22:08.072209
5699,Jeremy Carter,nicholas49@example.com,UK,2024-07-09,Premium,,2026-07-19 13:22:08.073207
5700,Linda Hudson,sandyriddle@example.org,Canada,2024-09-01,premium,,2026-07-19 13:22:08.073207
5701,Veronica Rodriguez,aliciagarcia@example.org,USA,2023-01-06,premium,23.0,2026-07-19 13:22:08.073207
5702,Michael Webb,samantha85@example.net,,2023-11-24,premium,64.0,2026-07-19 13:22:08.073207
5703,Cory Gregory,yodonnell@example.net,USA,2021-07-07,,35.0,2026-07-19 13:22:08.073207
5704,Kathryn Michael,melissasimmons@example.org,,2022-11-30,,,2026-07-19 13:22:08.073207
5705,Andrew Greer,robertanderson@example.org,UK,2025-08-11,,,2026-07-19 13:22:08.073207
5706,Robert Clark,portermichael@example.org,USA,2024-06-19,Premium,45.0,2026-07-19 13:22:08.074213
5707,Amanda Bishop,woodtina@example.org,Canada,2021-10-28,Premium,,2026-07-19 13:22:08.074213
5708,Nicholas Beasley,itorres@example.com,USA,2022-01-13,premium,,2026-07-19 13:22:08.074213
5709,Jason Jackson,jmendoza@example.com,India,2021-03-30,,64.0,2026-07-19 13:22:08.074213
5710,Stephanie Jenkins,reyesjessica@example.org,India,2023-05-02,,,2026-07-19 13:22:08.074213
5711,Richard Kelley,patrickdickerson@example.net,UK,2023-10-29,Standard,24.0,2026-07-19 13:22:08.074213
5712,Richard Baker,buckleychad@example.com,UK,2022-08-18,,,2026-07-19 13:22:08.075213
5713,Michael Miller,bensonjennifer@example.com,UK,2022-02-13,Premium,,2026-07-19 13:22:08.075213
5714,Leah Bowen,sherry08@example.com,Canada,2023-03-31,premium,,2026-07-19 13:22:08.075213
5715,Lee Murphy,jason86@example.org,Canada,2021-09-08,premium,56.0,2026-07-19 13:22:08.075213
5716,Taylor Harris,brian47@example.org,USA,2021-12-06,,,2026-07-19 13:22:08.075213
5717,Colleen Murphy,toddjames@example.com,India,2025-05-02,Standard,26.0,2026-07-19 13:22:08.075213
5718,Sara Anderson,danielflores@example.com,UK,2025-02-08,,24.0,2026-07-19 13:22:08.075213
5719,Kimberly Cross,gdominguez@example.net,Canada,2025-09-01,Premium,60.0,2026-07-19 13:22:08.075213
5720,Mrs. Vanessa Sanchez,jaime71@example.org,India,2023-02-04,premium,,2026-07-19 13:22:08.076211
5721,Margaret Gomez,asimmons@example.net,USA,2025-02-19,Premium,18.0,2026-07-19 13:22:08.076211
5722,Caleb Clark,whitney07@example.org,USA,2022-09-16,,45.0,2026-07-19 13:22:08.076211
5723,Gabrielle White,gbarber@example.com,USA,2021-06-13,Standard,,2026-07-19 13:22:08.076211
5724,David Cisneros,wolfsteve@example.net,Germany,2024-11-12,Standard,70.0,2026-07-19 13:22:08.076211
5725,John Flores,lorrainekramer@example.net,India,2024-04-26,,,2026-07-19 13:22:08.076211
5726,Melissa Dawson,wcruz@example.org,Canada,2021-10-18,Standard,26.0,2026-07-19 13:22:08.077213
5727,Shannon Lester,adrian84@example.com,Germany,2023-08-08,,,2026-07-19 13:22:08.077213
5728,Stephanie Smith MD,santanataylor@example.org,,2023-06-26,premium,,2026-07-19 13:22:08.077213
5729,Jeffrey Weiss,richardrichardson@example.com,UK,2026-04-09,,62.0,2026-07-19 13:22:08.077213
5730,William Todd,choward@example.com,,2025-06-05,premium,,2026-07-19 13:22:08.077213
5731,Laura Oneill,priscillapierce@example.org,Germany,2024-10-31,,,2026-07-19 13:22:08.077213
5732,Cindy Nguyen,anthony84@example.org,Germany,2026-05-30,premium,,2026-07-19 13:22:08.077213
5733,Courtney Jimenez,ingramtiffany@example.org,,2024-01-23,premium,,2026-07-19 13:22:08.078212
5734,Devin Jensen,zjohnson@example.org,USA,2021-08-05,Standard,,2026-07-19 13:22:08.078212
5735,Anthony Zuniga,mwhite@example.net,USA,2025-06-02,,69.0,2026-07-19 13:22:08.078212
5736,Steven Rodriguez,jared01@example.net,Canada,2021-11-03,Premium,54.0,2026-07-19 13:22:08.078212
5737,Andrew Williams,kevin76@example.org,Germany,2026-01-29,,43.0,2026-07-19 13:22:08.078212
5738,Amy Gregory,twarner@example.net,Canada,2025-12-29,,,2026-07-19 13:22:08.078212
5739,Joshua Harrington,dwayne55@example.com,India,2022-06-10,,,2026-07-19 13:22:08.079224
5740,Frank Jackson,richardbowman@example.com,India,2024-09-11,,,2026-07-19 13:22:08.079224
5741,Rebecca Palmer,parkswilliam@example.net,India,2024-09-16,premium,,2026-07-19 13:22:08.079224
5742,Sarah Sanchez,djones@example.com,Canada,2021-02-17,Standard,,2026-07-19 13:22:08.079224
5743,Stephanie Wyatt,brian05@example.org,Germany,2025-01-03,Premium,18.0,2026-07-19 13:22:08.079224
5744,Jessica Reed,millerstephanie@example.net,Germany,2023-08-12,,,2026-07-19 13:22:08.079224
5745,Steven Black,juliascott@example.org,UK,2021-10-01,Standard,36.0,2026-07-19 13:22:08.079224
5746,Hannah Butler,caseedward@example.net,India,2026-02-23,,,2026-07-19 13:22:08.079224
5747,Jennifer Ali,lorimcguire@example.org,India,2024-09-22,Premium,27.0,2026-07-19 13:22:08.079224
5748,Miss Kristin Bond MD,timothymaddox@example.net,India,2021-09-19,premium,34.0,2026-07-19 13:22:08.080318
5749,April Anderson,rachel82@example.org,UK,2023-04-01,,36.0,2026-07-19 13:22:08.080318
5750,Mrs. Kathleen Evans,farmerjessica@example.com,USA,2022-01-20,Standard,,2026-07-19 13:22:08.080318
5751,Jack Avery,rachel40@example.org,UK,2024-02-28,Premium,50.0,2026-07-19 13:22:08.080318
5752,Melissa Bruce,smithmisty@example.net,India,2021-12-12,,20.0,2026-07-19 13:22:08.080318
5753,Julie Foster,nspencer@example.org,Germany,2026-06-09,Standard,44.0,2026-07-19 13:22:08.081211
5754,Monique Payne,danielmyers@example.com,Canada,2021-08-08,premium,,2026-07-19 13:22:08.081211
5755,Victoria Washington,munozdeanna@example.net,USA,2021-05-30,Standard,,2026-07-19 13:22:08.081211
5756,Kevin Williams,ljones@example.net,Canada,2025-07-29,Premium,,2026-07-19 13:22:08.081211
5757,Emily Romero,swilliams@example.net,,2026-04-11,Standard,,2026-07-19 13:22:08.082212
5758,Craig Obrien,ashleywagner@example.com,,2026-02-28,Standard,35.0,2026-07-19 13:22:08.082212
5759,Lisa Francis,utucker@example.com,UK,2022-03-25,,58.0,2026-07-19 13:22:08.082212
5760,Victoria Daugherty,andrew00@example.net,UK,2023-11-18,,,2026-07-19 13:22:08.082212
5761,Tara Alexander,robert26@example.org,USA,2021-11-01,premium,39.0,2026-07-19 13:22:08.082212
5762,Ronald Baker,melodybrooks@example.org,UK,2025-01-15,Premium,,2026-07-19 13:22:08.082212
5763,Alan Williams,dunnryan@example.net,Germany,2023-02-17,premium,51.0,2026-07-19 13:22:08.082212
5764,Kimberly Perry,justingonzales@example.com,India,2024-10-07,Premium,47.0,2026-07-19 13:22:08.083212
5765,William Meyer,jason81@example.com,India,2022-04-28,,,2026-07-19 13:22:08.083212
5766,Mary Warren,bmorgan@example.com,India,2023-09-10,Premium,,2026-07-19 13:22:08.083212
5767,Alejandra Webster,fgilmore@example.org,Germany,2022-12-16,Standard,,2026-07-19 13:22:08.083212
5768,Ethan Johnston,jessica94@example.org,,2026-06-11,premium,55.0,2026-07-19 13:22:08.083212
5769,Luis Marsh,brookesmith@example.org,USA,2022-11-10,,18.0,2026-07-19 13:22:08.083212
5770,Misty Garcia,kaitlinorozco@example.net,,2023-02-02,premium,35.0,2026-07-19 13:22:08.084210
5771,Cassandra Melton,joshua72@example.com,,2021-08-29,Premium,69.0,2026-07-19 13:22:08.084210
5772,Judy Jones,andrew72@example.com,Canada,2024-07-25,Standard,,2026-07-19 13:22:08.084210
5773,Rhonda Morales,hubbardphillip@example.com,UK,2021-10-30,Premium,47.0,2026-07-19 13:22:08.084210
5774,Marie Dawson,rodrigueznicole@example.net,India,2025-09-08,Premium,32.0,2026-07-19 13:22:08.084210
5775,Krystal Acosta,gailcampbell@example.com,UK,2022-05-18,,,2026-07-19 13:22:08.084210
5776,Chelsea Hughes,christopher39@example.org,Germany,2024-12-11,,,2026-07-19 13:22:08.085233
5777,Arthur Nguyen,anthony71@example.org,UK,2024-07-01,Premium,,2026-07-19 13:22:08.085233
5778,Raymond Chandler,jfrench@example.net,Canada,2023-09-02,,,2026-07-19 13:22:08.085233
5779,Victoria Hoover,hernandezchristopher@example.org,,2023-08-14,Standard,30.0,2026-07-19 13:22:08.085233
5780,Troy Castaneda,nicolebenson@example.net,UK,2023-08-15,Standard,,2026-07-19 13:22:08.085233
5781,Miranda Robertson,shayes@example.org,,2023-08-20,,,2026-07-19 13:22:08.085233
5782,Danielle Dean,laurendavis@example.org,Canada,2023-05-08,,28.0,2026-07-19 13:22:08.086212
5783,Gregory Gonzalez,melissacrawford@example.org,,2022-04-02,Standard,,2026-07-19 13:22:08.086212
5784,Sandra Jenkins,rosspaige@example.net,Canada,2022-06-01,premium,,2026-07-19 13:22:08.086212
5785,Nicholas Richardson,nguyenrobert@example.com,,2023-01-21,premium,,2026-07-19 13:22:08.086212
5786,Brandon Nielsen,nicholasvance@example.net,Germany,2021-11-05,,36.0,2026-07-19 13:22:08.086212
5787,Joshua Washington,kathleenosborne@example.com,Canada,2021-10-14,,30.0,2026-07-19 13:22:08.086212
5788,Jacqueline Johnson,kevin75@example.net,Germany,2024-04-15,Standard,55.0,2026-07-19 13:22:08.086212
5789,Nancy Sanchez,xstrickland@example.org,,2021-02-16,Premium,41.0,2026-07-19 13:22:08.086212
5790,Wendy Murphy,ygonzalez@example.org,UK,2021-05-16,Premium,47.0,2026-07-19 13:22:08.087722
5791,Michael Jacobson,ibowen@example.org,India,2022-03-07,Standard,,2026-07-19 13:22:08.087722
5792,Edward Lewis,john26@example.net,India,2023-05-23,premium,44.0,2026-07-19 13:22:08.087722
5793,Kelly Martin,boydbrandi@example.net,Germany,2021-05-06,Standard,33.0,2026-07-19 13:22:08.087722
5794,Gary Harris,nicholaswalter@example.net,Germany,2022-06-26,Standard,,2026-07-19 13:22:08.087722
5795,Gene Thomas,robert14@example.net,Canada,2024-01-09,Premium,27.0,2026-07-19 13:22:08.087722
5796,Danielle Shepard,kevinboyle@example.net,USA,2023-11-27,Premium,,2026-07-19 13:22:08.087722
5797,Kathy Nolan,whitakermatthew@example.com,India,2021-12-05,premium,,2026-07-19 13:22:08.087722
5798,Courtney Yoder,ashleyjones@example.com,Canada,2022-10-14,premium,,2026-07-19 13:22:08.088729
5799,Michael Townsend,xphillips@example.com,Germany,2023-04-17,premium,,2026-07-19 13:22:08.088729
5800,Brandon Matthews,tylercruz@example.net,Canada,2023-01-12,,,2026-07-19 13:22:08.088729
5801,Regina Werner,hmata@example.net,India,2024-10-15,Standard,55.0,2026-07-19 13:22:08.088729
5802,Melissa Williams,nicholas88@example.com,UK,2023-07-08,Premium,46.0,2026-07-19 13:22:08.088729
5803,Jonathan Harris,joseph93@example.com,Germany,2023-08-31,Premium,40.0,2026-07-19 13:22:08.088729
5804,Gregory Chavez,keith08@example.net,India,2023-10-12,Premium,,2026-07-19 13:22:08.088729
5805,John Harris,pnorris@example.org,India,2023-09-09,,,2026-07-19 13:22:08.088729
5806,Thomas Dyer,qhines@example.org,UK,2025-05-15,premium,,2026-07-19 13:22:08.089729
5807,Alexis Maldonado,clinton32@example.org,Germany,2025-05-25,Premium,27.0,2026-07-19 13:22:08.089729
5808,Zachary Garza,gregory85@example.net,,2023-11-12,,23.0,2026-07-19 13:22:08.089729
5809,Brittany Anthony,darrell75@example.net,USA,2023-03-22,,61.0,2026-07-19 13:22:08.089729
5810,Hunter Smith,brandon17@example.org,USA,2025-11-27,Premium,,2026-07-19 13:22:08.089729
5811,Mark Bell,nkent@example.com,,2026-01-20,Premium,,2026-07-19 13:22:08.089729
5812,Frank Williams,melvin50@example.com,,2022-02-25,Premium,50.0,2026-07-19 13:22:08.089729
5813,Joseph Johnson,williamstiffany@example.org,Canada,2022-11-29,,,2026-07-19 13:22:08.090730
5814,Jessica Bailey,shirley35@example.net,Germany,2022-07-16,Premium,25.0,2026-07-19 13:22:08.090730
5815,Kirk Lee,joneslinda@example.com,Germany,2023-04-06,Standard,,2026-07-19 13:22:08.090730
5816,Carrie Hill,reginald54@example.com,USA,2023-03-30,Standard,42.0,2026-07-19 13:22:08.090730
5817,Dr. Edward Brown,fullerryan@example.net,USA,2025-01-03,,,2026-07-19 13:22:08.090730
5818,Rebecca Sullivan,michael30@example.com,UK,2021-06-28,,20.0,2026-07-19 13:22:08.090730
5819,Amber Ward,uclark@example.com,,2024-10-10,Premium,,2026-07-19 13:22:08.090730
5820,Nicole Roach,ojones@example.com,India,2023-12-20,,51.0,2026-07-19 13:22:08.090730
5821,Edward Zuniga,riverakenneth@example.org,USA,2024-08-26,premium,,2026-07-19 13:22:08.091730
5822,Scott Navarro,carolinehoover@example.org,Canada,2022-01-22,,46.0,2026-07-19 13:22:08.091730
5823,Dale Lopez,shannonhutchinson@example.com,,2025-12-24,Standard,69.0,2026-07-19 13:22:08.091730
5824,William Taylor,chandlergina@example.net,Canada,2024-09-26,premium,39.0,2026-07-19 13:22:08.091730
5825,Jennifer Barnes,kimberlycampbell@example.org,,2021-10-25,premium,46.0,2026-07-19 13:22:08.091730
5826,Ralph Perry,williamschad@example.org,India,2025-11-01,Premium,,2026-07-19 13:22:08.091730
5827,Patrick Snyder,zacharymitchell@example.net,UK,2023-03-02,Standard,,2026-07-19 13:22:08.091730
5828,Jessica Bradley,sanderschelsey@example.net,,2021-12-09,premium,34.0,2026-07-19 13:22:08.091730
5829,Daniel Young,rharrell@example.org,India,2024-06-27,Standard,24.0,2026-07-19 13:22:08.092729
5830,Monica Lopez,ntaylor@example.com,India,2026-03-11,premium,48.0,2026-07-19 13:22:08.092729
5831,Jason Schaefer,murraykellie@example.org,,2021-05-23,Premium,66.0,2026-07-19 13:22:08.092729
5832,Rachel Tate,lunaashley@example.net,USA,2022-11-30,premium,21.0,2026-07-19 13:22:08.092729
5833,Jennifer Glover,mark43@example.com,Germany,2023-07-18,,,2026-07-19 13:22:08.092729
5834,Edwin Wu,julia69@example.com,,2022-05-05,,70.0,2026-07-19 13:22:08.092729
5835,Mitchell Foster,nicholas61@example.org,,2026-05-04,,,2026-07-19 13:22:08.092729
5836,Raven Wood,josephhuerta@example.org,UK,2026-04-01,Standard,,2026-07-19 13:22:08.092729
5837,Jamie Medina,mitchellerica@example.net,,2025-01-19,premium,,2026-07-19 13:22:08.093729
5838,Sarah Palmer,uward@example.org,India,2024-03-28,,,2026-07-19 13:22:08.093729
5839,Nicholas Lopez,hallchristina@example.com,Canada,2021-06-02,Standard,,2026-07-19 13:22:08.093729
5840,Kenneth Morrison,berrydonald@example.com,,2021-09-30,,37.0,2026-07-19 13:22:08.093729
5841,Brian Russell,carolinenewman@example.com,Canada,2024-02-16,Standard,,2026-07-19 13:22:08.093729
5842,Amanda Foster,christina37@example.com,Germany,2025-04-28,,50.0,2026-07-19 13:22:08.093729
5843,Bianca Montgomery,dawn84@example.net,Canada,2024-07-22,,,2026-07-19 13:22:08.093729
5844,Lori Johnson,phillipsbailey@example.org,,2021-05-28,Standard,56.0,2026-07-19 13:22:08.093729
5845,Jessica Rodriguez,yjohnson@example.org,,2024-02-01,Standard,,2026-07-19 13:22:08.093729
5846,Brenda Wheeler,dpatel@example.org,UK,2022-03-17,Standard,63.0,2026-07-19 13:22:08.093729
5847,Thomas Barnes,christopher63@example.net,USA,2023-05-20,Premium,,2026-07-19 13:22:08.095346
5848,Sean Nguyen,erica02@example.com,,2022-11-02,premium,59.0,2026-07-19 13:22:08.095346
5849,Gabriela Miller,rwhite@example.com,USA,2025-04-11,Standard,37.0,2026-07-19 13:22:08.095346
5850,Tiffany Glover,sgonzales@example.net,Germany,2021-10-03,premium,,2026-07-19 13:22:08.095346
5851,Elizabeth Moore,crossanthony@example.com,,2022-05-28,premium,52.0,2026-07-19 13:22:08.095346
5852,Kelly Garrett,smithdennis@example.net,UK,2024-02-14,,,2026-07-19 13:22:08.095346
5853,Emily Francis,lisamaldonado@example.org,USA,2024-11-12,premium,,2026-07-19 13:22:08.096357
5854,Jessica Holland,deannasmith@example.net,Germany,2022-07-28,premium,42.0,2026-07-19 13:22:08.096357
5855,Ashley Black,zimmermanjulie@example.com,,2025-11-11,premium,,2026-07-19 13:22:08.096357
5856,Calvin King,hcole@example.net,UK,2024-12-16,Premium,,2026-07-19 13:22:08.096357
5857,Brandi Kim,arianaalvarez@example.org,India,2022-05-24,Premium,45.0,2026-07-19 13:22:08.096357
5858,Brittany Grimes,bryan63@example.org,Germany,2026-07-13,premium,18.0,2026-07-19 13:22:08.096357
5859,Stacey Bowen,alexis03@example.com,USA,2026-02-12,Premium,43.0,2026-07-19 13:22:08.097356
5860,Brian Chapman,brianharris@example.org,,2021-11-14,premium,24.0,2026-07-19 13:22:08.097356
5861,James Murphy,norrismonique@example.com,India,2021-11-07,premium,,2026-07-19 13:22:08.097356
5862,Patrick Schmitt,grahamdavid@example.net,Germany,2022-08-18,Premium,,2026-07-19 13:22:08.098362
5863,Billy Watts,mary33@example.net,UK,2025-05-29,,,2026-07-19 13:22:08.098362
5864,Michael Jacobs,melanie16@example.net,India,2026-05-28,Standard,55.0,2026-07-19 13:22:08.098362
5865,Timothy Cantu,amy90@example.org,UK,2024-04-11,premium,60.0,2026-07-19 13:22:08.099356
5866,Donna Parker,qbolton@example.com,USA,2022-03-24,Premium,69.0,2026-07-19 13:22:08.099356
5867,Shannon Andrews,charles76@example.com,Germany,2021-02-26,premium,65.0,2026-07-19 13:22:08.099356
5868,Tiffany Jones,joshua57@example.com,UK,2022-06-24,,63.0,2026-07-19 13:22:08.099356
5869,Joseph Sanders,phillipwalls@example.net,Canada,2023-06-03,Standard,,2026-07-19 13:22:08.099356
5870,Jeffrey Williams,eallen@example.com,Germany,2023-12-21,Premium,,2026-07-19 13:22:08.100365
5871,Annette Baird,roy75@example.net,Germany,2024-03-24,,22.0,2026-07-19 13:22:08.100365
5872,Lori Moore,ngutierrez@example.org,USA,2024-10-16,,,2026-07-19 13:22:08.100365
5873,Erika Gutierrez,gjones@example.org,USA,2021-12-31,Premium,26.0,2026-07-19 13:22:08.100365
5874,Mark Edwards,plewis@example.org,USA,2022-09-26,Standard,35.0,2026-07-19 13:22:08.100365
5875,Dennis Edwards,jesse09@example.net,Canada,2021-07-03,Standard,,2026-07-19 13:22:08.100365
5876,Thomas Garrison,jonesedward@example.org,Germany,2023-06-11,Standard,,2026-07-19 13:22:08.100365
5877,Blake Patterson,cdavis@example.org,India,2023-02-01,Premium,,2026-07-19 13:22:08.100365
5878,Erin Barr,martinroy@example.com,Germany,2023-02-07,Premium,38.0,2026-07-19 13:22:08.100365
5879,Benjamin Gutierrez,ricky20@example.net,,2024-11-03,premium,,2026-07-19 13:22:08.100365
5880,Denise Jimenez,blewis@example.com,Canada,2025-01-04,premium,19.0,2026-07-19 13:22:08.101466
5881,John Ball,amyduran@example.com,USA,2025-03-04,premium,,2026-07-19 13:22:08.101466
5882,Richard Martinez,kelly75@example.com,India,2021-10-10,,,2026-07-19 13:22:08.101466
5883,Amanda Dyer,brian06@example.net,India,2025-10-06,,70.0,2026-07-19 13:22:08.101466
5884,Brianna Moreno,tammy57@example.net,Canada,2023-06-20,,,2026-07-19 13:22:08.101466
5885,Sandra Miller,andrewbullock@example.org,USA,2024-06-02,Standard,,2026-07-19 13:22:08.101466
5886,Ryan Webster,hwilliams@example.com,,2021-06-23,,,2026-07-19 13:22:08.101466
5887,Brandon Gutierrez,adamcarter@example.com,India,2023-04-13,Standard,58.0,2026-07-19 13:22:08.101466
5888,Erik Gomez,bcole@example.com,Germany,2022-09-15,,,2026-07-19 13:22:08.102461
5889,Ann Carey,martinezlori@example.com,Canada,2024-11-15,Premium,19.0,2026-07-19 13:22:08.102461
5890,Cynthia Velasquez,nancy49@example.org,UK,2024-09-25,Premium,,2026-07-19 13:22:08.102461
5891,Tanya Edwards,ballstephanie@example.com,India,2026-03-11,Standard,,2026-07-19 13:22:08.102461
5892,Alyssa Smith,jmendez@example.net,India,2021-05-11,premium,,2026-07-19 13:22:08.102461
5893,Austin Joseph,victorialee@example.com,Germany,2025-10-04,Standard,52.0,2026-07-19 13:22:08.103357
5894,David Gilbert,qryan@example.net,UK,2026-07-18,premium,48.0,2026-07-19 13:22:08.103357
5895,Felicia Bryant,xtaylor@example.org,USA,2026-03-06,premium,,2026-07-19 13:22:08.103357
5896,Brian Clark,jcooley@example.net,Germany,2022-06-13,Premium,,2026-07-19 13:22:08.103357
5897,Sharon Richardson,promero@example.com,India,2023-04-18,Standard,,2026-07-19 13:22:08.103357
5898,April Choi,ujohnson@example.net,Canada,2025-11-27,premium,,2026-07-19 13:22:08.103357
5899,Tara Daniel,tkelly@example.com,UK,2023-08-26,,,2026-07-19 13:22:08.103357
5900,Nicholas Moore,johnsonbrian@example.net,USA,2026-03-11,Standard,62.0,2026-07-19 13:22:08.103357
5901,Ralph Henderson,garciamadison@example.net,India,2026-06-21,premium,36.0,2026-07-19 13:22:08.104355
5902,Jennifer Mcdaniel,scott45@example.org,Germany,2023-10-09,,45.0,2026-07-19 13:22:08.104355
5903,Victoria Lam,melaniehood@example.com,UK,2025-06-17,Premium,,2026-07-19 13:22:08.104355
5904,Patricia Tucker,cherrybrett@example.com,UK,2026-04-05,Premium,,2026-07-19 13:22:08.104355
5905,Sharon Pace,kellerkenneth@example.com,USA,2026-01-25,premium,31.0,2026-07-19 13:22:08.104355
5906,Allen Cooke,kenneth01@example.org,India,2026-01-12,Premium,34.0,2026-07-19 13:22:08.104355
5907,Sean Mccarty,cmyers@example.net,Germany,2023-11-07,,28.0,2026-07-19 13:22:08.104355
5908,Angela Hansen,igordon@example.com,Canada,2023-10-28,Premium,,2026-07-19 13:22:08.104355
5909,Alexandra Garcia,carlsontrevor@example.com,Canada,2026-04-18,,,2026-07-19 13:22:08.105353
5910,Jessica Olson,xwalsh@example.net,Germany,2024-11-10,Standard,,2026-07-19 13:22:08.105353
5911,Samantha Allen,walterscarlos@example.net,Canada,2024-04-08,Premium,,2026-07-19 13:22:08.105353
5912,Destiny Jacobs,reyesrebecca@example.org,UK,2022-11-13,Standard,33.0,2026-07-19 13:22:08.105353
5913,Alyssa Martin,lcameron@example.org,India,2021-04-07,premium,29.0,2026-07-19 13:22:08.105353
5914,William Anderson,rochatony@example.org,Canada,2024-04-13,Premium,21.0,2026-07-19 13:22:08.105353
5915,John Fields,ballardsusan@example.net,USA,2026-03-30,Standard,,2026-07-19 13:22:08.105353
5916,Steven Mora DVM,samuelho@example.com,India,2021-01-26,premium,62.0,2026-07-19 13:22:08.105353
5917,Joseph Cervantes,lynchbrandy@example.com,,2024-09-19,Standard,,2026-07-19 13:22:08.106354
5918,Katherine Ortega,claudia02@example.net,,2026-01-05,Premium,36.0,2026-07-19 13:22:08.106354
5919,Jennifer Yang,kimrachel@example.net,Canada,2024-04-14,,48.0,2026-07-19 13:22:08.106354
5920,Christine Maddox MD,jessicahayes@example.net,Canada,2024-10-12,Premium,,2026-07-19 13:22:08.106354
5921,Jason Hamilton,carpenterdeanna@example.com,,2023-04-01,Standard,19.0,2026-07-19 13:22:08.106354
5922,Kenneth Young,michelleatkinson@example.org,Germany,2024-03-02,Standard,31.0,2026-07-19 13:22:08.106354
5923,Dawn Bates,jimenezkyle@example.org,USA,2025-10-15,Standard,35.0,2026-07-19 13:22:08.106354
5924,John Patrick,cpope@example.com,Canada,2024-10-03,Standard,55.0,2026-07-19 13:22:08.106354
5925,Karen Hill,kreynolds@example.org,USA,2022-10-27,Standard,,2026-07-19 13:22:08.106354
5926,Christopher Hill,deannagarcia@example.net,Germany,2025-10-06,Premium,24.0,2026-07-19 13:22:08.107353
5927,Carla Johnson,cameron66@example.org,Canada,2025-11-28,Standard,,2026-07-19 13:22:08.107353
5928,Laura Graham,fmoon@example.org,USA,2025-04-18,Premium,30.0,2026-07-19 13:22:08.107353
5929,Robert Simpson,robinsonpaul@example.com,,2025-07-28,premium,,2026-07-19 13:22:08.107353
5930,Joann Bell,millerdavid@example.com,Canada,2022-01-30,Standard,28.0,2026-07-19 13:22:08.107353
5931,Shelia Waters,caitlinsmith@example.net,,2023-03-13,premium,,2026-07-19 13:22:08.107353
5932,Jonathan Smith,bennettdanielle@example.com,,2024-12-16,premium,26.0,2026-07-19 13:22:08.107353
5933,Michael Perez,kperkins@example.com,India,2025-07-04,,,2026-07-19 13:22:08.107353
5934,Andrew Willis,sabrinakramer@example.com,UK,2024-01-25,,68.0,2026-07-19 13:22:08.108353
5935,Isaiah Wilson,shawn24@example.com,USA,2025-01-25,,45.0,2026-07-19 13:22:08.108353
5936,Jonathan Elliott,williamfletcher@example.com,India,2025-07-28,Premium,,2026-07-19 13:22:08.108353
5937,Michael Williams,jackson56@example.org,USA,2024-02-05,,,2026-07-19 13:22:08.108353
5938,Karen Gibbs DVM,debra19@example.net,,2021-06-22,Standard,,2026-07-19 13:22:08.108353
5939,Robin Boyd,tammymason@example.org,USA,2023-01-23,,,2026-07-19 13:22:08.108353
5940,Christopher Ramirez,riverapatrick@example.com,Germany,2021-11-13,Premium,39.0,2026-07-19 13:22:08.108353
5941,Janet Adams,lewisscott@example.net,Germany,2021-03-02,,,2026-07-19 13:22:08.108353
5942,Veronica Scott,zfoster@example.net,UK,2021-10-19,Premium,,2026-07-19 13:22:08.109352
5943,Frank Murphy,flawrence@example.org,Germany,2021-03-01,Standard,41.0,2026-07-19 13:22:08.109352
5944,Kathy Gardner,iankemp@example.org,,2023-09-07,Premium,,2026-07-19 13:22:08.109352
5945,Nicole Short,teresanelson@example.org,Germany,2024-11-12,Premium,,2026-07-19 13:22:08.109352
5946,Shannon Green,rodriguezalexandra@example.org,India,2025-04-27,Standard,,2026-07-19 13:22:08.110355
5947,Paul Smith,charlesmiller@example.org,USA,2024-12-06,,,2026-07-19 13:22:08.110355
5948,Rhonda Anderson,ielliott@example.net,Germany,2024-02-11,premium,60.0,2026-07-19 13:22:08.110355
5949,Thomas Smith,thomasmary@example.com,India,2025-05-19,,,2026-07-19 13:22:08.110355
5950,Shawn Sweeney,vanessa10@example.org,,2025-02-23,Standard,36.0,2026-07-19 13:22:08.110355
5951,Cody Adams,brennanhector@example.org,,2022-04-25,,49.0,2026-07-19 13:22:08.110355
5952,Kristie Ross,jessica31@example.net,India,2025-12-20,premium,48.0,2026-07-19 13:22:08.111371
5953,Michelle Vaughn,katherine97@example.com,USA,2022-12-15,,,2026-07-19 13:22:08.111371
5954,Melvin Clark,jonathan50@example.org,USA,2022-05-16,Standard,,2026-07-19 13:22:08.111371
5955,Michael Ferguson,estesalexandra@example.com,USA,2021-04-11,premium,,2026-07-19 13:22:08.111371
5956,Heather Davis,shieldschad@example.net,UK,2022-05-07,,33.0,2026-07-19 13:22:08.111371
5957,Mrs. Kimberly Mason DDS,amandahoffman@example.net,Germany,2022-02-23,Premium,43.0,2026-07-19 13:22:08.111371
5958,Kristina Marquez,kylescott@example.com,India,2023-05-18,,55.0,2026-07-19 13:22:08.112355
5959,Terry Myers,rmann@example.org,UK,2023-02-19,Premium,44.0,2026-07-19 13:22:08.112355
5960,Vanessa Johnson,robert64@example.net,India,2021-09-21,Standard,61.0,2026-07-19 13:22:08.112355
5961,Melissa Campbell,daniel44@example.net,Canada,2024-05-04,Standard,,2026-07-19 13:22:08.112355
5962,Joseph Harris,uperry@example.org,Canada,2026-05-21,Standard,,2026-07-19 13:22:08.112355
5963,Cynthia Garcia,jessicawilliams@example.org,USA,2023-11-22,Standard,42.0,2026-07-19 13:22:08.112355
5964,Caitlin Fox,sheenamccoy@example.org,Germany,2022-09-03,Standard,67.0,2026-07-19 13:22:08.112355
5965,James Harrington,williamjames@example.net,Canada,2025-01-05,,,2026-07-19 13:22:08.112355
5966,Benjamin Rowland,beckerkelly@example.org,UK,2021-06-24,Premium,53.0,2026-07-19 13:22:08.113354
5967,Susan Kelley,patriciakemp@example.net,Germany,2022-06-12,premium,54.0,2026-07-19 13:22:08.113354
5968,Charles Osborne,cbarber@example.com,Canada,2025-10-23,Premium,,2026-07-19 13:22:08.113354
5969,Angela Glenn,holmesjason@example.com,USA,2023-03-25,premium,,2026-07-19 13:22:08.113354
5970,Zachary Haley,mmiller@example.com,Germany,2025-07-08,premium,,2026-07-19 13:22:08.113354
5971,Paul Mcdonald,dvasquez@example.net,USA,2022-05-08,Standard,,2026-07-19 13:22:08.113354
5972,Sara Richards,zhangrebecca@example.net,India,2022-05-04,,31.0,2026-07-19 13:22:08.113354
5973,Jennifer Hensley,crystal58@example.org,UK,2025-12-09,,,2026-07-19 13:22:08.113354
5974,Joseph Zuniga,gregory75@example.com,Canada,2025-05-05,,,2026-07-19 13:22:08.113354
5975,Nicholas Pennington,alejandra32@example.com,UK,2021-10-20,Premium,60.0,2026-07-19 13:22:08.114354
5976,Luis Escobar,matthew20@example.org,USA,2022-12-13,,,2026-07-19 13:22:08.114354
5977,Richard Boyd,pjohnson@example.net,,2024-11-28,,,2026-07-19 13:22:08.114354
5978,Janet Owen,elizabeth00@example.net,Germany,2022-10-12,Premium,44.0,2026-07-19 13:22:08.114354
5979,Billy Mcneil,meyerwilliam@example.net,USA,2024-09-14,Standard,56.0,2026-07-19 13:22:08.114354
5980,Michael Crawford,clarkkristen@example.org,Canada,2025-12-17,,24.0,2026-07-19 13:22:08.114354
5981,Joseph Li,upaul@example.net,India,2022-02-22,Premium,,2026-07-19 13:22:08.114354
5982,Sean Smith,armstrongkenneth@example.com,,2025-03-01,premium,64.0,2026-07-19 13:22:08.114354
5983,Alyssa Fritz,zharvey@example.com,Canada,2025-06-16,Standard,,2026-07-19 13:22:08.114354
5984,Amanda Bullock,wmoore@example.net,India,2025-05-04,,,2026-07-19 13:22:08.115352
5985,Joshua Ruiz,johnmiranda@example.org,Germany,2022-11-12,Standard,,2026-07-19 13:22:08.115352
5986,Cindy Brady,angelajones@example.com,UK,2022-02-03,Premium,36.0,2026-07-19 13:22:08.115352
5987,Richard Patterson,sarahjackson@example.net,UK,2023-06-28,premium,23.0,2026-07-19 13:22:08.115352
5988,Katelyn Daniel,conleypamela@example.org,Canada,2021-09-12,,49.0,2026-07-19 13:22:08.115352
5989,Laurie Logan,nguyenann@example.com,Canada,2026-02-18,premium,52.0,2026-07-19 13:22:08.115352
5990,Steven Bradshaw,summer48@example.net,Canada,2024-04-20,Premium,36.0,2026-07-19 13:22:08.115352
5991,Mark Franklin,hbaker@example.com,Canada,2026-04-13,premium,59.0,2026-07-19 13:22:08.116355
5992,Mary Oconnor,wcain@example.org,Canada,2025-09-14,,44.0,2026-07-19 13:22:08.116355
5993,Christine Richardson,kiarasmith@example.net,Germany,2021-05-31,Premium,65.0,2026-07-19 13:22:08.116355
5994,Todd Miller,anthony47@example.com,UK,2023-03-04,Premium,,2026-07-19 13:22:08.116355
5995,Steven Coleman,dnolan@example.com,USA,2025-11-12,Standard,,2026-07-19 13:22:08.116355
5996,Scott Sanders,jonesmichael@example.org,India,2023-06-12,premium,27.0,2026-07-19 13:22:08.116355
5997,Sean Hernandez,sarah70@example.com,USA,2024-10-04,Standard,,2026-07-19 13:22:08.116355
5998,Michael Bell,rbennett@example.net,Canada,2022-08-25,,54.0,2026-07-19 13:22:08.117356
5999,Alexander Jones III,brooke48@example.net,Germany,2021-11-08,Premium,,2026-07-19 13:22:08.117356
6000,Richard Carter,josephking@example.net,Canada,2026-02-06,premium,,2026-07-19 13:22:08.117356
6001,Taylor Mcgrath,simsronald@example.org,Canada,2021-10-02,Premium,,2026-07-19 13:22:08.117356
6002,Samantha Alvarado,mendezmatthew@example.net,Canada,2025-05-29,Standard,68.0,2026-07-19 13:22:08.117356
6003,Gene Carter,cindy55@example.net,UK,2022-09-22,premium,70.0,2026-07-19 13:22:08.117356
6004,Dean Davis,jennifervaughan@example.com,USA,2024-11-05,,60.0,2026-07-19 13:22:08.117356
6005,Kimberly Carroll,ghunter@example.org,USA,2021-02-08,Premium,36.0,2026-07-19 13:22:08.117356
6006,Matthew Morris,vmack@example.com,Canada,2025-10-21,,,2026-07-19 13:22:08.118354
6007,Duane Bell,nancy76@example.net,India,2025-10-13,,62.0,2026-07-19 13:22:08.118354
6008,Scott Lawrence,bailey73@example.com,UK,2025-05-09,,,2026-07-19 13:22:08.118354
6009,Ryan Johnson,jcontreras@example.net,Germany,2024-05-31,premium,45.0,2026-07-19 13:22:08.118354
6010,Robert Robertson,brittanyfox@example.org,UK,2026-02-23,Standard,53.0,2026-07-19 13:22:08.118354
6011,Kelli Kirk,elizabeth30@example.com,Canada,2021-05-26,,37.0,2026-07-19 13:22:08.118354
6012,Robert Nielsen,allisonbrooks@example.com,,2024-06-03,Premium,,2026-07-19 13:22:08.118354
6013,Joshua Garcia,john26@example.org,USA,2025-02-24,Standard,,2026-07-19 13:22:08.118354
6014,Zachary Green,chill@example.com,India,2021-08-18,Premium,22.0,2026-07-19 13:22:08.119353
6015,Deborah Rich,jonathan81@example.com,Canada,2021-05-22,premium,,2026-07-19 13:22:08.119353
6016,Danielle Little,waltersrichard@example.com,Canada,2024-03-30,,60.0,2026-07-19 13:22:08.119353
6017,Micheal Andrews,christinebanks@example.net,Germany,2026-03-05,,,2026-07-19 13:22:08.119353
6018,Michelle Fowler,james00@example.com,India,2024-08-28,Standard,38.0,2026-07-19 13:22:08.119353
6019,Kylie White,morgan44@example.net,,2023-10-06,premium,22.0,2026-07-19 13:22:08.119353
6020,Amanda Pena,pearsonjoseph@example.com,USA,2022-12-31,premium,,2026-07-19 13:22:08.119353
6021,Colin Arnold,vargashunter@example.org,,2022-01-05,Premium,,2026-07-19 13:22:08.119353
6022,Dalton Browning,nicholas29@example.com,UK,2023-07-04,premium,,2026-07-19 13:22:08.120353
6023,Carlos Powers,alyssajoseph@example.org,Germany,2024-05-11,premium,50.0,2026-07-19 13:22:08.120353
6024,Alexander Johnson,taylor19@example.net,Canada,2026-05-18,premium,,2026-07-19 13:22:08.120353
6025,Jimmy Parks,yateskristen@example.org,Germany,2024-01-07,premium,,2026-07-19 13:22:08.120353
6026,Rachel West,baldwinjulie@example.com,USA,2024-07-01,premium,,2026-07-19 13:22:08.120353
6027,Mary Sellers,wellslaura@example.net,USA,2021-10-09,Standard,46.0,2026-07-19 13:22:08.120353
6028,Tammy Wade,martinevelyn@example.com,Germany,2025-09-03,,43.0,2026-07-19 13:22:08.120353
6029,John Schultz,ashley58@example.org,,2024-07-09,,41.0,2026-07-19 13:22:08.120353
6030,Melissa Thompson,grosslarry@example.com,India,2024-05-27,Premium,48.0,2026-07-19 13:22:08.121353
6031,Angel Rivera,barbarawhite@example.com,,2026-04-23,Premium,,2026-07-19 13:22:08.121353
6032,Marie Barrera,dchen@example.com,Canada,2021-11-05,Standard,,2026-07-19 13:22:08.121353
6033,Crystal Young,kfischer@example.net,UK,2022-11-30,,,2026-07-19 13:22:08.121353
6034,Jeremy Lucas,janetjackson@example.net,Canada,2022-02-18,,67.0,2026-07-19 13:22:08.121353
6035,Wendy Simmons,leonardchristopher@example.net,Canada,2026-07-12,,44.0,2026-07-19 13:22:08.121353
6036,Amy Vargas,lindsey89@example.com,,2025-01-09,Premium,49.0,2026-07-19 13:22:08.121353
6037,Erica Meyer,wendygraham@example.com,UK,2025-10-04,Premium,,2026-07-19 13:22:08.122353
6038,Mary Henderson,kimberlygibbs@example.com,USA,2025-06-21,Premium,,2026-07-19 13:22:08.122353
6039,Krystal Jones,kristirivas@example.com,,2025-08-23,Standard,32.0,2026-07-19 13:22:08.122353
6040,Erika Lewis,wperez@example.net,UK,2025-09-19,Standard,29.0,2026-07-19 13:22:08.122353
6041,Susan Wood,sarahcarrillo@example.org,India,2026-06-23,premium,,2026-07-19 13:22:08.122353
6042,Michael James,johnsonmichael@example.com,USA,2023-08-07,Standard,,2026-07-19 13:22:08.122353
6043,Gabriel Kim,goodwinbrooke@example.org,Canada,2026-07-17,premium,23.0,2026-07-19 13:22:08.122353
6044,Dylan Burns,xmartin@example.org,,2022-05-03,premium,46.0,2026-07-19 13:22:08.122353
6045,Michael Shaffer,david67@example.net,USA,2024-06-16,Premium,63.0,2026-07-19 13:22:08.123353
6046,Elizabeth Walsh,rmorgan@example.org,USA,2024-08-08,Premium,,2026-07-19 13:22:08.123353
6047,Yolanda Wilson,brandi95@example.net,USA,2024-10-05,,27.0,2026-07-19 13:22:08.123353
6048,Justin Jones,dillondaniels@example.net,,2023-07-29,Standard,70.0,2026-07-19 13:22:08.123353
6049,April Briggs,cynthia27@example.org,Germany,2024-12-04,Premium,,2026-07-19 13:22:08.123353
6050,Joanne Gutierrez,jaime90@example.org,Germany,2023-06-06,Premium,,2026-07-19 13:22:08.123353
6051,Brittney Owens,kevinmorgan@example.net,UK,2025-03-14,Premium,26.0,2026-07-19 13:22:08.123353
6052,Melissa Olsen,curtisbecker@example.com,Canada,2026-06-01,premium,,2026-07-19 13:22:08.124355
6053,Melissa Washington,rodneyhart@example.com,,2021-04-05,premium,,2026-07-19 13:22:08.124355
6054,Cynthia Gordon,psmith@example.net,Canada,2023-02-10,premium,66.0,2026-07-19 13:22:08.124355
6055,Elizabeth Pratt,mercadoian@example.org,UK,2022-04-13,Premium,,2026-07-19 13:22:08.124355
6056,Mario Walker,iadams@example.com,India,2023-12-01,,,2026-07-19 13:22:08.124355
6057,Heather Horn,hillmelanie@example.org,India,2022-06-10,Standard,53.0,2026-07-19 13:22:08.124355
6058,Gregory Johnson,valerie75@example.org,USA,2026-01-26,Standard,,2026-07-19 13:22:08.124355
6059,Anthony Williams,kathryn53@example.org,USA,2022-04-23,premium,49.0,2026-07-19 13:22:08.124355
6060,Robert Oconnor,todd24@example.com,,2025-04-10,,53.0,2026-07-19 13:22:08.125358
6061,Duane Wilkins,charlesadams@example.com,,2025-09-24,Premium,,2026-07-19 13:22:08.125358
6062,Suzanne Krueger,jill87@example.net,India,2021-04-29,Standard,,2026-07-19 13:22:08.125358
6063,Christine Franco,pbrown@example.net,UK,2023-04-27,Premium,,2026-07-19 13:22:08.125358
6064,Michael Thompson,dhines@example.net,UK,2024-09-26,premium,,2026-07-19 13:22:08.125358
6065,Sharon Lang,wilsonjames@example.com,UK,2023-05-05,premium,62.0,2026-07-19 13:22:08.126356
6066,Terrance Holland,deborahwalters@example.com,UK,2022-04-16,premium,29.0,2026-07-19 13:22:08.126356
6067,Barbara Griffin,hneal@example.net,Germany,2023-03-03,,54.0,2026-07-19 13:22:08.126356
6068,Larry Dixon,yurobert@example.org,,2024-11-16,premium,,2026-07-19 13:22:08.126356
6069,Charles Gibson,coreybrown@example.com,Canada,2024-06-07,Premium,64.0,2026-07-19 13:22:08.126356
6070,Meredith Perry MD,shawn26@example.com,Germany,2024-09-08,,47.0,2026-07-19 13:22:08.126356
6071,Linda Perez,michellemcdonald@example.net,USA,2024-01-05,premium,,2026-07-19 13:22:08.126356
6072,Shannon Smith,rogerburton@example.net,Canada,2026-01-31,,38.0,2026-07-19 13:22:08.127357
6073,Nicole Page,phillipsjoshua@example.org,Germany,2024-03-23,Premium,,2026-07-19 13:22:08.127357
6074,Matthew Mitchell,marieharris@example.com,,2023-05-29,Premium,37.0,2026-07-19 13:22:08.127357
6075,Jared Avery,hflores@example.org,USA,2024-07-17,Standard,58.0,2026-07-19 13:22:08.127357
6076,Catherine Dudley,jennifer91@example.net,UK,2024-12-22,Standard,,2026-07-19 13:22:08.127357
6077,Tara Miller,andrew88@example.net,UK,2023-02-08,Standard,,2026-07-19 13:22:08.127357
6078,Cody Johnson,cassandra98@example.net,India,2025-01-14,premium,,2026-07-19 13:22:08.127357
6079,Lindsay Miller,youngkristin@example.com,USA,2024-09-26,Premium,,2026-07-19 13:22:08.127357
6080,Alexander Brown,phillipbarrera@example.org,,2025-07-07,Standard,65.0,2026-07-19 13:22:08.128362
6081,Michael Small,bdavis@example.org,India,2025-07-28,Standard,37.0,2026-07-19 13:22:08.128362
6082,Yvonne Mathis,kaylafrazier@example.net,Canada,2025-01-05,Premium,47.0,2026-07-19 13:22:08.128362
6083,Nicholas West,beckyglenn@example.net,India,2025-12-05,premium,39.0,2026-07-19 13:22:08.128362
6084,Donald Klein,johnjones@example.org,Germany,2023-03-08,Premium,,2026-07-19 13:22:08.128362
6085,Shannon Brown,kevinjackson@example.net,India,2023-12-23,premium,55.0,2026-07-19 13:22:08.129472
6086,Robert Petty,regina30@example.org,Germany,2025-07-28,,,2026-07-19 13:22:08.129472
6087,Olivia Mitchell,heathjack@example.com,Canada,2025-08-21,premium,,2026-07-19 13:22:08.129472
6088,Danielle Krause,rhonda29@example.com,Germany,2026-03-16,Standard,66.0,2026-07-19 13:22:08.129472
6089,Christopher Larson,christina61@example.org,USA,2022-11-12,Standard,,2026-07-19 13:22:08.129472
6090,Michelle Holland,lewisjoshua@example.net,,2023-03-09,premium,40.0,2026-07-19 13:22:08.130356
6091,Michael Oconnor,thompsondouglas@example.com,USA,2021-10-16,Premium,38.0,2026-07-19 13:22:08.130356
6092,Melissa Beck,robertlester@example.com,UK,2024-05-18,Standard,,2026-07-19 13:22:08.130356
6093,Melinda Wilson,howardandrew@example.org,Canada,2021-06-08,Standard,,2026-07-19 13:22:08.130356
6094,Michelle Spencer,matthewallen@example.com,Germany,2025-07-08,Premium,46.0,2026-07-19 13:22:08.130356
6095,Harold Vega,markjenkins@example.net,Canada,2023-10-29,premium,28.0,2026-07-19 13:22:08.131355
6096,Stephen Rice,jeremymartinez@example.org,USA,2026-05-26,premium,,2026-07-19 13:22:08.131355
6097,Steven Tucker,traciemiller@example.org,Germany,2023-07-06,Standard,,2026-07-19 13:22:08.131355
6098,Robert Hernandez,hernandezamber@example.net,,2025-03-13,Standard,,2026-07-19 13:22:08.132359
6099,Michelle Weber,fruiz@example.net,UK,2025-05-16,,,2026-07-19 13:22:08.132359
6100,Karen Snyder,timothygonzalez@example.com,USA,2025-11-03,premium,66.0,2026-07-19 13:22:08.132359
6101,Scott Patel,michaeljeffrey@example.net,USA,2025-11-13,Standard,55.0,2026-07-19 13:22:08.132359
6102,Oscar Morris,megan16@example.org,UK,2026-04-18,premium,,2026-07-19 13:22:08.132359
6103,Joshua Sparks,ramirezthomas@example.net,Canada,2025-07-06,Standard,,2026-07-19 13:22:08.133353
6104,Daniel Klein,ohooper@example.com,Canada,2022-10-13,Premium,24.0,2026-07-19 13:22:08.133353
6105,Robert Hall,floreszachary@example.net,,2025-03-08,Standard,41.0,2026-07-19 13:22:08.133353
6106,Mark Ramirez,erin51@example.net,Germany,2023-02-28,,23.0,2026-07-19 13:22:08.133353
6107,James Hernandez,joan45@example.org,Canada,2026-03-22,Premium,,2026-07-19 13:22:08.133353
6108,Ernest Lewis,danielle86@example.org,Germany,2025-12-28,,27.0,2026-07-19 13:22:08.133353
6109,David Mitchell,cjackson@example.org,India,2024-06-08,premium,,2026-07-19 13:22:08.133353
6110,Janet Morris,xrice@example.org,Canada,2023-09-01,premium,,2026-07-19 13:22:08.134359
6111,Joseph Barry,james03@example.com,Canada,2022-06-21,,55.0,2026-07-19 13:22:08.134359
6112,Johnny Mueller,crobinson@example.com,USA,2026-07-19,premium,,2026-07-19 13:22:08.134359
6113,Andrea Lewis,michaelnguyen@example.org,,2022-01-15,Standard,26.0,2026-07-19 13:22:08.134359
6114,Karen Cervantes,ujones@example.org,Canada,2021-02-25,,,2026-07-19 13:22:08.134359
6115,William Martin,uthomas@example.com,Germany,2021-05-30,Premium,,2026-07-19 13:22:08.134359
6116,Robert Myers,brianhester@example.net,Germany,2024-12-03,,,2026-07-19 13:22:08.134359
6117,Jeffrey Leonard,reneepeters@example.com,USA,2024-01-22,Premium,68.0,2026-07-19 13:22:08.135356
6118,Stephen Daniels,nicholsontony@example.org,UK,2024-11-21,premium,30.0,2026-07-19 13:22:08.135356
6119,Benjamin Hale,fcolon@example.org,Canada,2022-10-16,,,2026-07-19 13:22:08.135356
6120,Kara Le,cathy20@example.net,Germany,2022-07-23,,39.0,2026-07-19 13:22:08.135356
6121,Christina Johns,johnsonhenry@example.org,India,2025-07-22,,,2026-07-19 13:22:08.135356
6122,Lisa Jackson,dwayne90@example.org,Canada,2025-11-05,Premium,68.0,2026-07-19 13:22:08.135356
6123,Jermaine Murray,donaldrice@example.com,UK,2026-01-23,premium,48.0,2026-07-19 13:22:08.135356
6124,Hannah Velasquez,stevenjones@example.com,Germany,2022-11-01,Premium,69.0,2026-07-19 13:22:08.135356
6125,Shawna Mccarthy,richarddorsey@example.net,USA,2025-10-22,Standard,22.0,2026-07-19 13:22:08.135356
6126,Melissa Smith,kathleenrichardson@example.com,Germany,2023-11-13,,,2026-07-19 13:22:08.136468
6127,Teresa Weiss,matthew47@example.org,,2021-12-01,,,2026-07-19 13:22:08.136468
6128,Mary Roy,raymond45@example.org,USA,2024-09-01,Standard,26.0,2026-07-19 13:22:08.136468
6129,Victoria Swanson,morrisonchelsea@example.com,USA,2022-09-18,,,2026-07-19 13:22:08.136468
6130,Thomas Wood,alyssa04@example.net,UK,2025-09-04,Premium,,2026-07-19 13:22:08.136468
6131,Gregory Young,andrea33@example.org,,2023-08-26,premium,,2026-07-19 13:22:08.136468
6132,David Wagner,nsanders@example.com,Germany,2025-04-24,,23.0,2026-07-19 13:22:08.136468
6133,Joshua Juarez,danielle32@example.net,India,2021-10-21,Standard,,2026-07-19 13:22:08.137355
6134,Omar Barnes,richard94@example.org,USA,2026-06-05,Premium,19.0,2026-07-19 13:22:08.137355
6135,Gavin Knight,andrew70@example.com,Germany,2021-11-22,premium,67.0,2026-07-19 13:22:08.137355
6136,Lynn Mason,elizabeth10@example.org,UK,2022-05-01,Standard,33.0,2026-07-19 13:22:08.137355
6137,David Wilson,johnsonpatrick@example.com,USA,2025-09-29,premium,,2026-07-19 13:22:08.137355
6138,Thomas Franklin,alexander74@example.com,UK,2022-11-08,,42.0,2026-07-19 13:22:08.137355
6139,Scott Hill,rvaldez@example.com,USA,2021-02-07,,,2026-07-19 13:22:08.137355
6140,Joshua Le,marythompson@example.net,Canada,2023-10-18,Standard,,2026-07-19 13:22:08.137355
6141,Sandra Raymond,tatedeborah@example.org,Germany,2024-08-17,Premium,39.0,2026-07-19 13:22:08.137355
6142,Andrew Smith,fhill@example.org,UK,2025-10-07,Premium,24.0,2026-07-19 13:22:08.138362
6143,Shannon Chen,atkinslynn@example.com,India,2022-10-22,Premium,,2026-07-19 13:22:08.138362
6144,Jose Tucker,jacksondonna@example.net,India,2025-08-18,,,2026-07-19 13:22:08.138362
6145,Zachary Jackson,qdaniel@example.net,USA,2024-02-18,,68.0,2026-07-19 13:22:08.138362
6146,Michael Brooks,olsensusan@example.net,India,2026-03-11,Standard,49.0,2026-07-19 13:22:08.138362
6147,Vanessa Rios,robinfisher@example.net,India,2024-10-10,premium,32.0,2026-07-19 13:22:08.138362
6148,Toni Hodges,tanyamccoy@example.org,Germany,2021-03-22,premium,,2026-07-19 13:22:08.138362
6149,William Rodriguez,ulyons@example.net,India,2021-05-01,,,2026-07-19 13:22:08.139379
6150,Heather Vazquez,ralphcochran@example.com,Germany,2025-02-02,,,2026-07-19 13:22:08.139379
6151,Caroline Lloyd,erica11@example.org,UK,2024-02-28,Standard,,2026-07-19 13:22:08.139379
6152,Monica Delgado,juan64@example.org,UK,2024-12-07,premium,25.0,2026-07-19 13:22:08.139379
6153,Calvin Schultz,cherylpeterson@example.com,India,2024-04-07,Standard,38.0,2026-07-19 13:22:08.139379
6154,Travis Watkins,darrell07@example.com,Germany,2023-04-22,Standard,,2026-07-19 13:22:08.139379
6155,Kara Gibson,mrocha@example.com,India,2024-05-26,premium,25.0,2026-07-19 13:22:08.139379
6156,Christine Gutierrez,carolinewalker@example.net,,2026-03-30,,67.0,2026-07-19 13:22:08.139379
6157,Natasha Smith,jjones@example.net,Germany,2021-08-21,,,2026-07-19 13:22:08.140367
6158,Kelsey Heath,morriscatherine@example.com,USA,2023-03-14,Standard,,2026-07-19 13:22:08.140367
6159,Jared Smith,cwilliamson@example.com,,2026-06-05,,55.0,2026-07-19 13:22:08.140367
6160,Claudia Mcpherson,teresaellis@example.net,India,2022-09-16,premium,26.0,2026-07-19 13:22:08.140367
6161,Eileen Kelly,smithmichael@example.com,USA,2023-04-28,Premium,,2026-07-19 13:22:08.140367
6162,Gabriel Decker,kingtimothy@example.org,,2024-06-19,Premium,29.0,2026-07-19 13:22:08.140367
6163,Teresa Robbins,vstevenson@example.com,USA,2024-11-27,,47.0,2026-07-19 13:22:08.140367
6164,Cheryl Ortiz,cjensen@example.org,India,2021-06-10,premium,,2026-07-19 13:22:08.140367
6165,Steve Fuller,stevenrodriguez@example.com,USA,2024-06-14,Premium,,2026-07-19 13:22:08.141372
6166,Tara Mcdaniel,blackeric@example.com,,2022-11-15,Premium,47.0,2026-07-19 13:22:08.141372
6167,Michelle Thomas,christophermorales@example.com,USA,2025-04-04,Standard,,2026-07-19 13:22:08.141372
6168,Nicholas Nichols,bennetterica@example.com,Germany,2023-06-08,Standard,67.0,2026-07-19 13:22:08.141372
6169,Stacy Wilson,john41@example.org,USA,2024-01-21,Standard,62.0,2026-07-19 13:22:08.141372
6170,David Beasley,aarnold@example.net,UK,2022-08-19,premium,38.0,2026-07-19 13:22:08.141372
6171,Walter Bradley,hannah71@example.org,,2021-05-17,,,2026-07-19 13:22:08.141372
6172,Lucas Allen,michael02@example.net,,2024-01-20,Premium,43.0,2026-07-19 13:22:08.142352
6173,Michael Chapman,ynelson@example.net,Germany,2023-01-06,Standard,60.0,2026-07-19 13:22:08.142352
6174,Philip Patton,jacob53@example.com,UK,2024-02-27,Standard,18.0,2026-07-19 13:22:08.142352
6175,Colin Patel,heather88@example.net,Canada,2025-10-09,Standard,19.0,2026-07-19 13:22:08.142352
6176,Crystal Williams,lynnsmith@example.org,,2022-10-04,premium,,2026-07-19 13:22:08.142352
6177,Michelle Maldonado,hannahwright@example.net,USA,2024-05-16,premium,67.0,2026-07-19 13:22:08.142352
6178,Sarah Morris,pearsonjoan@example.net,USA,2022-04-30,Standard,,2026-07-19 13:22:08.142352
6179,Angela Sanchez,alexyoung@example.com,,2023-04-26,,19.0,2026-07-19 13:22:08.143355
6180,David Allen,angelaskinner@example.net,,2023-07-09,,49.0,2026-07-19 13:22:08.143355
6181,Mrs. Tara Williamson,walshlarry@example.net,,2025-05-22,,,2026-07-19 13:22:08.143355
6182,Melissa Benton,josephknapp@example.com,,2022-10-02,premium,,2026-07-19 13:22:08.143355
6183,Rodney Hayes,huntgary@example.net,Germany,2021-08-19,Standard,,2026-07-19 13:22:08.143355
6184,Marilyn Rodriguez,hmiller@example.com,Germany,2024-12-23,Premium,25.0,2026-07-19 13:22:08.143355
6185,Kimberly Mcintosh,cathyhart@example.org,USA,2025-01-30,premium,66.0,2026-07-19 13:22:08.144352
6186,Shannon Butler MD,harrisamy@example.org,UK,2021-05-01,Standard,41.0,2026-07-19 13:22:08.144352
6187,Christina Patterson,brandondurham@example.com,,2021-02-11,Premium,22.0,2026-07-19 13:22:08.144352
6188,Dr. Shane Long MD,anthony63@example.org,India,2024-11-29,,,2026-07-19 13:22:08.144352
6189,Bradley Davis,kaylabrandt@example.org,India,2022-02-19,Premium,52.0,2026-07-19 13:22:08.144352
6190,Patrick Howell,jacobcarpenter@example.com,USA,2021-03-19,Premium,,2026-07-19 13:22:08.144352
6191,Amy Leblanc,kevin32@example.net,,2026-03-02,Premium,36.0,2026-07-19 13:22:08.145357
6192,Angela Li,ilee@example.org,India,2025-03-11,Premium,,2026-07-19 13:22:08.145357
6193,Jose Butler,xwood@example.org,Germany,2021-07-15,premium,22.0,2026-07-19 13:22:08.145357
6194,Leslie Buchanan,christopherrodriguez@example.net,India,2025-06-23,Premium,35.0,2026-07-19 13:22:08.145357
6195,Melanie Medina,ashleylewis@example.net,Germany,2024-10-22,,,2026-07-19 13:22:08.145357
6196,Jennifer Cuevas,gonzalezhannah@example.net,UK,2026-04-08,Standard,20.0,2026-07-19 13:22:08.146353
6197,Brendan Robinson MD,stewartjean@example.com,Canada,2021-05-18,,,2026-07-19 13:22:08.146353
6198,Miranda Marshall,bberry@example.net,Germany,2024-12-19,,,2026-07-19 13:22:08.146353
6199,Justin Lee,ericamann@example.com,Germany,2023-06-21,premium,20.0,2026-07-19 13:22:08.146353
6200,Michael Ford,meganhobbs@example.net,UK,2026-05-04,Standard,47.0,2026-07-19 13:22:08.146353
6201,Julie Shea,marybaker@example.net,Germany,2021-07-08,Standard,48.0,2026-07-19 13:22:08.146353
6202,Thomas Ford,jeanjohnson@example.com,Germany,2026-01-09,Premium,,2026-07-19 13:22:08.146353
6203,Jessica Miller,cameron29@example.net,Germany,2022-01-25,,25.0,2026-07-19 13:22:08.146353
6204,Alan Foster,james22@example.com,UK,2023-05-07,,,2026-07-19 13:22:08.147377
6205,Daniel Butler,srangel@example.com,Germany,2024-07-20,Standard,60.0,2026-07-19 13:22:08.147377
6206,Michelle Patel,madisonjohnson@example.net,USA,2024-03-24,Premium,48.0,2026-07-19 13:22:08.147377
6207,Mark Johnson,kthomas@example.org,,2024-09-30,Premium,39.0,2026-07-19 13:22:08.147377
6208,Jason Green,proctorcatherine@example.com,India,2025-06-26,premium,40.0,2026-07-19 13:22:08.147377
6209,Michael Taylor,henry44@example.com,UK,2024-08-06,,,2026-07-19 13:22:08.147377
6210,Lindsay Kelley,bowersandrew@example.com,,2025-09-15,premium,,2026-07-19 13:22:08.147377
6211,Melissa Kane,sanchezangela@example.com,USA,2025-02-28,Standard,36.0,2026-07-19 13:22:08.147377
6212,Kenneth Griffin,johncline@example.org,Germany,2024-04-21,Standard,,2026-07-19 13:22:08.148368
6213,Michael Whitney,carterdouglas@example.com,,2023-11-05,premium,53.0,2026-07-19 13:22:08.148368
6214,Monica Sanchez,brianrodriguez@example.org,Canada,2022-09-23,premium,,2026-07-19 13:22:08.148368
6215,Martin Burton,mason62@example.com,Germany,2024-02-24,,56.0,2026-07-19 13:22:08.148368
6216,Charles Welch,evanslisa@example.org,Canada,2021-12-24,Standard,18.0,2026-07-19 13:22:08.148368
6217,Robert Cross,nicholashardy@example.org,UK,2024-08-20,Standard,,2026-07-19 13:22:08.148368
6218,Megan Hopkins,jamesmcintosh@example.com,USA,2023-11-12,,45.0,2026-07-19 13:22:08.148368
6219,Joanna Mccall,jason78@example.com,India,2024-10-09,Premium,,2026-07-19 13:22:08.148368
6220,Nancy Sheppard,patrickreed@example.net,,2022-07-26,Premium,,2026-07-19 13:22:08.149367
6221,Deborah Garcia,katieriggs@example.org,USA,2021-08-23,premium,,2026-07-19 13:22:08.149367
6222,Jason Horton,dkeith@example.net,Canada,2021-02-12,Standard,,2026-07-19 13:22:08.149367
6223,Brian Warren DVM,fieldschristopher@example.com,USA,2021-04-09,Premium,,2026-07-19 13:22:08.149367
6224,Stephen Montes,hubbardjennifer@example.org,USA,2021-07-31,Premium,,2026-07-19 13:22:08.149367
6225,Micheal Hernandez,davidshaw@example.net,USA,2023-06-08,Standard,,2026-07-19 13:22:08.149367
6226,Michael Mason MD,victoria88@example.net,Germany,2023-12-29,Premium,,2026-07-19 13:22:08.149367
6227,Andrew White,parsonsmeagan@example.com,USA,2024-10-04,Standard,,2026-07-19 13:22:08.150353
6228,Kimberly Weeks,casey04@example.net,,2023-09-21,,30.0,2026-07-19 13:22:08.150353
6229,Elizabeth Petty,nelsonbeverly@example.net,UK,2026-03-16,Premium,46.0,2026-07-19 13:22:08.150353
6230,Angela Petersen,sowens@example.com,USA,2026-02-20,Premium,70.0,2026-07-19 13:22:08.150353
6231,Joshua Gardner,amanda11@example.com,,2021-09-27,premium,27.0,2026-07-19 13:22:08.150353
6232,Katherine Jones,rdaniels@example.org,India,2022-10-06,premium,49.0,2026-07-19 13:22:08.150353
6233,Keith Martin,brittanywong@example.org,,2021-02-21,Premium,,2026-07-19 13:22:08.150353
6234,Anthony Branch,vdiaz@example.com,,2022-11-01,,48.0,2026-07-19 13:22:08.151355
6235,Cheryl Banks,johngrant@example.org,UK,2021-11-14,,,2026-07-19 13:22:08.151355
6236,Brett Mckinney,michael29@example.org,Canada,2024-06-09,premium,,2026-07-19 13:22:08.151355
6237,Allison Jackson,brittany98@example.org,India,2022-03-22,,,2026-07-19 13:22:08.151355
6238,Shelly Simmons,michaeldavies@example.net,Germany,2024-11-20,Premium,,2026-07-19 13:22:08.151355
6239,Heather Mueller,hallchristine@example.net,UK,2021-10-03,Standard,,2026-07-19 13:22:08.151355
6240,Heather Ho,latoyacollins@example.com,India,2026-06-17,Premium,,2026-07-19 13:22:08.151355
6241,Kimberly Rose,alfred65@example.com,USA,2025-08-23,premium,,2026-07-19 13:22:08.152355
6242,Pamela Macdonald,annperez@example.org,,2022-07-21,premium,,2026-07-19 13:22:08.152355
6243,Cindy Payne,iturner@example.com,UK,2025-06-04,Standard,26.0,2026-07-19 13:22:08.152355
6244,Heather Burton,kim48@example.com,UK,2026-02-14,premium,33.0,2026-07-19 13:22:08.152355
6245,Nichole Gordon,ojones@example.net,Germany,2026-06-06,premium,,2026-07-19 13:22:08.152355
6246,Michael Johnson,pgreen@example.org,Germany,2022-10-13,Standard,44.0,2026-07-19 13:22:08.152355
6247,Johnny Robinson,ajohnston@example.com,Canada,2024-09-02,,68.0,2026-07-19 13:22:08.152355
6248,Matthew Romero,david05@example.com,Canada,2021-06-16,premium,20.0,2026-07-19 13:22:08.152355
6249,Donna Jackson,toddbrooks@example.com,Canada,2026-02-28,,63.0,2026-07-19 13:22:08.152355
6250,Amber Mccormick,chambersjillian@example.org,Germany,2026-07-01,Premium,50.0,2026-07-19 13:22:08.153351
6251,Amy Campbell,nicholas94@example.com,USA,2024-04-19,premium,53.0,2026-07-19 13:22:08.153351
6252,Vernon Mcintosh,lcarroll@example.com,,2025-01-30,,,2026-07-19 13:22:08.153351
6253,Dwayne Espinoza,garzakristopher@example.com,UK,2021-05-25,Standard,,2026-07-19 13:22:08.153351
6254,Brenda Barry,kschwartz@example.com,India,2023-09-14,Standard,,2026-07-19 13:22:08.153351
6255,Christopher Johnson,stephen24@example.org,Canada,2023-03-08,Standard,,2026-07-19 13:22:08.153351
6256,Alicia Schultz,eddiesims@example.org,UK,2024-04-15,,54.0,2026-07-19 13:22:08.153351
6257,Amy Ross,lhughes@example.org,India,2024-05-23,Standard,,2026-07-19 13:22:08.153351
6258,Robert Garcia,laurie19@example.com,,2024-05-17,premium,61.0,2026-07-19 13:22:08.154352
6259,Cheryl Terrell,jennifer92@example.org,USA,2026-06-03,Standard,,2026-07-19 13:22:08.154352
6260,Jared Mays,ryanbailey@example.com,,2025-10-08,,,2026-07-19 13:22:08.154352
6261,Mark Smith,pattonjerry@example.net,USA,2022-03-08,Standard,,2026-07-19 13:22:08.154352
6262,Brandon Johnson,qperkins@example.net,UK,2024-09-05,premium,55.0,2026-07-19 13:22:08.154352
6263,Kari Cruz,cgates@example.org,,2023-10-03,Standard,36.0,2026-07-19 13:22:08.154352
6264,Crystal Pineda,bonnie73@example.net,Canada,2022-01-01,Premium,62.0,2026-07-19 13:22:08.154352
6265,Andrew Perez,othomas@example.org,Canada,2023-06-27,,60.0,2026-07-19 13:22:08.154352
6266,Carolyn Walsh,spacheco@example.com,Canada,2024-11-04,,68.0,2026-07-19 13:22:08.155355
6267,Lisa Williams,millerkyle@example.net,India,2026-01-24,Premium,,2026-07-19 13:22:08.155355
6268,Daniel Ramos,jessica27@example.com,India,2025-05-19,Standard,49.0,2026-07-19 13:22:08.155355
6269,Kristina Pacheco,vclark@example.net,Germany,2021-03-13,Standard,64.0,2026-07-19 13:22:08.155355
6270,Emily Moore,patriciagonzalez@example.net,,2022-08-24,Standard,,2026-07-19 13:22:08.155355
6271,Kelly Montgomery,oandrews@example.com,Germany,2021-10-23,Standard,42.0,2026-07-19 13:22:08.155355
6272,Maria Carter,amywhite@example.net,Canada,2026-01-17,Premium,21.0,2026-07-19 13:22:08.155355
6273,Seth Wilson,kimberly04@example.org,UK,2026-04-03,Standard,,2026-07-19 13:22:08.155355
6274,Malik Clark,xescobar@example.net,UK,2025-11-28,Premium,,2026-07-19 13:22:08.156357
6275,Maria Cox,christian41@example.org,UK,2021-02-15,Premium,29.0,2026-07-19 13:22:08.156357
6276,Joseph Hill,rnelson@example.com,India,2022-08-18,premium,,2026-07-19 13:22:08.156357
6277,Ann Edwards,stonenicole@example.com,UK,2021-08-11,Standard,57.0,2026-07-19 13:22:08.156357
6278,Jessica Hernandez,theresamacias@example.org,UK,2022-05-27,Standard,,2026-07-19 13:22:08.156357
6279,Thomas Flores,ashleyspears@example.com,,2025-04-24,,,2026-07-19 13:22:08.156357
6280,Cynthia Pruitt,daniellowe@example.org,Canada,2025-03-10,,43.0,2026-07-19 13:22:08.156357
6281,Connor Davis,butlerjonathan@example.net,UK,2021-05-30,Premium,50.0,2026-07-19 13:22:08.157353
6282,Kenneth Hendrix,jessicawood@example.net,USA,2025-10-12,,51.0,2026-07-19 13:22:08.157353
6283,Diana Wilson,lisahahn@example.com,India,2021-10-06,premium,,2026-07-19 13:22:08.157353
6284,Sean Miles,fletchertanya@example.net,,2025-02-09,,,2026-07-19 13:22:08.157353
6285,Joshua Gray,allison34@example.com,,2025-04-24,Premium,23.0,2026-07-19 13:22:08.157353
6286,Justin Finley,paynelisa@example.org,India,2022-09-24,Standard,61.0,2026-07-19 13:22:08.158359
6287,Tammy Sherman,vpeterson@example.com,Canada,2021-09-18,,49.0,2026-07-19 13:22:08.158359
6288,Cody Stone,ggarcia@example.net,UK,2024-01-14,premium,26.0,2026-07-19 13:22:08.158359
6289,Stephen Benitez,ochapman@example.com,UK,2023-04-09,Premium,,2026-07-19 13:22:08.158359
6290,Elizabeth Copeland,mccallmelanie@example.com,USA,2022-10-22,,56.0,2026-07-19 13:22:08.158359
6291,Bill Cantu DDS,sandovalmargaret@example.com,Germany,2024-04-05,premium,59.0,2026-07-19 13:22:08.159359
6292,Geoffrey Ward,rachel43@example.net,,2025-12-19,,,2026-07-19 13:22:08.159359
6293,Teresa Patterson,jakeshepherd@example.org,Germany,2023-11-12,Premium,,2026-07-19 13:22:08.159359
6294,Cynthia Green,markjohnson@example.net,Germany,2024-04-25,Standard,60.0,2026-07-19 13:22:08.159359
6295,Joseph Gomez,lisa59@example.net,Germany,2021-05-08,Standard,,2026-07-19 13:22:08.159359
6296,Angela Allen,jenniferparsons@example.org,Canada,2026-01-21,,67.0,2026-07-19 13:22:08.159359
6297,Samuel Mann,brownmichael@example.net,Germany,2021-05-13,,29.0,2026-07-19 13:22:08.159359
6298,Lisa Greer,jeffreydelgado@example.com,USA,2024-03-01,,,2026-07-19 13:22:08.159359
6299,Ashley Jensen,aperkins@example.com,UK,2021-11-21,Premium,54.0,2026-07-19 13:22:08.160359
6300,Jonathan Smith,alvarezjames@example.net,Germany,2022-12-09,,,2026-07-19 13:22:08.160359
6301,Charles Alvarado,campbelljoseph@example.org,India,2025-08-07,Standard,53.0,2026-07-19 13:22:08.160359
6302,Michelle Johnson,jamesbrennan@example.net,Germany,2024-11-30,Standard,,2026-07-19 13:22:08.160359
6303,Sharon Gibbs PhD,morganbrewer@example.net,UK,2023-07-19,Premium,,2026-07-19 13:22:08.161354
6304,Douglas Shaw,wlopez@example.com,India,2023-01-22,,,2026-07-19 13:22:08.161354
6305,Nicole Chapman,jonathan60@example.org,USA,2024-02-12,premium,,2026-07-19 13:22:08.161354
6306,Gary Fisher,odomwilliam@example.com,Germany,2024-11-20,Premium,53.0,2026-07-19 13:22:08.161354
6307,Jason Lutz,tiffany42@example.org,UK,2024-06-23,Premium,38.0,2026-07-19 13:22:08.161354
6308,Todd Parks,srandolph@example.com,Canada,2021-05-26,premium,,2026-07-19 13:22:08.161354
6309,Karen Smith,kylegordon@example.com,Canada,2021-07-19,,,2026-07-19 13:22:08.161354
6310,Tammy Hutchinson,ashleyjones@example.org,UK,2023-04-13,Standard,54.0,2026-07-19 13:22:08.161354
6311,Mrs. Jody Lane,kayla25@example.org,USA,2023-03-29,premium,,2026-07-19 13:22:08.161354
6312,Taylor Pierce,jenna94@example.com,Canada,2023-07-21,,23.0,2026-07-19 13:22:08.162358
6313,Tracy Thomas,dunlaplaurie@example.org,India,2023-08-08,,20.0,2026-07-19 13:22:08.162358
6314,Joseph Clark,griffinsean@example.com,,2024-07-10,Premium,18.0,2026-07-19 13:22:08.162358
6315,Samuel Horn,kevin76@example.org,India,2025-01-13,Standard,,2026-07-19 13:22:08.162358
6316,Misty Little,kimberly10@example.com,UK,2021-11-12,,,2026-07-19 13:22:08.162358
6317,Michael Alvarez,parsonsrichard@example.net,Canada,2023-01-14,Standard,59.0,2026-07-19 13:22:08.162358
6318,Jermaine Campbell,kblair@example.net,USA,2023-03-30,Standard,19.0,2026-07-19 13:22:08.162358
6319,Paula Martinez,isaunders@example.net,Canada,2022-06-13,Standard,39.0,2026-07-19 13:22:08.163359
6320,Emily Vega,torrestimothy@example.com,Canada,2022-12-09,,58.0,2026-07-19 13:22:08.163359
6321,Alexander Grant,adam61@example.com,Germany,2025-01-02,Standard,54.0,2026-07-19 13:22:08.163359
6322,Jessica Collier,shirleyreyes@example.net,Germany,2022-11-03,premium,27.0,2026-07-19 13:22:08.163359
6323,Leah Thompson,lopezvalerie@example.net,USA,2025-04-10,Standard,44.0,2026-07-19 13:22:08.163359
6324,Benjamin Lopez,michelle17@example.org,Canada,2022-12-29,Premium,42.0,2026-07-19 13:22:08.164358
6325,Meredith Rogers DDS,martindonald@example.net,Canada,2026-06-22,,58.0,2026-07-19 13:22:08.164358
6326,Jessica Griffith,tcastaneda@example.net,Canada,2021-04-11,Standard,,2026-07-19 13:22:08.164358
6327,Michael Stevens,cookchristina@example.com,USA,2021-06-23,,,2026-07-19 13:22:08.164358
6328,Courtney Alexander,kevinbutler@example.net,USA,2025-02-03,,41.0,2026-07-19 13:22:08.164358
6329,Melissa Stewart,jennifer67@example.com,Germany,2021-04-01,premium,,2026-07-19 13:22:08.165359
6330,Katie Lloyd,jared96@example.net,Germany,2021-08-04,Premium,,2026-07-19 13:22:08.165359
6331,Diana Moore,araymond@example.com,India,2024-05-10,premium,,2026-07-19 13:22:08.165359
6332,Anna Taylor,scottpineda@example.org,India,2026-04-09,,,2026-07-19 13:22:08.166357
6333,Gregory Fischer,xjackson@example.com,USA,2024-07-08,premium,,2026-07-19 13:22:08.166357
6334,Erin Wilson,brettlee@example.org,USA,2025-02-14,premium,64.0,2026-07-19 13:22:08.166357
6335,Isaac Williams,valerierivera@example.org,India,2024-05-31,,,2026-07-19 13:22:08.167356
6336,Peter Gray,rodriguezallen@example.net,India,2021-05-07,Standard,,2026-07-19 13:22:08.167356
6337,Valerie Hicks,olivia09@example.net,UK,2025-06-08,premium,53.0,2026-07-19 13:22:08.167356
6338,James Brown,cummingserin@example.org,,2021-04-12,premium,,2026-07-19 13:22:08.167356
6339,Amy Diaz,hurstthomas@example.com,,2025-08-26,,49.0,2026-07-19 13:22:08.167356
6340,Lisa Montgomery,ellismarcus@example.net,Germany,2024-05-08,premium,,2026-07-19 13:22:08.167356
6341,Kathleen Stewart,tammy52@example.com,USA,2025-09-07,Premium,,2026-07-19 13:22:08.167356
6342,Benjamin Weeks,eugenehall@example.org,Germany,2024-07-02,,,2026-07-19 13:22:08.167356
6343,Donald Campos,ryan18@example.com,USA,2025-08-28,,67.0,2026-07-19 13:22:08.168377
6344,Steven Webb,richardsweeney@example.com,,2021-11-24,premium,37.0,2026-07-19 13:22:08.168377
6345,Kim Craig,paul18@example.com,,2024-02-19,premium,52.0,2026-07-19 13:22:08.168377
6346,Abigail Hart,kristinsawyer@example.org,India,2026-06-01,premium,38.0,2026-07-19 13:22:08.168377
6347,Andrew Li,wilcoxpatricia@example.com,India,2022-07-04,Premium,56.0,2026-07-19 13:22:08.168377
6348,Cheryl Oconnor,elizabethcharles@example.com,UK,2025-01-14,,47.0,2026-07-19 13:22:08.168377
6349,Christina White,ipowell@example.com,,2021-12-08,Premium,,2026-07-19 13:22:08.168377
6350,Mary Harris,michelle55@example.org,USA,2024-12-22,Standard,66.0,2026-07-19 13:22:08.168377
6351,Denise Stevenson,julie57@example.org,UK,2026-04-17,,46.0,2026-07-19 13:22:08.169351
6352,Cheryl Martinez,rebeccaevans@example.org,,2023-10-20,Standard,,2026-07-19 13:22:08.169351
6353,Harry Sutton,timothy11@example.net,India,2022-12-27,premium,60.0,2026-07-19 13:22:08.169351
6354,Christina Wilson,rossmegan@example.org,USA,2023-05-25,Premium,,2026-07-19 13:22:08.169351
6355,Raven Black,daviskendra@example.org,USA,2024-09-01,premium,,2026-07-19 13:22:08.169351
6356,Rodney Foster,dirwin@example.net,Canada,2022-10-03,Standard,62.0,2026-07-19 13:22:08.169351
6357,Caitlin Martin,jeremyhunt@example.org,India,2024-08-15,Premium,60.0,2026-07-19 13:22:08.169351
6358,Jeffrey Phillips,hoffmanmary@example.org,UK,2026-01-08,premium,,2026-07-19 13:22:08.169351
6359,Carol Taylor,benjamin30@example.com,USA,2021-08-03,Premium,,2026-07-19 13:22:08.170375
6360,Tara Nichols,hernandezdavid@example.net,UK,2025-01-23,Standard,70.0,2026-07-19 13:22:08.170375
6361,Thomas Bailey,jessewhite@example.org,Germany,2023-01-26,premium,30.0,2026-07-19 13:22:08.170375
6362,Michael Weiss,kschmidt@example.com,,2022-06-26,Premium,25.0,2026-07-19 13:22:08.170375
6363,Thomas Miller,gracehubbard@example.net,USA,2022-11-12,premium,54.0,2026-07-19 13:22:08.170375
6364,Tammy Mullins,nelsonrichard@example.net,India,2021-09-04,Standard,,2026-07-19 13:22:08.170375
6365,Brian Benson,bzimmerman@example.net,USA,2021-08-02,,,2026-07-19 13:22:08.170375
6366,Howard Johnson,qperry@example.org,USA,2023-06-16,,,2026-07-19 13:22:08.170375
6367,Patricia Lopez,gregory16@example.net,USA,2022-01-11,premium,25.0,2026-07-19 13:22:08.171352
6368,Michelle Smith,jennifer59@example.org,UK,2024-07-05,,32.0,2026-07-19 13:22:08.171352
6369,Adam Duncan,hsmith@example.com,UK,2022-07-16,premium,,2026-07-19 13:22:08.171352
6370,Makayla Berg,greenclaudia@example.com,India,2021-03-13,Premium,,2026-07-19 13:22:08.171352
6371,John Herrera,fmills@example.net,Canada,2022-01-27,Premium,55.0,2026-07-19 13:22:08.171352
6372,Theodore Summers,iwolfe@example.net,India,2026-01-08,Premium,,2026-07-19 13:22:08.171352
6373,Melissa Chaney PhD,jenniferlopez@example.net,India,2021-11-25,premium,38.0,2026-07-19 13:22:08.171352
6374,Chad Walker,petersjoseph@example.com,,2024-01-02,Premium,,2026-07-19 13:22:08.172353
6375,Julia Cooke,hillalex@example.org,USA,2023-11-22,Standard,52.0,2026-07-19 13:22:08.172353
6376,Elizabeth Anderson,spatterson@example.com,Germany,2023-12-29,Standard,,2026-07-19 13:22:08.172353
6377,Sean Ferguson,gmcneil@example.org,India,2024-05-21,Premium,26.0,2026-07-19 13:22:08.172353
6378,Samantha Rodriguez,christine77@example.org,,2024-10-07,,,2026-07-19 13:22:08.172353
6379,Margaret Hunt,hermanstephanie@example.com,,2022-07-02,Standard,,2026-07-19 13:22:08.172353
6380,William Gonzalez,morrisonlisa@example.com,India,2021-08-06,Premium,,2026-07-19 13:22:08.172353
6381,Heather Phillips,harveyvanessa@example.net,Canada,2023-09-01,premium,51.0,2026-07-19 13:22:08.172353
6382,Stephanie Newman,jamesgibbs@example.net,UK,2021-01-28,,43.0,2026-07-19 13:22:08.173354
6383,Tommy Campbell,csimpson@example.org,Canada,2023-03-31,Premium,45.0,2026-07-19 13:22:08.173354
6384,David Gray,summerrobbins@example.org,Canada,2023-03-02,,33.0,2026-07-19 13:22:08.173354
6385,Kerry Gonzales,erinadams@example.org,USA,2021-05-16,premium,,2026-07-19 13:22:08.173354
6386,Ryan Parrish,svelez@example.org,,2023-10-12,Premium,,2026-07-19 13:22:08.173354
6387,James Perez,hancockamy@example.com,Canada,2022-07-22,premium,64.0,2026-07-19 13:22:08.173354
6388,Diamond Frank,martinanna@example.net,USA,2021-06-03,,46.0,2026-07-19 13:22:08.174355
6389,Joshua Morris,jcox@example.org,,2022-01-15,Premium,29.0,2026-07-19 13:22:08.174355
6390,Frederick Cantrell,grahammartha@example.net,India,2022-03-02,Standard,70.0,2026-07-19 13:22:08.174355
6391,Victoria Tate,coreybush@example.net,India,2023-09-25,premium,,2026-07-19 13:22:08.174355
6392,Danny Manning,jacobslaura@example.org,,2025-09-11,Premium,,2026-07-19 13:22:08.174355
6393,Erin Maldonado,kellydunlap@example.com,UK,2021-12-22,Standard,,2026-07-19 13:22:08.174355
6394,Amanda Grant,barbara10@example.net,India,2026-04-16,Standard,53.0,2026-07-19 13:22:08.174355
6395,Jason Bass,brent60@example.org,,2025-03-20,Premium,,2026-07-19 13:22:08.175355
6396,William Graham,jeremy62@example.com,USA,2023-11-27,premium,,2026-07-19 13:22:08.175355
6397,Jennifer Alvarado,karlthompson@example.net,Germany,2024-06-04,,29.0,2026-07-19 13:22:08.175355
6398,Natalie Lee,ryankristy@example.net,Canada,2022-07-09,premium,36.0,2026-07-19 13:22:08.175355
6399,Elizabeth Hayes,gillespiedalton@example.org,,2024-12-12,premium,30.0,2026-07-19 13:22:08.175355
6400,Christina Martinez,cindyshaw@example.com,UK,2021-10-11,Standard,,2026-07-19 13:22:08.175355
6401,Joel Arnold,james15@example.org,USA,2024-02-08,premium,32.0,2026-07-19 13:22:08.175355
6402,Abigail Reeves,joshualopez@example.com,Canada,2022-09-14,Standard,,2026-07-19 13:22:08.176353
6403,Anne Gordon,morganbrian@example.com,Germany,2025-11-18,Premium,38.0,2026-07-19 13:22:08.176353
6404,James Nunez,hwilliams@example.net,Germany,2025-09-21,Premium,,2026-07-19 13:22:08.176353
6405,Holly Henry,dennis95@example.org,UK,2025-11-02,,,2026-07-19 13:22:08.176353
6406,Joann Choi,hayespeter@example.com,Canada,2021-06-12,,31.0,2026-07-19 13:22:08.176353
6407,Debbie Luna,nrodriguez@example.com,UK,2025-12-03,,27.0,2026-07-19 13:22:08.176353
6408,Anthony Powell,kennethduffy@example.net,,2026-04-01,,32.0,2026-07-19 13:22:08.176353
6409,Andrew Reid,castroamanda@example.net,USA,2025-12-31,Standard,43.0,2026-07-19 13:22:08.176353
6410,Christopher Perkins,jacqueline09@example.org,India,2024-01-25,Standard,,2026-07-19 13:22:08.177353
6411,Andrea Berg,udavis@example.org,Germany,2022-03-09,,25.0,2026-07-19 13:22:08.177353
6412,Leah Rodriguez,psmith@example.org,India,2025-10-12,,49.0,2026-07-19 13:22:08.177353
6413,Lori Santana,davidwalker@example.com,Germany,2022-12-10,premium,40.0,2026-07-19 13:22:08.177353
6414,Julia Wright,brentmayo@example.com,India,2021-09-15,Standard,,2026-07-19 13:22:08.177353
6415,Zachary Bryan,mcabrera@example.org,India,2024-10-07,Premium,18.0,2026-07-19 13:22:08.177353
6416,Annette Allen,mbarajas@example.net,Canada,2025-10-24,,65.0,2026-07-19 13:22:08.177353
6417,Kenneth Gill,debbierivera@example.org,UK,2023-10-11,Premium,,2026-07-19 13:22:08.178354
6418,Jeremy Young,huntererin@example.org,,2024-08-09,Premium,,2026-07-19 13:22:08.178354
6419,Todd Smith,pam11@example.com,UK,2024-04-22,,,2026-07-19 13:22:08.178354
6420,Dr. Judy Nelson,mitchellrogers@example.com,Canada,2025-03-20,Premium,35.0,2026-07-19 13:22:08.178354
6421,John Fitzgerald,kyliepatel@example.org,UK,2022-03-03,Standard,,2026-07-19 13:22:08.178354
6422,Kevin Moore,qhawkins@example.org,,2022-09-06,,,2026-07-19 13:22:08.178354
6423,Jason Huffman,nicoleruiz@example.org,India,2023-01-16,Premium,52.0,2026-07-19 13:22:08.179355
6424,Angel George,vbyrd@example.net,USA,2022-02-15,,52.0,2026-07-19 13:22:08.179355
6425,Mitchell Moses,michelle14@example.com,Canada,2026-02-15,Standard,53.0,2026-07-19 13:22:08.179355
6426,Christopher Mora,davissarah@example.com,Germany,2025-07-31,Premium,,2026-07-19 13:22:08.179355
6427,Juan Miller,jeremy46@example.net,Canada,2025-03-07,Standard,,2026-07-19 13:22:08.179355
6428,Valerie Crawford,vbenson@example.com,Canada,2025-12-26,premium,28.0,2026-07-19 13:22:08.179355
6429,David Rodriguez,angela50@example.net,Canada,2025-12-30,Standard,52.0,2026-07-19 13:22:08.179355
6430,Brian Curtis,james21@example.net,India,2022-01-31,Standard,29.0,2026-07-19 13:22:08.179355
6431,David Sullivan,antoniodavis@example.org,UK,2022-05-26,Standard,61.0,2026-07-19 13:22:08.180354
6432,Theodore Lopez,denise68@example.com,,2024-05-18,Premium,,2026-07-19 13:22:08.180354
6433,Kathryn Lindsey,heidileonard@example.com,USA,2024-03-21,Premium,33.0,2026-07-19 13:22:08.180354
6434,Rodney Nelson,bryce61@example.org,,2021-04-15,,,2026-07-19 13:22:08.180354
6435,Mrs. Kelly Potter PhD,brian36@example.com,UK,2026-06-24,,,2026-07-19 13:22:08.180354
6436,Wayne Smith,jesus99@example.com,,2023-10-28,,48.0,2026-07-19 13:22:08.180354
6437,Peter Thomas,rebecca60@example.com,Canada,2026-04-23,Premium,40.0,2026-07-19 13:22:08.180354
6438,Elaine Anthony,vsampson@example.org,Canada,2025-02-08,Premium,67.0,2026-07-19 13:22:08.180354
6439,Gregory Carlson,djohnson@example.org,Germany,2021-06-05,Premium,47.0,2026-07-19 13:22:08.180354
6440,Patricia Smith,brittany53@example.com,Germany,2025-03-12,premium,,2026-07-19 13:22:08.181354
6441,Ronald Mullen,xlewis@example.org,Canada,2022-02-03,premium,24.0,2026-07-19 13:22:08.181354
6442,Jose Smith,ibell@example.net,USA,2023-12-23,Premium,,2026-07-19 13:22:08.181354
6443,Jenna Holt,qaustin@example.net,Canada,2022-04-05,Premium,67.0,2026-07-19 13:22:08.181354
6444,John Love,anthonyclark@example.com,UK,2025-01-23,premium,,2026-07-19 13:22:08.181354
6445,Christina Schaefer,jenniferlarson@example.com,India,2024-03-11,,,2026-07-19 13:22:08.181354
6446,Tiffany Williams,michael43@example.com,India,2024-08-25,,70.0,2026-07-19 13:22:08.181354
6447,Jason Barrett,joe21@example.net,UK,2025-07-03,,,2026-07-19 13:22:08.181354
6448,Allison Hoffman,williamsdanielle@example.net,Canada,2025-03-23,,46.0,2026-07-19 13:22:08.182353
6449,Sarah Moore,phodge@example.net,,2022-04-25,,66.0,2026-07-19 13:22:08.182353
6450,Brittany Marsh,tanner93@example.com,Germany,2025-03-14,premium,43.0,2026-07-19 13:22:08.182353
6451,John Lopez,renee86@example.com,USA,2022-05-22,,,2026-07-19 13:22:08.182353
6452,Amy Oneal,hknight@example.com,Germany,2023-07-02,Standard,,2026-07-19 13:22:08.182353
6453,Scott Shaffer,evanwillis@example.net,India,2023-10-11,Standard,47.0,2026-07-19 13:22:08.182353
6454,Edward Miller,myersstacy@example.com,USA,2023-06-30,,,2026-07-19 13:22:08.182353
6455,Margaret Villa,glam@example.org,Canada,2025-08-14,Standard,,2026-07-19 13:22:08.182353
6456,Kathy Gonzalez,kristinthompson@example.net,,2024-05-31,Premium,,2026-07-19 13:22:08.182353
6457,Stacey Thomas,abigail60@example.org,Germany,2021-07-31,,,2026-07-19 13:22:08.183353
6458,Richard Richardson,pamela69@example.com,Germany,2025-05-26,Standard,,2026-07-19 13:22:08.183353
6459,David Mckee,johnsonderek@example.org,,2025-12-05,Premium,,2026-07-19 13:22:08.183353
6460,Aaron Green,matthew61@example.net,Germany,2022-03-07,Premium,,2026-07-19 13:22:08.183353
6461,Michelle Marsh,alexanderwilliam@example.org,USA,2023-01-14,Premium,41.0,2026-07-19 13:22:08.183353
6462,Alexander Price,goodmanarthur@example.net,India,2023-09-06,Standard,,2026-07-19 13:22:08.183353
6463,Sandra Lopez,torresdavid@example.net,UK,2022-06-01,,,2026-07-19 13:22:08.183353
6464,Dr. Stephen Collier,mark50@example.net,India,2023-11-11,Premium,,2026-07-19 13:22:08.184355
6465,Mark Tate,mitchelltaylor@example.org,India,2024-06-07,,,2026-07-19 13:22:08.184355
6466,Dalton Stone,hreed@example.com,Canada,2025-05-02,,53.0,2026-07-19 13:22:08.184355
6467,Chad Castillo,sjohnston@example.com,Canada,2026-05-23,premium,52.0,2026-07-19 13:22:08.184355
6468,Jesse Carr,amywalker@example.net,Germany,2022-09-20,Standard,43.0,2026-07-19 13:22:08.184355
6469,Kelly Marshall,johnsondonald@example.com,,2021-10-27,Premium,,2026-07-19 13:22:08.184355
6470,Bryan Mason,joshua06@example.com,UK,2021-01-29,Standard,65.0,2026-07-19 13:22:08.184355
6471,Michael Brown,romanbenjamin@example.com,,2021-03-26,Premium,60.0,2026-07-19 13:22:08.184355
6472,Joe Cox,leemitchell@example.org,Germany,2021-04-22,Premium,,2026-07-19 13:22:08.184355
6473,Catherine Ortiz,sierrajohnson@example.com,UK,2025-04-19,premium,22.0,2026-07-19 13:22:08.185353
6474,Emily Gates,rduran@example.com,India,2026-04-08,,65.0,2026-07-19 13:22:08.185353
6475,Rachel Burns,mariacole@example.org,UK,2026-01-08,Premium,,2026-07-19 13:22:08.185353
6476,David Brown,ctyler@example.com,USA,2025-10-30,Standard,,2026-07-19 13:22:08.185353
6477,Jack Molina,mathew79@example.org,Canada,2023-08-22,Standard,19.0,2026-07-19 13:22:08.185353
6478,Jason Crawford,adamshaw@example.net,UK,2025-11-28,,,2026-07-19 13:22:08.185353
6479,Luis Weaver,nancysolomon@example.com,,2026-04-01,,,2026-07-19 13:22:08.186355
6480,Brenda Carpenter,rebecca58@example.net,UK,2023-02-10,premium,,2026-07-19 13:22:08.186355
6481,Alyssa Morales,molinamason@example.net,India,2023-04-15,,57.0,2026-07-19 13:22:08.186355
6482,Stephanie Thompson,christina93@example.com,India,2025-08-23,Standard,,2026-07-19 13:22:08.186355
6483,Amanda Nelson,ann55@example.com,Canada,2025-12-05,premium,,2026-07-19 13:22:08.186355
6484,Cynthia Welch,ruizmelissa@example.org,India,2024-03-16,premium,51.0,2026-07-19 13:22:08.186355
6485,Thomas Williams,rhondamitchell@example.net,UK,2023-01-27,Premium,,2026-07-19 13:22:08.186355
6486,Wayne Romero,carlossmith@example.org,Canada,2023-10-15,Standard,,2026-07-19 13:22:08.186355
6487,Michael Allen PhD,ashleyleblanc@example.com,Germany,2021-09-19,Standard,,2026-07-19 13:22:08.186355
6488,Shannon Ramos,huffmanmisty@example.org,USA,2021-11-25,Premium,,2026-07-19 13:22:08.186355
6489,Edward Davenport,msalazar@example.com,India,2021-11-17,premium,46.0,2026-07-19 13:22:08.186355
6490,Donald Davis,carrolltyler@example.net,,2021-09-08,,,2026-07-19 13:22:08.187901
6491,Melanie Walker,melinda60@example.com,UK,2024-11-02,,,2026-07-19 13:22:08.187901
6492,Emily Sanford,suttonraven@example.net,UK,2023-09-15,Premium,23.0,2026-07-19 13:22:08.187901
6493,Melissa Wright,danielgreen@example.org,UK,2021-10-07,Premium,43.0,2026-07-19 13:22:08.187901
6494,Erin Baldwin,aarmstrong@example.com,,2026-04-14,Premium,66.0,2026-07-19 13:22:08.187901
6495,Justin Benton,hernandezjoshua@example.com,,2021-12-06,Premium,49.0,2026-07-19 13:22:08.187901
6496,Mrs. Teresa Wong,taramarshall@example.org,Germany,2023-10-12,premium,30.0,2026-07-19 13:22:08.187901
6497,Justin Jackson,robertsongerald@example.com,Canada,2024-05-14,Standard,69.0,2026-07-19 13:22:08.187901
6498,Felicia Smith,sarahdillon@example.org,Germany,2021-05-20,Premium,69.0,2026-07-19 13:22:08.188928
6499,Patrick Randall,rhodesluis@example.net,Canada,2023-11-30,premium,35.0,2026-07-19 13:22:08.188928
6500,Arthur Barnett,miguel45@example.com,Canada,2024-10-22,Premium,,2026-07-19 13:22:08.188928
6501,Christopher Fuller,olsonpamela@example.net,,2025-08-19,premium,,2026-07-19 13:22:08.188928
6502,Patrick Davis,michael65@example.org,India,2023-08-28,premium,50.0,2026-07-19 13:22:08.188928
6503,Jeanette Hunt,heather00@example.net,India,2022-08-26,,70.0,2026-07-19 13:22:08.188928
6504,Laura Burch,anna39@example.com,,2023-03-13,Premium,,2026-07-19 13:22:08.188928
6505,Donna Green,ksoto@example.com,India,2022-06-10,Standard,56.0,2026-07-19 13:22:08.189910
6506,Tyler Figueroa,melissaevans@example.net,USA,2021-06-10,premium,,2026-07-19 13:22:08.189910
6507,Sonia Davis,alvaradobrendan@example.net,Canada,2024-02-04,premium,22.0,2026-07-19 13:22:08.189910
6508,Donald Davis,belldarius@example.net,India,2023-06-03,Premium,,2026-07-19 13:22:08.189910
6509,Matthew Williams,kayala@example.net,Germany,2021-09-07,,29.0,2026-07-19 13:22:08.189910
6510,Jordan Richards,greenrachel@example.org,,2025-07-11,Standard,43.0,2026-07-19 13:22:08.189910
6511,Lawrence Terry,nicholsdiana@example.org,Canada,2022-08-24,,,2026-07-19 13:22:08.190909
6512,Pamela Burns,bobby21@example.net,India,2025-02-06,Premium,70.0,2026-07-19 13:22:08.190909
6513,Leslie Smith,troy70@example.com,,2022-03-20,premium,38.0,2026-07-19 13:22:08.190909
6514,Edwin Williams,kingshawn@example.org,Canada,2024-10-15,,31.0,2026-07-19 13:22:08.190909
6515,Julia Morgan,jessica32@example.com,UK,2025-03-10,Premium,,2026-07-19 13:22:08.190909
6516,Amy Alvarado,michelle46@example.org,UK,2024-04-21,premium,67.0,2026-07-19 13:22:08.190909
6517,Kevin Collins,munoztimothy@example.net,,2023-04-04,,,2026-07-19 13:22:08.190909
6518,Timothy Davis,seth09@example.com,India,2021-08-08,,,2026-07-19 13:22:08.190909
6519,Kristina Kerr,cburke@example.net,,2026-05-15,Standard,62.0,2026-07-19 13:22:08.190909
6520,Claudia Roberts,audrey92@example.com,Germany,2023-11-02,Standard,39.0,2026-07-19 13:22:08.191909
6521,Glenn Wilson,fevans@example.net,Germany,2024-04-20,Premium,22.0,2026-07-19 13:22:08.191909
6522,Melissa Perez,smithjohn@example.org,USA,2021-02-23,,,2026-07-19 13:22:08.191909
6523,Julie Wolfe,michaelmcpherson@example.org,Germany,2026-05-22,,62.0,2026-07-19 13:22:08.191909
6524,Edward Mueller,fieldschristopher@example.org,Canada,2023-11-12,Standard,,2026-07-19 13:22:08.191909
6525,Emma Turner,donald77@example.org,Canada,2022-08-03,Standard,37.0,2026-07-19 13:22:08.191909
6526,Caitlin Aguilar,raystanley@example.org,,2025-08-02,Standard,,2026-07-19 13:22:08.191909
6527,Lori Thompson,alopez@example.com,Canada,2022-09-09,Standard,69.0,2026-07-19 13:22:08.191909
6528,Donna Gonzalez,susangarcia@example.net,Germany,2022-10-09,Standard,29.0,2026-07-19 13:22:08.192908
6529,Mary Powell,davidduran@example.com,Germany,2024-10-17,premium,18.0,2026-07-19 13:22:08.192908
6530,Megan Garrett,austin24@example.net,UK,2025-12-27,premium,,2026-07-19 13:22:08.192908
6531,Michael Smith,joshua58@example.net,USA,2024-11-19,premium,27.0,2026-07-19 13:22:08.193909
6532,Trevor Palmer,sdorsey@example.org,USA,2022-08-30,premium,,2026-07-19 13:22:08.193909
6533,Robert Stewart,holmesbecky@example.com,Canada,2022-08-21,premium,,2026-07-19 13:22:08.193909
6534,Kenneth Carter,kaylashelton@example.com,India,2022-08-13,Premium,,2026-07-19 13:22:08.193909
6535,Eric West,matthew37@example.net,,2026-03-08,premium,,2026-07-19 13:22:08.193909
6536,Sarah Lowe,louis31@example.net,Canada,2023-02-11,premium,,2026-07-19 13:22:08.193909
6537,Brian Ryan,michaelboyle@example.net,Germany,2024-07-30,Standard,57.0,2026-07-19 13:22:08.195417
6538,Stacy Choi,sbrown@example.com,USA,2023-12-05,Premium,,2026-07-19 13:22:08.195417
6539,George Mason,skinnerdouglas@example.com,,2025-10-18,premium,38.0,2026-07-19 13:22:08.195417
6540,Carlos Fowler,jenniferhoffman@example.org,,2022-12-30,Premium,50.0,2026-07-19 13:22:08.195417
6541,Sharon Johnson,jaclynjones@example.com,Germany,2021-09-22,Premium,60.0,2026-07-19 13:22:08.196421
6542,Jane Carlson,walshrussell@example.com,Canada,2022-12-11,Standard,,2026-07-19 13:22:08.196421
6543,Larry Johnson,jamesnorton@example.org,India,2023-02-03,premium,29.0,2026-07-19 13:22:08.196421
6544,Lisa Glover,justin15@example.net,Canada,2022-12-29,Standard,,2026-07-19 13:22:08.196421
6545,Annette Reed,ljordan@example.net,Germany,2022-07-24,,,2026-07-19 13:22:08.196421
6546,Robert Stanley,melissa37@example.net,UK,2025-07-30,Standard,,2026-07-19 13:22:08.196421
6547,Joseph Hansen,schroedertroy@example.com,USA,2025-04-01,,,2026-07-19 13:22:08.196421
6548,Linda Mcmillan,jacqueline90@example.org,Canada,2021-11-13,Premium,58.0,2026-07-19 13:22:08.196421
6549,Priscilla Smith,tammy81@example.com,UK,2022-10-02,Premium,57.0,2026-07-19 13:22:08.196421
6550,Amy Gonzalez,amymcdonald@example.net,India,2025-11-02,premium,59.0,2026-07-19 13:22:08.197437
6551,Jacob Walsh,cunninghamrobert@example.net,India,2026-07-15,,45.0,2026-07-19 13:22:08.197437
6552,Dustin Wong,steven51@example.com,UK,2022-05-16,Standard,,2026-07-19 13:22:08.197437
6553,Jill Perez,rubiomark@example.net,USA,2025-06-02,premium,61.0,2026-07-19 13:22:08.197437
6554,Nancy Phillips,ebryan@example.org,USA,2025-02-07,Standard,,2026-07-19 13:22:08.197437
6555,Ricardo Crawford,rgomez@example.net,Canada,2021-04-13,,,2026-07-19 13:22:08.197437
6556,Bruce Evans,philipjohnson@example.org,,2026-05-04,,,2026-07-19 13:22:08.197437
6557,Brian Holmes,stevengibson@example.com,India,2025-07-25,premium,33.0,2026-07-19 13:22:08.198425
6558,Corey Huffman,christopher69@example.net,Germany,2021-04-04,Standard,,2026-07-19 13:22:08.198425
6559,Alan Parker,ronaldperkins@example.com,India,2026-06-07,,35.0,2026-07-19 13:22:08.198425
6560,Brandon Nunez,fhart@example.net,India,2021-12-11,Premium,,2026-07-19 13:22:08.198425
6561,Ann Castro,wilsondesiree@example.org,USA,2021-02-01,premium,,2026-07-19 13:22:08.198425
6562,Robert Collins,hernandezashley@example.org,Germany,2021-10-26,Premium,,2026-07-19 13:22:08.198425
6563,Joan Gray,fdixon@example.org,UK,2021-08-25,,,2026-07-19 13:22:08.198425
6564,Jordan Mcdonald,cortiz@example.com,USA,2024-09-27,Premium,,2026-07-19 13:22:08.199425
6565,Michael Newton,wherrera@example.net,India,2026-04-19,premium,47.0,2026-07-19 13:22:08.199425
6566,David Taylor,betty37@example.org,UK,2023-08-13,Standard,18.0,2026-07-19 13:22:08.199425
6567,Michael Banks,mwright@example.org,UK,2022-01-27,premium,35.0,2026-07-19 13:22:08.199425
6568,Jesse Parker,banderson@example.com,UK,2023-09-12,,,2026-07-19 13:22:08.199425
6569,Kenneth Preston,iwilson@example.org,India,2022-05-27,,,2026-07-19 13:22:08.199425
6570,Scott Graves,doughertystephanie@example.net,UK,2021-02-24,,,2026-07-19 13:22:08.199425
6571,Isaiah Wilcox,johnphelps@example.org,UK,2023-07-12,premium,47.0,2026-07-19 13:22:08.200424
6572,Adam Hebert,markbradley@example.org,Germany,2022-08-14,Premium,47.0,2026-07-19 13:22:08.200424
6573,Daniel Jones,downsjoseph@example.com,Germany,2023-04-10,Premium,,2026-07-19 13:22:08.200424
6574,Heather Martinez,yjenkins@example.com,UK,2024-01-30,Premium,23.0,2026-07-19 13:22:08.200424
6575,Gabriel Frank,caitlyn56@example.com,USA,2022-01-26,premium,,2026-07-19 13:22:08.200424
6576,Kimberly Schmidt,emilyrodriguez@example.org,Canada,2024-08-29,,,2026-07-19 13:22:08.200424
6577,Matthew Frey,jacquelinegillespie@example.com,Germany,2024-02-15,premium,,2026-07-19 13:22:08.200424
6578,Kelli Mcdonald,austincorey@example.net,Canada,2023-07-04,,19.0,2026-07-19 13:22:08.201424
6579,Amanda Gonzalez,lcooper@example.org,Germany,2023-10-17,premium,34.0,2026-07-19 13:22:08.201424
6580,Willie Jordan,nathanvillanueva@example.org,USA,2024-12-15,Standard,,2026-07-19 13:22:08.201424
6581,Sandra Morales,vlopez@example.com,UK,2023-08-25,premium,,2026-07-19 13:22:08.201424
6582,Christopher Burke,nrichard@example.org,India,2022-04-16,Premium,,2026-07-19 13:22:08.201424
6583,Mitchell Fernandez,brittanyperez@example.com,Germany,2024-04-04,Standard,,2026-07-19 13:22:08.201424
6584,Whitney Lopez,jimmy15@example.com,India,2026-04-17,Standard,,2026-07-19 13:22:08.201424
6585,Eric Pearson,codybrown@example.org,USA,2022-02-02,,,2026-07-19 13:22:08.201424
6586,Nancy Schultz,jaimebridges@example.com,,2023-07-16,Standard,,2026-07-19 13:22:08.202424
6587,Kristin Moreno,xmoore@example.org,Canada,2024-11-11,Premium,,2026-07-19 13:22:08.202424
6588,Jon Bell,tara06@example.com,Canada,2021-09-18,Standard,,2026-07-19 13:22:08.202424
6589,Shannon Martinez,waltercunningham@example.net,,2023-10-19,,65.0,2026-07-19 13:22:08.202424
6590,Beth Bates,amberbrown@example.org,Germany,2021-08-23,premium,50.0,2026-07-19 13:22:08.202424
6591,Connie Holmes,samuelcummings@example.net,,2024-03-29,Standard,,2026-07-19 13:22:08.202424
6592,Kenneth Fuller,simpsonrobert@example.org,UK,2025-03-06,,53.0,2026-07-19 13:22:08.202424
6593,Austin Pierce,zholmes@example.org,,2024-05-21,Standard,,2026-07-19 13:22:08.202424
6594,Stacy Vincent,rebecca05@example.org,USA,2026-06-11,Premium,19.0,2026-07-19 13:22:08.203424
6595,James Baker,kirkmelissa@example.net,USA,2024-02-01,,,2026-07-19 13:22:08.203424
6596,Jennifer Wright,jack93@example.com,Canada,2021-02-15,Standard,,2026-07-19 13:22:08.203424
6597,Margaret Garrison,zschmidt@example.com,,2021-05-21,premium,,2026-07-19 13:22:08.203424
6598,Peter West,josesampson@example.net,Germany,2024-08-01,,,2026-07-19 13:22:08.203424
6599,Audrey Obrien,darrell31@example.net,Canada,2021-07-20,Standard,,2026-07-19 13:22:08.203424
6600,Kelly Bird,cingram@example.org,Germany,2025-09-22,Premium,,2026-07-19 13:22:08.203424
6601,Alexandra Wilson,briannamunoz@example.net,USA,2025-02-15,premium,,2026-07-19 13:22:08.203424
6602,Damon Hurley,tiffany50@example.com,USA,2023-01-09,premium,,2026-07-19 13:22:08.204424
6603,Steven Taylor,waynewashington@example.org,,2022-05-29,Standard,32.0,2026-07-19 13:22:08.204424
6604,John Watts,dennisjefferson@example.com,UK,2026-02-22,Standard,30.0,2026-07-19 13:22:08.204424
6605,Tyler Hughes,jameswhite@example.com,India,2024-01-31,,,2026-07-19 13:22:08.204424
6606,Kevin Ramirez,esoto@example.com,,2021-10-29,Premium,46.0,2026-07-19 13:22:08.204424
6607,Rachel Jordan,bkelly@example.net,Canada,2021-07-31,,,2026-07-19 13:22:08.204424
6608,Erika Yates,xleonard@example.org,India,2023-12-18,,45.0,2026-07-19 13:22:08.204424
6609,David Thompson,egregory@example.net,,2024-03-25,Standard,42.0,2026-07-19 13:22:08.204424
6610,Sherry Anderson,woodjames@example.com,Germany,2024-01-21,premium,62.0,2026-07-19 13:22:08.205424
6611,Misty Williams,andrew93@example.com,UK,2023-02-08,,,2026-07-19 13:22:08.205424
6612,Shelley Jones,amyrosario@example.org,India,2022-02-26,,,2026-07-19 13:22:08.205424
6613,Jeremy Lewis,mcintoshjeremy@example.org,UK,2025-01-07,premium,59.0,2026-07-19 13:22:08.205424
6614,Kevin Edwards,joyce16@example.net,India,2021-11-04,premium,,2026-07-19 13:22:08.205424
6615,James Huber,awhite@example.org,USA,2024-01-18,,,2026-07-19 13:22:08.205424
6616,Jason Washington,joshua03@example.net,Canada,2021-02-25,Standard,,2026-07-19 13:22:08.205424
6617,William Bailey,kroman@example.org,Germany,2024-03-12,,36.0,2026-07-19 13:22:08.205424
6618,Angela Suarez,laura58@example.net,India,2021-08-28,Standard,,2026-07-19 13:22:08.205424
6619,Timothy Morrow,michelle42@example.com,Germany,2023-12-06,premium,,2026-07-19 13:22:08.206424
6620,Samuel Gill,darren31@example.org,UK,2024-01-20,premium,,2026-07-19 13:22:08.206424
6621,Kevin Griffin,yolandanguyen@example.net,Canada,2026-02-14,premium,,2026-07-19 13:22:08.206424
6622,Teresa Randall,andersonmichelle@example.org,USA,2022-11-23,Standard,21.0,2026-07-19 13:22:08.206424
6623,Justin Logan,sherry99@example.org,Canada,2022-12-10,Premium,,2026-07-19 13:22:08.206424
6624,Stephanie Gregory,tmontgomery@example.org,,2026-05-12,,,2026-07-19 13:22:08.206424
6625,Juan Gross,lisa46@example.org,India,2022-06-24,Standard,,2026-07-19 13:22:08.206424
6626,Matthew Holt,jermaineanderson@example.org,,2025-01-26,premium,,2026-07-19 13:22:08.207425
6627,Dennis Jackson,melindaallen@example.net,,2022-11-12,,41.0,2026-07-19 13:22:08.207425
6628,Patricia Chapman,johnathanwarren@example.org,India,2021-03-14,Standard,30.0,2026-07-19 13:22:08.207425
6629,William Clark,swest@example.com,Germany,2024-02-20,Premium,58.0,2026-07-19 13:22:08.207425
6630,Jennifer Le,garrettrichards@example.com,Canada,2025-02-02,,19.0,2026-07-19 13:22:08.207425
6631,Shannon Williams,rose79@example.net,Canada,2026-03-19,Standard,,2026-07-19 13:22:08.207425
6632,Reginald Glover,cjohnson@example.com,UK,2022-04-28,premium,,2026-07-19 13:22:08.207425
6633,Kathy Fisher,chloe92@example.org,Canada,2026-02-08,,38.0,2026-07-19 13:22:08.208424
6634,Dominic Williams,josephjohnson@example.org,Canada,2023-06-24,Premium,,2026-07-19 13:22:08.208424
6635,Dorothy Jackson,lisa03@example.net,UK,2025-05-05,,,2026-07-19 13:22:08.208424
6636,Deborah Lewis,john27@example.com,Germany,2024-02-27,Premium,,2026-07-19 13:22:08.208424
6637,Erin Butler,matthewsantiago@example.net,Germany,2024-01-13,,,2026-07-19 13:22:08.208424
6638,Jodi Hughes,brent70@example.net,UK,2023-10-26,Premium,,2026-07-19 13:22:08.208424
6639,William Farley,matthew74@example.org,,2023-04-11,,,2026-07-19 13:22:08.208424
6640,Jeremy Hernandez,jason39@example.org,UK,2021-08-01,Standard,63.0,2026-07-19 13:22:08.208424
6641,James Jennings,washingtonchristopher@example.net,,2024-06-16,Standard,,2026-07-19 13:22:08.209423
6642,Eddie Marsh,michael26@example.org,India,2023-03-08,premium,19.0,2026-07-19 13:22:08.209423
6643,Arthur Brown,zdougherty@example.net,India,2022-07-09,Standard,62.0,2026-07-19 13:22:08.209423
6644,Warren Hull,davidcain@example.org,,2025-04-01,Premium,64.0,2026-07-19 13:22:08.209423
6645,Annette Hall,tiffanyroth@example.org,UK,2022-08-07,Standard,,2026-07-19 13:22:08.209423
6646,Travis Greene,bmorgan@example.org,India,2021-10-02,Premium,,2026-07-19 13:22:08.209423
6647,Sarah Collins,aguilarpatrick@example.com,Germany,2022-09-25,Standard,,2026-07-19 13:22:08.209423
6648,Jacob Foster,griffindebbie@example.net,USA,2021-06-02,Standard,,2026-07-19 13:22:08.209423
6649,Brandon Moss,lisa61@example.org,Canada,2024-07-23,Premium,31.0,2026-07-19 13:22:08.209423
6650,David Trevino,zoestuart@example.net,UK,2024-05-15,,,2026-07-19 13:22:08.210440
6651,Shannon Garcia MD,randy51@example.com,Germany,2024-10-28,,33.0,2026-07-19 13:22:08.210440
6652,Phillip Shannon,ncross@example.com,UK,2023-03-28,Premium,,2026-07-19 13:22:08.210440
6653,Stefanie Robinson,twiggins@example.org,,2022-05-25,premium,,2026-07-19 13:22:08.210440
6654,James Hernandez,rharris@example.net,Germany,2024-11-14,premium,70.0,2026-07-19 13:22:08.210440
6655,Rachel Riley,nathan64@example.com,Canada,2025-06-30,premium,,2026-07-19 13:22:08.210440
6656,Donna Hendricks,tiffany97@example.com,India,2025-12-20,Premium,65.0,2026-07-19 13:22:08.210440
6657,Matthew Holden,robertsjulie@example.net,,2025-04-13,,59.0,2026-07-19 13:22:08.210440
6658,Dr. Elizabeth Miller,wardcheryl@example.org,India,2026-02-01,,,2026-07-19 13:22:08.211423
6659,Frank Hubbard,paul35@example.com,Germany,2023-11-11,premium,24.0,2026-07-19 13:22:08.211423
6660,Elizabeth Mann,henrylopez@example.net,Canada,2021-02-10,Standard,41.0,2026-07-19 13:22:08.211423
6661,Anthony Foster,andrearoberts@example.com,UK,2022-10-08,Standard,18.0,2026-07-19 13:22:08.211423
6662,Christopher Thomas MD,djacobs@example.com,India,2023-09-01,premium,,2026-07-19 13:22:08.211423
6663,Melissa Watson,nkoch@example.com,Germany,2022-03-21,premium,52.0,2026-07-19 13:22:08.212423
6664,Tyler Phillips,ssnyder@example.org,India,2025-05-15,premium,58.0,2026-07-19 13:22:08.212423
6665,Allen Carter,eanderson@example.net,,2025-11-18,,,2026-07-19 13:22:08.212423
6666,Wendy Obrien,qgonzalez@example.net,India,2021-08-19,Premium,,2026-07-19 13:22:08.212423
6667,Heather Miller,patrick89@example.net,,2021-07-31,Premium,,2026-07-19 13:22:08.212423
6668,Jason Lyons,davidcollins@example.com,India,2024-07-10,Premium,,2026-07-19 13:22:08.212423
6669,Christopher Hunt,austinmelissa@example.net,India,2022-04-19,Standard,31.0,2026-07-19 13:22:08.212423
6670,David Valdez,nolandavid@example.com,Canada,2023-04-03,Standard,37.0,2026-07-19 13:22:08.212423
6671,Jennifer Mack,vfoster@example.net,UK,2021-07-20,Premium,64.0,2026-07-19 13:22:08.213445
6672,Karen King,jasminhanna@example.net,USA,2021-02-28,Premium,,2026-07-19 13:22:08.213445
6673,Shannon Sanders,vkemp@example.org,Germany,2025-06-27,premium,26.0,2026-07-19 13:22:08.213445
6674,Jack Garcia,thomasisabella@example.net,India,2021-06-02,Standard,,2026-07-19 13:22:08.213445
6675,Kelly Rojas,bettywheeler@example.net,UK,2023-12-14,Standard,66.0,2026-07-19 13:22:08.214955
6676,Annette Shaw,fjohnson@example.org,UK,2022-06-04,Premium,29.0,2026-07-19 13:22:08.214955
6677,Kelsey Lopez,lutzcarolyn@example.com,UK,2024-10-14,Standard,48.0,2026-07-19 13:22:08.214955
6678,Mark Franklin,philipbuchanan@example.org,India,2026-01-15,Premium,,2026-07-19 13:22:08.214955
6679,Christina Martin,meaganaguilar@example.org,Canada,2025-06-12,Standard,,2026-07-19 13:22:08.215968
6680,Adam Frazier,bbrown@example.org,,2024-07-20,premium,30.0,2026-07-19 13:22:08.215968
6681,Diane Hill,hawkinsmatthew@example.com,Canada,2024-10-01,Standard,20.0,2026-07-19 13:22:08.215968
6682,Jared Miller,fzavala@example.com,Canada,2022-01-06,premium,36.0,2026-07-19 13:22:08.215968
6683,Chelsea Lane,kelleymichael@example.org,Germany,2024-01-28,Premium,60.0,2026-07-19 13:22:08.215968
6684,Miguel Robinson,valerie81@example.org,Canada,2023-02-03,,,2026-07-19 13:22:08.215968
6685,Kim Watkins,christopherknight@example.net,,2022-03-30,premium,,2026-07-19 13:22:08.216966
6686,Benjamin Lee,daniel59@example.com,Germany,2022-05-23,,,2026-07-19 13:22:08.216966
6687,James Richards,wclarke@example.org,India,2021-07-30,premium,25.0,2026-07-19 13:22:08.216966
6688,Brenda Smith,daybrian@example.net,UK,2023-03-27,Premium,,2026-07-19 13:22:08.216966
6689,Yolanda Green,kcooper@example.com,UK,2021-09-27,premium,39.0,2026-07-19 13:22:08.216966
6690,Cassandra Miller,nicole66@example.org,Canada,2024-03-18,premium,61.0,2026-07-19 13:22:08.216966
6691,Jacob May,adamslinda@example.com,UK,2021-05-28,Premium,,2026-07-19 13:22:08.216966
6692,Ana Nixon,csmith@example.net,Canada,2021-05-27,,,2026-07-19 13:22:08.216966
6693,Andrea Garcia,williambennett@example.net,,2023-02-04,Premium,19.0,2026-07-19 13:22:08.216966
6694,Amber Williamson,lolson@example.net,,2022-06-22,Standard,,2026-07-19 13:22:08.217963
6695,Jason Dougherty,nhernandez@example.net,USA,2022-01-23,Premium,43.0,2026-07-19 13:22:08.217963
6696,Ashley Cook,uperez@example.net,Germany,2021-12-04,Standard,27.0,2026-07-19 13:22:08.217963
6697,Lauren Horton,collinschad@example.org,,2022-01-01,,,2026-07-19 13:22:08.217963
6698,Kenneth Mayo,brooke75@example.org,USA,2022-11-26,,,2026-07-19 13:22:08.217963
6699,Dawn Olson,karenjohnson@example.com,USA,2026-05-18,Standard,,2026-07-19 13:22:08.217963
6700,Kim Wang,hsmith@example.org,Germany,2023-05-03,Premium,65.0,2026-07-19 13:22:08.217963
6701,Jason Ball,hromero@example.net,Canada,2024-08-11,Standard,,2026-07-19 13:22:08.217963
6702,Leslie Randolph,oschultz@example.com,Germany,2025-10-27,Standard,,2026-07-19 13:22:08.217963
6703,Michael Hoffman,dnelson@example.net,Canada,2022-08-09,Standard,28.0,2026-07-19 13:22:08.218963
6704,Amanda Morales,sandra76@example.org,Canada,2026-04-15,,,2026-07-19 13:22:08.218963
6705,Lisa Thompson,hnicholson@example.com,UK,2023-10-13,Standard,34.0,2026-07-19 13:22:08.218963
6706,Timothy Ware,thompsongregory@example.org,UK,2023-12-14,Premium,,2026-07-19 13:22:08.218963
6707,Tammy Burgess,kimberly14@example.org,Canada,2024-11-22,premium,29.0,2026-07-19 13:22:08.218963
6708,Sarah Cisneros,allisonortiz@example.com,India,2022-10-02,Premium,63.0,2026-07-19 13:22:08.218963
6709,Miss Erica Fields,ryansimpson@example.net,,2021-03-27,,,2026-07-19 13:22:08.218963
6710,Kayla Nelson,gabriel37@example.net,Canada,2024-12-07,Premium,29.0,2026-07-19 13:22:08.218963
6711,Rebecca Robinson,robert19@example.org,India,2026-06-23,,,2026-07-19 13:22:08.218963
6712,Whitney Johnson,kelly89@example.net,India,2021-07-30,,,2026-07-19 13:22:08.219964
6713,Joan Small,andrearobinson@example.net,Germany,2022-08-31,premium,20.0,2026-07-19 13:22:08.219964
6714,Stephanie Harvey,tyler62@example.net,India,2021-08-31,Premium,,2026-07-19 13:22:08.219964
6715,Amy Gardner,nathan76@example.com,Germany,2024-05-07,premium,31.0,2026-07-19 13:22:08.219964
6716,Alexa Clark,vrichard@example.net,Canada,2021-07-01,,,2026-07-19 13:22:08.219964
6717,Janet Pena,geoffrey62@example.com,Germany,2022-01-12,Standard,,2026-07-19 13:22:08.219964
6718,Gabriel Davis,timothyvelazquez@example.org,UK,2023-09-12,,,2026-07-19 13:22:08.220967
6719,Brent Harris,pjones@example.net,India,2024-02-29,Standard,22.0,2026-07-19 13:22:08.220967
6720,Marie Harris,jody13@example.org,Germany,2022-11-08,Premium,44.0,2026-07-19 13:22:08.220967
6721,Jason Bell,gallaghersteve@example.net,USA,2021-10-26,Premium,23.0,2026-07-19 13:22:08.220967
6722,Melissa Jackson,harrisjohn@example.com,,2021-09-06,Standard,,2026-07-19 13:22:08.220967
6723,Felicia Brown,heatherjohnson@example.com,Canada,2021-05-18,premium,,2026-07-19 13:22:08.220967
6724,Logan Sanchez,melissamitchell@example.org,,2022-04-29,,23.0,2026-07-19 13:22:08.220967
6725,Rachel Bennett,adam83@example.org,USA,2023-09-11,Premium,,2026-07-19 13:22:08.221965
6726,Walter Evans,wjennings@example.com,Canada,2022-04-15,premium,,2026-07-19 13:22:08.221965
6727,James Moon,ashleywilliamson@example.net,,2025-03-03,Standard,,2026-07-19 13:22:08.221965
6728,Erik Jenkins,ruizashley@example.com,India,2026-02-19,Premium,,2026-07-19 13:22:08.221965
6729,Joshua Roberts,nicolebutler@example.org,UK,2022-06-13,Premium,41.0,2026-07-19 13:22:08.221965
6730,Jillian Bautista,craiganthony@example.org,India,2024-01-29,Standard,53.0,2026-07-19 13:22:08.221965
6731,Amanda Dean,webermarilyn@example.com,UK,2024-07-15,Premium,,2026-07-19 13:22:08.222966
6732,Shawna Davis,bradleyburke@example.org,Germany,2025-05-05,Premium,,2026-07-19 13:22:08.222966
6733,John Bowers,carl97@example.net,,2025-04-23,Standard,,2026-07-19 13:22:08.222966
6734,Kristin Martinez,jenniferduffy@example.org,Germany,2026-07-03,premium,,2026-07-19 13:22:08.222966
6735,Melinda Griffin,marquezjohn@example.net,,2023-08-02,,,2026-07-19 13:22:08.222966
6736,Mr. Sean Lewis,harperjose@example.net,Germany,2022-09-08,Standard,55.0,2026-07-19 13:22:08.222966
6737,Jesse Edwards,svillanueva@example.com,India,2022-03-17,Standard,28.0,2026-07-19 13:22:08.222966
6738,Jenna Stevens,phillipsdana@example.com,,2023-07-17,Premium,66.0,2026-07-19 13:22:08.222966
6739,Lisa Parks,sydney11@example.net,UK,2025-04-28,Standard,,2026-07-19 13:22:08.223963
6740,Ryan Rojas,qgray@example.com,USA,2026-04-25,,,2026-07-19 13:22:08.223963
6741,Ryan Williams,rachelwilson@example.com,Germany,2023-07-19,premium,,2026-07-19 13:22:08.223963
6742,Jeffery Mann,jamie52@example.com,Germany,2021-06-19,,,2026-07-19 13:22:08.223963
6743,Jessica Thomas,carol12@example.org,UK,2026-06-12,,,2026-07-19 13:22:08.223963
6744,Emily Barnes,monique23@example.net,UK,2025-04-27,,,2026-07-19 13:22:08.223963
6745,Noah Clark,ddiaz@example.org,UK,2024-09-21,,39.0,2026-07-19 13:22:08.223963
6746,Amy Kelly,johnsonandrew@example.com,Canada,2025-04-02,premium,58.0,2026-07-19 13:22:08.223963
6747,Colton Mullins,luke98@example.com,Canada,2021-04-16,,,2026-07-19 13:22:08.223963
6748,Joshua Aguilar,amymorgan@example.com,,2022-02-18,premium,56.0,2026-07-19 13:22:08.224964
6749,Madison Mueller,xhuff@example.net,UK,2022-08-16,,,2026-07-19 13:22:08.224964
6750,Shawn Huff,copelandlogan@example.com,India,2026-01-22,Premium,,2026-07-19 13:22:08.224964
6751,Gerald Martin,garymartinez@example.org,UK,2024-05-20,Standard,,2026-07-19 13:22:08.224964
6752,Mr. Samuel Fleming,cummingsclinton@example.org,India,2022-04-14,Premium,65.0,2026-07-19 13:22:08.224964
6753,Corey Ball,yrichmond@example.org,UK,2023-01-29,,,2026-07-19 13:22:08.224964
6754,Traci Elliott,rebeccamcdonald@example.org,India,2025-04-17,premium,,2026-07-19 13:22:08.224964
6755,Virginia Foster,jacobhawkins@example.com,India,2022-02-18,premium,,2026-07-19 13:22:08.224964
6756,Heather Ortiz,lucasgreene@example.com,,2024-02-08,premium,,2026-07-19 13:22:08.224964
6757,Jesse Johnson,teresa37@example.com,Germany,2023-07-31,,33.0,2026-07-19 13:22:08.224964
6758,Carla Miller,armstrongjulia@example.net,Canada,2023-05-18,Standard,40.0,2026-07-19 13:22:08.224964
6759,Vanessa Robinson,travismorrison@example.com,Canada,2021-11-12,Premium,43.0,2026-07-19 13:22:08.226469
6760,Teresa Reynolds,helen90@example.net,Canada,2026-01-25,premium,,2026-07-19 13:22:08.226469
6761,Sara Baker,kristinamurphy@example.org,,2022-12-18,Standard,,2026-07-19 13:22:08.226469
6762,Jodi Solis,tashamclaughlin@example.net,USA,2025-11-03,premium,66.0,2026-07-19 13:22:08.226469
6763,Maria Brown,david23@example.org,India,2022-03-21,Standard,,2026-07-19 13:22:08.226469
6764,Russell Baldwin,barbarathomas@example.org,Germany,2023-06-12,Premium,,2026-07-19 13:22:08.226469
6765,Connie Taylor,haydenpamela@example.net,Germany,2022-11-16,Premium,23.0,2026-07-19 13:22:08.226469
6766,Eric Walker,kingjohn@example.net,India,2026-07-03,Standard,,2026-07-19 13:22:08.226469
6767,Kyle Davis,tmccoy@example.org,UK,2026-07-09,Premium,39.0,2026-07-19 13:22:08.227477
6768,Cindy Rodriguez,hintoncaleb@example.org,Germany,2022-05-10,Standard,,2026-07-19 13:22:08.227477
6769,Christine Price,brownmichael@example.com,Germany,2022-05-12,,,2026-07-19 13:22:08.227477
6770,Cory Smith,angela43@example.net,India,2025-01-31,premium,44.0,2026-07-19 13:22:08.227477
6771,Danielle Baker,hstewart@example.com,India,2025-03-05,Standard,43.0,2026-07-19 13:22:08.227477
6772,Charles Jones,kcastro@example.org,UK,2021-07-22,,,2026-07-19 13:22:08.227477
6773,Tracy Mills,cadams@example.org,,2021-12-04,,58.0,2026-07-19 13:22:08.227477
6774,Andrew Alvarez,vangcole@example.org,Germany,2025-10-14,Premium,,2026-07-19 13:22:08.228477
6775,David Neal,melodyjohnson@example.org,,2025-05-23,,,2026-07-19 13:22:08.228477
6776,Courtney Oneal,lori60@example.org,UK,2023-05-02,Premium,24.0,2026-07-19 13:22:08.228477
6777,Brandy Stephens,xmolina@example.net,,2023-07-29,premium,,2026-07-19 13:22:08.228477
6778,Katherine Barry MD,john41@example.org,,2023-01-13,Standard,,2026-07-19 13:22:08.228477
6779,Andrea Hines DVM,carloswagner@example.org,,2026-04-23,Standard,,2026-07-19 13:22:08.228477
6780,Evelyn Humphrey,obecker@example.net,India,2022-07-01,Standard,53.0,2026-07-19 13:22:08.228477
6781,Elizabeth Willis,tinamacdonald@example.org,Canada,2022-10-09,,,2026-07-19 13:22:08.228477
6782,Clifford Green,xmorris@example.net,India,2023-06-21,Standard,23.0,2026-07-19 13:22:08.229477
6783,Lauren Sloan,michael49@example.com,Germany,2025-07-11,,34.0,2026-07-19 13:22:08.229477
6784,Regina Hoover,hgibson@example.net,UK,2024-06-20,,,2026-07-19 13:22:08.229477
6785,Dr. Christina Haas,wwilliams@example.com,India,2022-05-09,,,2026-07-19 13:22:08.229477
6786,Wendy Wilcox,schneiderpatricia@example.net,UK,2023-02-17,Premium,,2026-07-19 13:22:08.229477
6787,Shannon Walker PhD,ballardjavier@example.net,Canada,2022-10-24,Premium,56.0,2026-07-19 13:22:08.229477
6788,Christopher Edwards,sellersashley@example.com,Germany,2023-11-03,premium,41.0,2026-07-19 13:22:08.229477
6789,Antonio Gordon,twerner@example.org,USA,2023-05-04,premium,37.0,2026-07-19 13:22:08.229477
6790,Jacob Hunter,brendan38@example.net,India,2023-02-28,Standard,39.0,2026-07-19 13:22:08.230476
6791,Jack Day,susanthomas@example.org,,2025-12-26,,35.0,2026-07-19 13:22:08.230476
6792,Jerry Lee,bmorgan@example.com,UK,2022-04-16,Standard,,2026-07-19 13:22:08.230476
6793,Ryan House,jesus69@example.org,,2023-05-08,,,2026-07-19 13:22:08.230476
6794,Matthew Bell,williammaynard@example.com,Germany,2024-02-11,premium,,2026-07-19 13:22:08.230476
6795,Crystal Lopez,karen94@example.org,UK,2021-07-07,Premium,48.0,2026-07-19 13:22:08.230476
6796,Michael Young,frances68@example.net,India,2024-09-20,premium,,2026-07-19 13:22:08.230476
6797,William Vargas,daniel56@example.com,,2022-02-05,Standard,,2026-07-19 13:22:08.231477
6798,Michelle Cantu,poperachel@example.net,USA,2022-04-03,,,2026-07-19 13:22:08.231477
6799,James Carpenter,michael62@example.net,,2023-10-15,Premium,,2026-07-19 13:22:08.231477
6800,Jessica Molina,sherry99@example.org,UK,2025-07-27,Standard,64.0,2026-07-19 13:22:08.231477
6801,Mark Cunningham,suzannealvarado@example.net,UK,2025-01-21,Premium,,2026-07-19 13:22:08.231477
6802,Antonio Rodriguez,bsanchez@example.net,,2025-03-13,premium,,2026-07-19 13:22:08.231477
6803,Nicholas Nielsen,robert42@example.net,USA,2024-07-12,,47.0,2026-07-19 13:22:08.231477
6804,Sean Ware,combsdaniel@example.net,Canada,2022-10-29,Premium,25.0,2026-07-19 13:22:08.231477
6805,Mary Bell,jennifer06@example.org,India,2022-12-10,premium,,2026-07-19 13:22:08.232476
6806,Michelle Moreno,joshua32@example.org,USA,2022-04-02,premium,,2026-07-19 13:22:08.232476
6807,Jill Gonzalez,gmcclure@example.com,USA,2022-10-30,Premium,,2026-07-19 13:22:08.232476
6808,Julie Curry,baileyheather@example.org,,2023-07-17,,26.0,2026-07-19 13:22:08.232476
6809,Susan Payne,xwilliams@example.net,India,2021-04-06,premium,,2026-07-19 13:22:08.232476
6810,Roberta Watkins,thomasmcclain@example.org,Germany,2025-02-13,Premium,,2026-07-19 13:22:08.232476
6811,Robert Perkins,xrobinson@example.org,India,2022-11-30,,37.0,2026-07-19 13:22:08.232476
6812,Brittany Wilcox,rogerssteven@example.net,Germany,2023-07-22,premium,,2026-07-19 13:22:08.232476
6813,Kimberly Harmon,harristina@example.com,Germany,2025-05-07,premium,27.0,2026-07-19 13:22:08.232476
6814,Jennifer Lawson,dianestevens@example.org,USA,2023-07-17,premium,,2026-07-19 13:22:08.233477
6815,Thomas Peterson,jesus86@example.org,UK,2026-06-13,premium,,2026-07-19 13:22:08.233477
6816,Sarah Lee,williamporter@example.com,Germany,2024-07-08,Premium,,2026-07-19 13:22:08.233477
6817,Brittney Lloyd,khanmatthew@example.org,Germany,2026-04-20,Standard,,2026-07-19 13:22:08.233477
6818,Jay Hayden,lpitts@example.com,,2022-12-16,Premium,67.0,2026-07-19 13:22:08.233477
6819,Travis Scott,seanharris@example.org,Germany,2025-08-10,Standard,,2026-07-19 13:22:08.233477
6820,Marcia Rose,laurenscott@example.net,Germany,2026-07-16,premium,,2026-07-19 13:22:08.233477
6821,Adam Cooper,brianwilliams@example.org,Canada,2025-02-19,,,2026-07-19 13:22:08.233477
6822,Amy Mullins DVM,mollystout@example.net,,2022-07-13,Premium,,2026-07-19 13:22:08.233477
6823,Melissa Webster,sroach@example.net,,2023-03-29,,64.0,2026-07-19 13:22:08.233477
6824,Timothy Kennedy,hoovercharles@example.com,India,2025-11-07,premium,,2026-07-19 13:22:08.233477
6825,Scott Sosa,llam@example.net,UK,2024-08-22,Premium,51.0,2026-07-19 13:22:08.234984
6826,Arthur Aguilar,gracesharp@example.net,Germany,2021-04-14,premium,,2026-07-19 13:22:08.234984
6827,Nancy Gonzalez,nicoleswanson@example.org,Canada,2025-11-10,,19.0,2026-07-19 13:22:08.234984
6828,Jimmy White,thomaselizabeth@example.com,UK,2021-12-04,,24.0,2026-07-19 13:22:08.234984
6829,Anna Snyder,smithdebbie@example.net,Canada,2023-12-20,premium,57.0,2026-07-19 13:22:08.234984
6830,Tami Lawson,mooreeric@example.com,,2021-10-20,Premium,66.0,2026-07-19 13:22:08.234984
6831,James Phelps,jstewart@example.org,Germany,2022-05-06,Premium,,2026-07-19 13:22:08.234984
6832,Keith Harvey,wcooke@example.com,UK,2022-02-11,premium,54.0,2026-07-19 13:22:08.235992
6833,Diana Melton,elizabethhughes@example.org,Germany,2023-07-03,,62.0,2026-07-19 13:22:08.235992
6834,Michael Smith,rsantiago@example.org,UK,2024-10-17,premium,61.0,2026-07-19 13:22:08.235992
6835,Shannon Hamilton,makayla00@example.net,Germany,2021-06-24,Standard,,2026-07-19 13:22:08.235992
6836,Robin Chavez,kellyheidi@example.com,UK,2022-01-02,Standard,,2026-07-19 13:22:08.235992
6837,Courtney Gibson,rriggs@example.com,Germany,2024-04-18,Standard,40.0,2026-07-19 13:22:08.235992
6838,Jamie Hurley,ismith@example.net,Germany,2023-10-27,Standard,,2026-07-19 13:22:08.235992
6839,Kim Garcia,martinemily@example.net,,2023-08-05,,,2026-07-19 13:22:08.235992
6840,Matthew Martin,floresbrittany@example.org,Canada,2024-01-01,Standard,26.0,2026-07-19 13:22:08.236991
6841,Brandon Fisher,sierraharris@example.net,India,2022-03-07,Premium,31.0,2026-07-19 13:22:08.236991
6842,Mrs. Nancy Robertson,qnorris@example.net,India,2021-12-13,Premium,66.0,2026-07-19 13:22:08.236991
6843,Luis Cohen,terrywendy@example.com,UK,2026-07-05,Premium,35.0,2026-07-19 13:22:08.236991
6844,Gavin Simmons,hfowler@example.net,Canada,2023-03-01,,37.0,2026-07-19 13:22:08.236991
6845,Mary Gonzalez,rogergreen@example.com,Germany,2022-12-27,premium,57.0,2026-07-19 13:22:08.236991
6846,Kathleen Martin,qmartinez@example.com,Germany,2024-04-11,Standard,,2026-07-19 13:22:08.236991
6847,Joshua Johnson,cdavid@example.com,,2022-03-22,,46.0,2026-07-19 13:22:08.236991
6848,Richard Higgins,taylortheresa@example.org,,2025-01-17,Premium,30.0,2026-07-19 13:22:08.237991
6849,David Ortiz,lcampbell@example.com,,2026-04-05,,61.0,2026-07-19 13:22:08.237991
6850,Crystal Contreras,robertsonmatthew@example.org,India,2022-03-17,,41.0,2026-07-19 13:22:08.237991
6851,Natasha Ware,ramosbrandy@example.net,Germany,2021-12-04,Premium,50.0,2026-07-19 13:22:08.237991
6852,Pamela Long,farrelladrian@example.org,India,2025-07-13,,,2026-07-19 13:22:08.237991
6853,Amanda Smith,mmiranda@example.net,UK,2021-03-30,premium,63.0,2026-07-19 13:22:08.237991
6854,Melissa Gonzalez,charleshopkins@example.org,USA,2021-07-30,,45.0,2026-07-19 13:22:08.237991
6855,Donna Johnson,catherinehale@example.net,Canada,2022-01-02,Standard,61.0,2026-07-19 13:22:08.237991
6856,Dr. Cassandra Lindsey DDS,michaelmurphy@example.com,USA,2022-01-30,Standard,,2026-07-19 13:22:08.238991
6857,Robert Flores,msloan@example.org,,2022-11-11,Standard,38.0,2026-07-19 13:22:08.238991
6858,Robert Page,keithleblanc@example.org,Germany,2026-01-31,Premium,,2026-07-19 13:22:08.238991
6859,William Miller,tinanelson@example.net,,2023-06-26,Standard,,2026-07-19 13:22:08.238991
6860,Morgan Andrews,perezrebecca@example.com,Germany,2021-01-26,premium,,2026-07-19 13:22:08.239992
6861,Erin Scott,april09@example.org,,2023-01-08,premium,,2026-07-19 13:22:08.239992
6862,Philip Medina,smithpeter@example.net,,2025-05-06,Standard,,2026-07-19 13:22:08.239992
6863,Daniel Rosales,dmanning@example.net,India,2024-12-10,Premium,25.0,2026-07-19 13:22:08.239992
6864,Kenneth Velasquez,mary01@example.com,,2023-07-25,premium,23.0,2026-07-19 13:22:08.239992
6865,Theresa Scott,fletcherthomas@example.org,Germany,2021-05-20,,30.0,2026-07-19 13:22:08.239992
6866,Mary Perez,markburnett@example.net,,2024-08-26,Standard,21.0,2026-07-19 13:22:08.239992
6867,Jack Campbell,regina43@example.net,UK,2021-12-02,Premium,62.0,2026-07-19 13:22:08.239992
6868,Jimmy Scott,grahambeth@example.org,Germany,2021-11-07,,,2026-07-19 13:22:08.239992
6869,Christopher Miranda,robertdavis@example.net,Canada,2023-07-16,premium,49.0,2026-07-19 13:22:08.240991
6870,Sabrina Turner,gnicholson@example.net,India,2024-05-28,Standard,28.0,2026-07-19 13:22:08.240991
6871,Linda Ellis,jason42@example.com,Canada,2025-01-31,Standard,30.0,2026-07-19 13:22:08.240991
6872,Brandon Ewing,btaylor@example.net,India,2025-01-19,Premium,24.0,2026-07-19 13:22:08.240991
6873,Steve Hernandez,pattonsierra@example.com,USA,2024-01-24,Standard,52.0,2026-07-19 13:22:08.240991
6874,Ana Baker,upeterson@example.net,Germany,2026-06-26,Standard,,2026-07-19 13:22:08.240991
6875,Melissa Higgins,ihall@example.org,Germany,2021-05-22,premium,,2026-07-19 13:22:08.240991
6876,Breanna Alvarez,melissahampton@example.com,Canada,2022-06-11,Premium,,2026-07-19 13:22:08.240991
6877,Joseph Meyers,nicole26@example.com,Germany,2025-12-09,Standard,,2026-07-19 13:22:08.241989
6878,Kimberly Mays,jessicapatterson@example.org,Germany,2025-09-27,premium,,2026-07-19 13:22:08.241989
6879,Tracy Lin,nicholas37@example.com,Germany,2022-11-18,,62.0,2026-07-19 13:22:08.241989
6880,Thomas Martinez,heather73@example.net,,2024-03-19,Standard,,2026-07-19 13:22:08.241989
6881,David Singh,dlopez@example.com,USA,2026-04-25,premium,,2026-07-19 13:22:08.241989
6882,Amy Sanchez,lisabrewer@example.org,UK,2026-04-09,premium,,2026-07-19 13:22:08.241989
6883,Amber Perez,randy14@example.org,UK,2025-04-20,Premium,32.0,2026-07-19 13:22:08.241989
6884,Brandon Sullivan,humphreyalbert@example.net,Germany,2021-10-23,premium,,2026-07-19 13:22:08.241989
6885,Jennifer Mcdonald,arthur54@example.com,Germany,2025-02-09,,,2026-07-19 13:22:08.242992
6886,Kathleen Johnson,opatton@example.com,Canada,2023-04-01,Premium,43.0,2026-07-19 13:22:08.242992
6887,Robert Ward,maria75@example.com,India,2022-07-10,Standard,56.0,2026-07-19 13:22:08.242992
6888,Michael Buchanan,anthony77@example.com,Germany,2022-02-24,premium,68.0,2026-07-19 13:22:08.242992
6889,Tanya Porter,bergerscott@example.org,UK,2022-07-07,,59.0,2026-07-19 13:22:08.242992
6890,Justin Ellis,pattonroger@example.net,USA,2024-11-15,Standard,39.0,2026-07-19 13:22:08.242992
6891,Leonard Bentley,andrea07@example.com,,2021-02-27,,61.0,2026-07-19 13:22:08.243995
6892,John Morgan,herreratammy@example.com,Canada,2023-06-14,Premium,,2026-07-19 13:22:08.243995
6893,Brittany Bond,jenniferhobbs@example.com,UK,2023-05-01,Premium,,2026-07-19 13:22:08.243995
6894,Leslie Matthews,max10@example.net,UK,2025-10-01,,47.0,2026-07-19 13:22:08.243995
6895,Robert Butler,adrianwheeler@example.com,Germany,2024-12-29,Standard,,2026-07-19 13:22:08.243995
6896,Daniel Clarke,mhamilton@example.net,USA,2026-03-04,Standard,,2026-07-19 13:22:08.243995
6897,John Stein,anthony30@example.com,,2025-10-09,premium,,2026-07-19 13:22:08.243995
6898,Michelle Torres,steven78@example.org,Canada,2025-10-05,Standard,,2026-07-19 13:22:08.244997
6899,Lori Figueroa,thompsontrevor@example.org,UK,2022-06-05,Premium,,2026-07-19 13:22:08.244997
6900,Tabitha Dean,mary57@example.com,India,2022-02-07,premium,50.0,2026-07-19 13:22:08.244997
6901,Jeremy Baker,angelaking@example.com,USA,2021-09-12,Standard,,2026-07-19 13:22:08.244997
6902,Kelly White,heather60@example.net,UK,2025-04-03,premium,30.0,2026-07-19 13:22:08.244997
6903,Juan Ross,myersmike@example.org,Canada,2024-04-04,premium,46.0,2026-07-19 13:22:08.244997
6904,William Browning,april66@example.com,India,2021-10-10,Premium,,2026-07-19 13:22:08.244997
6905,Dylan Schneider,perryharry@example.org,India,2021-05-26,premium,42.0,2026-07-19 13:22:08.244997
6906,Erik Wiley,michael09@example.org,,2022-08-04,premium,25.0,2026-07-19 13:22:08.245992
6907,William Dunn,john36@example.com,USA,2022-06-06,Premium,37.0,2026-07-19 13:22:08.245992
6908,Elizabeth Erickson,williamward@example.com,Canada,2025-09-14,Standard,30.0,2026-07-19 13:22:08.245992
6909,Mr. David Mcfarland,natashabates@example.org,UK,2024-09-11,premium,,2026-07-19 13:22:08.245992
6910,Charles Grant,amy81@example.com,UK,2023-04-22,Premium,,2026-07-19 13:22:08.245992
6911,William Madden,bearddale@example.net,UK,2024-01-02,Premium,,2026-07-19 13:22:08.245992
6912,Diane Baldwin,diane73@example.org,Canada,2021-09-28,,62.0,2026-07-19 13:22:08.245992
6913,Joshua Lopez,kgibbs@example.net,USA,2026-05-14,premium,,2026-07-19 13:22:08.245992
6914,Taylor Gordon,wandaharris@example.org,Canada,2021-07-16,premium,22.0,2026-07-19 13:22:08.246992
6915,Joseph Rowland,mhernandez@example.com,India,2021-06-12,,,2026-07-19 13:22:08.246992
6916,Craig Foley,robinsondonna@example.org,Canada,2021-02-23,,34.0,2026-07-19 13:22:08.246992
6917,Pamela Olson,justinsmith@example.net,,2023-01-04,premium,31.0,2026-07-19 13:22:08.246992
6918,Andrew Thomas,melissagonzales@example.net,Germany,2024-05-22,premium,,2026-07-19 13:22:08.246992
6919,Rose Porter,uhogan@example.com,Germany,2023-12-26,,,2026-07-19 13:22:08.246992
6920,Timothy Alexander,johnsontroy@example.org,Canada,2026-06-30,,35.0,2026-07-19 13:22:08.246992
6921,Donald Black,houstonteresa@example.net,India,2024-09-23,,61.0,2026-07-19 13:22:08.247992
6922,Luke Barnes,alexacombs@example.com,Canada,2022-12-19,,66.0,2026-07-19 13:22:08.247992
6923,James Newton,gutierreztommy@example.org,Canada,2025-04-09,Standard,,2026-07-19 13:22:08.247992
6924,Adam Myers,matthewparker@example.org,UK,2022-02-10,,,2026-07-19 13:22:08.247992
6925,Steven Bridges,brittany26@example.org,India,2021-06-07,,,2026-07-19 13:22:08.247992
6926,Victor Peterson,zgray@example.com,Canada,2022-03-06,Premium,,2026-07-19 13:22:08.247992
6927,Ashley Gomez,hopkinskatherine@example.com,UK,2021-09-25,Premium,,2026-07-19 13:22:08.247992
6928,Charles Brady,davidjohnson@example.com,,2021-08-26,,64.0,2026-07-19 13:22:08.248994
6929,Penny Brewer,cwilliams@example.net,Canada,2023-07-07,Premium,,2026-07-19 13:22:08.248994
6930,Edward Welch,qhenderson@example.org,Canada,2021-09-29,premium,36.0,2026-07-19 13:22:08.248994
6931,David Mann,lsmith@example.org,Germany,2026-04-05,,,2026-07-19 13:22:08.248994
6932,Edgar Carlson,martinezkaren@example.org,UK,2022-07-10,premium,,2026-07-19 13:22:08.248994
6933,Terry Riddle II,carolyncrawford@example.org,Germany,2021-11-19,Premium,24.0,2026-07-19 13:22:08.248994
6934,Renee White,robinsonadam@example.org,Canada,2023-11-01,,,2026-07-19 13:22:08.248994
6935,William Stone,barbaragross@example.net,Germany,2024-07-08,premium,,2026-07-19 13:22:08.249993
6936,Morgan Jackson,johnsondavid@example.net,Germany,2024-08-19,,,2026-07-19 13:22:08.249993
6937,Jessica Lucas,qwood@example.org,USA,2025-08-13,,61.0,2026-07-19 13:22:08.249993
6938,Mr. Thomas Green,heather55@example.net,India,2023-09-15,premium,35.0,2026-07-19 13:22:08.249993
6939,Anthony Crosby,vreed@example.org,USA,2023-04-19,Premium,,2026-07-19 13:22:08.249993
6940,Robert Davis,lindseyteresa@example.net,,2024-06-01,premium,,2026-07-19 13:22:08.249993
6941,Kyle Taylor,drakericardo@example.org,Canada,2021-10-27,,42.0,2026-07-19 13:22:08.249993
6942,Steven Orozco,james60@example.org,,2022-07-10,,22.0,2026-07-19 13:22:08.249993
6943,Alyssa Kim,robertsmichael@example.org,UK,2025-10-22,,,2026-07-19 13:22:08.251010
6944,Carl Smith,valdezlarry@example.com,Canada,2023-01-17,,,2026-07-19 13:22:08.251010
6945,Mark Thomas,juliesnyder@example.net,Germany,2023-03-17,premium,47.0,2026-07-19 13:22:08.251010
6946,Timothy Koch,mannleonard@example.net,,2025-05-25,,,2026-07-19 13:22:08.251010
6947,Brandon Long,moralesshannon@example.org,USA,2023-10-06,,55.0,2026-07-19 13:22:08.251010
6948,Michael Beck,hbowman@example.org,,2022-01-07,,22.0,2026-07-19 13:22:08.251010
6949,Ian Walker,baileymichelle@example.org,Canada,2021-03-29,,66.0,2026-07-19 13:22:08.251010
6950,Jonathan Jones,emilybaker@example.org,India,2025-11-09,Standard,,2026-07-19 13:22:08.251010
6951,Darrell Branch,heather79@example.net,USA,2025-07-01,Premium,44.0,2026-07-19 13:22:08.252005
6952,Kimberly Austin,josephbecker@example.com,India,2025-06-01,Standard,32.0,2026-07-19 13:22:08.252005
6953,Brenda Chapman,andersonkelly@example.com,,2021-04-08,Standard,21.0,2026-07-19 13:22:08.252005
6954,Christine Schroeder,jlevy@example.net,USA,2023-02-02,Standard,,2026-07-19 13:22:08.252005
6955,Charles Pollard,pcollins@example.org,Germany,2026-06-03,,70.0,2026-07-19 13:22:08.252005
6956,Margaret Ho,breanna65@example.com,Germany,2023-05-17,premium,63.0,2026-07-19 13:22:08.252005
6957,Rebecca Smith,leonardsamantha@example.org,,2021-05-28,Premium,,2026-07-19 13:22:08.252005
6958,Ralph Gregory,michaelbarnes@example.net,,2025-10-25,Standard,,2026-07-19 13:22:08.252996
6959,Jacqueline Ward,adam83@example.net,UK,2021-08-12,,38.0,2026-07-19 13:22:08.252996
6960,Tina Bird,brooksdana@example.com,UK,2024-11-01,Premium,,2026-07-19 13:22:08.252996
6961,Lisa Harrison,abigailthompson@example.org,USA,2023-11-05,Premium,,2026-07-19 13:22:08.252996
6962,Michael Flores,sullivanrita@example.org,India,2025-02-15,premium,,2026-07-19 13:22:08.252996
6963,Sean Hughes,theresaperez@example.net,India,2025-03-04,Premium,25.0,2026-07-19 13:22:08.252996
6964,Ricky Price,wallacebilly@example.org,India,2025-08-12,premium,,2026-07-19 13:22:08.253995
6965,Melissa Smith,gallowaythomas@example.com,USA,2023-07-31,Premium,38.0,2026-07-19 13:22:08.253995
6966,Ryan Barry,johnperez@example.org,Germany,2024-03-31,premium,,2026-07-19 13:22:08.253995
6967,Debbie Williams,katherinehorn@example.com,India,2022-01-22,Premium,,2026-07-19 13:22:08.253995
6968,Ashley Pena,toddheather@example.org,UK,2023-07-30,,,2026-07-19 13:22:08.253995
6969,Amanda Banks,xhenderson@example.com,Canada,2022-09-28,Standard,20.0,2026-07-19 13:22:08.253995
6970,Regina Ayala,kylefranklin@example.com,,2023-03-29,Standard,28.0,2026-07-19 13:22:08.254998
6971,Nancy Parker,lindasexton@example.com,USA,2021-07-27,Premium,48.0,2026-07-19 13:22:08.254998
6972,Joseph Carson,ggarcia@example.net,Canada,2023-01-24,premium,,2026-07-19 13:22:08.254998
6973,Jennifer Mathews,umiller@example.org,Germany,2021-05-17,Standard,55.0,2026-07-19 13:22:08.254998
6974,Daniel White,mannwayne@example.com,UK,2021-12-31,,,2026-07-19 13:22:08.254998
6975,John Fleming,hsmith@example.com,USA,2021-05-23,,30.0,2026-07-19 13:22:08.254998
6976,Angela Mills,lbryan@example.org,India,2022-01-20,Standard,,2026-07-19 13:22:08.255996
6977,Nathaniel Green,johnsonleslie@example.net,UK,2024-07-08,,29.0,2026-07-19 13:22:08.255996
6978,Jonathan Griffin,melissa53@example.net,Germany,2021-05-31,,,2026-07-19 13:22:08.255996
6979,Megan Elliott,zthompson@example.net,Canada,2024-02-26,Premium,33.0,2026-07-19 13:22:08.255996
6980,Diana Cline,petermiller@example.com,USA,2023-07-06,Premium,48.0,2026-07-19 13:22:08.255996
6981,Omar Cruz,david36@example.com,Canada,2024-09-24,Premium,62.0,2026-07-19 13:22:08.255996
6982,Kimberly Ho,fieldsrobert@example.com,USA,2023-08-05,,,2026-07-19 13:22:08.255996
6983,Lisa Taylor,elainehutchinson@example.com,,2026-02-07,Standard,19.0,2026-07-19 13:22:08.256997
6984,Caleb Hays,michelle25@example.org,,2025-08-27,Premium,,2026-07-19 13:22:08.256997
6985,Steven Jones,vlee@example.com,India,2024-11-17,premium,35.0,2026-07-19 13:22:08.256997
6986,Jasmine Coleman,jenniferbaker@example.com,Germany,2025-01-01,,57.0,2026-07-19 13:22:08.256997
6987,Steven Ferguson,pierceshelia@example.net,,2021-09-12,Premium,,2026-07-19 13:22:08.256997
6988,Edward Crosby,ygomez@example.net,Germany,2024-03-21,Standard,,2026-07-19 13:22:08.256997
6989,Brenda Velazquez,derrickstevens@example.com,,2022-05-27,Premium,67.0,2026-07-19 13:22:08.256997
6990,Kevin Rivera,meganrivas@example.org,India,2025-08-03,,,2026-07-19 13:22:08.256997
6991,Juan Banks,whill@example.net,India,2025-01-01,Standard,70.0,2026-07-19 13:22:08.257996
6992,Tyler Clayton,xzimmerman@example.org,USA,2021-09-06,,,2026-07-19 13:22:08.257996
6993,Kevin Pace,alexanderbrenda@example.com,UK,2021-06-15,premium,36.0,2026-07-19 13:22:08.257996
6994,Joanna Solomon,beth57@example.net,USA,2026-06-22,premium,,2026-07-19 13:22:08.257996
6995,Julia Jones,wilkinsonsara@example.net,USA,2021-06-28,Standard,62.0,2026-07-19 13:22:08.257996
6996,Jared Gentry,russellpage@example.net,Germany,2023-07-20,Premium,45.0,2026-07-19 13:22:08.257996
6997,Brett Lee MD,robert66@example.net,Canada,2021-09-13,premium,,2026-07-19 13:22:08.257996
6998,Nathaniel Watson,williemiles@example.com,UK,2025-09-08,Standard,,2026-07-19 13:22:08.257996
6999,Rhonda Griffin,sullivandiane@example.org,Germany,2026-02-15,premium,,2026-07-19 13:22:08.258993
7000,Catherine Pierce,debramartinez@example.net,UK,2022-08-08,Premium,,2026-07-19 13:22:08.258993
7001,Christian Best,amy48@example.net,Canada,2026-01-05,premium,20.0,2026-07-19 13:22:08.258993
7002,Danielle Humphrey,xwilson@example.org,UK,2024-02-15,,,2026-07-19 13:22:08.258993
7003,Erin Dalton,ccruz@example.net,,2025-10-22,Premium,57.0,2026-07-19 13:22:08.258993
7004,John Gaines,kennethcooley@example.net,India,2026-02-19,Standard,20.0,2026-07-19 13:22:08.258993
7005,Kevin Webster,richardbrown@example.org,UK,2025-09-06,premium,26.0,2026-07-19 13:22:08.258993
7006,Krystal Taylor,abush@example.org,USA,2022-08-06,Standard,,2026-07-19 13:22:08.259995
7007,Mary Wang,brendaking@example.com,Canada,2021-11-20,premium,54.0,2026-07-19 13:22:08.259995
7008,Teresa Watson,shari61@example.com,Germany,2023-04-07,premium,50.0,2026-07-19 13:22:08.259995
7009,Jacob Graham,chodges@example.net,UK,2021-06-13,Premium,,2026-07-19 13:22:08.259995
7010,Dawn Middleton,ccameron@example.net,India,2022-01-01,Premium,,2026-07-19 13:22:08.259995
7011,Ian Dunn,smithjudy@example.org,USA,2022-01-19,,,2026-07-19 13:22:08.259995
7012,Jeffrey Hardy,friedmanamy@example.com,UK,2025-08-16,Premium,,2026-07-19 13:22:08.260995
7013,Courtney Jones,sandramendoza@example.org,India,2021-11-22,,37.0,2026-07-19 13:22:08.260995
7014,Elizabeth Fields,olivia09@example.net,India,2021-06-02,Standard,,2026-07-19 13:22:08.260995
7015,Veronica Graham,gerald03@example.org,USA,2023-04-13,,,2026-07-19 13:22:08.260995
7016,Sarah Reyes,loganmarissa@example.org,USA,2024-08-10,Premium,51.0,2026-07-19 13:22:08.260995
7017,Shelly Powell,timothy91@example.net,,2026-02-26,Standard,,2026-07-19 13:22:08.260995
7018,Joseph Beck MD,christopher89@example.org,,2024-01-11,Standard,,2026-07-19 13:22:08.260995
7019,James Spencer,grossjared@example.org,,2022-02-14,,48.0,2026-07-19 13:22:08.261995
7020,Andrew Donovan,jennifergibson@example.net,India,2024-11-18,Standard,,2026-07-19 13:22:08.261995
7021,Robin Frazier,shannonblankenship@example.com,USA,2023-01-07,premium,,2026-07-19 13:22:08.261995
7022,Jeremy Mills,riveradana@example.com,UK,2023-10-09,Standard,,2026-07-19 13:22:08.261995
7023,Jennifer Ray,baileyjillian@example.net,India,2023-11-17,Premium,,2026-07-19 13:22:08.261995
7024,Teresa Ortiz,hhiggins@example.net,,2021-10-10,premium,32.0,2026-07-19 13:22:08.262996
7025,Sabrina Garcia,ubarnes@example.org,USA,2023-02-09,Premium,66.0,2026-07-19 13:22:08.262996
7026,Hannah Estrada,cindy83@example.net,India,2021-05-06,Premium,,2026-07-19 13:22:08.262996
7027,Robert Smith,taylorcastro@example.com,USA,2024-11-26,,,2026-07-19 13:22:08.262996
7028,Julie Tyler,jorge98@example.net,Canada,2023-01-13,Premium,64.0,2026-07-19 13:22:08.262996
7029,Lisa Bates,melanie62@example.com,UK,2024-12-09,Premium,56.0,2026-07-19 13:22:08.262996
7030,Bridget Mathis,wreed@example.com,Germany,2022-08-18,premium,48.0,2026-07-19 13:22:08.262996
7031,Kimberly Edwards,diana04@example.com,Germany,2024-03-21,Standard,36.0,2026-07-19 13:22:08.263992
7032,Roy White,robinsonbelinda@example.net,Germany,2024-05-28,Standard,,2026-07-19 13:22:08.263992
7033,Andrea Wyatt,nicole98@example.org,India,2023-03-21,Standard,20.0,2026-07-19 13:22:08.263992
7034,Carlos Garcia,katherine09@example.net,Germany,2022-03-01,Standard,21.0,2026-07-19 13:22:08.263992
7035,Melissa Mendoza,idunn@example.com,,2021-03-07,premium,58.0,2026-07-19 13:22:08.263992
7036,Perry Farmer,madelinejackson@example.org,Canada,2022-09-28,premium,,2026-07-19 13:22:08.263992
7037,Michele Boyd,michelle39@example.com,USA,2025-12-09,Premium,,2026-07-19 13:22:08.263992
7038,Wendy Mann,nancy02@example.com,USA,2021-12-14,Standard,,2026-07-19 13:22:08.263992
7039,Joshua Glass,kenneth35@example.org,Canada,2025-02-05,,,2026-07-19 13:22:08.264990
7040,Mark Manning,qlewis@example.net,UK,2021-02-10,Premium,18.0,2026-07-19 13:22:08.264990
7041,Preston Hood,oliviagreen@example.net,UK,2025-01-21,Standard,57.0,2026-07-19 13:22:08.264990
7042,Beverly West,christina78@example.com,USA,2024-09-12,premium,,2026-07-19 13:22:08.264990
7043,Elizabeth Morgan,adriennebrowning@example.org,USA,2025-08-30,Standard,,2026-07-19 13:22:08.264990
7044,Miss Morgan Taylor,nicole32@example.net,UK,2024-03-17,,,2026-07-19 13:22:08.264990
7045,Dale Erickson,peterespinoza@example.com,Germany,2022-01-29,Premium,40.0,2026-07-19 13:22:08.264990
7046,Lindsay Brown,scottyolanda@example.net,UK,2026-06-09,Standard,,2026-07-19 13:22:08.264990
7047,Jonathan Phillips,sanchezronnie@example.net,USA,2022-05-22,premium,47.0,2026-07-19 13:22:08.265989
7048,Bruce Robinson,cnelson@example.org,Germany,2024-09-23,Premium,20.0,2026-07-19 13:22:08.265989
7049,James Houston,hannadaniel@example.org,USA,2023-02-26,Premium,54.0,2026-07-19 13:22:08.265989
7050,Monica Fuentes,tiffanylawrence@example.com,,2021-02-06,Premium,,2026-07-19 13:22:08.265989
7051,Todd Robertson,adam83@example.com,Germany,2024-04-08,Premium,,2026-07-19 13:22:08.265989
7052,Lisa Powell,zanderson@example.net,India,2025-09-24,,,2026-07-19 13:22:08.265989
7053,Andrew Pacheco,sextonjoshua@example.org,USA,2021-10-29,premium,,2026-07-19 13:22:08.265989
7054,Antonio Buckley,phillip12@example.com,,2021-04-15,Premium,,2026-07-19 13:22:08.265989
7055,Andre Gordon,laura21@example.net,USA,2022-12-14,Standard,,2026-07-19 13:22:08.265989
7056,Laura Serrano,nbarry@example.com,UK,2023-10-14,Standard,64.0,2026-07-19 13:22:08.266997
7057,Steven Hill,leah40@example.com,,2024-02-14,,,2026-07-19 13:22:08.266997
7058,Amy Carey,frose@example.net,UK,2025-04-15,Standard,37.0,2026-07-19 13:22:08.266997
7059,Jeffrey Cook,rachaelvillarreal@example.org,,2023-04-30,,55.0,2026-07-19 13:22:08.266997
7060,Steven Wolfe,washingtoncurtis@example.org,India,2024-10-03,Standard,65.0,2026-07-19 13:22:08.266997
7061,Maria Williams,robertparker@example.org,,2024-08-08,Standard,,2026-07-19 13:22:08.266997
7062,Amy Jimenez,robinsonmary@example.com,UK,2022-08-28,Standard,,2026-07-19 13:22:08.266997
7063,Mitchell Sanchez,vgeorge@example.net,USA,2025-02-26,Premium,32.0,2026-07-19 13:22:08.267995
7064,Kathryn Marquez,tjones@example.com,Canada,2021-04-23,,,2026-07-19 13:22:08.267995
7065,Lori Thompson,brianaroberts@example.net,India,2025-02-25,Standard,21.0,2026-07-19 13:22:08.267995
7066,Mark Orozco,daguirre@example.org,USA,2024-03-05,premium,24.0,2026-07-19 13:22:08.267995
7067,Charles Park,michelle11@example.org,USA,2024-11-26,,34.0,2026-07-19 13:22:08.267995
7068,Brittany Scott,hopkinschelsea@example.net,,2023-05-09,premium,,2026-07-19 13:22:08.267995
7069,Barbara Hunter,pdaniels@example.org,USA,2026-03-29,Standard,,2026-07-19 13:22:08.267995
7070,April Bradley,johnhunt@example.com,Canada,2024-09-24,Premium,43.0,2026-07-19 13:22:08.267995
7071,Cindy Hammond,swhite@example.net,USA,2025-02-25,Standard,38.0,2026-07-19 13:22:08.268995
7072,Jennifer Hernandez,knappjeffrey@example.org,Canada,2023-10-25,Premium,,2026-07-19 13:22:08.268995
7073,Lindsay Simpson,jenniferbaker@example.com,India,2023-07-21,,,2026-07-19 13:22:08.268995
7074,Matthew Snow,uwright@example.org,,2022-08-19,Premium,35.0,2026-07-19 13:22:08.268995
7075,Jennifer Blanchard,edwardsallison@example.org,USA,2021-07-12,premium,,2026-07-19 13:22:08.268995
7076,Stephanie Phillips,parkeredward@example.com,India,2026-02-24,Premium,55.0,2026-07-19 13:22:08.268995
7077,Robert Anderson,jamessanchez@example.com,India,2021-12-27,premium,23.0,2026-07-19 13:22:08.268995
7078,Amanda Davis,jennifer32@example.org,India,2025-03-30,Premium,49.0,2026-07-19 13:22:08.268995
7079,Joshua Mays,alvarezjustin@example.com,UK,2026-01-14,Standard,,2026-07-19 13:22:08.269996
7080,Amanda Wood,tanner22@example.net,Canada,2024-08-03,Standard,,2026-07-19 13:22:08.269996
7081,Jason Kelley,amandatodd@example.com,UK,2021-02-27,premium,66.0,2026-07-19 13:22:08.269996
7082,Andre Chen,qhuffman@example.org,UK,2022-07-20,,,2026-07-19 13:22:08.269996
7083,Zachary Morgan,hinesmorgan@example.org,,2023-10-05,premium,,2026-07-19 13:22:08.269996
7084,Anthony Hendrix,erinbrooks@example.net,Canada,2021-07-14,,45.0,2026-07-19 13:22:08.270996
7085,Nathan Morris,loweryrobin@example.com,USA,2021-03-04,Standard,,2026-07-19 13:22:08.270996
7086,Cheryl Mcclure,marymiller@example.org,USA,2026-06-14,,,2026-07-19 13:22:08.270996
7087,Danielle Gonzalez,owhitney@example.net,USA,2021-10-22,Premium,,2026-07-19 13:22:08.270996
7088,Jeffrey Ballard,graykeith@example.net,,2024-02-15,Standard,38.0,2026-07-19 13:22:08.270996
7089,Samuel Turner,davidwhite@example.net,Canada,2021-08-25,Premium,,2026-07-19 13:22:08.270996
7090,Ryan Collins,hopkinssydney@example.com,Canada,2024-10-17,Premium,36.0,2026-07-19 13:22:08.270996
7091,Ashley Valenzuela,petersongabriel@example.com,Canada,2024-10-14,,,2026-07-19 13:22:08.271995
7092,Marc Johnson,keyrodney@example.net,,2022-11-22,,,2026-07-19 13:22:08.271995
7093,Diana Thomas,smithelizabeth@example.net,Germany,2021-08-18,Premium,37.0,2026-07-19 13:22:08.271995
7094,Rachel Barrett,lcasey@example.org,,2025-05-04,,19.0,2026-07-19 13:22:08.271995
7095,Heather Benjamin,lauren16@example.net,,2022-04-04,Premium,24.0,2026-07-19 13:22:08.271995
7096,Elizabeth Clark,brandon02@example.net,Canada,2021-05-30,premium,,2026-07-19 13:22:08.271995
7097,Elizabeth Nguyen,yhernandez@example.net,,2026-01-04,Premium,64.0,2026-07-19 13:22:08.271995
7098,Barry Evans,anthonyschultz@example.com,UK,2025-09-18,,50.0,2026-07-19 13:22:08.271995
7099,Elizabeth Smith,stephencurry@example.org,UK,2023-03-21,Standard,,2026-07-19 13:22:08.272992
7100,Douglas Jones,fwoodward@example.com,Germany,2022-11-13,Premium,42.0,2026-07-19 13:22:08.272992
7101,Keith Martinez,virginia84@example.org,UK,2023-08-13,Premium,,2026-07-19 13:22:08.272992
7102,Lauren Young,smithdavid@example.net,,2023-07-18,premium,,2026-07-19 13:22:08.272992
7103,Adam Bauer,nguyenrobert@example.org,Germany,2021-04-30,Premium,40.0,2026-07-19 13:22:08.272992
7104,Michael Perry,nguyenthomas@example.org,,2023-03-27,,,2026-07-19 13:22:08.272992
7105,Katelyn Herrera,kimberly06@example.org,UK,2023-07-17,Standard,,2026-07-19 13:22:08.272992
7106,Adam Morgan,parkeremily@example.com,USA,2023-08-11,Premium,,2026-07-19 13:22:08.272992
7107,Chris Hernandez,loripacheco@example.org,USA,2022-07-17,,28.0,2026-07-19 13:22:08.272992
7108,Charles Jones,gregory41@example.com,,2022-12-20,Premium,,2026-07-19 13:22:08.273995
7109,Margaret Doyle,mckinneyashley@example.org,Germany,2025-09-06,Standard,47.0,2026-07-19 13:22:08.273995
7110,Brittney Randall,davisheather@example.com,India,2024-03-11,premium,,2026-07-19 13:22:08.273995
7111,Erica Wood,robertsherman@example.com,UK,2025-04-18,Premium,52.0,2026-07-19 13:22:08.273995
7112,Dr. Glenn Walker,crystal10@example.com,Canada,2022-03-28,,,2026-07-19 13:22:08.274994
7113,Joshua Williams,deannaperez@example.org,UK,2022-04-15,premium,,2026-07-19 13:22:08.274994
7114,Tamara Lewis,johnsonkimberly@example.net,India,2021-01-26,premium,56.0,2026-07-19 13:22:08.275991
7115,Daniel Velasquez,douglascarroll@example.net,Germany,2023-12-17,Premium,,2026-07-19 13:22:08.275991
7116,Kimberly Cortez,bstokes@example.com,Germany,2025-01-26,Premium,,2026-07-19 13:22:08.275991
7117,Ryan Dougherty,craymond@example.org,UK,2023-08-30,,,2026-07-19 13:22:08.275991
7118,Angelica Green,frederickferguson@example.org,Canada,2021-09-05,premium,,2026-07-19 13:22:08.275991
7119,Erin Dominguez,robertsamber@example.com,Canada,2026-01-28,,,2026-07-19 13:22:08.275991
7120,Samantha Hamilton,edavis@example.org,Germany,2026-04-17,premium,,2026-07-19 13:22:08.275991
7121,Eric Powell,dmayer@example.net,Germany,2025-05-21,premium,33.0,2026-07-19 13:22:08.276993
7122,Margaret Clark,john04@example.com,UK,2026-04-11,,31.0,2026-07-19 13:22:08.276993
7123,Michael Watkins,pbates@example.net,Canada,2022-07-06,Premium,,2026-07-19 13:22:08.276993
7124,Suzanne Mcguire,michaelgreen@example.net,UK,2021-11-13,premium,,2026-07-19 13:22:08.276993
7125,Thomas Serrano,zchristian@example.org,USA,2025-03-15,,,2026-07-19 13:22:08.276993
7126,Tracey Moreno,kaylameadows@example.org,Germany,2022-02-03,Standard,19.0,2026-07-19 13:22:08.276993
7127,Cynthia Thomas,derekgray@example.net,Canada,2024-06-04,,,2026-07-19 13:22:08.276993
7128,Joseph Stanley,adrianamcfarland@example.org,Canada,2023-03-25,Standard,44.0,2026-07-19 13:22:08.277992
7129,Jorge Torres,pbrown@example.com,India,2024-12-17,,61.0,2026-07-19 13:22:08.277992
7130,Scott Taylor,henry87@example.net,Canada,2021-10-08,Premium,,2026-07-19 13:22:08.277992
7131,Stephanie Cuevas,marie45@example.com,,2026-03-24,Standard,,2026-07-19 13:22:08.277992
7132,Melissa Carr,gclark@example.org,India,2024-09-30,Premium,60.0,2026-07-19 13:22:08.277992
7133,Daniel Jones,jason74@example.com,India,2024-11-21,Premium,50.0,2026-07-19 13:22:08.277992
7134,Angela Miranda,greerjennifer@example.net,,2023-05-22,Standard,,2026-07-19 13:22:08.277992
7135,Cynthia Humphrey,benjamin21@example.org,Germany,2023-01-04,,,2026-07-19 13:22:08.277992
7136,Jessica Miller,karen24@example.com,USA,2024-10-23,,,2026-07-19 13:22:08.278991
7137,Anne Yang MD,morrismichael@example.org,USA,2026-06-22,Standard,,2026-07-19 13:22:08.278991
7138,Justin Fernandez,gabrielmiller@example.org,USA,2023-08-07,Standard,67.0,2026-07-19 13:22:08.278991
7139,Anthony Rodgers,maria93@example.org,Canada,2026-05-19,Premium,36.0,2026-07-19 13:22:08.278991
7140,Cory Tucker,adamsjoseph@example.org,India,2025-08-31,premium,57.0,2026-07-19 13:22:08.278991
7141,Deborah Thomas,jonathan99@example.com,Canada,2023-10-16,premium,,2026-07-19 13:22:08.278991
7142,Deborah Warner,preid@example.net,UK,2023-05-17,,,2026-07-19 13:22:08.278991
7143,Mr. Jeff Shaffer II,thorntonlucas@example.com,Germany,2022-04-26,,,2026-07-19 13:22:08.278991
7144,Emily Heath,fitzgeraldkirsten@example.net,,2025-06-16,premium,,2026-07-19 13:22:08.278991
7145,Lauren Jones,wduke@example.com,USA,2025-09-25,premium,,2026-07-19 13:22:08.280023
7146,Elizabeth Morris,hallcory@example.net,India,2023-01-02,,21.0,2026-07-19 13:22:08.280023
7147,Kathleen Gibson,moorejames@example.net,USA,2025-11-01,Standard,20.0,2026-07-19 13:22:08.280023
7148,Ms. Elizabeth Rice,johnchurch@example.net,USA,2021-07-09,premium,,2026-07-19 13:22:08.280023
7149,Scott Davis,amy70@example.net,Germany,2022-05-19,,46.0,2026-07-19 13:22:08.280023
7150,Michael Brown,kjones@example.com,USA,2024-07-13,Premium,,2026-07-19 13:22:08.280023
7151,Allison Edwards,thomaslauren@example.org,UK,2023-05-22,Premium,,2026-07-19 13:22:08.280023
7152,Michael Gross,twolfe@example.net,Canada,2021-05-16,Standard,67.0,2026-07-19 13:22:08.280023
7153,Gabriela Miranda,jensenkatie@example.org,India,2026-02-27,,,2026-07-19 13:22:08.281010
7154,Jose Jones,laurastephens@example.org,Canada,2022-07-27,Premium,29.0,2026-07-19 13:22:08.281010
7155,Adam Davis,greenejulie@example.com,UK,2025-11-01,,,2026-07-19 13:22:08.281010
7156,Mitchell Robertson,kevinburns@example.com,India,2023-10-28,Premium,,2026-07-19 13:22:08.281010
7157,Kerry Osborne,richardgallagher@example.org,USA,2024-03-19,Premium,38.0,2026-07-19 13:22:08.281010
7158,David Steele,jennifer54@example.com,Germany,2024-05-10,premium,,2026-07-19 13:22:08.281010
7159,Joseph Harvey,ramosmaria@example.com,India,2024-11-06,Standard,18.0,2026-07-19 13:22:08.281010
7160,Garrett Lewis Jr.,greenpatrick@example.com,USA,2022-01-25,premium,62.0,2026-07-19 13:22:08.282005
7161,Robert Moore,donnajones@example.org,India,2023-07-16,,30.0,2026-07-19 13:22:08.282005
7162,Joann Russell,davidbuchanan@example.org,USA,2021-09-05,,,2026-07-19 13:22:08.282005
7163,Jonathan Jones,blewis@example.org,Canada,2024-11-12,premium,20.0,2026-07-19 13:22:08.282005
7164,Anthony Jones,darrell42@example.net,Canada,2021-11-07,Premium,52.0,2026-07-19 13:22:08.282005
7165,Alexander Sexton,rcooley@example.net,,2025-09-10,,,2026-07-19 13:22:08.282005
7166,Elizabeth Collins,john56@example.com,,2023-04-04,Premium,34.0,2026-07-19 13:22:08.282005
7167,James Mcdonald,ihenry@example.net,UK,2022-04-10,Standard,,2026-07-19 13:22:08.282990
7168,Zachary Reynolds,sarahkennedy@example.org,Canada,2024-05-26,Premium,,2026-07-19 13:22:08.282990
7169,Becky Fox,fullerheidi@example.com,Germany,2021-04-30,Premium,50.0,2026-07-19 13:22:08.282990
7170,Laura Lutz,khanjulia@example.net,Canada,2021-12-24,Standard,,2026-07-19 13:22:08.282990
7171,Diane Ramsey,murphyronald@example.org,Germany,2021-03-09,Standard,,2026-07-19 13:22:08.282990
7172,Luke Black,charles10@example.net,Germany,2023-05-29,Standard,36.0,2026-07-19 13:22:08.282990
7173,Samuel Frost,smithrandy@example.com,Canada,2025-04-24,premium,,2026-07-19 13:22:08.282990
7174,Timothy Riley,jenniferchapman@example.com,Canada,2025-06-09,Premium,51.0,2026-07-19 13:22:08.282990
7175,Lauren Oneill,vhudson@example.org,Canada,2021-04-03,Premium,37.0,2026-07-19 13:22:08.283993
7176,Mary Olsen MD,rogerskristen@example.com,India,2021-05-19,Premium,62.0,2026-07-19 13:22:08.283993
7177,Doris Sandoval,yatesbrianna@example.net,USA,2024-10-13,Premium,46.0,2026-07-19 13:22:08.283993
7178,Brian Frazier,claudiaalexander@example.org,India,2024-10-19,,,2026-07-19 13:22:08.283993
7179,Caitlin Moreno,stephenarcher@example.net,Germany,2026-07-17,premium,68.0,2026-07-19 13:22:08.283993
7180,Lee Morgan,john47@example.com,Germany,2024-01-03,Premium,,2026-07-19 13:22:08.283993
7181,Andrew Rodriguez,gmay@example.com,UK,2025-05-10,Premium,19.0,2026-07-19 13:22:08.283993
7182,Lisa Young MD,kmason@example.net,Canada,2025-01-28,premium,,2026-07-19 13:22:08.285027
7183,Anthony Wilson,daniel66@example.net,India,2024-10-13,,26.0,2026-07-19 13:22:08.285027
7184,Alice Carr,richardalexander@example.com,Germany,2024-09-16,,,2026-07-19 13:22:08.285027
7185,Casey Ingram,hubbardgregory@example.org,Canada,2023-12-31,premium,19.0,2026-07-19 13:22:08.285027
7186,Tracy Ellis,smoore@example.org,USA,2021-09-27,,,2026-07-19 13:22:08.285027
7187,David Johnson,jimmylang@example.org,UK,2023-01-12,,18.0,2026-07-19 13:22:08.285027
7188,Donald Pope,hnavarro@example.org,USA,2023-02-19,Premium,63.0,2026-07-19 13:22:08.285027
7189,Christopher Ellis,davidsimpson@example.net,Germany,2022-05-10,premium,23.0,2026-07-19 13:22:08.285989
7190,Danny Johnson,cassandra29@example.org,,2024-04-12,premium,22.0,2026-07-19 13:22:08.285989
7191,Andrea Davis,laura41@example.org,Germany,2026-06-15,Standard,,2026-07-19 13:22:08.285989
7192,Dr. Scott Alvarez,aguilarjoshua@example.net,Germany,2024-07-31,Standard,22.0,2026-07-19 13:22:08.285989
7193,Jason Garza,uguerrero@example.org,India,2023-10-22,,33.0,2026-07-19 13:22:08.285989
7194,Stephanie Davis,cbryant@example.net,,2021-11-09,Premium,23.0,2026-07-19 13:22:08.285989
7195,Ryan Rhodes,eshields@example.com,UK,2023-03-03,,,2026-07-19 13:22:08.285989
7196,Christian Wiley,yryan@example.org,India,2024-04-07,Premium,,2026-07-19 13:22:08.285989
7197,Alec Calderon,wlane@example.net,USA,2024-04-29,Premium,,2026-07-19 13:22:08.286990
7198,Brittany Smith,scottsteven@example.net,Canada,2026-03-16,premium,,2026-07-19 13:22:08.286990
7199,Victor Mitchell,oberry@example.org,UK,2024-04-21,,,2026-07-19 13:22:08.286990
7200,Colleen Deleon,nclark@example.com,UK,2024-06-04,premium,,2026-07-19 13:22:08.286990
7201,Mary Ruiz,psmith@example.net,UK,2026-02-27,,18.0,2026-07-19 13:22:08.286990
7202,Morgan Rodriguez,dillonsamuel@example.net,Germany,2022-01-06,Premium,19.0,2026-07-19 13:22:08.286990
7203,Paul Lawson,dtodd@example.com,Germany,2022-01-27,,18.0,2026-07-19 13:22:08.286990
7204,Andrea Mccormick,qwagner@example.net,Germany,2023-10-28,Standard,,2026-07-19 13:22:08.287993
7205,Destiny Brady,dennis85@example.org,India,2023-05-01,premium,56.0,2026-07-19 13:22:08.287993
7206,Jeffrey Rojas,jamesevans@example.net,USA,2021-12-22,Premium,46.0,2026-07-19 13:22:08.287993
7207,James Harris,patrickcoleman@example.org,Canada,2021-04-29,Premium,46.0,2026-07-19 13:22:08.287993
7208,Miranda Arroyo DDS,williamsnicholas@example.net,UK,2022-08-09,,21.0,2026-07-19 13:22:08.288501
7209,Justin Chambers,cruzangela@example.org,India,2023-02-04,Premium,28.0,2026-07-19 13:22:08.288501
7210,Tammy Dennis,aandrade@example.com,India,2024-12-10,premium,,2026-07-19 13:22:08.288501
7211,Timothy Williams,jonesclayton@example.org,India,2021-10-14,,,2026-07-19 13:22:08.288501
7212,Rebecca Moss,claytonrebecca@example.org,USA,2025-03-31,Standard,,2026-07-19 13:22:08.288501
7213,Valerie Jackson,samuel34@example.com,,2023-05-20,,,2026-07-19 13:22:08.288501
7214,Edward Wilcox,enguyen@example.net,India,2021-04-11,Standard,32.0,2026-07-19 13:22:08.288501
7215,Michael Russell,vwagner@example.net,Germany,2022-03-13,Premium,70.0,2026-07-19 13:22:08.288501
7216,Sarah Coleman,michellebaker@example.net,,2025-03-27,premium,33.0,2026-07-19 13:22:08.289540
7217,Tammy Cain,tinabarker@example.com,Canada,2024-10-20,Standard,,2026-07-19 13:22:08.289540
7218,Robert Pratt,tammy70@example.com,India,2025-05-06,,63.0,2026-07-19 13:22:08.289540
7219,Cody Cooper,dawn25@example.com,,2023-02-09,,,2026-07-19 13:22:08.289540
7220,Hector Graham,powellbrittany@example.com,USA,2025-12-19,,,2026-07-19 13:22:08.289540
7221,Kimberly Gomez,qmiller@example.org,Germany,2022-08-27,Standard,,2026-07-19 13:22:08.289540
7222,Alex Allen,gonzalezsherry@example.org,,2022-06-30,Standard,,2026-07-19 13:22:08.289540
7223,Rodney Miller,collinsjennifer@example.com,UK,2024-06-09,premium,60.0,2026-07-19 13:22:08.289540
7224,James Nelson,bailey02@example.net,UK,2025-09-08,,,2026-07-19 13:22:08.290506
7225,David Warren,jeremyayers@example.net,UK,2024-01-03,Premium,34.0,2026-07-19 13:22:08.290506
7226,Eric Garrison,tmercer@example.com,USA,2025-01-05,Standard,68.0,2026-07-19 13:22:08.290506
7227,Valerie Olsen,wsmith@example.org,Germany,2021-05-28,,46.0,2026-07-19 13:22:08.290506
7228,Connie Ray,joseph35@example.org,Germany,2026-07-07,premium,41.0,2026-07-19 13:22:08.290506
7229,Jerry Smith,sharon35@example.com,Germany,2021-08-27,Standard,,2026-07-19 13:22:08.290506
7230,Jessica Simmons,john31@example.org,Germany,2023-02-21,Standard,25.0,2026-07-19 13:22:08.290506
7231,Rick Drake,jamesscott@example.com,Germany,2025-10-13,premium,,2026-07-19 13:22:08.291506
7232,Douglas Steele,amygreene@example.net,,2021-12-31,Standard,,2026-07-19 13:22:08.291506
7233,Christopher Rice,ujohnson@example.net,Germany,2024-11-07,,,2026-07-19 13:22:08.291506
7234,Stacey Goodman,ashley45@example.org,Canada,2025-12-23,premium,,2026-07-19 13:22:08.291506
7235,George Collier,williammitchell@example.com,India,2023-10-28,Premium,32.0,2026-07-19 13:22:08.291506
7236,Christina Williams,danielle50@example.net,India,2022-11-03,Standard,48.0,2026-07-19 13:22:08.291506
7237,Stephanie Sanchez,antoniostone@example.net,,2023-07-08,,43.0,2026-07-19 13:22:08.292542
7238,Christina Lewis,regina58@example.com,India,2024-09-28,Standard,56.0,2026-07-19 13:22:08.292542
7239,Caroline Peters,stephanie18@example.com,India,2026-06-01,Standard,42.0,2026-07-19 13:22:08.292542
7240,Katie Stone,karenclark@example.net,Canada,2026-04-12,Premium,68.0,2026-07-19 13:22:08.292542
7241,Barbara Harris,hescobar@example.com,,2022-03-24,Premium,,2026-07-19 13:22:08.292542
7242,Kelly Hammond,maureenbryan@example.net,Germany,2026-02-18,,,2026-07-19 13:22:08.292542
7243,Matthew Lee,dosborn@example.org,USA,2023-05-26,premium,,2026-07-19 13:22:08.292542
7244,Jacqueline Schmitt,sheri51@example.com,,2023-01-20,Premium,26.0,2026-07-19 13:22:08.292542
7245,Rose Smith,david16@example.net,USA,2026-07-17,Premium,61.0,2026-07-19 13:22:08.292542
7246,Brian Lane,wallacepeggy@example.org,,2022-04-07,Standard,,2026-07-19 13:22:08.293518
7247,Andrea Torres,irobertson@example.org,,2021-02-06,,54.0,2026-07-19 13:22:08.293518
7248,Michael Gallagher,rebeccacox@example.com,,2022-09-12,,48.0,2026-07-19 13:22:08.293518
7249,John Carrillo,carolyn66@example.net,USA,2022-10-08,Standard,22.0,2026-07-19 13:22:08.293518
7250,Erica Higgins,millerlaura@example.com,India,2022-10-26,premium,51.0,2026-07-19 13:22:08.293518
7251,Anthony Carpenter,vwilliams@example.com,Germany,2022-10-04,,58.0,2026-07-19 13:22:08.293518
7252,Kristopher Dunn,pmoore@example.org,,2024-03-26,premium,,2026-07-19 13:22:08.293518
7253,Michelle Robinson,christophergonzalez@example.com,Canada,2023-02-25,Standard,26.0,2026-07-19 13:22:08.293518
7254,Joel Thompson,josephperez@example.net,UK,2023-06-25,Standard,26.0,2026-07-19 13:22:08.293518
7255,Mary Scott,georgecampbell@example.net,Germany,2025-05-09,Premium,,2026-07-19 13:22:08.293518
7256,Audrey Melendez,nolanfranklin@example.org,India,2025-11-13,,42.0,2026-07-19 13:22:08.293518
7257,Carrie Perez,jimmy99@example.net,,2023-01-07,Standard,19.0,2026-07-19 13:22:08.295027
7258,Dr. Andrea Williams,bryantdouglas@example.org,USA,2024-03-25,premium,66.0,2026-07-19 13:22:08.295027
7259,Daniel Mclaughlin,jaimeturner@example.org,,2023-01-11,,56.0,2026-07-19 13:22:08.295027
7260,Alexis Hoffman,christina51@example.org,Germany,2023-09-16,Standard,38.0,2026-07-19 13:22:08.295027
7261,Carrie Campbell,jeremy55@example.com,Germany,2021-10-18,,,2026-07-19 13:22:08.295027
7262,Heidi Griffin,bryangiles@example.com,Canada,2021-11-09,Standard,27.0,2026-07-19 13:22:08.295027
7263,Cindy Pope,wagnervanessa@example.net,UK,2022-10-24,Premium,63.0,2026-07-19 13:22:08.295027
7264,Matthew Suarez,jgomez@example.net,,2025-07-17,premium,26.0,2026-07-19 13:22:08.295027
7265,Nathan Thompson,mcdonaldterri@example.com,,2022-01-13,,,2026-07-19 13:22:08.296067
7266,Jeffrey Diaz,zweaver@example.net,Canada,2025-07-26,,56.0,2026-07-19 13:22:08.296067
7267,Susan Martin,emilyjames@example.com,Germany,2023-04-12,premium,,2026-07-19 13:22:08.296067
7268,Chad Lopez,coreymack@example.net,USA,2021-04-19,Standard,38.0,2026-07-19 13:22:08.296067
7269,Robert Buckley,vaughnapril@example.org,UK,2024-03-23,premium,,2026-07-19 13:22:08.296067
7270,Kristi Johnson,johnsonangelica@example.net,,2023-08-19,premium,66.0,2026-07-19 13:22:08.296067
7271,Manuel Landry,hoffmanbrendan@example.org,,2023-01-07,,,2026-07-19 13:22:08.297035
7272,Shawn Simon,rileyandrew@example.org,UK,2025-11-30,Premium,,2026-07-19 13:22:08.297035
7273,Laurie Gomez,beth73@example.net,USA,2025-04-23,Premium,,2026-07-19 13:22:08.297035
7274,Erin Compton,tatkinson@example.com,Canada,2023-02-26,Premium,,2026-07-19 13:22:08.297035
7275,Tony Ross,pjohnson@example.com,Germany,2026-01-26,premium,,2026-07-19 13:22:08.297035
7276,Keith Choi,hogananita@example.com,UK,2022-10-06,Premium,,2026-07-19 13:22:08.298037
7277,Shannon Clark,millerjames@example.com,,2021-07-25,Standard,,2026-07-19 13:22:08.298037
7278,Mr. Jacob Dennis,allenlarson@example.com,UK,2023-11-12,Premium,,2026-07-19 13:22:08.298037
7279,Gregory Wilson,michaelstewart@example.org,UK,2025-12-31,Standard,,2026-07-19 13:22:08.298037
7280,Emma Keller,shanepadilla@example.org,Germany,2021-03-14,Standard,47.0,2026-07-19 13:22:08.298037
7281,Sharon Holloway,christopher42@example.org,Canada,2024-03-27,Standard,,2026-07-19 13:22:08.298037
7282,Andrea Wallace,butlergregory@example.net,Germany,2022-06-26,Premium,31.0,2026-07-19 13:22:08.298037
7283,Veronica Mayer,emilyestes@example.com,USA,2024-09-24,premium,22.0,2026-07-19 13:22:08.299037
7284,William Salinas,sandovalanthony@example.com,USA,2023-01-22,premium,,2026-07-19 13:22:08.299037
7285,Scott Hopkins,jacobbrown@example.org,Germany,2022-03-26,Standard,,2026-07-19 13:22:08.299037
7286,Jason Richards,lmiller@example.com,UK,2025-06-14,premium,,2026-07-19 13:22:08.299037
7287,James Thompson,thompsontimothy@example.com,India,2026-03-03,Standard,,2026-07-19 13:22:08.299037
7288,William Rodriguez,johnbarnes@example.com,India,2022-09-21,Premium,22.0,2026-07-19 13:22:08.299037
7289,Gina Ellis,roblespreston@example.com,Germany,2022-10-05,Standard,,2026-07-19 13:22:08.299037
7290,Randy Marquez,dustin84@example.org,Canada,2025-04-28,,,2026-07-19 13:22:08.299037
7291,Johnny Johnson,nguyenmelissa@example.net,Germany,2021-03-06,,45.0,2026-07-19 13:22:08.300034
7292,Sandra Evans,jacksonkathleen@example.org,Canada,2025-08-25,premium,,2026-07-19 13:22:08.300034
7293,Joseph Black,gardnerbrandy@example.com,,2021-10-12,Standard,31.0,2026-07-19 13:22:08.300034
7294,Craig Gilbert,meaganbrooks@example.org,Canada,2022-01-30,Premium,52.0,2026-07-19 13:22:08.300034
7295,Edward Mccarthy,vbowman@example.net,India,2024-04-26,Standard,20.0,2026-07-19 13:22:08.300034
7296,Johnny Bowen,dillonmatthew@example.org,UK,2021-02-21,Standard,,2026-07-19 13:22:08.300034
7297,Earl Wilson,vanessa04@example.net,,2023-06-01,Standard,,2026-07-19 13:22:08.300034
7298,Destiny Perez,donna04@example.com,USA,2021-02-26,Standard,69.0,2026-07-19 13:22:08.301035
7299,Joshua Dennis,hnelson@example.net,Canada,2021-07-27,,61.0,2026-07-19 13:22:08.301035
7300,Jeffery Miles,carolyn74@example.com,Canada,2025-08-02,,,2026-07-19 13:22:08.301035
7301,Brianna Henry,ihawkins@example.net,India,2022-04-10,premium,,2026-07-19 13:22:08.301035
7302,Hannah Taylor,mcdonaldamber@example.net,USA,2025-07-08,Premium,48.0,2026-07-19 13:22:08.301035
7303,Edward Smith,berrybrittany@example.net,Canada,2026-03-10,,,2026-07-19 13:22:08.301035
7304,Rachel Lewis,whoward@example.org,USA,2023-06-30,,34.0,2026-07-19 13:22:08.301035
7305,Melissa Elliott,rfrank@example.net,Germany,2022-09-22,Standard,,2026-07-19 13:22:08.301035
7306,Eric Smith,codysmith@example.net,USA,2023-01-08,,38.0,2026-07-19 13:22:08.302035
7307,David Shaw,ghernandez@example.net,USA,2023-01-17,premium,,2026-07-19 13:22:08.302035
7308,Megan Carrillo,harrisjason@example.org,Canada,2022-09-17,Premium,,2026-07-19 13:22:08.302035
7309,Daniel Campbell,peggy03@example.com,Canada,2026-05-14,Premium,,2026-07-19 13:22:08.302035
7310,Kenneth Weaver,edwardpratt@example.com,,2023-07-14,premium,63.0,2026-07-19 13:22:08.302035
7311,Judy Hampton,gweaver@example.net,USA,2024-02-21,Standard,31.0,2026-07-19 13:22:08.302035
7312,Ian Walsh,swoods@example.net,Canada,2025-05-16,,,2026-07-19 13:22:08.303036
7313,Lisa Gibson,ronald93@example.net,USA,2025-10-28,Standard,38.0,2026-07-19 13:22:08.303036
7314,Amanda Blair,ronald21@example.net,USA,2022-05-14,Standard,18.0,2026-07-19 13:22:08.303036
7315,Jessica Jones,desireesmith@example.org,,2025-01-09,Standard,,2026-07-19 13:22:08.303036
7316,Cindy Fernandez,steven73@example.org,USA,2023-12-27,premium,69.0,2026-07-19 13:22:08.303036
7317,Mark Black,haysjoshua@example.com,UK,2025-11-27,,67.0,2026-07-19 13:22:08.303036
7318,Michael Odonnell,ncarter@example.org,UK,2026-05-19,Premium,,2026-07-19 13:22:08.303036
7319,Sarah Rodriguez,robertjohnson@example.org,USA,2025-11-08,,,2026-07-19 13:22:08.303036
7320,Julie Rivera,mharding@example.com,UK,2024-05-21,,,2026-07-19 13:22:08.304035
7321,Christopher Miller,yolandascott@example.com,Canada,2025-02-25,Standard,,2026-07-19 13:22:08.304035
7322,Jeffrey Chaney,ingramchristopher@example.com,India,2024-12-26,premium,22.0,2026-07-19 13:22:08.304035
7323,Jason Roberts,debra68@example.net,Germany,2025-12-28,,,2026-07-19 13:22:08.304035
7324,Mr. Seth Robertson PhD,jacobbarber@example.net,UK,2023-12-12,Premium,,2026-07-19 13:22:08.304035
7325,Sharon Rodgers,williamadams@example.org,India,2022-02-15,premium,53.0,2026-07-19 13:22:08.305035
7326,Jessica Day,evanssarah@example.org,Canada,2024-09-13,Premium,,2026-07-19 13:22:08.305035
7327,Andrew Rowland,julie28@example.org,India,2025-09-30,,62.0,2026-07-19 13:22:08.305035
7328,Bethany Padilla,rmorrison@example.org,UK,2026-07-12,Standard,36.0,2026-07-19 13:22:08.305035
7329,Marc Jackson,jeffreychoi@example.com,Canada,2024-07-15,Premium,38.0,2026-07-19 13:22:08.305035
7330,Tony Frazier,bennetterica@example.net,,2023-02-17,,,2026-07-19 13:22:08.305035
7331,Mrs. Lacey Brady,ronaldkelly@example.net,Canada,2022-06-14,Standard,,2026-07-19 13:22:08.305035
7332,Steven Casey,heathshawn@example.com,USA,2022-07-30,premium,41.0,2026-07-19 13:22:08.306034
7333,Brittany Baker,michaelrocha@example.org,,2025-03-06,Standard,26.0,2026-07-19 13:22:08.306034
7334,Daniel Crane,vegaandrew@example.com,India,2023-09-23,Standard,,2026-07-19 13:22:08.306034
7335,Heather Payne,jamie58@example.net,,2024-11-04,Standard,,2026-07-19 13:22:08.306034
7336,Jason Allen,sthompson@example.org,,2026-03-24,premium,,2026-07-19 13:22:08.306034
7337,Andrew Moore,andersondonna@example.org,USA,2021-04-15,premium,65.0,2026-07-19 13:22:08.306034
7338,Scott Vang,kgarrett@example.net,UK,2024-07-04,Premium,67.0,2026-07-19 13:22:08.306034
7339,Annette Braun,fgriffin@example.com,Canada,2025-11-24,premium,67.0,2026-07-19 13:22:08.306034
7340,Kenneth Gomez,tracy16@example.net,India,2024-10-03,,,2026-07-19 13:22:08.307032
7341,Melissa Jackson,davisroy@example.net,Germany,2022-08-07,Standard,43.0,2026-07-19 13:22:08.307032
7342,Cynthia Cervantes,arthurbrown@example.com,USA,2026-02-01,,35.0,2026-07-19 13:22:08.307032
7343,Rachel Page,martinkelsey@example.net,USA,2026-06-09,premium,40.0,2026-07-19 13:22:08.307032
7344,Amanda Walker,xmiller@example.com,,2022-04-17,,,2026-07-19 13:22:08.307032
7345,Brad Harrison,benjamin60@example.net,Canada,2022-01-25,premium,70.0,2026-07-19 13:22:08.307032
7346,Daniel Hansen,johnstevens@example.com,USA,2023-02-18,Standard,,2026-07-19 13:22:08.307032
7347,Frederick Rodriguez,carol33@example.com,,2022-03-29,premium,,2026-07-19 13:22:08.307032
7348,Mary Bolton,ymurphy@example.net,UK,2021-08-14,Standard,,2026-07-19 13:22:08.308053
7349,Janet Marshall,pamela18@example.org,,2022-02-06,premium,,2026-07-19 13:22:08.308053
7350,James Curry,ramseysusan@example.org,Germany,2024-09-30,,49.0,2026-07-19 13:22:08.308053
7351,Lee Fitzgerald,froberts@example.org,Canada,2022-09-25,Standard,,2026-07-19 13:22:08.308053
7352,Andrew Park,vbrown@example.org,UK,2022-01-28,Standard,,2026-07-19 13:22:08.308053
7353,Elizabeth Boyd,nathanyoung@example.com,India,2023-12-05,,,2026-07-19 13:22:08.308053
7354,Kevin Trujillo,dmccormick@example.org,India,2024-09-22,Premium,,2026-07-19 13:22:08.308053
7355,Daniel Kelly,jjohnson@example.net,Canada,2023-06-20,premium,,2026-07-19 13:22:08.308053
7356,Matthew Elliott,knoxcatherine@example.org,Canada,2022-01-27,Premium,40.0,2026-07-19 13:22:08.309032
7357,Jessica Wade,michaelevans@example.net,USA,2025-11-23,Standard,,2026-07-19 13:22:08.309032
7358,Jessica Gonzalez,johnelliott@example.com,,2023-08-16,,21.0,2026-07-19 13:22:08.309032
7359,Lisa Adams,jessicabean@example.com,UK,2025-06-14,premium,,2026-07-19 13:22:08.309032
7360,Carol Martin,howardjared@example.net,,2022-05-09,Premium,26.0,2026-07-19 13:22:08.309032
7361,Brandon Griffin,gcox@example.com,Canada,2022-09-12,,,2026-07-19 13:22:08.310032
7362,William Gibson,uanderson@example.com,Canada,2022-05-25,Premium,65.0,2026-07-19 13:22:08.310032
7363,Angela Jenkins,alawrence@example.com,,2021-11-08,,54.0,2026-07-19 13:22:08.310032
7364,Ashlee Kelly,stephanie88@example.org,Germany,2025-12-16,premium,,2026-07-19 13:22:08.310032
7365,Ashley Wright,ibrooks@example.net,Canada,2021-06-07,Standard,,2026-07-19 13:22:08.310032
7366,Nathan Heath,moorevanessa@example.net,,2023-07-08,premium,,2026-07-19 13:22:08.310032
7367,Jose Johnson,gwilson@example.com,,2022-12-11,,50.0,2026-07-19 13:22:08.311037
7368,Donna Edwards,zachary42@example.com,UK,2022-03-19,premium,67.0,2026-07-19 13:22:08.311037
7369,Cynthia Robinson,thomasnicole@example.org,UK,2023-12-05,,62.0,2026-07-19 13:22:08.311037
7370,Dr. Deanna Adams MD,april66@example.com,Canada,2022-07-23,Premium,59.0,2026-07-19 13:22:08.311037
7371,Karen Castillo,fergusonkenneth@example.org,Germany,2025-03-21,,,2026-07-19 13:22:08.311037
7372,Lauren Brown,david42@example.net,UK,2023-04-14,premium,,2026-07-19 13:22:08.311037
7373,Jessica Summers,msaunders@example.net,India,2023-12-15,premium,,2026-07-19 13:22:08.312035
7374,Paul Martinez,davismichael@example.org,India,2025-12-06,Premium,,2026-07-19 13:22:08.312035
7375,Monica Jackson,sean99@example.com,UK,2021-06-21,Standard,,2026-07-19 13:22:08.312035
7376,Shannon Valdez,bennettzachary@example.com,USA,2024-05-21,premium,36.0,2026-07-19 13:22:08.312035
7377,John Mills,lisamorrison@example.org,India,2022-03-28,,40.0,2026-07-19 13:22:08.312035
7378,Angela Brown,michelle29@example.net,,2024-05-10,Premium,,2026-07-19 13:22:08.312035
7379,Michael Miller,kristine46@example.net,USA,2024-08-20,Standard,,2026-07-19 13:22:08.313034
7380,Frederick Webb,ryanbowen@example.net,,2022-12-23,Premium,,2026-07-19 13:22:08.313034
7381,Virginia Garrett,michaelrichards@example.org,India,2023-09-17,premium,46.0,2026-07-19 13:22:08.313034
7382,Amber Rodriguez,williamstewart@example.net,,2023-10-06,premium,44.0,2026-07-19 13:22:08.313034
7383,Elizabeth Reese,brooke66@example.com,Germany,2023-11-16,premium,70.0,2026-07-19 13:22:08.313034
7384,Ruth Contreras,fwise@example.com,India,2022-10-02,Premium,49.0,2026-07-19 13:22:08.313034
7385,Andrea Duke,omorales@example.com,Canada,2024-01-25,Premium,,2026-07-19 13:22:08.313034
7386,Angela Allison,haasvalerie@example.com,Germany,2021-03-07,,24.0,2026-07-19 13:22:08.314052
7387,Jody Allen,karenchristensen@example.org,India,2022-11-11,Premium,59.0,2026-07-19 13:22:08.314052
7388,Tina Baldwin,micheal62@example.com,Germany,2023-09-13,Standard,42.0,2026-07-19 13:22:08.314052
7389,Joshua Gross,bcampos@example.com,USA,2025-06-24,Standard,,2026-07-19 13:22:08.314052
7390,John Johnson,alex13@example.com,India,2026-06-22,Standard,,2026-07-19 13:22:08.314052
7391,Robin Arnold,brittanyandrews@example.org,UK,2023-04-03,premium,,2026-07-19 13:22:08.314052
7392,Christopher Reyes,elizabethcollier@example.org,,2022-04-03,Premium,64.0,2026-07-19 13:22:08.314052
7393,Lauren Clark,morrisjessica@example.org,USA,2026-01-22,Standard,,2026-07-19 13:22:08.314052
7394,Melinda Sanders,phenderson@example.com,India,2025-06-14,Standard,47.0,2026-07-19 13:22:08.315035
7395,Glenn Smith,adamlee@example.com,India,2022-08-27,premium,69.0,2026-07-19 13:22:08.315035
7396,Ryan Long,melissa63@example.net,India,2023-01-20,,,2026-07-19 13:22:08.315035
7397,Max Ferguson,jason17@example.org,UK,2022-09-05,Premium,30.0,2026-07-19 13:22:08.315035
7398,Sarah Farrell,kevin50@example.net,USA,2025-03-03,premium,,2026-07-19 13:22:08.315035
7399,Mrs. Theresa Turner,amanda69@example.com,Canada,2024-11-28,,,2026-07-19 13:22:08.315035
7400,Samuel Richardson,xoliver@example.org,Canada,2023-04-08,Standard,,2026-07-19 13:22:08.315035
7401,Julie Sullivan,jessicamcmahon@example.net,India,2024-06-26,premium,,2026-07-19 13:22:08.316033
7402,Dennis Tran,cynthia09@example.com,Canada,2021-06-05,Standard,20.0,2026-07-19 13:22:08.316033
7403,Austin Gross,brenda96@example.net,Germany,2025-11-29,,34.0,2026-07-19 13:22:08.316033
7404,Sean Charles,jesserobinson@example.org,USA,2024-03-15,premium,,2026-07-19 13:22:08.316033
7405,Angela Brewer,costadavid@example.net,UK,2025-01-04,,,2026-07-19 13:22:08.316033
7406,Emma Rogers,ashleydavis@example.org,Canada,2022-04-03,Standard,24.0,2026-07-19 13:22:08.316033
7407,Karen Smith,kristinroberts@example.org,,2023-03-15,Premium,58.0,2026-07-19 13:22:08.316033
7408,David Johnson,stonerachel@example.org,Germany,2022-10-02,Premium,,2026-07-19 13:22:08.317060
7409,Colin Klein,vbarnes@example.com,Canada,2024-02-04,,24.0,2026-07-19 13:22:08.317060
7410,Danielle Romero,elizabethstanley@example.org,USA,2021-09-03,Standard,52.0,2026-07-19 13:22:08.317060
7411,Paula Rodriguez,brandon18@example.com,,2022-07-26,Premium,,2026-07-19 13:22:08.317060
7412,Ashley Price,millssharon@example.com,India,2024-12-16,,,2026-07-19 13:22:08.317060
7413,Eric Green,pamelarobles@example.com,USA,2022-10-14,Premium,,2026-07-19 13:22:08.318035
7414,Carmen Baker,martinezsusan@example.net,India,2024-09-24,premium,,2026-07-19 13:22:08.318035
7415,Victoria Martin,jacqueline12@example.com,Canada,2025-11-03,,,2026-07-19 13:22:08.318035
7416,Laura Moore,garrettronald@example.org,Germany,2026-07-06,,,2026-07-19 13:22:08.318035
7417,Megan Jones,ethomas@example.org,UK,2023-02-25,premium,68.0,2026-07-19 13:22:08.318035
7418,Robert Acosta,nmiller@example.com,USA,2022-12-04,Standard,,2026-07-19 13:22:08.318035
7419,Justin Robertson,scottbrian@example.com,USA,2023-04-26,Premium,,2026-07-19 13:22:08.319035
7420,Johnny Adams,jmiller@example.net,Canada,2026-05-21,Standard,62.0,2026-07-19 13:22:08.319035
7421,James Webb,geraldsanchez@example.com,Germany,2023-05-18,,64.0,2026-07-19 13:22:08.319035
7422,Steven Lewis,richard40@example.org,Germany,2021-07-23,Premium,29.0,2026-07-19 13:22:08.319035
7423,Mary Smith,irowland@example.net,USA,2026-03-14,,,2026-07-19 13:22:08.319035
7424,William Wilson,dunnnicholas@example.net,,2026-06-02,,,2026-07-19 13:22:08.319035
7425,Shawn Day,eric30@example.com,UK,2026-05-04,,,2026-07-19 13:22:08.319035
7426,Tina Lee,kim95@example.net,Canada,2021-05-27,Premium,39.0,2026-07-19 13:22:08.320035
7427,Emily Johnson,chad46@example.org,USA,2026-05-01,Premium,31.0,2026-07-19 13:22:08.320035
7428,David Kelly,riveradavid@example.com,India,2024-10-24,Premium,,2026-07-19 13:22:08.320035
7429,Amber Roberts,wagnersheila@example.com,UK,2023-11-18,Standard,,2026-07-19 13:22:08.320035
7430,Barry Young,kathrynanderson@example.org,USA,2022-06-19,Premium,53.0,2026-07-19 13:22:08.320035
7431,Andrea Moreno,alan41@example.net,,2025-03-20,Standard,55.0,2026-07-19 13:22:08.320035
7432,Debbie Blankenship,briannarichards@example.org,,2023-03-16,Standard,,2026-07-19 13:22:08.320035
7433,Jared Gallagher,tonifranklin@example.com,,2023-02-17,Standard,25.0,2026-07-19 13:22:08.320035
7434,Sharon Randall,gregory42@example.org,India,2025-04-16,Premium,48.0,2026-07-19 13:22:08.321033
7435,Diane Jones,mataalejandro@example.net,USA,2025-07-30,,20.0,2026-07-19 13:22:08.321033
7436,Beth Wilson,jenniferferguson@example.com,UK,2025-11-04,Standard,50.0,2026-07-19 13:22:08.321033
7437,Alexander Carroll,hollowaymichael@example.org,,2023-12-14,,,2026-07-19 13:22:08.321033
7438,Sharon Berg,elizabeth96@example.net,USA,2024-01-02,Premium,,2026-07-19 13:22:08.321033
7439,John Mitchell,jacob17@example.com,UK,2023-05-30,premium,,2026-07-19 13:22:08.321033
7440,Steven Clark,hillsarah@example.org,USA,2021-07-21,Standard,,2026-07-19 13:22:08.321033
7441,John Atkins MD,sharon74@example.net,USA,2025-09-14,Standard,62.0,2026-07-19 13:22:08.321033
7442,Mrs. Lisa Miranda,cody83@example.net,Canada,2025-08-11,,54.0,2026-07-19 13:22:08.322034
7443,Kelsey Colon,mjohnson@example.net,India,2025-02-05,,,2026-07-19 13:22:08.322034
7444,Daniel Dillon,vanessa24@example.net,India,2023-09-23,premium,,2026-07-19 13:22:08.322034
7445,Ashley Walsh,andrea98@example.net,Germany,2024-04-04,Premium,,2026-07-19 13:22:08.322034
7446,Justin Cherry,mary31@example.org,,2021-12-09,Premium,,2026-07-19 13:22:08.322034
7447,Kayla Carter,alexandria74@example.com,India,2024-01-30,Standard,,2026-07-19 13:22:08.322034
7448,Brandi Hall,john46@example.com,India,2025-07-22,premium,47.0,2026-07-19 13:22:08.322034
7449,Ashley Jones,adam49@example.com,Germany,2023-06-19,,,2026-07-19 13:22:08.322034
7450,Jessica Curtis,emma46@example.org,Germany,2023-10-10,premium,,2026-07-19 13:22:08.322034
7451,Jennifer Smith,haynestrevor@example.net,Canada,2022-01-02,premium,,2026-07-19 13:22:08.322034
7452,Jennifer Johnson,ddean@example.com,Germany,2023-12-04,,67.0,2026-07-19 13:22:08.323033
7453,Sherry Pace,amaynard@example.com,Germany,2026-01-24,Standard,,2026-07-19 13:22:08.323033
7454,Margaret Gonzalez,hrodgers@example.org,USA,2023-06-28,premium,,2026-07-19 13:22:08.323033
7455,Courtney Rogers,haasleah@example.net,UK,2026-03-16,Standard,50.0,2026-07-19 13:22:08.323033
7456,Debbie Thompson,adamstewart@example.org,Germany,2022-09-11,Premium,,2026-07-19 13:22:08.323033
7457,Shannon Liu,cynthiahill@example.com,India,2025-11-17,,19.0,2026-07-19 13:22:08.323033
7458,Jennifer Hardin,jasonmorgan@example.org,India,2025-06-13,,,2026-07-19 13:22:08.323033
7459,Michael Barry,joan96@example.net,Canada,2024-09-02,,,2026-07-19 13:22:08.323033
7460,Karina Carter,ocampbell@example.com,UK,2023-08-29,Premium,68.0,2026-07-19 13:22:08.324034
7461,Nancy Lee,jamesmiller@example.org,Canada,2022-09-05,,,2026-07-19 13:22:08.324034
7462,Holly Moore,rayamy@example.org,Germany,2021-02-10,premium,58.0,2026-07-19 13:22:08.324034
7463,Heather Miller,peter46@example.org,USA,2023-12-08,Standard,25.0,2026-07-19 13:22:08.324034
7464,Paul West,scottshannon@example.org,India,2025-10-19,premium,,2026-07-19 13:22:08.324034
7465,John Medina,gmeyer@example.com,,2022-09-14,premium,,2026-07-19 13:22:08.324034
7466,Jeffrey Huynh,douglasrojas@example.com,Canada,2026-01-27,Premium,,2026-07-19 13:22:08.324034
7467,Cynthia Thomas,bpitts@example.com,UK,2026-06-09,,18.0,2026-07-19 13:22:08.324034
7468,Yvonne Washington,hflores@example.net,Germany,2026-07-17,,49.0,2026-07-19 13:22:08.325034
7469,Emma Miller,mjones@example.com,India,2025-08-04,Premium,,2026-07-19 13:22:08.325034
7470,Jonathan Turner,fjones@example.org,,2025-12-20,Premium,,2026-07-19 13:22:08.325034
7471,Cole Schneider,davidswanson@example.org,Canada,2024-12-13,Standard,,2026-07-19 13:22:08.325034
7472,Kathy Kemp,washingtonjohn@example.net,UK,2023-04-21,premium,,2026-07-19 13:22:08.325034
7473,Jennifer Soto,zhernandez@example.net,UK,2024-06-03,,62.0,2026-07-19 13:22:08.325034
7474,Kayla Dennis,nealjennifer@example.org,,2021-06-08,premium,44.0,2026-07-19 13:22:08.325034
7475,Allison Richards,angelica07@example.org,,2026-04-01,premium,22.0,2026-07-19 13:22:08.326033
7476,Joanne Silva,meagancruz@example.com,Canada,2021-05-09,Premium,,2026-07-19 13:22:08.326033
7477,Brad Blair,teresamoran@example.net,Canada,2021-12-23,Premium,,2026-07-19 13:22:08.326033
7478,Hayley Harrell,aliciaflynn@example.net,Canada,2022-06-23,Standard,,2026-07-19 13:22:08.326033
7479,Matthew Hicks,olsentaylor@example.net,Canada,2025-09-18,premium,,2026-07-19 13:22:08.326033
7480,Jennifer Carr,glennvalenzuela@example.org,UK,2023-11-23,Standard,61.0,2026-07-19 13:22:08.326033
7481,Mary Kelly,alisha14@example.com,,2022-09-20,Standard,20.0,2026-07-19 13:22:08.326033
7482,Ashley Meyers,john85@example.net,Canada,2022-10-07,Standard,,2026-07-19 13:22:08.327034
7483,Justin Paul,larsenjames@example.com,India,2021-06-23,,,2026-07-19 13:22:08.327034
7484,Kathy Brown,wfranklin@example.org,,2022-08-31,premium,58.0,2026-07-19 13:22:08.327034
7485,Chase Brooks,branditucker@example.org,UK,2024-03-07,premium,,2026-07-19 13:22:08.327034
7486,Mr. Jordan York IV,eeverett@example.org,,2024-10-24,premium,66.0,2026-07-19 13:22:08.327034
7487,Carla Bowers,morrisondawn@example.net,India,2025-09-13,,,2026-07-19 13:22:08.327034
7488,Ashley Gill,andrew01@example.net,,2022-11-29,Standard,,2026-07-19 13:22:08.327034
7489,Robert Montoya,rdavis@example.com,Canada,2024-04-12,premium,,2026-07-19 13:22:08.327034
7490,Michael Manning,lcole@example.com,,2025-05-13,,36.0,2026-07-19 13:22:08.328035
7491,Leslie Parker,tonya79@example.com,,2021-10-11,premium,23.0,2026-07-19 13:22:08.328035
7492,Michael Dorsey,scottkathy@example.org,USA,2023-12-23,Standard,,2026-07-19 13:22:08.328035
7493,Amy Parker,richardmoran@example.net,Germany,2022-05-23,,42.0,2026-07-19 13:22:08.328035
7494,Bruce Bennett,kbrown@example.org,,2022-10-04,,67.0,2026-07-19 13:22:08.328035
7495,Christopher Franco,corey97@example.net,UK,2024-10-02,premium,49.0,2026-07-19 13:22:08.328035
7496,Eric Lee,heather85@example.com,Germany,2024-11-10,Premium,,2026-07-19 13:22:08.328035
7497,Larry Perez,kevin91@example.org,UK,2024-11-16,,51.0,2026-07-19 13:22:08.328035
7498,Caleb Cuevas,richard57@example.com,India,2025-01-07,Premium,50.0,2026-07-19 13:22:08.329035
7499,Amber Ford,hevans@example.com,USA,2021-03-10,premium,,2026-07-19 13:22:08.329035
7500,Jill Garcia,michaelnelson@example.com,USA,2024-12-16,Premium,,2026-07-19 13:22:08.329035
7501,Laura Floyd,tgoodwin@example.net,Germany,2025-02-11,premium,39.0,2026-07-19 13:22:08.329035
7502,Timothy Clayton,michaelkelly@example.org,UK,2023-02-01,,31.0,2026-07-19 13:22:08.329035
7503,Angela Fields,zjones@example.net,India,2024-06-14,Standard,38.0,2026-07-19 13:22:08.329035
7504,Andrea Alexander,bmorales@example.org,Germany,2022-06-02,Premium,24.0,2026-07-19 13:22:08.329035
7505,Veronica Owens,jamesweber@example.net,Canada,2022-09-02,Premium,,2026-07-19 13:22:08.329035
7506,Jessica Rivera,stacey60@example.net,,2021-09-19,Premium,,2026-07-19 13:22:08.329035
7507,Edgar Rodgers,ifreeman@example.com,Germany,2022-10-01,,,2026-07-19 13:22:08.330034
7508,Marco Wilcox,stewartmarisa@example.net,UK,2025-04-20,Standard,22.0,2026-07-19 13:22:08.330034
7509,Cynthia Miller,daisy29@example.com,India,2021-11-29,,25.0,2026-07-19 13:22:08.330034
7510,Bernard Holmes,zhall@example.org,Canada,2021-12-16,,64.0,2026-07-19 13:22:08.330034
7511,Mitchell Mitchell,danielbryant@example.org,,2025-01-02,Premium,66.0,2026-07-19 13:22:08.330034
7512,Kayla Sandoval,bushjohn@example.net,USA,2025-09-20,,34.0,2026-07-19 13:22:08.330034
7513,Kimberly Hall,benjamin44@example.com,India,2023-02-04,,60.0,2026-07-19 13:22:08.330034
7514,Stephen Moore,youngjohn@example.com,Canada,2024-09-02,premium,36.0,2026-07-19 13:22:08.330034
7515,Charles Harrison,nguyenjohnathan@example.org,UK,2023-08-26,,68.0,2026-07-19 13:22:08.331034
7516,Frank Miller,dedwards@example.net,,2023-02-17,Standard,,2026-07-19 13:22:08.331034
7517,Hannah Gordon,karen29@example.net,Germany,2021-02-05,premium,,2026-07-19 13:22:08.331034
7518,Sandra Massey,kevin32@example.net,Germany,2024-11-02,,,2026-07-19 13:22:08.331034
7519,Connie Conway,william93@example.com,USA,2023-04-11,Standard,47.0,2026-07-19 13:22:08.331034
7520,Jason Huerta,jimenezdana@example.net,Germany,2022-07-04,premium,,2026-07-19 13:22:08.331034
7521,Antonio Cruz,afisher@example.com,USA,2026-02-04,premium,45.0,2026-07-19 13:22:08.332036
7522,Mary Lewis,wburch@example.org,Germany,2025-07-09,,39.0,2026-07-19 13:22:08.332036
7523,Olivia Bass,fcarpenter@example.com,India,2024-08-14,Standard,57.0,2026-07-19 13:22:08.332036
7524,Gregory Benson,joefarmer@example.com,Germany,2024-01-18,,,2026-07-19 13:22:08.332036
7525,George Garrett,jamesyoung@example.com,UK,2023-07-06,,,2026-07-19 13:22:08.332036
7526,Brenda Garcia,meredithhernandez@example.net,India,2024-12-26,premium,,2026-07-19 13:22:08.332036
7527,Jeffrey Doyle,gomeztiffany@example.com,Germany,2022-04-18,premium,22.0,2026-07-19 13:22:08.333035
7528,Amanda Avila,brianlopez@example.net,India,2026-07-11,Premium,57.0,2026-07-19 13:22:08.333035
7529,Valerie Russo,zjohnson@example.org,,2021-04-20,Standard,44.0,2026-07-19 13:22:08.333035
7530,Dawn Hale,nathanramirez@example.org,,2024-09-15,,,2026-07-19 13:22:08.333035
7531,Michael Bean,pbowman@example.com,India,2022-10-30,Premium,62.0,2026-07-19 13:22:08.333035
7532,Madison Barnes PhD,qsimon@example.org,India,2024-06-08,Standard,51.0,2026-07-19 13:22:08.333035
7533,Wendy Lee,james26@example.com,Canada,2025-09-09,premium,,2026-07-19 13:22:08.333035
7534,Nancy Taylor,kayla56@example.org,India,2023-11-12,Standard,,2026-07-19 13:22:08.333035
7535,Gina Smith,hwilson@example.org,Germany,2025-11-18,Premium,,2026-07-19 13:22:08.334034
7536,Samantha Edwards,larry54@example.org,UK,2022-01-16,,26.0,2026-07-19 13:22:08.334034
7537,John Smith,ryan58@example.net,,2021-05-19,Standard,,2026-07-19 13:22:08.334034
7538,Kristen Reed,ocantrell@example.net,Canada,2022-11-11,,,2026-07-19 13:22:08.334034
7539,Theodore Thomas,fsmith@example.org,UK,2026-05-19,premium,32.0,2026-07-19 13:22:08.335034
7540,Kim Smith,dyerjames@example.com,Germany,2026-05-09,Standard,63.0,2026-07-19 13:22:08.335034
7541,Stacey Patterson,savannahbowers@example.net,Germany,2022-12-26,premium,33.0,2026-07-19 13:22:08.335034
7542,Maria Wilcox,erin70@example.net,Canada,2025-05-09,,61.0,2026-07-19 13:22:08.335034
7543,Martha Vasquez,rebecca39@example.org,,2022-07-15,,,2026-07-19 13:22:08.335034
7544,Thomas Lee,elizabeth32@example.org,,2022-11-29,Standard,,2026-07-19 13:22:08.336033
7545,Kristen Moore,parkermichelle@example.net,Germany,2021-08-28,premium,44.0,2026-07-19 13:22:08.336033
7546,Wendy Cook,leemark@example.org,Canada,2022-01-24,Premium,26.0,2026-07-19 13:22:08.336033
7547,Michael Deleon,troycox@example.com,USA,2023-07-02,Premium,49.0,2026-07-19 13:22:08.336033
7548,Rebecca Williamson,qperez@example.net,UK,2021-06-24,,52.0,2026-07-19 13:22:08.336033
7549,Jonathan Williams,rickpeterson@example.net,Germany,2024-03-19,Premium,,2026-07-19 13:22:08.337049
7550,Robin Mendoza,stevenmathis@example.org,India,2023-01-21,premium,,2026-07-19 13:22:08.337049
7551,Melinda Thomas,bonnie56@example.net,Germany,2025-04-01,premium,,2026-07-19 13:22:08.337049
7552,Alexander Mcdonald,cwilliams@example.com,,2021-11-16,premium,23.0,2026-07-19 13:22:08.337049
7553,Amy Weber,hardingjames@example.com,USA,2023-01-09,Standard,39.0,2026-07-19 13:22:08.338050
7554,Bradley Cardenas,catherinejames@example.com,Canada,2021-04-15,Standard,,2026-07-19 13:22:08.338050
7555,Robert Simmons,westeric@example.org,Germany,2023-04-10,Premium,,2026-07-19 13:22:08.338050
7556,Wayne Wheeler,stephanielucas@example.net,Germany,2023-03-31,premium,29.0,2026-07-19 13:22:08.338050
7557,Samantha Williams,mhamilton@example.net,,2021-11-01,premium,46.0,2026-07-19 13:22:08.339035
7558,William Choi,david38@example.org,India,2025-09-07,Premium,33.0,2026-07-19 13:22:08.339035
7559,Taylor Casey,hobbspaul@example.org,,2025-04-24,Standard,,2026-07-19 13:22:08.339035
7560,Dr. Valerie Wood,clarkangela@example.com,Canada,2022-02-07,Standard,31.0,2026-07-19 13:22:08.339035
7561,Janet Riggs,marvinreed@example.org,Canada,2025-05-20,,,2026-07-19 13:22:08.339035
7562,Pamela Sanchez,shannonmeyers@example.org,India,2025-11-02,,,2026-07-19 13:22:08.339035
7563,Regina Anderson,matthew89@example.net,UK,2024-05-13,Standard,,2026-07-19 13:22:08.339035
7564,Michele Brown,luis58@example.com,USA,2023-11-27,Standard,,2026-07-19 13:22:08.340037
7565,Sara Rose,bmahoney@example.org,,2024-06-04,Premium,64.0,2026-07-19 13:22:08.340037
7566,Rebecca Davis DDS,vlarson@example.net,USA,2026-07-07,,46.0,2026-07-19 13:22:08.340037
7567,Pamela Brown,chasekenneth@example.net,India,2024-02-04,Premium,65.0,2026-07-19 13:22:08.340037
7568,Timothy Gonzalez,lhanson@example.net,Germany,2025-07-12,Standard,70.0,2026-07-19 13:22:08.341034
7569,Erika Perry,uhayden@example.net,India,2022-12-21,premium,,2026-07-19 13:22:08.341034
7570,Nicholas Johnson,corey74@example.net,Germany,2025-03-09,premium,45.0,2026-07-19 13:22:08.341034
7571,Chelsea Mclean,beltranjustin@example.com,USA,2021-03-14,Standard,,2026-07-19 13:22:08.341034
7572,Paige Briggs,smithmaria@example.net,Germany,2022-12-08,Premium,,2026-07-19 13:22:08.341034
7573,Ashley Fowler,april18@example.net,India,2025-05-09,premium,,2026-07-19 13:22:08.341034
7574,Deborah Yates,petersonrebecca@example.net,,2023-04-10,,31.0,2026-07-19 13:22:08.341034
7575,Tracy Black,fparker@example.org,USA,2022-03-13,,32.0,2026-07-19 13:22:08.341034
7576,Suzanne Cross,regina55@example.org,USA,2023-06-18,premium,,2026-07-19 13:22:08.342049
7577,Joan Bautista,ashley24@example.com,Canada,2024-10-18,Standard,,2026-07-19 13:22:08.342049
7578,Raymond Hammond,kathy48@example.org,Canada,2022-04-08,Standard,,2026-07-19 13:22:08.342049
7579,Gary Vincent,farleyvincent@example.org,India,2024-12-02,,51.0,2026-07-19 13:22:08.342049
7580,Lisa Bonilla,jessicagarza@example.net,UK,2022-02-01,,47.0,2026-07-19 13:22:08.342049
7581,Kelly Davis,sheila24@example.com,India,2025-12-18,Premium,,2026-07-19 13:22:08.342049
7582,Stephanie Fuller,seanwoodard@example.com,UK,2023-07-15,Premium,,2026-07-19 13:22:08.342049
7583,Brittany Moore,patrick24@example.net,,2022-02-24,premium,,2026-07-19 13:22:08.343034
7584,Hannah Taylor,brendanbarnes@example.org,USA,2023-08-04,,,2026-07-19 13:22:08.343034
7585,Aaron Mcmahon,campbellbrittany@example.org,Germany,2023-02-19,Premium,,2026-07-19 13:22:08.343034
7586,Monica Cook,pittmancrystal@example.com,UK,2022-10-14,premium,,2026-07-19 13:22:08.343034
7587,Christopher George,ruizedward@example.com,Germany,2022-05-13,Standard,31.0,2026-07-19 13:22:08.344035
7588,Charles Stewart,pross@example.com,,2025-07-19,Premium,62.0,2026-07-19 13:22:08.344035
7589,Alejandro Jones,mitchell47@example.net,India,2023-07-01,premium,,2026-07-19 13:22:08.344035
7590,Karen Moore,jerrybennett@example.org,,2024-02-04,Premium,,2026-07-19 13:22:08.344035
7591,Jason May,mglover@example.org,USA,2025-03-17,premium,,2026-07-19 13:22:08.344035
7592,Jessica Chung,simskaren@example.org,USA,2024-03-08,premium,,2026-07-19 13:22:08.344035
7593,Mark Crane,michael19@example.org,Germany,2026-05-31,premium,31.0,2026-07-19 13:22:08.344035
7594,Bonnie Moore,zcarrillo@example.net,Canada,2025-10-29,Premium,32.0,2026-07-19 13:22:08.344035
7595,Sean Johnson,robertyoung@example.com,UK,2023-09-06,Premium,62.0,2026-07-19 13:22:08.345035
7596,Matthew Salinas,johnwalker@example.net,USA,2022-07-03,,,2026-07-19 13:22:08.345035
7597,Holly Edwards,lpotts@example.com,USA,2023-07-01,Standard,,2026-07-19 13:22:08.345035
7598,Donna Howard,kennethjarvis@example.com,Germany,2023-06-20,Premium,38.0,2026-07-19 13:22:08.345035
7599,Roger Mills,smendoza@example.org,Canada,2023-07-08,Premium,,2026-07-19 13:22:08.345035
7600,Jeffrey Mullins,greg76@example.net,USA,2025-05-22,,35.0,2026-07-19 13:22:08.345035
7601,Lisa Haas,kathrynwright@example.org,India,2024-04-14,,19.0,2026-07-19 13:22:08.346035
7602,Rebecca Dean,davischristopher@example.net,,2022-11-14,,49.0,2026-07-19 13:22:08.346035
7603,Luke Willis,klloyd@example.com,UK,2022-04-01,,,2026-07-19 13:22:08.346035
7604,Erin Sawyer,turnernicole@example.com,Germany,2024-06-30,,,2026-07-19 13:22:08.346035
7605,Sherry Curtis,matthew27@example.com,Germany,2022-08-22,premium,,2026-07-19 13:22:08.346035
7606,Karen Ochoa,jennifercarter@example.com,India,2023-05-13,premium,,2026-07-19 13:22:08.346035
7607,Christina Sharp,nwashington@example.net,India,2026-05-28,premium,38.0,2026-07-19 13:22:08.347034
7608,Laura York,kevinburch@example.net,,2023-01-08,,26.0,2026-07-19 13:22:08.347034
7609,Jack Taylor,flemingjordan@example.org,Germany,2025-11-27,premium,,2026-07-19 13:22:08.347034
7610,Edward Mclaughlin,tholmes@example.org,India,2021-07-07,Premium,53.0,2026-07-19 13:22:08.347034
7611,Donna Lucas,ryan86@example.net,UK,2024-08-12,Standard,,2026-07-19 13:22:08.347034
7612,Eric Lewis,jeffrey14@example.com,USA,2022-05-28,premium,27.0,2026-07-19 13:22:08.347034
7613,Lisa Romero,hector15@example.net,Germany,2021-07-14,Standard,67.0,2026-07-19 13:22:08.347034
7614,Shelia Alvarez,uflores@example.net,Germany,2022-11-26,premium,24.0,2026-07-19 13:22:08.347034
7615,Brett Dyer,jamesflynn@example.net,UK,2023-01-08,Standard,,2026-07-19 13:22:08.347034
7616,Kaitlyn Hamilton,markmills@example.net,India,2023-10-17,premium,,2026-07-19 13:22:08.348073
7617,Alexander Estes,jordanbrown@example.net,India,2025-09-17,Premium,69.0,2026-07-19 13:22:08.348073
7618,Marissa Jones,deborahcrane@example.com,Canada,2022-02-14,Standard,,2026-07-19 13:22:08.348073
7619,Amy Gonzalez,panderson@example.com,UK,2021-08-09,premium,47.0,2026-07-19 13:22:08.348073
7620,Kathryn Wilson,daykayla@example.com,Canada,2023-09-03,Standard,37.0,2026-07-19 13:22:08.348073
7621,Matthew Sawyer,gutierrezhannah@example.com,USA,2021-12-08,premium,61.0,2026-07-19 13:22:08.348073
7622,Ana Hayden,whitakercatherine@example.org,USA,2022-06-29,Premium,68.0,2026-07-19 13:22:08.348073
7623,Laurie Perez,harrisonwendy@example.org,,2024-12-14,premium,18.0,2026-07-19 13:22:08.349052
7624,Chad Diaz,michael33@example.net,UK,2025-06-04,,,2026-07-19 13:22:08.349052
7625,Calvin Velez DDS,john04@example.com,,2021-11-11,Premium,,2026-07-19 13:22:08.349052
7626,Deborah Martin,scottgallagher@example.org,Canada,2025-07-24,Premium,70.0,2026-07-19 13:22:08.349052
7627,Nancy Moreno,morgangregory@example.com,India,2022-07-09,Standard,,2026-07-19 13:22:08.349052
7628,Angela Sanders,davidcross@example.com,UK,2024-10-08,Premium,63.0,2026-07-19 13:22:08.349052
7629,Evelyn Hubbard,joshua93@example.org,India,2021-05-12,,,2026-07-19 13:22:08.349052
7630,Latoya Rowe,wendycox@example.net,Canada,2025-10-13,Standard,,2026-07-19 13:22:08.349052
7631,Michael Campos,jonathanpalmer@example.com,India,2024-04-08,Premium,23.0,2026-07-19 13:22:08.350048
7632,Jennifer Spencer,michelle90@example.org,Canada,2025-05-28,premium,65.0,2026-07-19 13:22:08.350048
7633,Samantha Baker,latoya10@example.com,India,2022-01-21,premium,48.0,2026-07-19 13:22:08.350048
7634,Margaret Mckenzie,ethanrobbins@example.net,USA,2025-05-07,,62.0,2026-07-19 13:22:08.350048
7635,Christopher Willis,williamskelli@example.org,Germany,2024-02-25,,23.0,2026-07-19 13:22:08.350048
7636,Catherine Murphy,derekparker@example.com,Germany,2025-03-17,premium,70.0,2026-07-19 13:22:08.350048
7637,Donald Frazier,dukewalter@example.org,Canada,2022-03-30,Premium,27.0,2026-07-19 13:22:08.350048
7638,Randy Boyer,rasmussenadam@example.com,USA,2023-01-28,Premium,62.0,2026-07-19 13:22:08.351034
7639,Adam Robinson,trevinothomas@example.net,UK,2026-01-29,Standard,20.0,2026-07-19 13:22:08.351034
7640,Elizabeth White,danielbrown@example.net,India,2023-03-25,premium,53.0,2026-07-19 13:22:08.351034
7641,Bryan Mendoza,amynelson@example.net,USA,2023-01-31,Premium,53.0,2026-07-19 13:22:08.351034
7642,Michele Duran,rreed@example.com,UK,2024-06-02,,,2026-07-19 13:22:08.351034
7643,Regina Keith,gdavidson@example.com,USA,2025-06-29,Premium,70.0,2026-07-19 13:22:08.351034
7644,Kathleen Smith,cgolden@example.org,,2023-04-27,Premium,50.0,2026-07-19 13:22:08.351034
7645,Michael Matthews,jack47@example.com,Canada,2022-10-15,Standard,,2026-07-19 13:22:08.351034
7646,Valerie Sanders,gmorales@example.net,Germany,2021-02-21,Standard,,2026-07-19 13:22:08.351034
7647,Christine Morrison,laura20@example.org,USA,2025-03-28,,,2026-07-19 13:22:08.352051
7648,Nathan Hurley,dpatton@example.net,Germany,2026-03-31,premium,63.0,2026-07-19 13:22:08.352051
7649,Michele Moreno,hwilson@example.net,Germany,2026-01-26,Premium,59.0,2026-07-19 13:22:08.352051
7650,Richard Bryant,brownthomas@example.com,,2023-06-23,Premium,57.0,2026-07-19 13:22:08.352051
7651,Nathan Fleming,jennifer74@example.net,UK,2022-02-06,,36.0,2026-07-19 13:22:08.352051
7652,Julie Walker,graychristopher@example.org,India,2021-12-27,Premium,25.0,2026-07-19 13:22:08.352051
7653,Mr. Gregory Hayes,tperez@example.net,,2025-05-24,Standard,19.0,2026-07-19 13:22:08.353036
7654,Brian Compton,woodsrebecca@example.net,India,2021-03-16,premium,,2026-07-19 13:22:08.353036
7655,Sarah Arias,chughes@example.net,Germany,2026-05-24,,,2026-07-19 13:22:08.353036
7656,Cassandra Singh,dorseyshannon@example.net,UK,2023-11-20,,40.0,2026-07-19 13:22:08.353036
7657,Samantha Combs,hpatterson@example.net,,2023-10-08,,40.0,2026-07-19 13:22:08.353036
7658,Daniel Schneider Jr.,pbrown@example.org,India,2022-08-01,,27.0,2026-07-19 13:22:08.353036
7659,Sara Smith,omarpowell@example.org,Canada,2021-12-02,,66.0,2026-07-19 13:22:08.353036
7660,Glen Barrera II,christinecarroll@example.com,Canada,2024-05-03,Premium,,2026-07-19 13:22:08.354037
7661,Justin Cruz,mendozawayne@example.net,,2023-09-22,Premium,23.0,2026-07-19 13:22:08.354037
7662,Amanda Nelson,austincantu@example.org,India,2022-03-24,,19.0,2026-07-19 13:22:08.354037
7663,Evelyn Lawrence,davidmccullough@example.org,UK,2023-02-12,,67.0,2026-07-19 13:22:08.354037
7664,Victoria Mckinney,davismichael@example.com,Canada,2024-03-02,,47.0,2026-07-19 13:22:08.354037
7665,Judith Martinez,qlewis@example.com,Canada,2024-08-11,premium,,2026-07-19 13:22:08.354037
7666,Ricky Jones,ljohns@example.com,Germany,2022-09-13,Standard,63.0,2026-07-19 13:22:08.354037
7667,Ruth Wright,moodyjames@example.com,USA,2025-04-29,,21.0,2026-07-19 13:22:08.355069
7668,Lisa Elliott,brianwalker@example.com,Germany,2025-12-10,premium,51.0,2026-07-19 13:22:08.355069
7669,Mark Clark,keithwarner@example.com,Canada,2023-04-19,,,2026-07-19 13:22:08.355069
7670,Dylan Young,jamesmurphy@example.org,,2026-04-11,,30.0,2026-07-19 13:22:08.355069
7671,Douglas Long III,michael44@example.com,USA,2025-05-03,premium,31.0,2026-07-19 13:22:08.355069
7672,Tiffany Rivera,brian14@example.org,Germany,2024-08-27,,,2026-07-19 13:22:08.355069
7673,Lisa Stevens,lauren29@example.org,,2023-07-06,Standard,57.0,2026-07-19 13:22:08.355069
7674,Brian Mcbride,michellenelson@example.org,USA,2023-12-04,premium,56.0,2026-07-19 13:22:08.355069
7675,Brittany Wilson,tammyalvarado@example.net,UK,2023-10-14,Standard,,2026-07-19 13:22:08.356048
7676,Kristin Webb,evanwatson@example.org,UK,2021-11-05,Standard,,2026-07-19 13:22:08.356048
7677,Mr. Raymond Hubbard,jessicabraun@example.org,UK,2021-03-31,premium,,2026-07-19 13:22:08.356048
7678,Rhonda Griffin,awilliams@example.com,India,2024-10-10,Premium,31.0,2026-07-19 13:22:08.356048
7679,Mark Sanchez,uevans@example.net,UK,2021-03-12,,68.0,2026-07-19 13:22:08.356048
7680,Tricia Young,myu@example.com,USA,2021-05-24,premium,51.0,2026-07-19 13:22:08.356048
7681,Lucas Huang,natasha64@example.net,USA,2024-02-23,,52.0,2026-07-19 13:22:08.356048
7682,Megan Jones,rodriguezbrenda@example.net,UK,2022-07-26,,,2026-07-19 13:22:08.356048
7683,Paul Garcia,guerrerocarl@example.com,UK,2021-10-31,Standard,27.0,2026-07-19 13:22:08.357049
7684,Jessica Oliver,misty44@example.net,UK,2026-06-15,Premium,34.0,2026-07-19 13:22:08.357049
7685,Jennifer Rose,nancy43@example.org,Germany,2025-02-12,,,2026-07-19 13:22:08.357049
7686,Jesse Martinez,nicholas80@example.com,Germany,2024-03-09,premium,,2026-07-19 13:22:08.357049
7687,Dr. Taylor Payne DDS,kellynicholas@example.org,,2023-11-10,premium,,2026-07-19 13:22:08.357049
7688,Christopher Alvarez,perkinsemily@example.com,USA,2023-10-18,Premium,26.0,2026-07-19 13:22:08.357049
7689,Drew Arias,deborah08@example.net,Germany,2025-04-09,Premium,,2026-07-19 13:22:08.357049
7690,William Long,robert57@example.org,India,2021-07-22,Standard,,2026-07-19 13:22:08.357049
7691,Pamela Landry,craigbridges@example.com,Germany,2024-04-22,Premium,,2026-07-19 13:22:08.357049
7692,Mary Ross,bradforddavid@example.org,India,2023-09-02,premium,18.0,2026-07-19 13:22:08.358048
7693,Aaron Pena,shahshannon@example.com,Canada,2022-05-07,premium,34.0,2026-07-19 13:22:08.358048
7694,Heather Bradley,deborahscott@example.com,India,2024-02-01,Standard,52.0,2026-07-19 13:22:08.358048
7695,David Montes,valerierobinson@example.org,,2024-10-19,Standard,,2026-07-19 13:22:08.358048
7696,Jessica Warner,brandon25@example.net,Canada,2026-02-21,,,2026-07-19 13:22:08.358048
7697,Jennifer Johnson,anthonyjohnson@example.net,Canada,2025-12-23,premium,42.0,2026-07-19 13:22:08.358048
7698,Thomas Everett,mariawood@example.com,USA,2021-08-17,,22.0,2026-07-19 13:22:08.358048
7699,Colin Wyatt MD,christina66@example.org,UK,2023-02-21,Standard,43.0,2026-07-19 13:22:08.358048
7700,Jasmine Mendoza,willie31@example.com,India,2024-08-19,premium,,2026-07-19 13:22:08.359062
7701,Daniel Cook,robin89@example.com,Germany,2021-02-06,premium,34.0,2026-07-19 13:22:08.359062
7702,Tamara Stevens,jordanbecker@example.com,,2024-04-25,Standard,,2026-07-19 13:22:08.359062
7703,Jared Valdez,jhunt@example.net,USA,2023-09-30,,,2026-07-19 13:22:08.359062
7704,Theresa Warner,edward54@example.net,Canada,2025-06-08,premium,,2026-07-19 13:22:08.359062
7705,Veronica Ramirez,davidwilson@example.net,,2022-09-14,premium,,2026-07-19 13:22:08.359062
7706,Jim Fuller,georgeduncan@example.net,UK,2024-07-24,,,2026-07-19 13:22:08.359062
7707,Mark Burns,mendozamisty@example.com,Canada,2026-07-01,Standard,18.0,2026-07-19 13:22:08.360037
7708,Gabriel Brandt,john99@example.com,Canada,2023-03-07,,59.0,2026-07-19 13:22:08.360037
7709,Leslie Santiago,kellysmith@example.com,USA,2023-10-07,Standard,,2026-07-19 13:22:08.360037
7710,Rebecca Schwartz,gabriela09@example.net,UK,2023-11-27,premium,61.0,2026-07-19 13:22:08.360037
7711,Ryan Jones,franklinamber@example.org,,2025-12-29,,65.0,2026-07-19 13:22:08.360037
7712,Rachel Thomas,sjoseph@example.org,Germany,2022-01-28,Standard,,2026-07-19 13:22:08.360037
7713,Dana Long,annaelliott@example.org,,2022-02-21,Premium,,2026-07-19 13:22:08.361034
7714,Joy Campbell,craig96@example.org,,2023-01-04,,19.0,2026-07-19 13:22:08.361034
7715,Lisa Gutierrez,justin81@example.com,India,2026-05-20,Premium,,2026-07-19 13:22:08.361034
7716,Ernest Herrera,rhondaaustin@example.net,Canada,2023-07-02,Premium,22.0,2026-07-19 13:22:08.361034
7717,Alyssa Sullivan,suzannevelez@example.net,Germany,2022-01-16,premium,66.0,2026-07-19 13:22:08.361034
7718,Katelyn Jackson,icollier@example.org,USA,2025-01-02,premium,,2026-07-19 13:22:08.361034
7719,Vincent King,taylorsusan@example.net,USA,2021-08-29,,,2026-07-19 13:22:08.361034
7720,Rebecca Tran,jesse68@example.org,Canada,2026-06-18,,,2026-07-19 13:22:08.361034
7721,Joshua Ellis,jamie53@example.org,UK,2024-09-10,premium,63.0,2026-07-19 13:22:08.361034
7722,Jonathon Smith,rschmidt@example.net,India,2021-12-31,Standard,,2026-07-19 13:22:08.362039
7723,Jennifer Lynn,patriciasummers@example.org,India,2024-12-13,,,2026-07-19 13:22:08.362039
7724,Lucas Garcia,jserrano@example.com,India,2025-10-09,Premium,,2026-07-19 13:22:08.362039
7725,Shane Gibson,carol15@example.com,,2022-08-20,premium,45.0,2026-07-19 13:22:08.362039
7726,Paul Smith,andrew21@example.com,Germany,2024-08-16,Standard,50.0,2026-07-19 13:22:08.362039
7727,Cheryl Barnes,simmonsdaniel@example.org,Canada,2025-12-02,,65.0,2026-07-19 13:22:08.362039
7728,Nancy Little,abigailpeterson@example.org,,2024-01-16,Standard,,2026-07-19 13:22:08.362039
7729,Nicole Carter,justinstanley@example.com,Germany,2023-04-19,premium,,2026-07-19 13:22:08.362039
7730,Roger Russell,justin97@example.com,UK,2025-07-07,Standard,38.0,2026-07-19 13:22:08.363051
7731,Steven Pearson,vsampson@example.com,Germany,2022-07-23,Standard,53.0,2026-07-19 13:22:08.363051
7732,Sandra Crosby,jacobsonjanet@example.net,USA,2024-03-06,premium,,2026-07-19 13:22:08.363051
7733,David Bush,juangraham@example.net,,2026-01-14,Premium,21.0,2026-07-19 13:22:08.363051
7734,Emily Smith,patelmarissa@example.net,Germany,2026-06-23,,53.0,2026-07-19 13:22:08.363051
7735,Cathy Guzman,christianlopez@example.com,USA,2022-09-20,premium,,2026-07-19 13:22:08.363051
7736,Michael Brady,linda26@example.org,Germany,2024-04-11,Premium,65.0,2026-07-19 13:22:08.363051
7737,Dennis Jacobs,jason06@example.com,Canada,2021-09-30,premium,,2026-07-19 13:22:08.363051
7738,Erin Rowe,brandon51@example.net,UK,2024-12-19,Premium,,2026-07-19 13:22:08.364048
7739,Jacqueline Rice,chelseajames@example.com,USA,2023-01-15,Standard,,2026-07-19 13:22:08.364048
7740,Allison Potter,angelica60@example.org,USA,2022-02-18,Standard,58.0,2026-07-19 13:22:08.364048
7741,Loretta Robinson DDS,lisawilliams@example.com,Germany,2025-08-07,,,2026-07-19 13:22:08.364048
7742,William Morrison,petermcgee@example.org,Germany,2022-11-09,,54.0,2026-07-19 13:22:08.364048
7743,Christina Lawson MD,anakent@example.com,,2025-05-19,Premium,,2026-07-19 13:22:08.364048
7744,Amy Burton,richardsondaniel@example.com,India,2024-06-05,premium,,2026-07-19 13:22:08.364048
7745,Daniel Williams,matthew47@example.org,,2023-11-25,Premium,70.0,2026-07-19 13:22:08.365066
7746,Sheri Irwin,rogerskristin@example.net,India,2023-08-24,Standard,64.0,2026-07-19 13:22:08.365066
7747,Lisa Bryant,james62@example.org,UK,2021-09-11,,,2026-07-19 13:22:08.365066
7748,Matthew Harris DDS,tristan80@example.net,Canada,2021-04-27,Premium,49.0,2026-07-19 13:22:08.365066
7749,Megan Freeman,uroman@example.com,Canada,2024-03-18,Premium,,2026-07-19 13:22:08.365066
7750,Kristina Travis,jonesguy@example.org,Germany,2025-02-07,premium,42.0,2026-07-19 13:22:08.366042
7751,Jason Miller,bradleyandrew@example.org,Canada,2023-04-13,Standard,,2026-07-19 13:22:08.366042
7752,Patrick Miles,stewartjoshua@example.org,India,2022-01-23,premium,,2026-07-19 13:22:08.366042
7753,Mary Franklin,julie43@example.net,Germany,2025-05-10,premium,63.0,2026-07-19 13:22:08.367037
7754,Miranda Romero,rwright@example.com,USA,2023-10-06,,,2026-07-19 13:22:08.367037
7755,Jerry Shaffer,wigginstheresa@example.org,Germany,2026-07-10,Premium,48.0,2026-07-19 13:22:08.367037
7756,Brian Gray,zmartin@example.com,,2025-09-21,premium,33.0,2026-07-19 13:22:08.368039
7757,Matthew Johnson,dkelly@example.com,India,2021-04-29,Premium,28.0,2026-07-19 13:22:08.368039
7758,Edward Schmitt,nielsencheryl@example.com,,2022-06-21,Premium,53.0,2026-07-19 13:22:08.368039
7759,Stephanie Doyle,michaelrangel@example.com,USA,2024-04-09,,54.0,2026-07-19 13:22:08.368039
7760,Gabriel Salazar,mistyheath@example.com,UK,2024-04-03,,44.0,2026-07-19 13:22:08.368039
7761,Meghan Barry,todd88@example.com,USA,2023-07-07,,41.0,2026-07-19 13:22:08.368039
7762,Patrick Santos,briancarroll@example.net,UK,2025-05-05,premium,47.0,2026-07-19 13:22:08.368039
7763,Tracy Morrison,spencernicole@example.org,Germany,2024-10-28,,66.0,2026-07-19 13:22:08.369035
7764,David Smith,bward@example.com,Canada,2022-03-29,Premium,18.0,2026-07-19 13:22:08.369035
7765,Billy Reyes,anthonysnyder@example.net,,2022-05-16,,18.0,2026-07-19 13:22:08.369035
7766,Robert Stanley,lucasmolly@example.com,Germany,2026-04-15,Standard,49.0,2026-07-19 13:22:08.369035
7767,Shane Bonilla,williamsmark@example.org,UK,2023-01-03,,,2026-07-19 13:22:08.369035
7768,Ashley Armstrong,bowersjames@example.org,UK,2025-04-15,Standard,,2026-07-19 13:22:08.369035
7769,Preston Chen,jholt@example.com,,2026-05-09,Standard,,2026-07-19 13:22:08.369035
7770,Samantha Johnson,amy10@example.org,UK,2025-09-06,,,2026-07-19 13:22:08.370035
7771,Brianna Perez,anna08@example.org,UK,2024-01-30,,61.0,2026-07-19 13:22:08.370035
7772,Christopher Fields,rayjose@example.com,UK,2024-04-01,premium,,2026-07-19 13:22:08.370035
7773,Christine Carter,melissawilliams@example.org,India,2022-10-10,premium,,2026-07-19 13:22:08.370035
7774,Kayla Brown,ashley30@example.org,Germany,2024-10-09,,,2026-07-19 13:22:08.370035
7775,Dakota Brown,beverlysanchez@example.net,Germany,2024-05-01,premium,,2026-07-19 13:22:08.370035
7776,Terry Bennett,thomasjessica@example.org,Canada,2022-03-19,Standard,50.0,2026-07-19 13:22:08.370035
7777,Richard Ramos,bradlee@example.com,Germany,2023-04-06,premium,,2026-07-19 13:22:08.370035
7778,Brandon Ochoa,psimpson@example.com,UK,2024-08-02,Premium,69.0,2026-07-19 13:22:08.371034
7779,Rachel Molina,preston20@example.net,USA,2024-10-28,premium,66.0,2026-07-19 13:22:08.371034
7780,Amy Evans,nicholaswilson@example.org,USA,2026-03-17,Standard,45.0,2026-07-19 13:22:08.371034
7781,Julie Williams,tday@example.com,Germany,2023-02-13,Standard,21.0,2026-07-19 13:22:08.371034
7782,Vanessa Allen,susancarter@example.org,USA,2021-10-23,,,2026-07-19 13:22:08.371034
7783,David Cooper,zreynolds@example.org,India,2025-08-02,premium,46.0,2026-07-19 13:22:08.371034
7784,Peter Jones,bmacias@example.org,USA,2026-06-29,Premium,,2026-07-19 13:22:08.371034
7785,Paula Dunlap,john90@example.com,Canada,2022-06-10,,,2026-07-19 13:22:08.371034
7786,Anthony Blackwell,thomas32@example.org,Canada,2024-02-14,premium,27.0,2026-07-19 13:22:08.371034
7787,Leslie Little,kellyyoung@example.com,India,2023-12-10,,,2026-07-19 13:22:08.372035
7788,Misty Miller,glane@example.net,India,2025-11-11,Standard,39.0,2026-07-19 13:22:08.372035
7789,Amy Russell,kevin70@example.com,Germany,2022-04-15,Premium,,2026-07-19 13:22:08.372035
7790,Frank Malone,salazarallison@example.net,USA,2024-04-22,,56.0,2026-07-19 13:22:08.372035
7791,Danielle Willis,jeremiah80@example.org,USA,2025-10-14,,45.0,2026-07-19 13:22:08.372035
7792,Richard Hansen,marcus73@example.net,USA,2025-02-06,Standard,,2026-07-19 13:22:08.372035
7793,Matthew Mccarthy,savannah82@example.com,,2024-04-21,Standard,67.0,2026-07-19 13:22:08.372035
7794,Danielle Blair,jesseharris@example.org,Germany,2025-10-06,Standard,49.0,2026-07-19 13:22:08.372035
7795,Sharon Chandler,ycook@example.net,USA,2024-08-28,Standard,24.0,2026-07-19 13:22:08.373034
7796,Steven Ross,sandrabrown@example.com,USA,2022-01-03,Standard,,2026-07-19 13:22:08.373034
7797,Mary Mitchell,gregorysantos@example.org,,2022-08-18,Premium,,2026-07-19 13:22:08.373034
7798,Stephanie Ortega MD,boydchristopher@example.com,USA,2022-11-16,Standard,34.0,2026-07-19 13:22:08.373034
7799,Brent Scott,colemansherry@example.com,USA,2022-05-20,,,2026-07-19 13:22:08.373034
7800,Catherine Woods,boyerjennifer@example.org,USA,2025-06-23,Standard,66.0,2026-07-19 13:22:08.373034
7801,Michelle Tanner,wmorgan@example.org,,2025-11-08,Standard,,2026-07-19 13:22:08.373034
7802,Laura Rodriguez,mitchellangela@example.net,India,2024-04-24,Premium,,2026-07-19 13:22:08.374034
7803,Michael Schwartz,brett58@example.org,,2023-10-26,Premium,,2026-07-19 13:22:08.374034
7804,Samuel Love,qberg@example.com,USA,2024-01-31,Premium,,2026-07-19 13:22:08.374034
7805,John Morgan,imckenzie@example.org,,2022-10-01,Premium,,2026-07-19 13:22:08.374034
7806,Jermaine Fischer,christine97@example.com,UK,2022-11-08,,52.0,2026-07-19 13:22:08.375036
7807,Madison Steele,oconnortroy@example.org,,2023-01-11,,,2026-07-19 13:22:08.375036
7808,Jessica Allen,xmejia@example.org,,2024-07-19,premium,37.0,2026-07-19 13:22:08.375036
7809,Tyler Hill,camposjessica@example.net,Canada,2024-06-27,,60.0,2026-07-19 13:22:08.375036
7810,Sarah Rosario,afreeman@example.org,Germany,2023-01-25,Standard,,2026-07-19 13:22:08.375036
7811,Lynn Watkins,whitneyjackson@example.com,Canada,2024-09-26,Standard,63.0,2026-07-19 13:22:08.375036
7812,Preston Wallace,michael12@example.com,,2021-12-05,,,2026-07-19 13:22:08.375036
7813,Martin Holmes,lynchryan@example.net,UK,2023-07-31,premium,57.0,2026-07-19 13:22:08.376070
7814,Dawn Robertson,emilyguerra@example.net,India,2022-06-24,Standard,51.0,2026-07-19 13:22:08.376070
7815,Michael Hayes,hunterjermaine@example.net,,2022-01-17,Premium,,2026-07-19 13:22:08.376070
7816,Taylor Todd,dale29@example.org,UK,2021-06-11,,61.0,2026-07-19 13:22:08.376070
7817,James Scott,scottzachary@example.com,,2025-05-13,Premium,,2026-07-19 13:22:08.376070
7818,Holly Powell,abradford@example.org,Canada,2025-03-19,Standard,,2026-07-19 13:22:08.376070
7819,Felicia Smith,birdlisa@example.net,UK,2021-12-04,,,2026-07-19 13:22:08.376070
7820,Zachary Garcia,dgriffin@example.org,Canada,2022-09-24,Premium,,2026-07-19 13:22:08.376070
7821,Michael Morris,victoriatran@example.net,Canada,2024-04-29,,,2026-07-19 13:22:08.376070
7822,Sarah Shelton,robertkim@example.org,,2022-10-14,Premium,,2026-07-19 13:22:08.377055
7823,Andrew Garza,nelsonshaun@example.net,USA,2024-11-17,,,2026-07-19 13:22:08.377055
7824,Tracy Collins,melaniebrown@example.org,Canada,2021-08-31,premium,,2026-07-19 13:22:08.377055
7825,Ashley Green,aprilcooper@example.com,USA,2025-10-01,premium,64.0,2026-07-19 13:22:08.377055
7826,William Hickman,daniellemurphy@example.com,,2026-07-18,Standard,,2026-07-19 13:22:08.377055
7827,Kimberly Williamson,tonyafischer@example.com,USA,2024-10-22,Standard,,2026-07-19 13:22:08.377055
7828,Mike Salas,uhernandez@example.net,USA,2025-09-10,Premium,,2026-07-19 13:22:08.377055
7829,Sean Jackson,amyrobles@example.com,UK,2022-04-16,,,2026-07-19 13:22:08.377055
7830,Melissa Evans,maryleon@example.com,India,2025-05-24,,,2026-07-19 13:22:08.378053
7831,Rita Miles,zstevens@example.net,UK,2024-08-29,premium,18.0,2026-07-19 13:22:08.378053
7832,Brian Wong,pdunlap@example.org,UK,2023-05-24,premium,,2026-07-19 13:22:08.378053
7833,Cristian Gilbert,parkstammy@example.net,Germany,2024-07-08,,,2026-07-19 13:22:08.378053
7834,Christian Lopez,brownjennifer@example.org,USA,2026-02-17,,,2026-07-19 13:22:08.378053
7835,Mackenzie King,francesmeadows@example.net,USA,2026-05-16,Premium,27.0,2026-07-19 13:22:08.378053
7836,Matthew Barrett,fleonard@example.com,Canada,2022-11-01,Standard,,2026-07-19 13:22:08.378053
7837,Miguel Gonzalez,kellerjason@example.org,USA,2024-06-01,,32.0,2026-07-19 13:22:08.378053
7838,Andrew Johnson,fhopkins@example.com,India,2022-06-04,,,2026-07-19 13:22:08.379056
7839,Jason Jackson,miguel89@example.net,USA,2022-07-06,Standard,28.0,2026-07-19 13:22:08.379056
7840,Craig Aguilar,ericmcmillan@example.com,India,2021-05-26,,35.0,2026-07-19 13:22:08.379056
7841,Nicholas Shields,hriggs@example.net,UK,2026-03-08,,,2026-07-19 13:22:08.379056
7842,Raymond King,rebeccaward@example.com,Canada,2022-01-29,Premium,55.0,2026-07-19 13:22:08.379056
7843,Amy Bailey,bishopsteven@example.net,Canada,2023-03-02,Premium,,2026-07-19 13:22:08.379056
7844,Dawn Klein,canderson@example.net,Germany,2022-07-06,Premium,,2026-07-19 13:22:08.379056
7845,Jason Shaw,hodgesteven@example.net,USA,2021-01-27,Standard,,2026-07-19 13:22:08.379056
7846,Christopher Parks,christina54@example.com,India,2021-05-14,,67.0,2026-07-19 13:22:08.380053
7847,Christopher Torres,gwilliams@example.com,,2023-12-02,premium,,2026-07-19 13:22:08.380053
7848,Seth Miller,mario75@example.org,,2021-04-13,premium,,2026-07-19 13:22:08.380053
7849,Susan Thomas,helen63@example.org,Germany,2022-02-02,Premium,68.0,2026-07-19 13:22:08.380053
7850,Samantha Alvarez,ruizjulia@example.com,UK,2025-06-09,,,2026-07-19 13:22:08.380053
7851,Donna Nelson,pdecker@example.net,India,2021-06-01,premium,58.0,2026-07-19 13:22:08.380053
7852,Colin Henry,bowmandanielle@example.com,Canada,2024-12-12,premium,,2026-07-19 13:22:08.380053
7853,Susan Jones,maryramos@example.net,USA,2022-07-15,premium,,2026-07-19 13:22:08.381035
7854,Audrey Mcdonald,xsparks@example.org,UK,2021-11-12,premium,,2026-07-19 13:22:08.381035
7855,Paul Graham,thernandez@example.org,USA,2022-09-08,Standard,,2026-07-19 13:22:08.381035
7856,Gregory Valenzuela,adam14@example.org,UK,2021-08-08,Premium,,2026-07-19 13:22:08.381035
7857,Alex Johnson,tiffanykelley@example.org,USA,2023-09-27,Premium,,2026-07-19 13:22:08.381035
7858,Robin Johnson MD,donald27@example.com,Germany,2024-02-06,premium,23.0,2026-07-19 13:22:08.381035
7859,Jennifer Hall,ramirezkathryn@example.net,Germany,2023-07-05,premium,,2026-07-19 13:22:08.381035
7860,Samantha Williams,fmiles@example.org,Germany,2026-01-15,Standard,,2026-07-19 13:22:08.382063
7861,Jessica Holt,sullivanjoel@example.com,USA,2021-12-23,premium,40.0,2026-07-19 13:22:08.382063
7862,Tina Arias,veronica57@example.org,UK,2021-12-14,,,2026-07-19 13:22:08.382063
7863,Dean Mason,grant97@example.com,UK,2025-05-07,Premium,43.0,2026-07-19 13:22:08.382063
7864,Michele Silva,david95@example.org,,2024-09-25,Premium,27.0,2026-07-19 13:22:08.382063
7865,Carolyn Solomon,andersonroberto@example.net,Canada,2023-09-06,,,2026-07-19 13:22:08.382063
7866,Sophia Booth,bassjamie@example.net,UK,2021-03-17,Standard,34.0,2026-07-19 13:22:08.382063
7867,Olivia Riley,emullen@example.org,India,2022-03-16,Standard,,2026-07-19 13:22:08.383035
7868,Lauren Perkins,olsonkrystal@example.com,UK,2024-04-10,premium,29.0,2026-07-19 13:22:08.383035
7869,Hannah Ortiz,timothysanchez@example.org,USA,2021-12-13,Premium,,2026-07-19 13:22:08.383035
7870,Johnny Simpson,nmoore@example.org,Germany,2026-05-15,Standard,,2026-07-19 13:22:08.383035
7871,Heather Sullivan,latoyabutler@example.org,Canada,2026-07-09,Premium,,2026-07-19 13:22:08.383035
7872,Richard Gardner,vwaters@example.net,India,2024-03-12,premium,,2026-07-19 13:22:08.383035
7873,Stacey Reed,anthony23@example.org,Canada,2021-06-23,premium,55.0,2026-07-19 13:22:08.383035
7874,Jose Moore,sherry99@example.com,USA,2023-11-16,,,2026-07-19 13:22:08.383035
7875,Ryan Kennedy,ghansen@example.com,India,2023-12-21,,65.0,2026-07-19 13:22:08.384050
7876,Kim Perry,regina84@example.org,,2022-05-23,Premium,45.0,2026-07-19 13:22:08.384050
7877,Kathryn Roberts,taylorjessica@example.org,USA,2025-07-21,Premium,,2026-07-19 13:22:08.384050
7878,Alison Rodgers,kimberly30@example.com,Canada,2022-04-26,Standard,,2026-07-19 13:22:08.384050
7879,Paul Craig,johnsonelaine@example.org,,2024-10-16,premium,,2026-07-19 13:22:08.384050
7880,Peter Ballard,charles09@example.net,,2023-09-24,Premium,58.0,2026-07-19 13:22:08.384050
7881,Tricia Ruiz,xfuller@example.net,Canada,2022-02-17,premium,,2026-07-19 13:22:08.384050
7882,Traci Jackson,leeashley@example.com,UK,2023-03-04,Standard,31.0,2026-07-19 13:22:08.384050
7883,Shannon Scott,kristensmith@example.net,India,2025-10-24,,,2026-07-19 13:22:08.385037
7884,Amanda Watson,ohensley@example.org,Canada,2025-12-26,Standard,,2026-07-19 13:22:08.385037
7885,Daniel Roberts,uburch@example.org,India,2022-05-07,Premium,67.0,2026-07-19 13:22:08.385037
7886,Debra Santiago,wilsonjason@example.com,USA,2023-04-06,premium,,2026-07-19 13:22:08.385037
7887,Christine Harris,emily58@example.com,USA,2022-02-13,Premium,24.0,2026-07-19 13:22:08.385037
7888,Martha Dennis,curtis58@example.net,Canada,2025-07-07,premium,,2026-07-19 13:22:08.385037
7889,Melanie Rice,gperry@example.com,Germany,2026-01-07,Premium,41.0,2026-07-19 13:22:08.385037
7890,John Jones,davidstephenson@example.com,Germany,2022-05-10,Premium,,2026-07-19 13:22:08.386035
7891,Andrea Perez,hardingcody@example.org,UK,2023-05-13,Premium,,2026-07-19 13:22:08.386035
7892,Justin Shaw,bvargas@example.com,,2022-02-24,premium,,2026-07-19 13:22:08.386035
7893,Christopher Jones,mcdanielmarie@example.com,India,2025-11-14,Premium,60.0,2026-07-19 13:22:08.386035
7894,Robert Andrews,aaron86@example.net,UK,2024-03-28,,,2026-07-19 13:22:08.386035
7895,Alexis Arroyo,april72@example.com,,2023-10-15,Premium,48.0,2026-07-19 13:22:08.386035
7896,Jason Castro,hallmason@example.com,UK,2026-06-26,premium,57.0,2026-07-19 13:22:08.386035
7897,Matthew Sullivan,barry43@example.net,UK,2021-10-11,Standard,63.0,2026-07-19 13:22:08.386035
7898,Amy Garcia,zsmith@example.org,UK,2021-06-18,premium,,2026-07-19 13:22:08.386035
7899,April Mendoza,danielle65@example.net,,2025-12-24,,23.0,2026-07-19 13:22:08.387034
7900,Amanda Brown,carl11@example.com,UK,2025-04-25,Standard,70.0,2026-07-19 13:22:08.387034
7901,Michael Rose,kelseyshelton@example.net,Canada,2022-04-10,Standard,,2026-07-19 13:22:08.387034
7902,Gregory Murray,ashleywood@example.org,USA,2021-02-26,Standard,,2026-07-19 13:22:08.387034
7903,Grace Sullivan,mgallegos@example.com,Canada,2022-10-25,Premium,70.0,2026-07-19 13:22:08.387034
7904,David Bennett,imanning@example.org,Germany,2021-08-27,Premium,,2026-07-19 13:22:08.387034
7905,Ryan Yang,glencalderon@example.net,India,2023-08-15,premium,42.0,2026-07-19 13:22:08.387034
7906,Miguel Taylor,glennthompson@example.org,,2024-01-12,premium,52.0,2026-07-19 13:22:08.387034
7907,Amber Rivers,natalie69@example.org,Germany,2024-04-22,Premium,22.0,2026-07-19 13:22:08.388033
7908,Kaitlin Jarvis,santosphilip@example.com,Germany,2022-02-15,Standard,64.0,2026-07-19 13:22:08.388033
7909,Daniel Olson,simsdaniel@example.com,,2025-04-05,Premium,,2026-07-19 13:22:08.388033
7910,Logan Harris,alyssacrawford@example.com,Canada,2024-02-21,premium,49.0,2026-07-19 13:22:08.388541
7911,Diane Olson,williamsadam@example.org,USA,2025-12-06,Premium,,2026-07-19 13:22:08.388541
7912,Patrick Robinson,xdeleon@example.net,Canada,2021-11-20,Premium,52.0,2026-07-19 13:22:08.388541
7913,Johnathan Ramirez,jellis@example.net,Canada,2022-10-22,Standard,60.0,2026-07-19 13:22:08.388541
7914,Randy Sloan,nicole25@example.com,,2023-02-07,Standard,30.0,2026-07-19 13:22:08.388541
7915,Courtney Porter,nshea@example.net,USA,2024-09-23,premium,,2026-07-19 13:22:08.388541
7916,Daniel Cannon,jefferynguyen@example.com,UK,2022-07-05,Standard,,2026-07-19 13:22:08.388541
7917,Joshua Briggs,bradley52@example.net,USA,2025-04-23,Premium,,2026-07-19 13:22:08.388541
7918,Julie Ingram,valenciazoe@example.org,,2024-08-20,,53.0,2026-07-19 13:22:08.389545
7919,Theresa Smith,hudsonjessica@example.com,Canada,2021-08-09,,58.0,2026-07-19 13:22:08.389545
7920,Cassandra Harper,taylorfitzpatrick@example.org,UK,2022-04-09,,53.0,2026-07-19 13:22:08.389545
7921,Kristine Figueroa,jwalsh@example.net,India,2024-07-14,Premium,40.0,2026-07-19 13:22:08.389545
7922,James Wiggins,jessicaharvey@example.org,Canada,2026-03-08,Standard,66.0,2026-07-19 13:22:08.389545
7923,Jennifer Clark,rmitchell@example.org,USA,2022-02-07,,18.0,2026-07-19 13:22:08.389545
7924,Nicole Copeland,campbelldaniel@example.org,Germany,2022-02-21,premium,67.0,2026-07-19 13:22:08.389545
7925,Leslie Bush,christinabaker@example.org,,2021-07-23,Premium,,2026-07-19 13:22:08.390544
7926,Joyce Medina,moramelissa@example.net,,2022-01-31,,20.0,2026-07-19 13:22:08.390544
7927,Linda Allen,mmartin@example.com,,2023-02-14,,,2026-07-19 13:22:08.390544
7928,Michael Davis,pamelajackson@example.org,Canada,2022-01-14,Standard,,2026-07-19 13:22:08.390544
7929,Andrew Green,crossnathan@example.org,UK,2024-09-21,premium,,2026-07-19 13:22:08.390544
7930,Angela Fischer,james03@example.net,Canada,2021-12-13,,,2026-07-19 13:22:08.390544
7931,Julie Gonzalez,matkins@example.net,UK,2026-05-09,,70.0,2026-07-19 13:22:08.391546
7932,Richard Trevino,laura90@example.org,,2021-04-02,,,2026-07-19 13:22:08.391546
7933,Kristen Jones,davisheather@example.org,Germany,2024-02-15,Standard,,2026-07-19 13:22:08.391546
7934,Allison Nunez,rebecca36@example.com,UK,2022-11-18,Premium,,2026-07-19 13:22:08.391546
7935,Benjamin Reynolds,jordanronald@example.net,USA,2023-02-20,premium,,2026-07-19 13:22:08.391546
7936,Christina Ware,tiffanysparks@example.com,USA,2022-10-26,Premium,,2026-07-19 13:22:08.391546
7937,Jordan Gomez,dianevang@example.com,Germany,2021-05-02,,45.0,2026-07-19 13:22:08.392543
7938,Daniel Hanson,whiteautumn@example.com,India,2021-10-17,Standard,,2026-07-19 13:22:08.392543
7939,Sharon Houston,kristenduke@example.com,Germany,2024-04-09,,56.0,2026-07-19 13:22:08.392543
7940,Miss Michelle Smith,thomas65@example.org,UK,2022-01-10,premium,30.0,2026-07-19 13:22:08.392543
7941,Alex Dominguez,reyesjulian@example.org,Canada,2024-05-10,premium,49.0,2026-07-19 13:22:08.392543
7942,Michael Patel,alexandergray@example.net,UK,2023-01-06,,,2026-07-19 13:22:08.392543
7943,Lee Perez,frangel@example.net,India,2022-10-12,,,2026-07-19 13:22:08.393542
7944,Alicia Hudson,nnguyen@example.com,UK,2021-06-19,Premium,,2026-07-19 13:22:08.393542
7945,John Burns,sheila30@example.org,USA,2023-02-19,,42.0,2026-07-19 13:22:08.393542
7946,Brian Fields,psawyer@example.com,Canada,2022-04-18,,42.0,2026-07-19 13:22:08.393542
7947,Kathleen Reyes,zmiller@example.com,,2023-07-09,,45.0,2026-07-19 13:22:08.393542
7948,Nicholas Jarvis,wisejean@example.org,USA,2024-10-26,Standard,,2026-07-19 13:22:08.393542
7949,Ian Rogers,wardcaitlin@example.org,UK,2023-03-20,,48.0,2026-07-19 13:22:08.393542
7950,Ryan Thomas,michael40@example.net,Canada,2024-04-30,premium,42.0,2026-07-19 13:22:08.395050
7951,Anna Terry,awolf@example.net,Germany,2022-05-14,,,2026-07-19 13:22:08.395050
7952,Carl Stephenson,shenderson@example.com,Canada,2025-08-30,Premium,,2026-07-19 13:22:08.395050
7953,Luis Thompson,banksjoshua@example.com,USA,2025-05-23,Premium,63.0,2026-07-19 13:22:08.395050
7954,Margaret Morris,christina14@example.org,India,2025-09-19,premium,29.0,2026-07-19 13:22:08.395050
7955,Samantha Ross,ztucker@example.net,India,2025-09-12,premium,,2026-07-19 13:22:08.395050
7956,Jasmine Hale MD,cynthia97@example.org,Canada,2026-07-18,premium,,2026-07-19 13:22:08.395050
7957,Joshua Rowe,xsantiago@example.net,UK,2024-05-11,Premium,46.0,2026-07-19 13:22:08.395050
7958,Mario Guerra,berrykirsten@example.org,Canada,2024-07-08,Premium,39.0,2026-07-19 13:22:08.395050
7959,Mr. Joseph Hendricks,wrightjeffrey@example.org,Canada,2023-01-15,premium,64.0,2026-07-19 13:22:08.396061
7960,Rebecca Gonzalez,larry65@example.org,India,2025-06-07,Premium,30.0,2026-07-19 13:22:08.396061
7961,Laura Lang,canderson@example.org,UK,2025-01-08,premium,44.0,2026-07-19 13:22:08.396061
7962,Nathan Solomon,morgankayla@example.net,India,2023-02-11,Standard,36.0,2026-07-19 13:22:08.396061
7963,Jaime Daniel,carrie83@example.org,USA,2025-09-16,Standard,64.0,2026-07-19 13:22:08.396061
7964,James Dunn,michael03@example.com,Canada,2023-02-27,Premium,,2026-07-19 13:22:08.396061
7965,Rebecca Black,lisalynn@example.org,India,2021-07-25,Standard,64.0,2026-07-19 13:22:08.396061
7966,Albert Holt,thomas44@example.com,India,2021-06-14,Premium,35.0,2026-07-19 13:22:08.397091
7967,Tyler Butler,summer94@example.org,UK,2021-05-10,,50.0,2026-07-19 13:22:08.397091
7968,Mary Parker,conleyruben@example.net,India,2022-08-27,Standard,,2026-07-19 13:22:08.397091
7969,Jennifer Harris,cynthia58@example.com,Germany,2023-03-26,Standard,,2026-07-19 13:22:08.397091
7970,Joshua Castro,deanna19@example.com,Canada,2022-04-23,Standard,24.0,2026-07-19 13:22:08.397091
7971,Samantha Harmon,williamsmegan@example.net,Germany,2021-05-01,Standard,32.0,2026-07-19 13:22:08.397091
7972,Jasmine Watkins,flemingalexis@example.org,USA,2023-10-16,Premium,50.0,2026-07-19 13:22:08.398060
7973,Amber Horton,delacruzkyle@example.com,,2026-06-18,Premium,,2026-07-19 13:22:08.398060
7974,Kyle Nicholson,sparksdavid@example.org,USA,2021-09-19,premium,,2026-07-19 13:22:08.398060
7975,Chris Dodson,nicholewatson@example.com,India,2023-12-14,,69.0,2026-07-19 13:22:08.398060
7976,Robert Copeland,michaellawrence@example.com,,2024-09-07,premium,,2026-07-19 13:22:08.398060
7977,Ashley Whitaker,ftaylor@example.net,Germany,2021-02-04,premium,,2026-07-19 13:22:08.399059
7978,Rose Stanley,johnsonryan@example.com,USA,2024-03-17,Standard,,2026-07-19 13:22:08.399059
7979,Kenneth Ramirez,scottashley@example.com,UK,2023-08-14,Standard,,2026-07-19 13:22:08.399059
7980,Thomas Warren,nicholsjeffery@example.org,,2025-09-17,premium,,2026-07-19 13:22:08.399059
7981,Yvette Stone,brosales@example.org,,2025-07-04,Standard,,2026-07-19 13:22:08.399059
7982,Mrs. Joann Jennings,kflores@example.org,USA,2024-09-18,Premium,,2026-07-19 13:22:08.399059
7983,Dr. Jacqueline Riley,pricekeith@example.org,UK,2022-09-27,Standard,53.0,2026-07-19 13:22:08.399059
7984,Courtney Frazier,randyclark@example.net,India,2026-04-16,Standard,,2026-07-19 13:22:08.399059
7985,Anthony Williams,smithchristopher@example.net,India,2025-04-04,Standard,,2026-07-19 13:22:08.400082
7986,David Williams,tanya58@example.com,USA,2026-07-05,premium,,2026-07-19 13:22:08.400082
7987,Veronica Torres,hcollins@example.org,Germany,2024-02-09,,42.0,2026-07-19 13:22:08.400082
7988,Joann Davis,ngarcia@example.net,UK,2025-10-29,,,2026-07-19 13:22:08.400082
7989,Becky Leonard,oday@example.com,,2022-08-23,,23.0,2026-07-19 13:22:08.400082
7990,Stacey Smith,taylorbrown@example.org,Canada,2023-01-15,,38.0,2026-07-19 13:22:08.400082
7991,Jonathan Clements,larsonjessica@example.net,Canada,2022-09-18,Standard,,2026-07-19 13:22:08.400082
7992,Phillip Simmons,nicole31@example.net,UK,2024-07-12,Standard,,2026-07-19 13:22:08.401057
7993,Jermaine Hudson,antoniomoore@example.org,,2025-10-13,,26.0,2026-07-19 13:22:08.401057
7994,Justin Chung,earl83@example.net,,2022-11-16,Premium,,2026-07-19 13:22:08.401057
7995,Amanda Singh,lewiskim@example.org,,2021-07-05,Premium,,2026-07-19 13:22:08.401057
7996,Jordan Mckenzie,kjohnson@example.com,USA,2026-07-12,Premium,,2026-07-19 13:22:08.401057
7997,Eric Harmon,shannon56@example.com,Canada,2024-12-28,premium,40.0,2026-07-19 13:22:08.401057
7998,Jose Skinner,brownevan@example.net,UK,2022-02-16,,,2026-07-19 13:22:08.401057
7999,Adam Liu,jennifercruz@example.com,,2023-12-18,premium,35.0,2026-07-19 13:22:08.401057
8000,Brandon Newman,dnewton@example.com,USA,2026-02-28,,24.0,2026-07-19 13:22:08.402059
8001,Joseph Eaton,rarmstrong@example.org,,2021-10-10,premium,32.0,2026-07-19 13:22:08.402059
8002,Nichole Nguyen,austin29@example.net,USA,2021-07-29,premium,,2026-07-19 13:22:08.402059
8003,Bailey King,llopez@example.org,USA,2023-01-22,,,2026-07-19 13:22:08.402059
8004,Dylan Johnson,melissabeard@example.com,Canada,2026-01-12,Premium,66.0,2026-07-19 13:22:08.402059
8005,John Mendoza,paul99@example.org,,2025-05-24,premium,,2026-07-19 13:22:08.402059
8006,Melissa Petersen,pbrown@example.org,India,2023-03-09,,,2026-07-19 13:22:08.402059
8007,Kelsey White,wwerner@example.com,UK,2022-07-12,,58.0,2026-07-19 13:22:08.402059
8008,Amanda Adams,tammy25@example.net,,2023-07-29,Premium,,2026-07-19 13:22:08.403056
8009,Thomas Weaver,glenda79@example.org,Canada,2021-03-26,Standard,,2026-07-19 13:22:08.403056
8010,Todd Diaz,burkemelanie@example.org,UK,2023-03-28,Standard,,2026-07-19 13:22:08.403056
8011,James Taylor,iriley@example.net,USA,2023-12-28,,32.0,2026-07-19 13:22:08.403056
8012,Dr. Jessica Anderson,robert54@example.net,Germany,2021-06-26,premium,55.0,2026-07-19 13:22:08.403056
8013,Amy Sharp,sarah40@example.com,USA,2025-05-06,Premium,28.0,2026-07-19 13:22:08.403056
8014,Michelle Perry,ginamarquez@example.com,USA,2025-04-06,premium,34.0,2026-07-19 13:22:08.403056
8015,Aaron Smith,phill@example.com,Germany,2026-06-21,premium,46.0,2026-07-19 13:22:08.403056
8016,Joel Martin,ysmith@example.org,,2025-11-21,premium,64.0,2026-07-19 13:22:08.404056
8017,Teresa Ayala,kristinhodges@example.org,Germany,2023-06-08,,,2026-07-19 13:22:08.404056
8018,Jeremy Contreras,lorihenry@example.net,Germany,2022-06-30,,34.0,2026-07-19 13:22:08.404056
8019,Michaela Leblanc,acostadavid@example.org,Germany,2026-06-13,Standard,,2026-07-19 13:22:08.404056
8020,Lynn Jimenez,cwalker@example.net,Germany,2021-09-23,premium,43.0,2026-07-19 13:22:08.404056
8021,Susan Moody,ashley35@example.com,Canada,2022-10-12,,42.0,2026-07-19 13:22:08.404056
8022,Jessica Hart,eharris@example.org,USA,2021-10-03,Standard,25.0,2026-07-19 13:22:08.404056
8023,Steven Neal,michael79@example.com,,2022-12-07,Standard,25.0,2026-07-19 13:22:08.404056
8024,Kathleen Garner,thomasjones@example.org,UK,2024-03-21,Standard,,2026-07-19 13:22:08.405055
8025,Michele Alexander,kevinreyes@example.org,Germany,2025-10-19,,34.0,2026-07-19 13:22:08.405055
8026,Nicole King,barkercalvin@example.net,UK,2025-05-24,Standard,,2026-07-19 13:22:08.405055
8027,Joshua Wilson,louisschroeder@example.net,,2022-03-07,premium,,2026-07-19 13:22:08.405055
8028,Theresa Fernandez,wsanchez@example.org,UK,2025-08-13,Premium,,2026-07-19 13:22:08.405055
8029,Kenneth Donovan,barbarastokes@example.org,,2021-02-16,,,2026-07-19 13:22:08.405055
8030,Tommy Fletcher,kaitlinmartinez@example.net,UK,2024-07-28,Standard,24.0,2026-07-19 13:22:08.405055
8031,Michele Flores,jenniferwhite@example.org,USA,2025-02-18,premium,,2026-07-19 13:22:08.405055
8032,James Arias,lindsay00@example.net,UK,2021-12-31,premium,55.0,2026-07-19 13:22:08.406061
8033,Kirk Butler,brittany08@example.com,Canada,2021-02-16,premium,,2026-07-19 13:22:08.406061
8034,Nancy Rodriguez,gortiz@example.com,India,2025-12-31,Standard,34.0,2026-07-19 13:22:08.406061
8035,Michael Taylor,travispeterson@example.com,Canada,2026-05-21,,65.0,2026-07-19 13:22:08.406061
8036,Luke Chung,steven60@example.net,Germany,2023-06-04,Premium,48.0,2026-07-19 13:22:08.406061
8037,Beverly Clements,mnelson@example.com,India,2023-05-31,Standard,,2026-07-19 13:22:08.406061
8038,Michael Martinez,marthahouse@example.com,India,2023-01-15,Premium,,2026-07-19 13:22:08.406061
8039,William Stevens,kelly44@example.org,,2024-08-26,premium,,2026-07-19 13:22:08.406061
8040,Rachel Richardson,bartlettmelissa@example.net,UK,2021-04-28,premium,28.0,2026-07-19 13:22:08.407062
8041,Susan Williams,princebrooke@example.org,UK,2025-03-01,,54.0,2026-07-19 13:22:08.407062
8042,Michael Leon,adriana14@example.net,Canada,2025-05-18,,,2026-07-19 13:22:08.407062
8043,Jamie Taylor,swilliams@example.com,India,2023-04-26,,,2026-07-19 13:22:08.407062
8044,Lori Ponce,stephanie77@example.com,Germany,2023-12-18,,,2026-07-19 13:22:08.407062
8045,John Lopez,uanderson@example.net,Germany,2023-10-24,premium,54.0,2026-07-19 13:22:08.407062
8046,Christopher Reed,michael48@example.com,India,2022-02-16,,22.0,2026-07-19 13:22:08.407062
8047,Michelle Keller,cynthiahodges@example.org,India,2026-01-18,,34.0,2026-07-19 13:22:08.407062
8048,Michael Parsons,laura44@example.org,UK,2024-08-10,Standard,67.0,2026-07-19 13:22:08.408062
8049,Kevin Frank,gallagherjesse@example.org,UK,2022-11-21,premium,,2026-07-19 13:22:08.408062
8050,Erica Martin,riverataylor@example.org,Germany,2021-10-03,Standard,30.0,2026-07-19 13:22:08.408062
8051,Xavier Pace,waltercontreras@example.org,UK,2023-02-23,Premium,,2026-07-19 13:22:08.408062
8052,Alvin Adams,carpentercatherine@example.net,Germany,2025-11-26,premium,19.0,2026-07-19 13:22:08.408062
8053,Jenny Rios,cgould@example.net,Canada,2026-02-16,Premium,32.0,2026-07-19 13:22:08.408062
8054,Dr. Alexander Meyer MD,tiffany14@example.net,India,2024-10-27,Premium,,2026-07-19 13:22:08.408062
8055,Brian Simpson,hayesrobert@example.org,USA,2022-05-07,Standard,,2026-07-19 13:22:08.409062
8056,Keith Shea,ryanware@example.com,Germany,2023-01-30,Standard,66.0,2026-07-19 13:22:08.409062
8057,Nathaniel Martin,leeedward@example.com,India,2023-04-08,Premium,23.0,2026-07-19 13:22:08.409062
8058,Bonnie Smith,caseyfrederick@example.org,,2023-08-10,,,2026-07-19 13:22:08.409062
8059,Sherry Baker,tbrown@example.org,India,2021-12-02,,63.0,2026-07-19 13:22:08.410063
8060,Robert Warren,heatherjohnson@example.net,India,2021-11-04,Premium,,2026-07-19 13:22:08.410063
8061,Seth Pratt,fryemicheal@example.net,USA,2023-07-29,Premium,,2026-07-19 13:22:08.410063
8062,Tina Baker,fergusoncraig@example.net,UK,2021-04-14,,47.0,2026-07-19 13:22:08.410063
8063,Ronald Brown,andredoyle@example.com,Germany,2024-01-06,Standard,,2026-07-19 13:22:08.410063
8064,Destiny Patel,yeseniabarron@example.org,Canada,2026-04-18,Standard,66.0,2026-07-19 13:22:08.410063
8065,Adam Edwards,garrettwood@example.net,Germany,2025-07-13,,37.0,2026-07-19 13:22:08.410063
8066,Jesus Cline,simscharles@example.com,,2025-07-29,Premium,,2026-07-19 13:22:08.411062
8067,Alan Barnes,christopherprice@example.com,UK,2023-05-18,,,2026-07-19 13:22:08.411062
8068,Lisa Singh,joshuawilliams@example.org,India,2023-01-26,,,2026-07-19 13:22:08.411062
8069,John Saunders,josephharris@example.org,India,2021-06-02,,57.0,2026-07-19 13:22:08.411062
8070,Jennifer Ross,ryanmartinez@example.com,USA,2022-03-29,,47.0,2026-07-19 13:22:08.411062
8071,Jessica Robinson,dawn75@example.com,Canada,2025-11-25,premium,37.0,2026-07-19 13:22:08.411062
8072,Alicia Parker,howardjason@example.net,Germany,2022-10-04,,31.0,2026-07-19 13:22:08.411062
8073,Amanda Barker,egriffith@example.net,,2021-11-09,,,2026-07-19 13:22:08.412058
8074,Andrea Williams,julie43@example.org,UK,2024-08-22,,,2026-07-19 13:22:08.412058
8075,Stacy Castro,petersonrita@example.net,Canada,2026-05-09,premium,,2026-07-19 13:22:08.412058
8076,Brian Mcintyre,valerie99@example.net,USA,2021-04-08,premium,,2026-07-19 13:22:08.412058
8077,Raven Glenn,melissalee@example.net,Germany,2021-09-18,premium,31.0,2026-07-19 13:22:08.412058
8078,Christina Roberson,alice99@example.com,Germany,2025-01-05,premium,49.0,2026-07-19 13:22:08.412058
8079,Matthew Beltran,david29@example.org,USA,2024-05-27,Standard,,2026-07-19 13:22:08.412058
8080,Douglas Miller,mwilliams@example.org,Germany,2021-11-03,,,2026-07-19 13:22:08.412058
8081,Kevin Cook,torrescaroline@example.com,India,2023-03-20,,,2026-07-19 13:22:08.412058
8082,Shelley Gregory,lawrence74@example.org,,2024-09-02,,,2026-07-19 13:22:08.413063
8083,Kimberly Arias,jonesedwin@example.com,Germany,2023-01-29,premium,,2026-07-19 13:22:08.413063
8084,Heather Robertson,lucasbonnie@example.net,Germany,2022-05-17,Premium,,2026-07-19 13:22:08.413063
8085,Christopher Aguirre,josephtate@example.net,,2022-01-04,Standard,,2026-07-19 13:22:08.413063
8086,Isaac Austin,villacrystal@example.net,India,2021-09-15,premium,59.0,2026-07-19 13:22:08.414063
8087,Justin Ross,nancyhill@example.org,,2022-12-20,Standard,34.0,2026-07-19 13:22:08.414063
8088,Leroy Powell,ukim@example.net,India,2025-03-12,,49.0,2026-07-19 13:22:08.415061
8089,Lisa Ferguson,christinamartin@example.com,UK,2022-12-02,Premium,,2026-07-19 13:22:08.415061
8090,Heather Robinson,kimberly25@example.net,,2021-11-19,,38.0,2026-07-19 13:22:08.415061
8091,Elizabeth Hayes,josecastillo@example.net,,2023-01-19,premium,39.0,2026-07-19 13:22:08.416238
8092,Christopher Rhodes,castillokari@example.com,USA,2024-01-28,premium,35.0,2026-07-19 13:22:08.416238
8093,Kendra Leon,rodriguezjeff@example.net,Germany,2023-08-09,Premium,41.0,2026-07-19 13:22:08.416238
8094,Ross Green,emedina@example.org,UK,2025-05-03,Standard,,2026-07-19 13:22:08.416238
8095,Katherine Davis,brendastephenson@example.net,Germany,2023-04-18,Standard,29.0,2026-07-19 13:22:08.416238
8096,Mr. Richard Willis,brad76@example.org,USA,2024-04-07,,37.0,2026-07-19 13:22:08.416238
8097,Jesse Parker,danielburgess@example.org,,2021-05-25,premium,69.0,2026-07-19 13:22:08.416238
8098,Susan Nguyen,marksmith@example.net,Germany,2025-04-22,,31.0,2026-07-19 13:22:08.417250
8099,Edward Smith,anna40@example.com,India,2026-01-22,premium,,2026-07-19 13:22:08.417250
8100,Larry Meyer,meganshah@example.net,USA,2025-07-23,premium,,2026-07-19 13:22:08.417250
8101,Thomas Payne,sonyasimmons@example.org,Canada,2026-04-17,Standard,,2026-07-19 13:22:08.417250
8102,Lori Long,andrewserika@example.com,UK,2025-04-04,,,2026-07-19 13:22:08.417250
8103,Jackson Richards MD,nancy64@example.net,USA,2025-06-01,premium,,2026-07-19 13:22:08.417250
8104,Pamela French,deanchristina@example.org,India,2022-12-01,,,2026-07-19 13:22:08.418274
8105,Jonathon Manning,brianna10@example.org,Germany,2022-05-15,Premium,33.0,2026-07-19 13:22:08.418274
8106,Sherry Smith,louisrichard@example.org,USA,2021-06-25,,,2026-07-19 13:22:08.418274
8107,Kathryn Powell,kmoody@example.net,India,2025-12-03,premium,56.0,2026-07-19 13:22:08.418274
8108,Mark Byrd,kellycameron@example.com,Canada,2022-07-29,premium,70.0,2026-07-19 13:22:08.418274
8109,Jeanne Zuniga,ryanwade@example.net,Canada,2021-08-18,Premium,19.0,2026-07-19 13:22:08.418274
8110,Ernest Baker,tiffanysimpson@example.net,,2023-10-22,,,2026-07-19 13:22:08.419320
8111,Julia Gomez,ycole@example.net,UK,2025-12-06,premium,,2026-07-19 13:22:08.419320
8112,Steven Burke,james88@example.org,India,2021-01-26,premium,,2026-07-19 13:22:08.419320
8113,Brittney Adams,christinerodriguez@example.org,Germany,2023-05-18,,30.0,2026-07-19 13:22:08.419320
8114,Dillon Berger,diana00@example.org,USA,2021-09-16,Premium,45.0,2026-07-19 13:22:08.419320
8115,Shane Quinn,youngcandice@example.net,India,2025-02-19,Standard,,2026-07-19 13:22:08.419320
8116,Katherine Garcia,hunterjennifer@example.com,,2024-06-19,premium,,2026-07-19 13:22:08.419320
8117,Grace Reyes,avilajonathan@example.net,UK,2023-03-29,Standard,39.0,2026-07-19 13:22:08.419320
8118,Paula Brown,benjaminrobinson@example.org,India,2022-10-19,Standard,44.0,2026-07-19 13:22:08.419320
8119,Jennifer Reynolds,debrawilliams@example.net,USA,2022-04-14,,,2026-07-19 13:22:08.420390
8120,Holly Austin,christophermorris@example.com,UK,2023-11-29,premium,,2026-07-19 13:22:08.420390
8121,Timothy Bowen,tannerhall@example.org,Canada,2023-11-08,Premium,58.0,2026-07-19 13:22:08.420390
8122,Lisa House,hancocktiffany@example.net,USA,2023-03-09,Standard,,2026-07-19 13:22:08.420390
8123,Christine Mckenzie,ronaldharris@example.com,Canada,2021-09-17,Standard,54.0,2026-07-19 13:22:08.420390
8124,Michael Holmes,michaelrichardson@example.com,USA,2025-06-30,,,2026-07-19 13:22:08.420390
8125,Lori Collins,lindsey78@example.com,India,2023-03-12,premium,61.0,2026-07-19 13:22:08.420390
8126,Daniel James,kevinherman@example.com,,2022-06-02,Standard,,2026-07-19 13:22:08.420390
8127,Shawn Hogan,sanchezemily@example.org,Germany,2021-04-21,,,2026-07-19 13:22:08.421393
8128,Deanna Campbell,kimberly58@example.com,,2023-09-19,Premium,49.0,2026-07-19 13:22:08.421393
8129,Jeffrey Williams,mayshannon@example.net,Canada,2023-01-10,,,2026-07-19 13:22:08.421393
8130,Amy Hernandez,hudsonyvette@example.org,Canada,2021-07-30,Premium,,2026-07-19 13:22:08.421393
8131,Lisa Stevenson,roachfrank@example.net,India,2026-04-27,,,2026-07-19 13:22:08.421393
8132,Jennifer Holmes,andrew40@example.org,UK,2025-05-26,premium,,2026-07-19 13:22:08.421393
8133,Joseph Beck,uhenry@example.org,UK,2021-02-11,Standard,69.0,2026-07-19 13:22:08.421393
8134,James Garcia,josefranklin@example.org,USA,2025-02-14,premium,47.0,2026-07-19 13:22:08.422281
8135,Lee Smith,jamespatrick@example.net,Germany,2021-05-02,premium,,2026-07-19 13:22:08.422281
8136,Jamie Edwards,curtis84@example.com,,2022-09-29,Premium,,2026-07-19 13:22:08.422281
8137,Michael Scott,ulopez@example.net,UK,2025-10-28,,29.0,2026-07-19 13:22:08.422281
8138,Oscar Barton,huertajoe@example.org,UK,2026-06-29,Standard,,2026-07-19 13:22:08.422281
8139,Natasha Bowen,allison77@example.com,UK,2021-09-04,Standard,,2026-07-19 13:22:08.422281
8140,Omar Jones,mackenzie35@example.org,India,2025-03-03,Premium,,2026-07-19 13:22:08.422281
8141,David Ellis,laurenswanson@example.com,,2023-08-21,premium,,2026-07-19 13:22:08.422281
8142,Andrew Simmons,tyler35@example.net,India,2025-01-18,Premium,,2026-07-19 13:22:08.423280
8143,Joseph Bentley,xevans@example.com,,2023-04-03,Standard,19.0,2026-07-19 13:22:08.423280
8144,Tiffany Carter,ybaker@example.net,USA,2021-02-05,Premium,,2026-07-19 13:22:08.423280
8145,Susan Baker,larry92@example.net,Germany,2026-07-09,premium,,2026-07-19 13:22:08.423280
8146,Peter Dawson PhD,kathleen99@example.com,UK,2023-01-17,Premium,,2026-07-19 13:22:08.423280
8147,Carl Campbell,imeyer@example.com,USA,2025-05-22,Premium,,2026-07-19 13:22:08.423280
8148,Ryan Walker,hrichard@example.net,Germany,2025-06-13,Standard,19.0,2026-07-19 13:22:08.423280
8149,Kenneth Sloan,matthewallen@example.org,USA,2024-07-16,,,2026-07-19 13:22:08.423280
8150,Dawn Reed,zbooker@example.com,Canada,2025-03-05,Premium,46.0,2026-07-19 13:22:08.424280
8151,Gary Zavala,srichardson@example.net,India,2025-01-02,Premium,69.0,2026-07-19 13:22:08.424280
8152,Tracy Griffin,raguilar@example.com,,2023-12-14,Standard,28.0,2026-07-19 13:22:08.424280
8153,Kevin Mills,johnmiller@example.com,Canada,2025-09-24,premium,31.0,2026-07-19 13:22:08.424280
8154,Ashley Lee,hernandezalison@example.com,UK,2021-01-27,premium,18.0,2026-07-19 13:22:08.424280
8155,Timothy Townsend,qjohnson@example.net,India,2025-10-30,Standard,23.0,2026-07-19 13:22:08.424280
8156,Thomas Bates,jessicabrown@example.com,,2026-05-01,,51.0,2026-07-19 13:22:08.424280
8157,Tricia Robbins,elizabeth90@example.com,Canada,2024-11-10,Premium,68.0,2026-07-19 13:22:08.424280
8158,Rachel Collins,sandra44@example.org,UK,2025-03-20,Premium,,2026-07-19 13:22:08.424280
8159,Shelly Mendez,burnsjoseph@example.org,UK,2024-12-07,,,2026-07-19 13:22:08.425391
8160,Brianna Tyler,melvin05@example.org,Germany,2022-04-22,,,2026-07-19 13:22:08.425391
8161,Joseph Gardner,timothy37@example.net,USA,2023-04-05,Standard,,2026-07-19 13:22:08.425391
8162,Jenny Kelly,stacymcmillan@example.org,,2022-09-26,premium,33.0,2026-07-19 13:22:08.425391
8163,Justin Carlson,davischristopher@example.org,India,2021-09-26,Premium,52.0,2026-07-19 13:22:08.425391
8164,Ashley Davis,brandonarmstrong@example.org,Germany,2025-09-25,Standard,66.0,2026-07-19 13:22:08.425391
8165,April Lucas,fadams@example.com,Germany,2021-04-28,premium,,2026-07-19 13:22:08.425391
8166,Kristina Oliver,udavis@example.org,Canada,2023-09-20,premium,,2026-07-19 13:22:08.425391
8167,Matthew Perez,pamelajones@example.net,India,2022-12-03,,,2026-07-19 13:22:08.425391
8168,Adam Frazier,bennettnathan@example.org,UK,2022-02-26,Premium,,2026-07-19 13:22:08.425391
8169,Tara Torres,courtneywright@example.com,UK,2026-04-26,Standard,21.0,2026-07-19 13:22:08.425391
8170,Alexander Garcia,amy35@example.org,UK,2024-03-05,premium,,2026-07-19 13:22:08.425391
8171,Michelle Mora,shahraymond@example.com,,2023-09-26,,42.0,2026-07-19 13:22:08.425391
8172,Emily Boyd,micheal09@example.net,,2022-01-25,premium,,2026-07-19 13:22:08.425391
8173,Amanda Mayo,virginia55@example.com,UK,2023-06-10,premium,55.0,2026-07-19 13:22:08.426998
8174,Melissa Barber,zelliott@example.com,,2021-10-22,premium,65.0,2026-07-19 13:22:08.426998
8175,Lauren Valencia,johnsoncheryl@example.org,UK,2023-05-05,Standard,,2026-07-19 13:22:08.426998
8176,Sean Hall,jenna65@example.net,India,2024-04-07,premium,20.0,2026-07-19 13:22:08.426998
8177,Nicole Pittman,mary83@example.org,India,2026-05-26,,,2026-07-19 13:22:08.426998
8178,Robert Black,greenedawn@example.com,India,2022-02-25,premium,56.0,2026-07-19 13:22:08.426998
8179,Sergio Gonzalez,ndavila@example.net,India,2021-09-20,premium,50.0,2026-07-19 13:22:08.426998
8180,David Miller,lopezsarah@example.net,Canada,2023-09-14,Standard,60.0,2026-07-19 13:22:08.426998
8181,Caleb Zamora,mbranch@example.org,Germany,2024-02-02,premium,,2026-07-19 13:22:08.426998
8182,Brenda Rodriguez,newmanrebecca@example.org,Germany,2023-01-11,,,2026-07-19 13:22:08.428113
8183,Michael Lee,shannon38@example.net,India,2023-04-30,Standard,,2026-07-19 13:22:08.428113
8184,Robert Espinoza,meadowsbenjamin@example.org,,2025-11-21,Standard,,2026-07-19 13:22:08.428113
8185,Melanie Nguyen,thomasnichole@example.net,USA,2021-10-10,premium,65.0,2026-07-19 13:22:08.428113
8186,Michele Lynch,garycombs@example.com,Germany,2023-03-17,,57.0,2026-07-19 13:22:08.428113
8187,Kelly Rose,clinton11@example.net,Canada,2023-10-13,Premium,,2026-07-19 13:22:08.428113
8188,Mr. Theodore Rodriguez,kathryn34@example.com,India,2021-07-17,premium,,2026-07-19 13:22:08.428113
8189,Lisa Martinez,christopher58@example.net,UK,2021-11-18,premium,,2026-07-19 13:22:08.428113
8190,Joshua Mason,terryalan@example.com,Germany,2021-07-10,premium,64.0,2026-07-19 13:22:08.429005
8191,Mary Preston,anne84@example.org,Germany,2024-02-27,Standard,,2026-07-19 13:22:08.429005
8192,Thomas Fox,eric72@example.org,Germany,2022-11-08,,25.0,2026-07-19 13:22:08.429005
8193,Gabrielle Meadows,arogers@example.org,India,2024-07-04,Standard,39.0,2026-07-19 13:22:08.429005
8194,Timothy Moreno,johnchandler@example.org,USA,2022-03-12,,,2026-07-19 13:22:08.429005
8195,Christina Ramirez,parsonstammy@example.com,India,2023-01-18,Premium,,2026-07-19 13:22:08.429005
8196,Melissa Duke,michaelhurst@example.com,Canada,2022-02-28,Standard,67.0,2026-07-19 13:22:08.430005
8197,Tamara Harris,rfarrell@example.org,Germany,2025-09-20,,,2026-07-19 13:22:08.430005
8198,Thomas Smith,gtran@example.net,USA,2022-01-12,Premium,,2026-07-19 13:22:08.430005
8199,Ernest Jones DDS,olivia56@example.net,Canada,2022-08-29,Standard,35.0,2026-07-19 13:22:08.430005
8200,Brandon Patel,drakeandrew@example.org,Germany,2021-06-19,Premium,,2026-07-19 13:22:08.430005
8201,Eric Porter II,xsmith@example.org,India,2021-03-01,premium,39.0,2026-07-19 13:22:08.430005
8202,Bryan Edwards,ucross@example.org,India,2024-07-26,premium,,2026-07-19 13:22:08.431005
8203,Rebekah Jones,lynn95@example.net,India,2021-05-15,,69.0,2026-07-19 13:22:08.431005
8204,Patricia Decker,ronaldcampbell@example.net,Canada,2024-03-03,Standard,,2026-07-19 13:22:08.431005
8205,Samantha Richard,gparsons@example.org,,2023-11-02,,44.0,2026-07-19 13:22:08.431005
8206,Anita Patrick,djohnson@example.com,UK,2021-12-12,premium,66.0,2026-07-19 13:22:08.431005
8207,Thomas Shelton,ylane@example.com,India,2022-01-16,Premium,,2026-07-19 13:22:08.431005
8208,Melissa Russell,kristinharris@example.org,,2026-04-06,premium,30.0,2026-07-19 13:22:08.431005
8209,Charles Massey,bbaird@example.net,Germany,2026-01-19,premium,,2026-07-19 13:22:08.431005
8210,Samuel Herman,davidkane@example.org,UK,2024-09-30,Standard,,2026-07-19 13:22:08.432004
8211,Mallory Watson,ithomas@example.org,UK,2025-04-01,Standard,,2026-07-19 13:22:08.432004
8212,Holly Goodman,anne15@example.org,Canada,2022-03-08,Standard,,2026-07-19 13:22:08.432004
8213,Bonnie Miller,douglas48@example.org,Canada,2023-08-12,premium,59.0,2026-07-19 13:22:08.432004
8214,Rebecca Hancock,xperez@example.net,Canada,2026-05-12,premium,41.0,2026-07-19 13:22:08.432004
8215,Ms. Candice Mendoza,wwang@example.org,UK,2026-02-09,Premium,,2026-07-19 13:22:08.432004
8216,Casey Jensen,carol15@example.net,USA,2025-07-30,Premium,,2026-07-19 13:22:08.432004
8217,Monica Mack,rodriguezwesley@example.org,India,2026-04-11,Premium,57.0,2026-07-19 13:22:08.432004
8218,Sara Brown,archerdavid@example.com,,2022-09-30,Standard,63.0,2026-07-19 13:22:08.433003
8219,Michael Brewer,michaelchen@example.net,UK,2024-02-13,Standard,49.0,2026-07-19 13:22:08.433003
8220,Aaron Young,acostamaria@example.net,USA,2021-06-13,Premium,60.0,2026-07-19 13:22:08.433003
8221,Rodney Short Jr.,smithtina@example.com,UK,2023-05-29,,51.0,2026-07-19 13:22:08.433003
8222,Michael Stanley,bullockmitchell@example.com,,2021-03-18,Premium,53.0,2026-07-19 13:22:08.433003
8223,Samantha Strickland,xmontoya@example.org,UK,2024-11-18,premium,46.0,2026-07-19 13:22:08.433003
8224,Debra Walker,stephen31@example.org,Germany,2022-03-20,,,2026-07-19 13:22:08.433003
8225,Garrett Williams,batesheather@example.org,USA,2022-05-10,premium,69.0,2026-07-19 13:22:08.434003
8226,Joshua Frey,bnelson@example.net,,2026-07-03,Standard,37.0,2026-07-19 13:22:08.434003
8227,Joseph Hughes,apatterson@example.org,USA,2024-11-24,Standard,,2026-07-19 13:22:08.434003
8228,Timothy Reynolds,edwinmorris@example.org,Germany,2024-11-28,,35.0,2026-07-19 13:22:08.434003
8229,Wesley Floyd,virginia89@example.net,,2021-12-21,,,2026-07-19 13:22:08.434003
8230,Tabitha Wells,zjohnson@example.net,Canada,2025-02-07,,59.0,2026-07-19 13:22:08.434003
8231,Sydney Miller,millershawn@example.net,,2022-04-05,Standard,,2026-07-19 13:22:08.435004
8232,Tammie Garrett,gillcharles@example.org,UK,2021-12-12,,44.0,2026-07-19 13:22:08.435004
8233,David Allen,hicksmichelle@example.com,Germany,2023-03-21,premium,51.0,2026-07-19 13:22:08.435004
8234,Daryl Lang,emiller@example.net,,2022-08-30,,,2026-07-19 13:22:08.435004
8235,James Young,rsmith@example.com,India,2023-02-17,Standard,,2026-07-19 13:22:08.435004
8236,Cathy Warren,cmoore@example.org,UK,2024-01-18,Premium,,2026-07-19 13:22:08.435004
8237,Michelle Olson,tgreen@example.org,Germany,2021-12-22,Standard,,2026-07-19 13:22:08.435004
8238,Teresa Ponce,emiranda@example.com,USA,2026-01-12,premium,,2026-07-19 13:22:08.436010
8239,Katie Vega,coxchelsea@example.org,Germany,2024-10-21,Standard,,2026-07-19 13:22:08.436010
8240,Steven Merritt,thompsonjustin@example.net,Canada,2021-04-08,Standard,,2026-07-19 13:22:08.436010
8241,Haley Martinez,michael00@example.org,UK,2022-04-17,Premium,,2026-07-19 13:22:08.436010
8242,Michael Moreno,leahshannon@example.com,India,2022-04-03,,,2026-07-19 13:22:08.436010
8243,Cathy Harris,francesmitchell@example.net,,2022-01-07,Premium,25.0,2026-07-19 13:22:08.436010
8244,Sandy Winters,johnsonkenneth@example.org,USA,2023-04-26,Standard,33.0,2026-07-19 13:22:08.436010
8245,Carol Richardson,douglas78@example.com,India,2024-05-25,,26.0,2026-07-19 13:22:08.436010
8246,Chase Brown,rachelgarcia@example.org,Canada,2025-04-12,,31.0,2026-07-19 13:22:08.437009
8247,John Skinner,caitlyn28@example.org,Germany,2022-08-02,premium,,2026-07-19 13:22:08.437009
8248,Catherine Hernandez DDS,latoya81@example.com,,2022-07-22,Premium,,2026-07-19 13:22:08.437009
8249,Michael Rush,adam56@example.com,Germany,2021-05-23,premium,,2026-07-19 13:22:08.437009
8250,Meredith Neal,teresa44@example.com,Germany,2023-09-27,Standard,,2026-07-19 13:22:08.437009
8251,Jessica Bullock,qking@example.net,India,2024-09-16,,,2026-07-19 13:22:08.437009
8252,Bonnie Smith,garciaapril@example.org,,2022-03-14,,,2026-07-19 13:22:08.437009
8253,Danielle Hale,tracydaniel@example.org,,2021-12-14,premium,,2026-07-19 13:22:08.437009
8254,Melissa Black,gregory46@example.net,UK,2024-05-21,Premium,,2026-07-19 13:22:08.438115
8255,April Ruiz MD,charles89@example.com,India,2026-03-04,Standard,,2026-07-19 13:22:08.438115
8256,Susan Graham,christophergreen@example.com,,2024-03-02,premium,,2026-07-19 13:22:08.438115
8257,Erica Fitzgerald,kanderson@example.org,UK,2025-01-25,Standard,44.0,2026-07-19 13:22:08.438115
8258,Olivia Gutierrez,michael99@example.com,USA,2023-12-06,Premium,,2026-07-19 13:22:08.438115
8259,Amy Sanchez,taylor91@example.net,Canada,2025-02-12,,40.0,2026-07-19 13:22:08.438115
8260,Cody Park,mollygrant@example.com,India,2022-01-24,premium,29.0,2026-07-19 13:22:08.438115
8261,Anthony Atkinson,upena@example.net,Canada,2024-11-29,Standard,,2026-07-19 13:22:08.438115
8262,Mr. William Smith,knightroy@example.net,Germany,2025-02-22,,63.0,2026-07-19 13:22:08.438115
8263,Joel Carey,zterry@example.com,India,2025-10-11,Premium,,2026-07-19 13:22:08.439133
8264,Jared Rogers,smithkristin@example.net,Canada,2023-01-03,Premium,,2026-07-19 13:22:08.439133
8265,Colleen Zamora,mark28@example.org,,2021-04-03,Premium,,2026-07-19 13:22:08.439133
8266,William Johnson,kenneth86@example.com,Germany,2024-06-13,Premium,33.0,2026-07-19 13:22:08.439133
8267,Steven Clay,millerwendy@example.net,India,2021-08-14,premium,21.0,2026-07-19 13:22:08.439133
8268,Stephanie Ellis,veronicahernandez@example.org,,2025-01-27,Standard,29.0,2026-07-19 13:22:08.439133
8269,Isaiah Dorsey,traceyhernandez@example.org,,2023-05-24,,,2026-07-19 13:22:08.439133
8270,Michelle Santos,anthonyibarra@example.net,,2025-05-26,Standard,49.0,2026-07-19 13:22:08.440053
8271,Adrienne Arnold,belllarry@example.com,India,2025-10-29,Standard,31.0,2026-07-19 13:22:08.440053
8272,Shane Wilson,loganwebb@example.com,Canada,2024-04-17,Premium,65.0,2026-07-19 13:22:08.440053
8273,Travis Benton,gregory47@example.org,,2021-12-06,,20.0,2026-07-19 13:22:08.440053
8274,Ruth Mueller,wrightrachel@example.com,India,2025-09-13,Standard,56.0,2026-07-19 13:22:08.440053
8275,David Mccormick,john52@example.net,UK,2025-01-18,premium,,2026-07-19 13:22:08.441010
8276,Michelle Hines,adavis@example.org,UK,2021-11-19,,41.0,2026-07-19 13:22:08.441010
8277,Elizabeth Jones,zgarner@example.com,India,2021-10-18,Standard,48.0,2026-07-19 13:22:08.441010
8278,Dawn Lewis,egregory@example.com,,2025-07-15,premium,,2026-07-19 13:22:08.441010
8279,Aaron Grimes,todd74@example.com,Canada,2021-03-07,Premium,,2026-07-19 13:22:08.441010
8280,Eric Murillo PhD,vanessa35@example.com,USA,2024-10-09,Standard,,2026-07-19 13:22:08.441010
8281,Crystal Jimenez,castroalex@example.net,Canada,2023-01-11,,,2026-07-19 13:22:08.442008
8282,Jacob Livingston,vaughnjoseph@example.com,Canada,2025-04-23,Premium,45.0,2026-07-19 13:22:08.442008
8283,Bruce Chen,simmonsjessica@example.com,Canada,2023-03-18,Standard,26.0,2026-07-19 13:22:08.442008
8284,Jamie Thomas,baileydavid@example.net,Germany,2023-06-20,,,2026-07-19 13:22:08.442008
8285,Heather Floyd,foxethan@example.net,USA,2021-12-07,,,2026-07-19 13:22:08.442008
8286,Lisa Estes,lisamedina@example.org,Germany,2025-03-17,Standard,,2026-07-19 13:22:08.443009
8287,Crystal Taylor,shannonpatel@example.org,USA,2026-01-31,Standard,,2026-07-19 13:22:08.443009
8288,Emily Cole,dunnmichelle@example.com,USA,2022-01-23,Premium,,2026-07-19 13:22:08.443009
8289,Amber Stewart,darrylhill@example.com,Germany,2024-03-29,premium,43.0,2026-07-19 13:22:08.443009
8290,Michael Shelton,lambpatricia@example.com,USA,2025-04-22,Standard,43.0,2026-07-19 13:22:08.443009
8291,Richard Mccoy,sonya05@example.org,Germany,2021-02-13,premium,39.0,2026-07-19 13:22:08.443009
8292,Carol Martin,owoods@example.com,Germany,2022-04-09,Standard,,2026-07-19 13:22:08.443009
8293,Teresa Gordon,tracy56@example.org,India,2024-09-08,premium,,2026-07-19 13:22:08.443009
8294,Wendy Morgan,scottking@example.net,Germany,2021-04-11,Standard,21.0,2026-07-19 13:22:08.444009
8295,Sheri Henderson,kferguson@example.org,Germany,2023-01-08,,65.0,2026-07-19 13:22:08.444009
8296,Anne Rodriguez,kmontgomery@example.org,USA,2023-12-31,premium,25.0,2026-07-19 13:22:08.444009
8297,Nathan Howard,austin15@example.org,Canada,2021-07-24,premium,,2026-07-19 13:22:08.444009
8298,Jamie Martin,greenfrancisco@example.org,UK,2023-10-25,Premium,45.0,2026-07-19 13:22:08.444009
8299,Michael Charles,omelendez@example.com,India,2023-12-16,Premium,67.0,2026-07-19 13:22:08.444009
8300,Todd Wright,janice31@example.net,USA,2026-01-30,Premium,,2026-07-19 13:22:08.444009
8301,David Harper,garciajennifer@example.net,,2023-03-11,Standard,69.0,2026-07-19 13:22:08.445009
8302,Jason Roach,khoffman@example.net,USA,2024-07-02,Standard,54.0,2026-07-19 13:22:08.445009
8303,Isaiah Wong,ohammond@example.net,,2021-05-24,Standard,,2026-07-19 13:22:08.445009
8304,Bonnie Clarke,andrewryan@example.com,India,2023-07-31,premium,,2026-07-19 13:22:08.445009
8305,Barry Garrett,paul73@example.com,Canada,2021-08-31,,,2026-07-19 13:22:08.445009
8306,Kimberly Young,lauraarroyo@example.org,Canada,2021-07-10,,,2026-07-19 13:22:08.445009
8307,Dana Wilson DDS,heidicalhoun@example.net,USA,2025-09-25,Premium,63.0,2026-07-19 13:22:08.445009
8308,Kelly Scott,abennett@example.org,Canada,2025-09-20,premium,,2026-07-19 13:22:08.445009
8309,Sarah Francis,ramirezjason@example.org,,2025-01-23,,,2026-07-19 13:22:08.446014
8310,Julie Lam,kellypierce@example.net,,2021-05-04,premium,65.0,2026-07-19 13:22:08.446014
8311,Kenneth Santiago,melissacooley@example.net,UK,2026-05-30,Standard,64.0,2026-07-19 13:22:08.446014
8312,Tiffany Jones,morganhunt@example.com,India,2026-03-01,Premium,,2026-07-19 13:22:08.446014
8313,David Castro,tracie33@example.net,UK,2023-09-20,Premium,,2026-07-19 13:22:08.446014
8314,Vanessa May,albertanthony@example.net,Canada,2026-04-08,Standard,,2026-07-19 13:22:08.446014
8315,Tyler Gray,rangelantonio@example.net,Germany,2022-03-16,premium,64.0,2026-07-19 13:22:08.447014
8316,Bryan Suarez,vhill@example.net,USA,2024-03-18,Standard,66.0,2026-07-19 13:22:08.447014
8317,Rachel Sanchez,kerrmichael@example.org,Canada,2024-10-11,,,2026-07-19 13:22:08.447014
8318,Joseph Rodriguez,newmanamy@example.com,,2024-11-07,Standard,47.0,2026-07-19 13:22:08.447014
8319,Robert Martin,ggraves@example.org,Canada,2023-04-23,premium,,2026-07-19 13:22:08.447014
8320,Catherine Clark,timothyromero@example.com,India,2025-03-29,,46.0,2026-07-19 13:22:08.447014
8321,Ethan Adams,paula42@example.com,,2022-12-03,Standard,,2026-07-19 13:22:08.447014
8322,Craig Wolfe,williamramirez@example.net,Canada,2021-11-26,premium,46.0,2026-07-19 13:22:08.447014
8323,Terri James,allenamanda@example.org,Canada,2021-12-15,Standard,39.0,2026-07-19 13:22:08.448014
8324,Justin York,andrew75@example.org,UK,2021-07-05,Standard,,2026-07-19 13:22:08.448014
8325,David Hunter,elopez@example.com,Canada,2024-01-12,premium,42.0,2026-07-19 13:22:08.448014
8326,Julia Moon,andersonsarah@example.org,Germany,2024-06-04,,41.0,2026-07-19 13:22:08.448014
8327,Christina Smith,lknight@example.net,India,2023-02-28,Premium,49.0,2026-07-19 13:22:08.448014
8328,Craig Roberts,zachary05@example.net,,2022-03-17,Standard,19.0,2026-07-19 13:22:08.448014
8329,Samantha Campbell,markbrown@example.com,Canada,2022-09-14,premium,,2026-07-19 13:22:08.448014
8330,Kayla Patrick,riveramaria@example.net,UK,2026-01-29,,56.0,2026-07-19 13:22:08.448014
8331,Robert Dawson,gmartinez@example.net,USA,2022-07-11,Premium,49.0,2026-07-19 13:22:08.449013
8332,Rick Carpenter,mark04@example.com,Germany,2024-12-08,,,2026-07-19 13:22:08.449013
8333,Jennifer Todd,davidhunt@example.org,,2024-11-12,Premium,,2026-07-19 13:22:08.449013
8334,John Brown,wgonzalez@example.com,,2022-07-11,premium,40.0,2026-07-19 13:22:08.449013
8335,Mr. Jason Hernandez,dayjulie@example.net,,2024-09-03,Standard,,2026-07-19 13:22:08.449013
8336,Elizabeth Sanders,karen07@example.org,Canada,2022-10-29,,,2026-07-19 13:22:08.449013
8337,Jessica Hernandez,vsandoval@example.com,Canada,2023-04-26,premium,43.0,2026-07-19 13:22:08.449013
8338,Cody Olson,cherylwyatt@example.com,Canada,2023-12-02,premium,45.0,2026-07-19 13:22:08.449013
8339,Paul Smith,allisonstanley@example.org,,2021-04-08,Standard,46.0,2026-07-19 13:22:08.450013
8340,Brandon Johnson,davischristina@example.org,UK,2022-11-02,Standard,44.0,2026-07-19 13:22:08.450013
8341,Matthew Santiago,jvasquez@example.net,USA,2021-04-27,,68.0,2026-07-19 13:22:08.450013
8342,Amanda Boyd,karen22@example.net,Canada,2023-05-27,,50.0,2026-07-19 13:22:08.450013
8343,Brian Gutierrez,bosborne@example.net,,2025-11-21,Premium,56.0,2026-07-19 13:22:08.450013
8344,Dustin Chan,paynebrian@example.net,Germany,2021-11-05,Premium,55.0,2026-07-19 13:22:08.450013
8345,Monique Long,obrienbrandon@example.com,UK,2024-12-26,Premium,70.0,2026-07-19 13:22:08.450013
8346,Alicia Brown,jensenaaron@example.com,,2023-12-05,Premium,21.0,2026-07-19 13:22:08.451014
8347,Susan Hernandez,richard21@example.net,USA,2023-09-30,,60.0,2026-07-19 13:22:08.451014
8348,Victoria Good,robinbrooks@example.com,UK,2026-05-31,premium,,2026-07-19 13:22:08.451014
8349,Emma Miller,iwood@example.org,Germany,2021-12-06,,49.0,2026-07-19 13:22:08.451014
8350,Rebecca Rodriguez,aanderson@example.org,Canada,2024-12-28,,,2026-07-19 13:22:08.451014
8351,Shane Decker,mlindsey@example.net,UK,2025-10-27,Premium,,2026-07-19 13:22:08.451014
8352,Nicole Edwards,tyler31@example.com,Germany,2022-12-01,,,2026-07-19 13:22:08.451014
8353,Gloria Howard,jenniferwhite@example.com,Canada,2021-02-21,,46.0,2026-07-19 13:22:08.451014
8354,Emily Case,erinbuchanan@example.com,,2024-10-06,premium,42.0,2026-07-19 13:22:08.451014
8355,Mr. Anthony Maynard,parrishkevin@example.net,UK,2021-12-18,Standard,27.0,2026-07-19 13:22:08.452013
8356,Anthony Vance,williamsjoshua@example.net,India,2021-09-11,Premium,,2026-07-19 13:22:08.452013
8357,Anthony Dickson,carrollalyssa@example.com,Germany,2025-03-15,,,2026-07-19 13:22:08.452013
8358,Julie Andrade,margaretedwards@example.net,,2023-07-29,Standard,40.0,2026-07-19 13:22:08.452013
8359,Ashlee Jones,wigginsrachel@example.org,Canada,2023-10-08,premium,,2026-07-19 13:22:08.452013
8360,Ronald Joseph,zgarza@example.org,Germany,2022-05-12,premium,,2026-07-19 13:22:08.452013
8361,Carla Beck,weaverjacob@example.com,,2023-11-24,Standard,41.0,2026-07-19 13:22:08.452013
8362,Jackie Allen,danielleedwards@example.org,UK,2025-10-25,Premium,,2026-07-19 13:22:08.453014
8363,Taylor Andrews,jade84@example.org,India,2023-09-10,,,2026-07-19 13:22:08.453014
8364,Kenneth Sharp,wellsrussell@example.org,Germany,2023-02-22,Standard,,2026-07-19 13:22:08.453014
8365,Lisa Oconnell,dominguezrachel@example.org,,2023-06-19,premium,31.0,2026-07-19 13:22:08.453014
8366,Tyler Jones,cthompson@example.com,India,2024-05-19,,66.0,2026-07-19 13:22:08.453014
8367,Jennifer Orozco,khernandez@example.net,USA,2024-07-31,Standard,67.0,2026-07-19 13:22:08.453014
8368,Marc Ramirez,kaylarichards@example.net,Canada,2023-02-13,Standard,,2026-07-19 13:22:08.453014
8369,David Odom,jennifermcdonald@example.net,India,2024-02-28,Premium,,2026-07-19 13:22:08.453014
8370,Kevin Thompson,msmith@example.org,Germany,2025-12-02,Premium,,2026-07-19 13:22:08.454013
8371,Cheyenne Miller,mariaadams@example.net,UK,2023-04-28,Standard,,2026-07-19 13:22:08.454013
8372,Aaron Anderson,perezemily@example.org,USA,2022-09-29,Premium,31.0,2026-07-19 13:22:08.454013
8373,John Holland,cameronjasmine@example.org,USA,2022-04-05,,53.0,2026-07-19 13:22:08.454013
8374,Matthew Ray,cynthiasullivan@example.com,Canada,2024-09-30,,51.0,2026-07-19 13:22:08.454013
8375,William Olsen,nmartin@example.org,UK,2022-01-28,,41.0,2026-07-19 13:22:08.454013
8376,Bradley Bryan,ajimenez@example.com,USA,2024-09-13,premium,,2026-07-19 13:22:08.454013
8377,Kirk Williams,lopezleslie@example.org,,2025-08-02,Premium,,2026-07-19 13:22:08.454013
8378,James Rasmussen,kentcollier@example.com,UK,2021-03-09,,,2026-07-19 13:22:08.455013
8379,Scott Jones,deborah97@example.org,UK,2025-11-08,Premium,29.0,2026-07-19 13:22:08.455013
8380,Kenneth Cohen,nevans@example.org,Germany,2023-03-27,Standard,,2026-07-19 13:22:08.455013
8381,Brian Hernandez,bobrien@example.org,Canada,2024-01-06,Standard,54.0,2026-07-19 13:22:08.455013
8382,Tom Mcgee,dlucero@example.org,USA,2025-10-11,Standard,,2026-07-19 13:22:08.455013
8383,Wesley Olson,joselamb@example.com,,2023-12-20,,39.0,2026-07-19 13:22:08.455013
8384,Christina Bautista,michellesummers@example.com,USA,2023-05-14,premium,,2026-07-19 13:22:08.455013
8385,Samuel Kim,hwilliams@example.com,India,2021-11-09,Premium,,2026-07-19 13:22:08.455013
8386,Brandon Clark,catherine68@example.com,Germany,2022-08-31,,,2026-07-19 13:22:08.455013
8387,Christopher Alexander,masonyoung@example.org,UK,2026-02-08,,37.0,2026-07-19 13:22:08.456017
8388,Regina Roy,michelle70@example.com,Canada,2021-06-02,Standard,,2026-07-19 13:22:08.456017
8389,Amy Bender,johnmcclure@example.org,USA,2024-11-08,premium,,2026-07-19 13:22:08.456017
8390,Lori Miller,sflores@example.org,USA,2023-09-24,Premium,,2026-07-19 13:22:08.456017
8391,Reginald Whitney,pthomas@example.org,Germany,2024-07-29,Premium,55.0,2026-07-19 13:22:08.456017
8392,Brian Allen,plawson@example.org,Germany,2025-08-30,Premium,,2026-07-19 13:22:08.456017
8393,Kyle Austin,brownjohnathan@example.com,UK,2026-05-10,Standard,,2026-07-19 13:22:08.456017
8394,Samantha Gutierrez,danielle56@example.org,Germany,2022-12-09,premium,44.0,2026-07-19 13:22:08.456017
8395,Robert Smith,qbowman@example.com,UK,2025-02-09,Standard,30.0,2026-07-19 13:22:08.457017
8396,Timothy Simpson,jeremymayo@example.com,Germany,2023-07-18,,,2026-07-19 13:22:08.457017
8397,Sarah Snyder,danielle17@example.net,Canada,2022-01-10,premium,38.0,2026-07-19 13:22:08.457017
8398,Jennifer Gallegos DVM,zanderson@example.com,Germany,2023-05-04,premium,,2026-07-19 13:22:08.457017
8399,Kevin Lewis,ipratt@example.net,India,2022-01-19,Premium,21.0,2026-07-19 13:22:08.457017
8400,Vincent Brennan,johnchurch@example.net,Canada,2024-11-12,Standard,,2026-07-19 13:22:08.457017
8401,Jamie Valencia,sararichard@example.net,India,2023-01-22,Standard,,2026-07-19 13:22:08.457017
8402,Desiree Garcia,matthewmyers@example.com,UK,2025-09-15,Premium,18.0,2026-07-19 13:22:08.457017
8403,Michael Walker,cassidymurphy@example.net,UK,2022-01-24,Premium,,2026-07-19 13:22:08.458017
8404,William Garcia,bonnieprice@example.com,UK,2021-07-15,Premium,31.0,2026-07-19 13:22:08.458017
8405,George Jensen,tammywells@example.org,,2023-04-06,Standard,,2026-07-19 13:22:08.458017
8406,Stephen Murphy,chelsea52@example.com,India,2025-05-15,premium,68.0,2026-07-19 13:22:08.458017
8407,Patricia Wood DVM,efloyd@example.net,Canada,2026-01-18,premium,,2026-07-19 13:22:08.458017
8408,Aaron Campbell,qharrison@example.org,Canada,2021-10-02,Standard,,2026-07-19 13:22:08.458017
8409,Brittany Evans,qwebster@example.com,India,2024-04-30,Premium,59.0,2026-07-19 13:22:08.458017
8410,James Brown,richard57@example.net,Germany,2024-12-10,Standard,42.0,2026-07-19 13:22:08.458017
8411,Roy Miller,kwatkins@example.org,India,2021-11-18,premium,,2026-07-19 13:22:08.459018
8412,Terry Wells,candice47@example.net,Germany,2025-08-20,Premium,29.0,2026-07-19 13:22:08.459018
8413,Chris Dunn,jeffreyjackson@example.com,USA,2024-08-19,premium,,2026-07-19 13:22:08.459018
8414,James Green,darrenriley@example.com,UK,2022-07-28,Standard,27.0,2026-07-19 13:22:08.459018
8415,Roberto Hall,alicia18@example.com,UK,2024-12-14,Premium,49.0,2026-07-19 13:22:08.459018
8416,Derek Williams,anthony35@example.org,Germany,2025-03-02,premium,,2026-07-19 13:22:08.459018
8417,Madison Anderson,ricky95@example.org,Germany,2024-05-26,Premium,,2026-07-19 13:22:08.459018
8418,Christina Barrett,samantha27@example.net,India,2023-11-25,Premium,64.0,2026-07-19 13:22:08.459018
8419,William Perez,tiffany75@example.net,Germany,2026-04-07,Standard,54.0,2026-07-19 13:22:08.459018
8420,Melissa Fernandez,kyle66@example.com,Canada,2024-01-27,premium,,2026-07-19 13:22:08.460017
8421,Daniel Lowe,wzamora@example.com,USA,2024-08-28,Standard,,2026-07-19 13:22:08.460017
8422,Sylvia Henry,nray@example.org,,2022-04-10,Premium,65.0,2026-07-19 13:22:08.460017
8423,Albert Jackson,qtapia@example.org,Canada,2021-06-06,Standard,,2026-07-19 13:22:08.460017
8424,John Price,uroach@example.com,,2025-12-13,,,2026-07-19 13:22:08.460017
8425,Lauren Ross,suttontaylor@example.net,Canada,2024-05-26,Premium,,2026-07-19 13:22:08.461019
8426,Erika Clark,haleyrebecca@example.net,Germany,2025-02-16,Premium,,2026-07-19 13:22:08.461019
8427,Mrs. Leslie Larson,alexis55@example.org,India,2025-11-12,Standard,31.0,2026-07-19 13:22:08.461019
8428,Beverly Davis,fbennett@example.org,Germany,2024-05-08,premium,64.0,2026-07-19 13:22:08.462017
8429,Susan Mayo,gerald91@example.net,USA,2023-08-24,premium,56.0,2026-07-19 13:22:08.462017
8430,Ryan Mcdonald,juliemckenzie@example.net,India,2021-06-22,,,2026-07-19 13:22:08.462017
8431,Sarah Cole,karla00@example.net,UK,2025-11-23,,59.0,2026-07-19 13:22:08.462017
8432,Thomas Robertson III,ghutchinson@example.com,,2024-06-15,,53.0,2026-07-19 13:22:08.463019
8433,Christopher Marshall,cmorris@example.org,UK,2026-03-20,premium,,2026-07-19 13:22:08.463019
8434,Adam Solis,josephcardenas@example.com,UK,2025-07-19,Standard,23.0,2026-07-19 13:22:08.463019
8435,Michele Gray,anthony43@example.net,,2022-09-14,Premium,,2026-07-19 13:22:08.463019
8436,Robert Johnson,walshmichael@example.org,USA,2023-05-08,premium,50.0,2026-07-19 13:22:08.463019
8437,Stacey Becker,briandennis@example.com,India,2025-12-06,premium,18.0,2026-07-19 13:22:08.463019
8438,Rachel Goodman,moniquesolis@example.com,USA,2021-12-22,premium,,2026-07-19 13:22:08.463019
8439,Adrian Lane,robinsimpson@example.net,UK,2023-04-16,Standard,55.0,2026-07-19 13:22:08.464021
8440,Jesse Fox,kathleenwilkins@example.com,India,2021-10-03,Standard,,2026-07-19 13:22:08.464021
8441,Melissa Hunt,sandra36@example.net,USA,2026-07-08,Premium,28.0,2026-07-19 13:22:08.464021
8442,Robert Hansen,gregoryorozco@example.org,Canada,2024-01-09,premium,20.0,2026-07-19 13:22:08.465022
8443,Emma Sharp,derrick97@example.net,Canada,2023-01-28,premium,,2026-07-19 13:22:08.465022
8444,Jessica Perez,valdezerin@example.com,Germany,2023-01-30,,,2026-07-19 13:22:08.465022
8445,Donna Benitez,hallkatherine@example.net,UK,2024-11-18,Premium,62.0,2026-07-19 13:22:08.465022
8446,Zachary Norris,zwells@example.net,Germany,2025-07-02,Premium,,2026-07-19 13:22:08.465022
8447,Angela Eaton,msmith@example.com,Germany,2021-07-29,premium,56.0,2026-07-19 13:22:08.465022
8448,Dawn Harris,whicks@example.org,Germany,2024-10-18,premium,62.0,2026-07-19 13:22:08.465022
8449,Brooke Flores,felicia22@example.com,India,2025-06-23,Standard,64.0,2026-07-19 13:22:08.466026
8450,Melissa Hawkins,nicolas50@example.net,UK,2022-11-17,Premium,24.0,2026-07-19 13:22:08.466026
8451,Brian Grant,madison18@example.com,USA,2026-03-15,premium,26.0,2026-07-19 13:22:08.466026
8452,Amber Sparks,rebecca20@example.net,Canada,2024-07-14,,52.0,2026-07-19 13:22:08.466026
8453,Kelly Brown,xknapp@example.com,USA,2024-12-03,Standard,,2026-07-19 13:22:08.466026
8454,Gina Miles,pereznatasha@example.net,,2021-02-03,Premium,64.0,2026-07-19 13:22:08.466026
8455,Sherry Lopez,brianmurphy@example.net,USA,2021-08-09,premium,43.0,2026-07-19 13:22:08.466026
8456,Eric Becker,christopherbaxter@example.net,Germany,2023-11-16,Premium,58.0,2026-07-19 13:22:08.467026
8457,Mr. Hector Santos,matajoseph@example.net,USA,2026-06-29,Standard,38.0,2026-07-19 13:22:08.467026
8458,Kim Bishop,karenhansen@example.org,India,2025-08-28,Standard,,2026-07-19 13:22:08.467026
8459,Scott Sanchez,mhoward@example.org,Germany,2022-01-23,Premium,,2026-07-19 13:22:08.467026
8460,Evan Scott,lynn02@example.net,Germany,2024-05-22,Premium,37.0,2026-07-19 13:22:08.467026
8461,Joseph Williams,tammymichael@example.net,UK,2021-05-25,Standard,,2026-07-19 13:22:08.467026
8462,Jeanette Collins,martinezhunter@example.net,,2022-08-03,,,2026-07-19 13:22:08.467026
8463,Steven Coleman,brandy96@example.com,Germany,2024-11-07,Premium,,2026-07-19 13:22:08.467026
8464,George Henderson,eduardo59@example.net,Germany,2021-09-16,Standard,22.0,2026-07-19 13:22:08.468025
8465,Jamie James,stevensonbrenda@example.com,Germany,2022-11-26,premium,,2026-07-19 13:22:08.468025
8466,Laura Miles,lori17@example.com,,2026-04-04,Premium,33.0,2026-07-19 13:22:08.468025
8467,Tonya Winters,vanessasmith@example.org,,2026-05-07,premium,22.0,2026-07-19 13:22:08.468025
8468,Diane Clark,silvatamara@example.com,,2022-10-10,,,2026-07-19 13:22:08.468025
8469,Melissa Christian,dtanner@example.net,Germany,2022-01-14,Standard,,2026-07-19 13:22:08.468025
8470,Lindsey Sanders,kaylamelton@example.net,USA,2024-02-15,premium,36.0,2026-07-19 13:22:08.468025
8471,Brenda Allen,jean22@example.net,Germany,2022-05-16,Standard,55.0,2026-07-19 13:22:08.468025
8472,Monique Lopez,donaldlawrence@example.net,Germany,2021-10-25,,66.0,2026-07-19 13:22:08.469084
8473,Dr. Megan Frazier,jdrake@example.org,UK,2023-06-17,premium,62.0,2026-07-19 13:22:08.469084
8474,David Smith,alan15@example.net,USA,2023-06-08,Premium,69.0,2026-07-19 13:22:08.469084
8475,Natasha Cantu,jennifer14@example.net,UK,2023-04-26,Standard,42.0,2026-07-19 13:22:08.469084
8476,Russell Newman,jennifer45@example.net,,2023-01-13,Standard,,2026-07-19 13:22:08.469084
8477,Shane Coleman,martinezronald@example.net,UK,2022-11-24,,51.0,2026-07-19 13:22:08.469084
8478,Misty Rodriguez,collinspatricia@example.net,Germany,2021-08-03,Premium,35.0,2026-07-19 13:22:08.469084
8479,Christopher Armstrong,ymiller@example.net,,2021-08-20,Standard,,2026-07-19 13:22:08.469084
8480,Ashley Hall,gerald98@example.com,,2025-04-02,Premium,,2026-07-19 13:22:08.469084
8481,Daniel David,jasonnewman@example.org,UK,2025-03-25,Premium,70.0,2026-07-19 13:22:08.470145
8482,Marie Rodriguez,erin40@example.com,,2024-02-27,Standard,61.0,2026-07-19 13:22:08.470145
8483,Daniel Collins,jacob24@example.com,,2025-06-23,premium,,2026-07-19 13:22:08.470145
8484,Samantha Norris,sharonpineda@example.net,,2023-12-05,Premium,40.0,2026-07-19 13:22:08.470145
8485,Felicia Thomas,bushjason@example.org,Germany,2021-10-03,Premium,,2026-07-19 13:22:08.470145
8486,Keith Wilson,mariaking@example.net,India,2026-07-07,premium,,2026-07-19 13:22:08.471031
8487,Sara Rivera,robinsongeorge@example.net,,2023-04-23,,,2026-07-19 13:22:08.471031
8488,Susan Wright,jacobmiller@example.com,Germany,2024-06-06,,,2026-07-19 13:22:08.471031
8489,Karen Vega,staceyjames@example.org,USA,2022-03-28,Premium,33.0,2026-07-19 13:22:08.471031
8490,Travis Ward,lwalton@example.net,India,2021-06-08,premium,,2026-07-19 13:22:08.471031
8491,Cameron James,alyssa10@example.org,UK,2024-12-24,premium,35.0,2026-07-19 13:22:08.471031
8492,Derrick Brown,christine59@example.org,USA,2021-07-02,premium,,2026-07-19 13:22:08.471031
8493,Christy Wright,danieldalton@example.org,India,2025-12-25,Standard,70.0,2026-07-19 13:22:08.472166
8494,Paula Alexander,kristen62@example.org,,2026-05-10,premium,57.0,2026-07-19 13:22:08.472166
8495,Lori Griffin,grhodes@example.org,India,2024-11-24,Premium,,2026-07-19 13:22:08.472166
8496,Edward James,samanthamayer@example.com,USA,2022-11-07,premium,25.0,2026-07-19 13:22:08.472166
8497,Sarah Ramos,mirandamack@example.org,Canada,2023-03-16,,,2026-07-19 13:22:08.472166
8498,Jennifer Nelson,michaelscott@example.org,India,2025-12-12,Standard,,2026-07-19 13:22:08.472166
8499,Robert Benjamin,yvonne83@example.net,USA,2024-04-17,premium,64.0,2026-07-19 13:22:08.473139
8500,Victoria Taylor,loriross@example.net,India,2022-06-07,Premium,34.0,2026-07-19 13:22:08.473139
8501,Scott Keith,xalexander@example.com,Germany,2025-03-20,,27.0,2026-07-19 13:22:08.473139
8502,Tony Duncan,sabrinahill@example.com,USA,2025-01-31,Standard,,2026-07-19 13:22:08.473139
8503,Jose Jackson,donnagarcia@example.org,UK,2022-02-19,,20.0,2026-07-19 13:22:08.473139
8504,Jessica Powell,barrydelgado@example.net,,2025-07-31,Standard,58.0,2026-07-19 13:22:08.473139
8505,Gabriel Martinez,peckkimberly@example.org,USA,2023-08-28,Premium,46.0,2026-07-19 13:22:08.473139
8506,Brooke Rice,lisaholloway@example.com,UK,2021-12-21,Standard,,2026-07-19 13:22:08.473139
8507,Mr. Matthew Long,karenwatts@example.com,,2024-01-24,premium,26.0,2026-07-19 13:22:08.474145
8508,William Harper,bellsherry@example.org,Canada,2021-06-26,Standard,,2026-07-19 13:22:08.474145
8509,Melissa Smith,ithompson@example.net,UK,2024-03-05,Standard,,2026-07-19 13:22:08.474145
8510,Andrew Taylor,robersonjoseph@example.net,USA,2026-02-25,Premium,37.0,2026-07-19 13:22:08.474145
8511,Amber Peck,jessica59@example.com,USA,2025-12-16,Premium,,2026-07-19 13:22:08.474145
8512,Ashley Rodriguez,derekrobbins@example.com,USA,2021-02-01,Standard,,2026-07-19 13:22:08.474145
8513,Ryan Simmons,hcruz@example.net,,2022-04-01,premium,,2026-07-19 13:22:08.474145
8514,Christopher Walker,kempjeffrey@example.org,,2021-11-22,Premium,19.0,2026-07-19 13:22:08.474145
8515,Lucas Barrett,zesparza@example.org,UK,2026-01-05,Premium,,2026-07-19 13:22:08.475133
8516,Susan Nelson,adamwright@example.org,India,2023-06-25,premium,63.0,2026-07-19 13:22:08.475133
8517,Joshua Pace,myersstacy@example.com,,2026-05-04,Premium,26.0,2026-07-19 13:22:08.475133
8518,Mrs. Gina Newman,amandalee@example.org,UK,2025-09-09,premium,,2026-07-19 13:22:08.475133
8519,Tiffany Alvarado,monica89@example.org,Canada,2023-07-01,Premium,46.0,2026-07-19 13:22:08.475133
8520,Lauren Ramirez,lindsey06@example.net,USA,2023-08-24,premium,45.0,2026-07-19 13:22:08.475133
8521,Bryan Salazar,flewis@example.net,Germany,2022-12-28,,,2026-07-19 13:22:08.475133
8522,Cynthia Evans,pollardmary@example.org,,2022-02-07,Standard,29.0,2026-07-19 13:22:08.475133
8523,Laura Graham,afletcher@example.org,India,2023-05-13,,18.0,2026-07-19 13:22:08.475133
8524,Adam Alexander,williamsdavid@example.net,,2025-10-30,Premium,35.0,2026-07-19 13:22:08.476144
8525,Katrina Lopez,rherrera@example.org,,2024-10-20,,34.0,2026-07-19 13:22:08.476144
8526,Deborah Johnson,valenciaheather@example.com,,2025-05-26,premium,37.0,2026-07-19 13:22:08.476144
8527,Paul Lane,tphillips@example.com,Canada,2026-04-22,,41.0,2026-07-19 13:22:08.476144
8528,Jason Vargas,rossheather@example.org,Canada,2022-01-13,Premium,,2026-07-19 13:22:08.476144
8529,Jeffrey Fisher,brianwalker@example.org,Canada,2026-03-07,Premium,,2026-07-19 13:22:08.476144
8530,Katie Carter,rburton@example.com,Canada,2025-06-06,Premium,,2026-07-19 13:22:08.477047
8531,Kevin Hall,mary27@example.com,India,2024-09-04,,,2026-07-19 13:22:08.477047
8532,Brittany Torres,smithwilliam@example.org,USA,2026-04-14,,66.0,2026-07-19 13:22:08.477047
8533,Richard Blair,randolphgabriel@example.org,,2022-09-24,Standard,61.0,2026-07-19 13:22:08.477047
8534,Thomas Sullivan,tara05@example.com,UK,2021-03-01,premium,,2026-07-19 13:22:08.477047
8535,Taylor Bailey,charleselliott@example.org,USA,2022-11-12,Premium,,2026-07-19 13:22:08.477047
8536,Michael Hughes,fordkenneth@example.com,Canada,2022-07-25,,,2026-07-19 13:22:08.477047
8537,William Kane,suzanne30@example.org,Germany,2024-03-04,,,2026-07-19 13:22:08.477047
8538,Laura Morrison,karenrivera@example.org,India,2021-09-12,Premium,,2026-07-19 13:22:08.478029
8539,Ana Dean,jennamitchell@example.com,Germany,2022-11-13,Premium,26.0,2026-07-19 13:22:08.478029
8540,Jacob Olson,clarkemily@example.com,UK,2023-07-16,Premium,52.0,2026-07-19 13:22:08.478029
8541,Jose Hull,jamesodom@example.com,UK,2023-12-28,Standard,,2026-07-19 13:22:08.478029
8542,Joseph Hurley,marshallbelinda@example.com,UK,2023-11-17,Standard,,2026-07-19 13:22:08.478029
8543,Elizabeth Ferguson,zsherman@example.com,India,2025-11-22,premium,,2026-07-19 13:22:08.478029
8544,Jeffrey Knight,ssnyder@example.com,,2023-09-27,,50.0,2026-07-19 13:22:08.479026
8545,Kayla Crane,patricia60@example.com,,2022-06-02,,64.0,2026-07-19 13:22:08.479026
8546,Diane Dyer,davisbethany@example.net,India,2025-11-29,Premium,,2026-07-19 13:22:08.479026
8547,Jenny Richardson,krystal72@example.net,India,2022-06-20,Premium,33.0,2026-07-19 13:22:08.479026
8548,Michael Wall,proth@example.com,India,2021-08-20,,,2026-07-19 13:22:08.479026
8549,Jill Torres,wcook@example.net,UK,2024-09-09,Standard,54.0,2026-07-19 13:22:08.479026
8550,Melanie Porter,alara@example.org,UK,2022-12-22,premium,,2026-07-19 13:22:08.479026
8551,Heather Dyer,brenda15@example.net,,2025-10-05,Premium,,2026-07-19 13:22:08.479026
8552,William Gibson,brittany67@example.com,India,2023-03-07,Standard,67.0,2026-07-19 13:22:08.479026
8553,Judy Hopkins,brian12@example.net,UK,2025-07-10,,,2026-07-19 13:22:08.480042
8554,Ricky Anderson,angelacoleman@example.com,India,2026-05-17,,,2026-07-19 13:22:08.480042
8555,Nathaniel Myers,ycox@example.org,Germany,2021-07-10,,18.0,2026-07-19 13:22:08.480042
8556,Elizabeth Gomez,halljerry@example.org,Canada,2022-05-28,,58.0,2026-07-19 13:22:08.480042
8557,Bruce Garcia,donald84@example.org,India,2025-06-11,,,2026-07-19 13:22:08.480042
8558,Justin Martin,tgarza@example.net,USA,2026-03-29,premium,,2026-07-19 13:22:08.480042
8559,Anna Smith,thodge@example.org,,2024-08-29,Standard,,2026-07-19 13:22:08.480042
8560,Patricia Glover,michaelfoley@example.net,India,2024-12-18,Premium,,2026-07-19 13:22:08.480042
8561,Tiffany Thomas,vthompson@example.net,Germany,2023-12-04,Standard,59.0,2026-07-19 13:22:08.480042
8562,Cynthia Harper,wdavis@example.com,Canada,2022-04-10,Premium,65.0,2026-07-19 13:22:08.481042
8563,Heather Roberts,dhaley@example.org,Germany,2022-03-06,Standard,61.0,2026-07-19 13:22:08.481042
8564,Gina Cox,johnsonandrew@example.com,India,2026-06-05,premium,49.0,2026-07-19 13:22:08.481042
8565,Christopher Rivera,ehall@example.net,Canada,2022-02-28,Standard,,2026-07-19 13:22:08.481042
8566,William Glover,carolynmcguire@example.com,Canada,2022-09-09,,,2026-07-19 13:22:08.481042
8567,Michael Moore,christopherprice@example.com,UK,2022-08-31,Premium,35.0,2026-07-19 13:22:08.481042
8568,Daniel Christian,davidfranklin@example.org,Canada,2021-03-17,premium,,2026-07-19 13:22:08.481042
8569,Matthew Cook,barbaraperez@example.org,Germany,2023-11-02,Premium,,2026-07-19 13:22:08.482042
8570,Andrea Cook,ztucker@example.com,India,2021-03-20,premium,,2026-07-19 13:22:08.482042
8571,Louis Li,gregory22@example.net,USA,2022-03-26,premium,,2026-07-19 13:22:08.482042
8572,Stephen Santiago,seth53@example.com,Canada,2022-08-25,premium,,2026-07-19 13:22:08.482042
8573,Dylan Rodriguez,lgarner@example.net,Germany,2026-02-01,Premium,69.0,2026-07-19 13:22:08.482042
8574,Jenna Thomas,floresamanda@example.org,Canada,2023-09-25,,47.0,2026-07-19 13:22:08.482042
8575,Nathan Allen,leejamie@example.com,USA,2025-03-10,Standard,,2026-07-19 13:22:08.482042
8576,Sheri Wiggins,chaveztanya@example.com,Canada,2022-08-30,premium,,2026-07-19 13:22:08.482042
8577,George Jones,gillespiesara@example.com,USA,2022-02-21,Premium,47.0,2026-07-19 13:22:08.482042
8578,Sarah Russo,xklein@example.net,USA,2024-10-27,,,2026-07-19 13:22:08.483042
8579,Bruce Gonzalez,djohnson@example.net,UK,2023-05-17,,,2026-07-19 13:22:08.483042
8580,Michael Cannon,marshalledward@example.org,UK,2021-12-31,Premium,66.0,2026-07-19 13:22:08.483042
8581,Daniel Callahan,lewisscott@example.org,,2022-03-14,Premium,34.0,2026-07-19 13:22:08.483042
8582,Juan Short,fowlerkimberly@example.net,UK,2025-12-24,,46.0,2026-07-19 13:22:08.483042
8583,Anthony Castro,michele87@example.com,India,2024-04-13,Standard,,2026-07-19 13:22:08.483042
8584,Carl Patterson,christine79@example.net,Canada,2024-12-18,Premium,24.0,2026-07-19 13:22:08.483042
8585,Erik Frazier,stacyolson@example.net,Canada,2026-01-10,,,2026-07-19 13:22:08.483042
8586,Ann Newton,jamie44@example.com,USA,2025-10-14,Standard,,2026-07-19 13:22:08.483042
8587,Brianna Vega,lindsay07@example.org,India,2022-09-07,,,2026-07-19 13:22:08.484042
8588,Daniel Martinez,yberger@example.net,Canada,2023-09-09,Premium,,2026-07-19 13:22:08.484042
8589,Donald King,jenniferthompson@example.com,India,2023-03-20,Premium,,2026-07-19 13:22:08.484042
8590,Karen Stephens,ymurray@example.com,Canada,2026-06-05,Standard,35.0,2026-07-19 13:22:08.484042
8591,Lauren Brown,travis58@example.com,Germany,2025-01-11,Standard,64.0,2026-07-19 13:22:08.484042
8592,Roy Chang,pagejeremiah@example.com,India,2021-07-26,,,2026-07-19 13:22:08.484042
8593,Jill Campbell,mckenzie80@example.net,India,2026-05-22,premium,,2026-07-19 13:22:08.484042
8594,Madeline Henry,karen95@example.net,USA,2024-10-12,Premium,59.0,2026-07-19 13:22:08.485028
8595,Roger Powell,jharris@example.com,USA,2025-11-09,Premium,,2026-07-19 13:22:08.485028
8596,Jason James,zchan@example.com,India,2025-12-08,Premium,25.0,2026-07-19 13:22:08.485028
8597,Caitlin Mays,david78@example.com,,2025-10-11,Premium,42.0,2026-07-19 13:22:08.485028
8598,Ian Klein,fbarton@example.net,Germany,2025-12-22,Standard,,2026-07-19 13:22:08.485028
8599,Sarah Robertson,mooreandre@example.net,,2023-04-12,Standard,21.0,2026-07-19 13:22:08.485028
8600,Stephen Fox,boyermelissa@example.org,India,2021-08-30,Standard,29.0,2026-07-19 13:22:08.485028
8601,Kevin Davies,laurie45@example.org,,2024-10-24,premium,,2026-07-19 13:22:08.485028
8602,Michelle Gallagher,elizabethfernandez@example.org,Germany,2022-11-18,Standard,,2026-07-19 13:22:08.486060
8603,Stephanie Yates,robertdiaz@example.org,USA,2023-05-29,premium,60.0,2026-07-19 13:22:08.486060
8604,Alexander Martin,cheryl69@example.com,India,2022-03-15,,25.0,2026-07-19 13:22:08.486060
8605,Kristina Lopez,tristanlucas@example.org,Germany,2025-12-09,premium,,2026-07-19 13:22:08.486060
8606,Tara Case,katherine91@example.org,India,2022-06-06,Standard,44.0,2026-07-19 13:22:08.486060
8607,Matthew Cummings,jay46@example.net,UK,2025-01-02,premium,38.0,2026-07-19 13:22:08.486060
8608,Tyler Lin,duaneperez@example.net,Germany,2022-04-08,premium,52.0,2026-07-19 13:22:08.486060
8609,Kimberly Hester,gibsonsamantha@example.org,Germany,2023-07-30,Standard,,2026-07-19 13:22:08.487050
8610,Kristen Haney,harriskelly@example.net,Canada,2023-07-22,Premium,,2026-07-19 13:22:08.487050
8611,Dr. Linda Reeves MD,carrie78@example.net,Canada,2025-07-10,Standard,26.0,2026-07-19 13:22:08.487050
8612,Amy Curtis,evanharrington@example.com,India,2023-06-09,premium,55.0,2026-07-19 13:22:08.487050
8613,Matthew Martin,williamharvey@example.com,India,2023-09-07,Premium,62.0,2026-07-19 13:22:08.487050
8614,Jasmin Harrison,jasmine23@example.org,,2022-06-02,premium,59.0,2026-07-19 13:22:08.487050
8615,Richard Davenport,xbyrd@example.net,UK,2023-08-24,Premium,39.0,2026-07-19 13:22:08.487050
8616,Christopher Hall,josephsharp@example.net,Germany,2024-10-10,Premium,49.0,2026-07-19 13:22:08.488044
8617,Carla Johnson,qwarner@example.com,UK,2022-09-13,,69.0,2026-07-19 13:22:08.488044
8618,Amy Bell,karenbanks@example.com,India,2025-02-04,premium,,2026-07-19 13:22:08.488044
8619,Robin Gomez,leah54@example.org,USA,2024-12-22,,,2026-07-19 13:22:08.488044
8620,Sean Cunningham,timothy60@example.org,Germany,2025-02-16,premium,,2026-07-19 13:22:08.488044
8621,Mrs. Meghan Cox DVM,julie84@example.org,UK,2024-05-11,premium,68.0,2026-07-19 13:22:08.488044
8622,Lauren Cervantes,lindsay87@example.org,Canada,2024-10-31,,36.0,2026-07-19 13:22:08.488044
8623,Amber Ball,nsmith@example.org,Canada,2024-02-10,Premium,42.0,2026-07-19 13:22:08.488044
8624,Barbara Cunningham,mirandamaria@example.org,Germany,2024-11-17,,,2026-07-19 13:22:08.488044
8625,Alvin Mitchell,morgan07@example.org,India,2022-01-10,premium,69.0,2026-07-19 13:22:08.488044
8626,Gregory Tyler,hallrenee@example.net,Germany,2023-12-15,Standard,,2026-07-19 13:22:08.489342
8627,Heather Proctor,lopezjasmine@example.net,,2021-09-11,premium,,2026-07-19 13:22:08.489342
8628,Tammy Perez,stephen30@example.net,Canada,2023-04-13,Premium,26.0,2026-07-19 13:22:08.489342
8629,Margaret Smith,wjones@example.com,Canada,2021-07-31,premium,,2026-07-19 13:22:08.489342
8630,Carlos Mason,mark65@example.org,USA,2021-09-23,premium,,2026-07-19 13:22:08.489342
8631,James Hansen,erincook@example.com,,2025-06-09,,20.0,2026-07-19 13:22:08.489342
8632,Shelby Torres,mckenzie67@example.org,Germany,2026-03-18,Standard,,2026-07-19 13:22:08.489342
8633,William Evans,michael28@example.com,Germany,2026-05-17,,54.0,2026-07-19 13:22:08.489342
8634,Corey Meadows,qreed@example.net,Germany,2021-03-17,Standard,41.0,2026-07-19 13:22:08.490340
8635,Erin Kane,parksclaire@example.org,,2023-11-16,premium,30.0,2026-07-19 13:22:08.490340
8636,Kevin Bell,ajohnson@example.org,,2024-05-03,Premium,31.0,2026-07-19 13:22:08.490340
8637,Mrs. Nancy Williams,villarrealthomas@example.com,India,2026-03-21,Standard,,2026-07-19 13:22:08.490340
8638,Holly Dean PhD,sabrinawebster@example.org,USA,2022-10-08,premium,35.0,2026-07-19 13:22:08.490340
8639,Alexandria Ramirez,garrettjuarez@example.com,Germany,2023-06-05,premium,27.0,2026-07-19 13:22:08.490340
8640,Elizabeth Deleon,harriscourtney@example.com,Germany,2026-01-15,,,2026-07-19 13:22:08.490340
8641,Kimberly Morgan,jerryschroeder@example.com,UK,2024-03-23,premium,,2026-07-19 13:22:08.491325
8642,Ronald Davis,johnbarry@example.org,UK,2022-08-19,premium,,2026-07-19 13:22:08.491325
8643,Tony Leblanc,xgreen@example.com,Germany,2022-06-09,Premium,,2026-07-19 13:22:08.491325
8644,Charles Rush,laura71@example.com,,2025-06-19,Premium,,2026-07-19 13:22:08.491325
8645,Samantha Allison,christine11@example.com,,2022-06-20,Standard,46.0,2026-07-19 13:22:08.491325
8646,Amanda Johnson,steven84@example.net,UK,2025-04-07,Standard,,2026-07-19 13:22:08.491325
8647,Amanda Dyer,richard87@example.net,Canada,2025-08-23,Standard,56.0,2026-07-19 13:22:08.491325
8648,Stephanie Flores,scottwalker@example.org,Germany,2021-09-17,Standard,,2026-07-19 13:22:08.492326
8649,Robert Schmidt,eric29@example.org,Canada,2023-12-17,,,2026-07-19 13:22:08.492326
8650,Lisa Jones,cgeorge@example.com,,2026-05-18,premium,,2026-07-19 13:22:08.492326
8651,James Travis,jesse62@example.net,,2021-05-16,,,2026-07-19 13:22:08.492326
8652,Eric Vang,kylepadilla@example.net,Canada,2026-02-04,Standard,,2026-07-19 13:22:08.492326
8653,Jose Wilson,jamesbrown@example.org,USA,2023-09-20,Premium,25.0,2026-07-19 13:22:08.492326
8654,Rhonda Mcknight,monicalee@example.org,India,2026-07-06,Standard,63.0,2026-07-19 13:22:08.492326
8655,Erin Steele,bryanpatricia@example.org,UK,2022-07-09,Standard,,2026-07-19 13:22:08.492326
8656,Tim Robertson,jonathan99@example.net,,2024-11-29,premium,,2026-07-19 13:22:08.493325
8657,James Keller,michaelgates@example.com,USA,2022-02-06,Standard,,2026-07-19 13:22:08.493325
8658,Robert Joyce,brad22@example.com,Germany,2023-11-06,premium,29.0,2026-07-19 13:22:08.493325
8659,Judith Smith,hectorjordan@example.org,UK,2025-05-15,premium,,2026-07-19 13:22:08.493325
8660,Marvin Pierce,sarah49@example.org,USA,2021-06-10,Standard,,2026-07-19 13:22:08.493325
8661,Stuart Perry,zallen@example.org,USA,2022-06-13,Standard,,2026-07-19 13:22:08.493325
8662,James Palmer,jerryrose@example.org,UK,2021-02-22,Standard,,2026-07-19 13:22:08.494325
8663,Veronica Riley,christopher25@example.com,,2023-04-22,Standard,,2026-07-19 13:22:08.494325
8664,Omar Lewis DVM,jordanbeck@example.com,Canada,2026-04-26,Premium,,2026-07-19 13:22:08.494325
8665,Kenneth Sanders,vanessa17@example.net,Canada,2023-10-21,,66.0,2026-07-19 13:22:08.494325
8666,Anthony Gutierrez,sarahlivingston@example.org,Canada,2025-02-07,Standard,,2026-07-19 13:22:08.494325
8667,Kelsey Ruiz,rossamanda@example.net,,2023-08-16,,,2026-07-19 13:22:08.494325
8668,Lindsay Villa,uhenderson@example.com,India,2025-05-02,,,2026-07-19 13:22:08.494325
8669,Ralph Warren,samanthaparsons@example.com,India,2023-11-17,Standard,25.0,2026-07-19 13:22:08.494325
8670,Elizabeth Wallace,devon10@example.net,India,2025-07-13,Premium,53.0,2026-07-19 13:22:08.495353
8671,Amanda Lewis,michael74@example.org,Canada,2023-06-07,,32.0,2026-07-19 13:22:08.495353
8672,David Mccormick,pennywhite@example.net,,2022-01-03,premium,,2026-07-19 13:22:08.495353
8673,Jennifer Reid,tmathis@example.com,UK,2025-05-16,Standard,,2026-07-19 13:22:08.495353
8674,Christopher Osborne,hwerner@example.com,USA,2025-12-16,Standard,,2026-07-19 13:22:08.495353
8675,Stacy Cole,gabriel59@example.com,USA,2021-07-25,premium,,2026-07-19 13:22:08.495353
8676,Anthony Vargas,kayla67@example.net,UK,2024-08-22,Premium,67.0,2026-07-19 13:22:08.495353
8677,Julie Harris,alexandra61@example.com,,2022-09-05,,,2026-07-19 13:22:08.496342
8678,Jackie Haas,michael06@example.org,UK,2022-12-19,Premium,51.0,2026-07-19 13:22:08.496342
8679,Joshua Mcdowell,sarawhite@example.com,Germany,2023-07-01,Premium,18.0,2026-07-19 13:22:08.496342
8680,Mariah Owens,lori74@example.com,Germany,2025-09-14,Standard,,2026-07-19 13:22:08.496342
8681,Megan Martinez,greenjason@example.org,Canada,2021-08-30,Standard,66.0,2026-07-19 13:22:08.496342
8682,Rebecca Hunter,haasalison@example.net,UK,2023-04-10,premium,40.0,2026-07-19 13:22:08.496342
8683,Ronald Rogers,courtney21@example.com,USA,2023-03-16,premium,,2026-07-19 13:22:08.496342
8684,Brooke Perez,ethornton@example.org,Canada,2025-10-23,Standard,31.0,2026-07-19 13:22:08.497326
8685,Laura Bowers,jonathonhall@example.org,India,2022-01-01,,40.0,2026-07-19 13:22:08.497326
8686,Jill Davis,peter73@example.net,Germany,2024-07-11,,68.0,2026-07-19 13:22:08.497326
8687,Michelle Wang,collinsdarin@example.net,USA,2025-08-11,Standard,18.0,2026-07-19 13:22:08.497326
8688,Jonathan Zimmerman,kendra48@example.net,Germany,2021-09-15,Premium,,2026-07-19 13:22:08.497326
8689,Rebecca David,njones@example.com,Canada,2023-12-10,premium,18.0,2026-07-19 13:22:08.497326
8690,Aaron Richards,uaustin@example.com,,2024-12-24,Premium,32.0,2026-07-19 13:22:08.497326
8691,John Diaz,josephmoore@example.com,Canada,2024-01-23,,,2026-07-19 13:22:08.497326
8692,Jenna Shelton,smiller@example.com,UK,2022-08-15,,,2026-07-19 13:22:08.498329
8693,Michelle Lopez,jessica58@example.org,,2023-07-07,premium,,2026-07-19 13:22:08.498329
8694,Stephanie Newman,jacksonvanessa@example.com,UK,2022-04-29,Premium,,2026-07-19 13:22:08.498329
8695,Mark Bright,rebeccavillanueva@example.net,Canada,2024-11-19,,29.0,2026-07-19 13:22:08.499328
8696,John Cook,jackvargas@example.net,Germany,2024-03-27,premium,,2026-07-19 13:22:08.499328
8697,Barbara Simpson,denise79@example.com,USA,2024-01-19,Standard,,2026-07-19 13:22:08.499328
8698,Heather Carter,virginia57@example.net,India,2025-12-18,Premium,36.0,2026-07-19 13:22:08.499328
8699,Jacob Acosta,madison39@example.net,Canada,2024-10-26,Standard,,2026-07-19 13:22:08.499328
8700,Ryan Woods,andrea82@example.com,,2024-09-24,Premium,,2026-07-19 13:22:08.499328
8701,Marc King,whitestephanie@example.org,Germany,2025-09-23,Premium,,2026-07-19 13:22:08.499328
8702,Ronald Cruz,evanstimothy@example.com,India,2022-11-01,Standard,36.0,2026-07-19 13:22:08.499328
8703,Mrs. Stacy Odonnell,carrollbrandi@example.org,UK,2021-06-24,premium,,2026-07-19 13:22:08.500326
8704,David Maynard,jimenezcheryl@example.com,,2022-05-01,,,2026-07-19 13:22:08.500326
8705,Lindsay Pacheco,heather42@example.net,Canada,2024-01-27,,,2026-07-19 13:22:08.500326
8706,James Henry,ruizsavannah@example.net,UK,2024-10-13,,35.0,2026-07-19 13:22:08.500326
8707,Thomas Smith,johndaniels@example.org,Canada,2026-03-30,,,2026-07-19 13:22:08.500326
8708,Anna Harris,mcbridecalvin@example.com,Germany,2022-12-15,Standard,,2026-07-19 13:22:08.500326
8709,Lisa Campbell,millerchristopher@example.com,Canada,2023-09-21,,57.0,2026-07-19 13:22:08.500326
8710,John Evans,kimberlyharmon@example.org,,2023-04-21,,,2026-07-19 13:22:08.501325
8711,Lauren Lewis DDS,courtneythompson@example.org,USA,2024-01-01,,21.0,2026-07-19 13:22:08.501325
8712,David Sanchez,sierra49@example.com,USA,2024-12-26,Standard,,2026-07-19 13:22:08.501325
8713,Timothy Vasquez,shayes@example.net,,2025-01-21,premium,61.0,2026-07-19 13:22:08.501325
8714,Suzanne Rhodes,jonathan39@example.com,India,2025-03-01,,52.0,2026-07-19 13:22:08.501325
8715,Elizabeth Holt,fowlervictor@example.com,India,2024-01-30,Premium,36.0,2026-07-19 13:22:08.501325
8716,Karen Jones,scottalexis@example.com,Germany,2023-01-10,Standard,,2026-07-19 13:22:08.501325
8717,Edward Brown,carolyn77@example.net,Canada,2022-01-19,,,2026-07-19 13:22:08.502325
8718,Victor Camacho,michaelalvarez@example.net,UK,2025-07-19,,62.0,2026-07-19 13:22:08.502325
8719,Michelle Chan,coreygarcia@example.org,Canada,2021-11-15,Standard,60.0,2026-07-19 13:22:08.502325
8720,Andrew Thompson,wbowers@example.net,Germany,2021-03-16,Standard,,2026-07-19 13:22:08.502325
8721,Javier Fisher,ogutierrez@example.com,Canada,2025-10-04,premium,,2026-07-19 13:22:08.502325
8722,Jose Williams,laraalan@example.net,USA,2026-02-21,Standard,33.0,2026-07-19 13:22:08.502325
8723,Jessica Rodriguez,victoria28@example.org,Canada,2023-06-14,premium,,2026-07-19 13:22:08.502325
8724,Alicia Santiago,dvincent@example.org,UK,2025-11-26,premium,32.0,2026-07-19 13:22:08.502325
8725,Suzanne Hernandez,matthew16@example.net,,2024-11-02,Standard,,2026-07-19 13:22:08.503325
8726,Ashley Mcgee,sweeneykaren@example.org,Germany,2026-06-09,Premium,55.0,2026-07-19 13:22:08.503325
8727,Troy White,melissacastro@example.com,India,2021-05-29,,69.0,2026-07-19 13:22:08.503325
8728,Jason Walker,randyrichards@example.net,Germany,2022-11-19,Premium,62.0,2026-07-19 13:22:08.503325
8729,Alex Matthews,janestrickland@example.net,Canada,2025-05-31,premium,22.0,2026-07-19 13:22:08.503325
8730,Patricia Garcia,nchapman@example.org,,2024-04-10,premium,59.0,2026-07-19 13:22:08.503325
8731,Jerry Marshall,mary20@example.org,USA,2023-04-02,premium,,2026-07-19 13:22:08.503325
8732,Tamara Bush,davidshaw@example.net,UK,2021-07-23,,,2026-07-19 13:22:08.504324
8733,Joy Schwartz,amber03@example.net,Canada,2022-06-02,,69.0,2026-07-19 13:22:08.504324
8734,Mary Taylor,phillipschristopher@example.com,Germany,2026-04-20,Premium,,2026-07-19 13:22:08.504324
8735,Jacqueline Marquez,margaret76@example.com,Germany,2025-12-28,premium,68.0,2026-07-19 13:22:08.504324
8736,Tracey Olson,sara78@example.net,USA,2021-08-29,,20.0,2026-07-19 13:22:08.504324
8737,Marie Smith,kimberly01@example.org,India,2022-06-09,Premium,,2026-07-19 13:22:08.504324
8738,Aaron Wilcox,pross@example.net,India,2021-07-19,premium,,2026-07-19 13:22:08.504324
8739,Sarah Perez,brittanymason@example.net,UK,2024-02-04,Premium,,2026-07-19 13:22:08.504324
8740,Donna Tate,isaiah33@example.com,USA,2023-09-22,,45.0,2026-07-19 13:22:08.505329
8741,Stephanie Harris,fbaker@example.com,Canada,2021-06-19,premium,,2026-07-19 13:22:08.505329
8742,Mary Miller,anna18@example.org,India,2021-11-18,Premium,,2026-07-19 13:22:08.505329
8743,Courtney Odom,smitheric@example.org,India,2021-02-04,premium,,2026-07-19 13:22:08.505329
8744,James Knapp,psullivan@example.net,Germany,2025-11-12,Standard,,2026-07-19 13:22:08.505329
8745,Lisa Ferrell,heatherhernandez@example.net,India,2026-03-04,premium,,2026-07-19 13:22:08.505329
8746,Anna Walker,klee@example.net,UK,2024-07-09,Standard,58.0,2026-07-19 13:22:08.505329
8747,Carolyn Williams,bakermichelle@example.org,India,2025-12-09,,,2026-07-19 13:22:08.505329
8748,Dr. Stacey Rodriguez MD,elliserika@example.net,USA,2022-07-29,premium,61.0,2026-07-19 13:22:08.506329
8749,Brittany Sanders,mlyons@example.com,Canada,2022-12-31,Standard,26.0,2026-07-19 13:22:08.506329
8750,Anita Whitehead,courtney93@example.com,,2025-04-27,Standard,,2026-07-19 13:22:08.506329
8751,Glen Nelson,richardjones@example.com,UK,2022-02-22,Premium,,2026-07-19 13:22:08.506329
8752,Eric Ball,todd79@example.org,,2021-12-09,Premium,31.0,2026-07-19 13:22:08.506329
8753,William Hart,katherine25@example.net,,2022-08-24,Premium,,2026-07-19 13:22:08.506329
8754,Adam Miller,gdeleon@example.com,UK,2025-02-05,premium,,2026-07-19 13:22:08.506329
8755,Brenda Russell,williamgarza@example.com,Germany,2026-02-24,premium,,2026-07-19 13:22:08.506329
8756,Thomas Arnold,ambertrevino@example.com,Canada,2022-06-07,,,2026-07-19 13:22:08.507328
8757,Sandra Novak,smcdonald@example.com,Germany,2026-07-05,premium,,2026-07-19 13:22:08.507328
8758,Alexis Hall,millersusan@example.net,UK,2023-03-31,Standard,54.0,2026-07-19 13:22:08.507328
8759,Sonia Gray,nguyenlawrence@example.com,Canada,2024-04-17,premium,,2026-07-19 13:22:08.507328
8760,Joshua Scott,brentfleming@example.net,,2024-04-20,,,2026-07-19 13:22:08.507328
8761,Karen Gray,amandagilmore@example.org,Germany,2021-04-27,premium,,2026-07-19 13:22:08.507328
8762,Samantha Baker,kimberlythomas@example.org,,2024-02-14,,,2026-07-19 13:22:08.507328
8763,Paige Peters,brownphyllis@example.org,Germany,2021-02-03,,,2026-07-19 13:22:08.508329
8764,Alicia Melton,david64@example.net,USA,2026-07-02,premium,59.0,2026-07-19 13:22:08.508329
8765,Leslie Mckay,carmenthomas@example.com,UK,2024-02-08,premium,,2026-07-19 13:22:08.508329
8766,John Young,danielsrachel@example.net,USA,2026-02-25,,41.0,2026-07-19 13:22:08.508329
8767,Joseph Orr,max99@example.org,India,2023-05-03,,51.0,2026-07-19 13:22:08.508329
8768,Jennifer Bauer,phillipmoore@example.org,UK,2023-06-02,,,2026-07-19 13:22:08.508329
8769,Jamie Thomas DDS,juan57@example.com,India,2024-11-14,premium,27.0,2026-07-19 13:22:08.508329
8770,Michael Mendoza,jasonrogers@example.net,Canada,2024-02-18,Premium,,2026-07-19 13:22:08.508329
8771,James Goodman,mossshannon@example.com,,2026-04-27,,56.0,2026-07-19 13:22:08.509329
8772,John Daniels,mosleymatthew@example.com,UK,2021-11-29,,68.0,2026-07-19 13:22:08.509329
8773,Michelle Jenkins,kristenday@example.com,,2023-08-07,,,2026-07-19 13:22:08.509329
8774,Matthew Smith,oboyd@example.com,Canada,2026-03-15,,,2026-07-19 13:22:08.509329
8775,Kristy Lawson,robert38@example.com,USA,2024-11-01,,45.0,2026-07-19 13:22:08.509329
8776,Tara Willis,kimberly15@example.org,UK,2026-05-04,Standard,28.0,2026-07-19 13:22:08.509329
8777,Kathleen Cook,hernandezbrittney@example.com,India,2025-02-28,Premium,30.0,2026-07-19 13:22:08.509329
8778,Tammy Cox,curtisbailey@example.org,UK,2022-08-23,Standard,54.0,2026-07-19 13:22:08.509329
8779,Anthony Gonzalez,ovega@example.com,USA,2021-12-12,Premium,23.0,2026-07-19 13:22:08.510328
8780,Brian Ewing,danielvega@example.org,Canada,2022-01-21,premium,60.0,2026-07-19 13:22:08.510328
8781,Dr. Jessica Brown,christian48@example.org,Germany,2024-07-25,premium,,2026-07-19 13:22:08.510328
8782,Glenn Peterson,xstone@example.net,India,2023-08-13,,,2026-07-19 13:22:08.510328
8783,Benjamin Thomas,jasonlang@example.com,USA,2022-08-23,premium,40.0,2026-07-19 13:22:08.510328
8784,Robert Winters,corey49@example.net,UK,2024-05-06,Premium,39.0,2026-07-19 13:22:08.510328
8785,Tonya Roach,veronica91@example.org,India,2025-06-20,,,2026-07-19 13:22:08.510328
8786,Marissa Mendoza,sandra58@example.com,India,2024-08-09,,63.0,2026-07-19 13:22:08.511332
8787,Daisy Lee,weberkelsey@example.com,India,2026-02-20,,54.0,2026-07-19 13:22:08.511332
8788,William York,patrick68@example.com,,2023-09-26,,63.0,2026-07-19 13:22:08.511332
8789,William Galloway,david75@example.net,,2025-03-12,premium,,2026-07-19 13:22:08.511332
8790,Matthew Ballard,lshaw@example.net,Germany,2021-06-04,,33.0,2026-07-19 13:22:08.511332
8791,Cassandra Howard,trevorcuevas@example.com,UK,2022-07-22,premium,,2026-07-19 13:22:08.512331
8792,Matthew Burton,ymitchell@example.net,,2025-02-22,Premium,47.0,2026-07-19 13:22:08.512331
8793,Michelle Phillips,sally03@example.com,India,2021-04-02,,20.0,2026-07-19 13:22:08.512331
8794,Monique Coleman,claycory@example.com,UK,2023-02-07,Premium,,2026-07-19 13:22:08.512331
8795,William Dixon,vsims@example.net,USA,2025-01-25,,,2026-07-19 13:22:08.512331
8796,Selena Woodard,kathryn27@example.com,,2023-11-29,,63.0,2026-07-19 13:22:08.512331
8797,Emma Guerrero,williammoore@example.net,UK,2025-06-13,,,2026-07-19 13:22:08.512331
8798,Christine Simon,raymond52@example.org,USA,2024-02-17,premium,,2026-07-19 13:22:08.513333
8799,Gloria Green,gpotter@example.net,UK,2023-12-25,Standard,,2026-07-19 13:22:08.513333
8800,Beth Tucker,pricewillie@example.net,UK,2022-06-22,Premium,23.0,2026-07-19 13:22:08.513333
8801,Mindy Adams,garcialindsay@example.net,USA,2022-11-16,,70.0,2026-07-19 13:22:08.513333
8802,Kyle Alexander,jgomez@example.org,UK,2022-04-17,Premium,,2026-07-19 13:22:08.513333
8803,Brandi Yu,christophermiller@example.org,,2022-05-24,Standard,18.0,2026-07-19 13:22:08.513333
8804,Keith Reed,kenneth20@example.net,UK,2021-03-11,,28.0,2026-07-19 13:22:08.513333
8805,Miranda Cruz,manderson@example.org,USA,2025-11-07,premium,58.0,2026-07-19 13:22:08.513333
8806,Penny Dunn,mchase@example.net,UK,2026-04-26,premium,,2026-07-19 13:22:08.514331
8807,Isaiah Garrett,hurleyjessica@example.com,USA,2021-11-30,premium,,2026-07-19 13:22:08.514331
8808,Vernon Ashley,jenniferrichards@example.org,Germany,2022-09-08,Standard,27.0,2026-07-19 13:22:08.514331
8809,Robert Grant,rioscynthia@example.org,Canada,2024-05-10,premium,,2026-07-19 13:22:08.514331
8810,Stephanie Calderon,codyconner@example.org,USA,2023-01-02,Standard,56.0,2026-07-19 13:22:08.514331
8811,Thomas Miller,lisapatterson@example.com,,2024-07-27,Premium,51.0,2026-07-19 13:22:08.514331
8812,Gabriel Villarreal,uharrison@example.org,India,2025-06-28,Standard,42.0,2026-07-19 13:22:08.514331
8813,Ashley Thomas,barbara27@example.net,India,2025-03-14,Premium,35.0,2026-07-19 13:22:08.514331
8814,Daniel Green,ambersmith@example.net,USA,2026-04-01,,,2026-07-19 13:22:08.515337
8815,Mary Barron,beverlymeadows@example.com,UK,2022-04-22,premium,,2026-07-19 13:22:08.515337
8816,Adam Walker,snyderchristopher@example.com,USA,2026-03-16,Standard,,2026-07-19 13:22:08.515337
8817,William Ramirez,danielwilson@example.org,USA,2022-04-29,premium,,2026-07-19 13:22:08.515337
8818,Casey Collins,shogan@example.org,India,2024-06-24,Premium,66.0,2026-07-19 13:22:08.515337
8819,Alexandra Jones,friedmanmichael@example.net,,2021-09-08,Standard,29.0,2026-07-19 13:22:08.515337
8820,Cesar Smith,davidhoward@example.net,UK,2022-12-17,,19.0,2026-07-19 13:22:08.516336
8821,Shawn Duarte,tshannon@example.com,India,2025-01-13,Premium,37.0,2026-07-19 13:22:08.516336
8822,Robert Weaver,iwerner@example.net,Canada,2026-05-31,Premium,,2026-07-19 13:22:08.516336
8823,Eric Thomas,jdawson@example.org,Canada,2022-10-18,Standard,,2026-07-19 13:22:08.516336
8824,Laura Parker,katherine91@example.org,,2022-09-06,Standard,,2026-07-19 13:22:08.516336
8825,James Weber,pevans@example.com,Germany,2023-01-07,Standard,,2026-07-19 13:22:08.516336
8826,Eric Harris,sarah47@example.org,India,2024-08-16,premium,,2026-07-19 13:22:08.516336
8827,Glenn Rogers,edwardspatrick@example.net,Canada,2024-02-04,Standard,,2026-07-19 13:22:08.517355
8828,Richard Novak,nelsoncarmen@example.net,Germany,2021-03-28,Standard,,2026-07-19 13:22:08.517355
8829,Dawn Nielsen,dvega@example.net,India,2023-06-04,Premium,,2026-07-19 13:22:08.517355
8830,Cody Tran,jwilliams@example.org,Canada,2025-07-16,,,2026-07-19 13:22:08.517355
8831,Ashley King,whaynes@example.com,Canada,2024-08-23,Standard,55.0,2026-07-19 13:22:08.517355
8832,Margaret Dunn,finleytammy@example.com,UK,2022-05-16,Standard,,2026-07-19 13:22:08.517355
8833,Gloria Marshall,rodneystevenson@example.net,USA,2023-12-15,Premium,26.0,2026-07-19 13:22:08.517355
8834,Stephanie Hamilton,rodriguezcheryl@example.com,India,2026-03-21,Premium,,2026-07-19 13:22:08.517355
8835,Stanley Hall,powerskim@example.com,USA,2022-12-24,Standard,54.0,2026-07-19 13:22:08.518335
8836,Jose Wilson,jesusthomas@example.org,Germany,2025-08-31,,,2026-07-19 13:22:08.518335
8837,Daniel Bishop,brett53@example.org,UK,2025-07-14,premium,,2026-07-19 13:22:08.518335
8838,Connie Alexander,daniel81@example.org,Germany,2025-06-28,Standard,63.0,2026-07-19 13:22:08.518335
8839,Sarah Jones,sabrinadiaz@example.org,USA,2023-03-03,Premium,,2026-07-19 13:22:08.518335
8840,Jason Ruiz,derrick96@example.org,Canada,2022-09-08,Premium,,2026-07-19 13:22:08.518335
8841,Carla Walker,jacqueline84@example.org,India,2023-03-10,Standard,,2026-07-19 13:22:08.519337
8842,David Simpson,adrian28@example.org,India,2023-12-16,Premium,36.0,2026-07-19 13:22:08.519337
8843,Fred Christensen,ecarpenter@example.net,Canada,2022-02-13,Premium,44.0,2026-07-19 13:22:08.519337
8844,Ryan Aguilar,merrittcharlotte@example.com,USA,2026-05-12,,,2026-07-19 13:22:08.519337
8845,Carla Reilly,james56@example.org,UK,2026-01-19,Premium,,2026-07-19 13:22:08.519337
8846,James Shaw,jasonbird@example.org,India,2025-06-26,,34.0,2026-07-19 13:22:08.519337
8847,Michele Leonard,rodney66@example.net,Germany,2025-01-19,premium,34.0,2026-07-19 13:22:08.519337
8848,Danny Ford,doylejonathan@example.org,USA,2022-05-08,,55.0,2026-07-19 13:22:08.519337
8849,Larry Davis,randallhudson@example.com,India,2025-09-21,Standard,62.0,2026-07-19 13:22:08.520354
8850,Amy Barnes,christinesmith@example.net,,2026-03-26,,58.0,2026-07-19 13:22:08.520354
8851,Patricia Graham,jpearson@example.net,USA,2021-05-23,,43.0,2026-07-19 13:22:08.520354
8852,Mark Ball,montoyanicole@example.org,India,2025-09-01,,50.0,2026-07-19 13:22:08.520354
8853,Kyle Abbott,cmedina@example.net,,2023-09-15,,,2026-07-19 13:22:08.520354
8854,Emily Thompson,williammorrow@example.com,,2023-11-05,Premium,21.0,2026-07-19 13:22:08.520354
8855,Christopher Calhoun,bmiller@example.net,USA,2023-07-09,premium,31.0,2026-07-19 13:22:08.520354
8856,Brenda Maldonado,oacosta@example.net,Canada,2026-04-21,Premium,,2026-07-19 13:22:08.520354
8857,Logan Walter,zbrooks@example.com,USA,2022-12-29,Standard,,2026-07-19 13:22:08.521365
8858,Christina Hernandez,hughesmicheal@example.com,,2021-03-07,,,2026-07-19 13:22:08.521365
8859,Tony Brooks,shawnporter@example.net,India,2024-04-16,premium,,2026-07-19 13:22:08.521365
8860,Sarah Craig,dwilliams@example.net,Canada,2023-11-11,Standard,,2026-07-19 13:22:08.521365
8861,Christopher Gordon,mstevens@example.com,Germany,2022-11-18,Premium,,2026-07-19 13:22:08.521365
8862,Michael Miller,jeremiah32@example.org,India,2022-01-16,,58.0,2026-07-19 13:22:08.521365
8863,Cheryl Friedman,donnaking@example.net,USA,2025-07-08,premium,,2026-07-19 13:22:08.521365
8864,Tyrone Robertson,burkemarcus@example.net,India,2022-11-29,,,2026-07-19 13:22:08.521365
8865,Natalie Moore,nathaniel33@example.com,Canada,2024-09-03,premium,,2026-07-19 13:22:08.522353
8866,Michael Freeman,taylorcrystal@example.com,,2025-06-03,premium,,2026-07-19 13:22:08.522353
8867,Zachary Ross,tylercook@example.com,India,2023-10-10,Standard,38.0,2026-07-19 13:22:08.522353
8868,Bonnie Esparza,lynn13@example.net,UK,2024-06-29,Premium,,2026-07-19 13:22:08.522353
8869,Eric Alexander,davischristy@example.com,Germany,2023-05-11,,,2026-07-19 13:22:08.522353
8870,Helen Hernandez,gabrieldavis@example.org,UK,2024-04-04,premium,,2026-07-19 13:22:08.522353
8871,Matthew Garcia,devinharris@example.com,Canada,2026-04-25,Standard,63.0,2026-07-19 13:22:08.522353
8872,Crystal Stanton,anthony54@example.net,Germany,2022-05-18,premium,27.0,2026-07-19 13:22:08.522353
8873,Jorge Harper,jeremiahmurphy@example.net,UK,2021-10-27,,,2026-07-19 13:22:08.523352
8874,Matthew Doyle,ericksonkevin@example.org,UK,2025-02-10,Standard,23.0,2026-07-19 13:22:08.523352
8875,Kimberly Vazquez,cellis@example.net,UK,2025-08-26,Standard,,2026-07-19 13:22:08.523352
8876,Selena Phillips,howarderik@example.com,Canada,2022-06-11,premium,,2026-07-19 13:22:08.523352
8877,Robert Newman,ynorton@example.org,Germany,2021-05-27,premium,64.0,2026-07-19 13:22:08.523352
8878,Steven Garcia,cunninghamdarryl@example.net,Germany,2022-12-14,Standard,,2026-07-19 13:22:08.523352
8879,Samantha Cisneros,michaelcowan@example.org,Germany,2024-03-25,Premium,35.0,2026-07-19 13:22:08.523352
8880,Gina Mason,martinezstanley@example.net,India,2025-09-28,,37.0,2026-07-19 13:22:08.523352
8881,Kimberly Andrade,bperez@example.net,Canada,2025-07-06,,20.0,2026-07-19 13:22:08.524335
8882,James Thomas,dthompson@example.net,USA,2022-02-12,,27.0,2026-07-19 13:22:08.524335
8883,Brent Baker,ogray@example.net,UK,2023-05-31,Standard,25.0,2026-07-19 13:22:08.524335
8884,Shawn Lewis,eroth@example.org,UK,2022-03-07,Standard,41.0,2026-07-19 13:22:08.524335
8885,Henry Paul,phillipsmelissa@example.org,India,2021-07-18,Standard,56.0,2026-07-19 13:22:08.524335
8886,Jared Ross,cprice@example.net,USA,2023-02-22,premium,20.0,2026-07-19 13:22:08.524335
8887,Erin Cook,jessica89@example.org,,2022-10-09,premium,,2026-07-19 13:22:08.524335
8888,April Walker,lindsay72@example.net,USA,2023-06-05,premium,,2026-07-19 13:22:08.524335
8889,Terri Young,sean96@example.org,Germany,2022-10-02,premium,30.0,2026-07-19 13:22:08.525335
8890,Mark Torres,cherylstrong@example.com,UK,2023-12-04,Standard,,2026-07-19 13:22:08.525335
8891,Jeffrey Lang,cainpatrick@example.net,Germany,2024-04-15,,61.0,2026-07-19 13:22:08.525335
8892,Maria Perez,gjames@example.net,Canada,2021-03-20,,50.0,2026-07-19 13:22:08.525335
8893,Timothy Morrison,lucaswillie@example.com,India,2024-11-05,,,2026-07-19 13:22:08.525335
8894,Christopher Hall,alane@example.org,Germany,2023-02-21,premium,62.0,2026-07-19 13:22:08.525335
8895,Nicole Andrews,hamiltonmichael@example.org,Germany,2021-05-03,Premium,,2026-07-19 13:22:08.526337
8896,Tina Williams,markgarza@example.com,USA,2023-08-24,,50.0,2026-07-19 13:22:08.526337
8897,Omar Gonzalez,andre08@example.com,,2022-05-19,premium,64.0,2026-07-19 13:22:08.526337
8898,Betty Gutierrez,jessicamayer@example.org,UK,2024-09-18,premium,55.0,2026-07-19 13:22:08.526337
8899,Mrs. Angela Ramirez DDS,garyflores@example.org,India,2022-02-18,,,2026-07-19 13:22:08.527336
8900,Daniel Mason,millerbrian@example.com,USA,2024-06-07,,54.0,2026-07-19 13:22:08.527336
8901,James Noble,davieserica@example.com,USA,2022-01-08,Standard,,2026-07-19 13:22:08.527336
8902,Cody Fernandez,sharrison@example.com,,2021-12-24,Standard,49.0,2026-07-19 13:22:08.527336
8903,Tammy Gibbs,sophiamiller@example.org,,2021-03-31,premium,,2026-07-19 13:22:08.527336
8904,Thomas Gonzalez,boonebrian@example.net,UK,2021-12-13,Standard,48.0,2026-07-19 13:22:08.527336
8905,Sandra Ellis,daniel41@example.com,,2022-09-22,premium,47.0,2026-07-19 13:22:08.527336
8906,Jamie Logan,riggskristin@example.net,USA,2022-03-03,Standard,,2026-07-19 13:22:08.527336
8907,David Middleton,stephanie80@example.net,Germany,2024-03-19,,24.0,2026-07-19 13:22:08.528335
8908,Raven Harrison,john19@example.org,India,2025-12-26,premium,,2026-07-19 13:22:08.528335
8909,Kathy Rhodes,cindy48@example.org,Canada,2023-06-26,Premium,,2026-07-19 13:22:08.528335
8910,Preston Hernandez,brenda43@example.org,USA,2023-09-25,,,2026-07-19 13:22:08.528335
8911,Catherine Morris,uwilson@example.net,UK,2021-02-15,Standard,,2026-07-19 13:22:08.528335
8912,Monica Cole,connercindy@example.org,UK,2021-07-14,premium,19.0,2026-07-19 13:22:08.528335
8913,Monica Copeland,peggylong@example.org,,2021-04-21,premium,,2026-07-19 13:22:08.528335
8914,Kelly Williams,davidpope@example.com,UK,2022-08-01,premium,44.0,2026-07-19 13:22:08.528335
8915,Judith Brewer,walkeradam@example.org,USA,2022-10-22,premium,35.0,2026-07-19 13:22:08.529335
8916,Douglas Robinson MD,garretthall@example.com,UK,2021-01-30,Standard,62.0,2026-07-19 13:22:08.529335
8917,Michele Hodges,manuellowe@example.org,Canada,2023-06-30,Standard,52.0,2026-07-19 13:22:08.529335
8918,Alicia Allen,carlahodges@example.com,Canada,2024-05-01,Standard,,2026-07-19 13:22:08.529335
8919,Lorraine Price,kingshannon@example.org,Germany,2023-04-07,Premium,69.0,2026-07-19 13:22:08.529335
8920,Joseph Barnett,fordlance@example.net,,2021-11-17,Standard,,2026-07-19 13:22:08.529335
8921,Carlos Martinez,sadkins@example.net,UK,2021-02-10,Standard,58.0,2026-07-19 13:22:08.529335
8922,Stephanie Dennis,laura89@example.com,Canada,2022-03-13,Standard,28.0,2026-07-19 13:22:08.529335
8923,Gabriella Howell,juan88@example.net,Canada,2024-05-21,Standard,,2026-07-19 13:22:08.530335
8924,Amanda Gray MD,terryamber@example.net,USA,2026-05-17,Premium,58.0,2026-07-19 13:22:08.530335
8925,Chad Walker,christopher38@example.net,USA,2023-04-19,Premium,41.0,2026-07-19 13:22:08.530335
8926,Alex Stanton,tami91@example.org,USA,2026-02-20,Standard,,2026-07-19 13:22:08.530335
8927,Jared Jennings,hardinjennifer@example.com,,2022-04-15,Standard,61.0,2026-07-19 13:22:08.530335
8928,Stephanie Schmidt,oryan@example.org,India,2022-03-30,Premium,55.0,2026-07-19 13:22:08.530335
8929,Christopher Schneider,brandon51@example.net,Canada,2025-08-10,,20.0,2026-07-19 13:22:08.530335
8930,John Schmidt,travisnixon@example.net,USA,2025-11-11,,48.0,2026-07-19 13:22:08.530335
8931,Adam Herrera,heatherhouse@example.com,Canada,2021-11-15,Premium,,2026-07-19 13:22:08.530335
8932,Taylor Banks,qreid@example.org,UK,2026-06-12,Standard,,2026-07-19 13:22:08.531337
8933,Julia Chambers,ybanks@example.org,Germany,2022-12-26,premium,43.0,2026-07-19 13:22:08.531337
8934,Jeffrey Wright,aknox@example.com,Canada,2022-08-18,Premium,62.0,2026-07-19 13:22:08.531337
8935,David Wu,nicholasrobinson@example.net,,2023-04-15,Premium,,2026-07-19 13:22:08.531337
8936,Alexander Hale,martinezjulie@example.org,India,2021-10-27,Standard,70.0,2026-07-19 13:22:08.531337
8937,Bradley Lopez,micheal74@example.org,India,2021-10-13,premium,51.0,2026-07-19 13:22:08.531337
8938,Julie Manning,kevin94@example.net,India,2025-04-28,,,2026-07-19 13:22:08.531337
8939,Katie Davis,williamdawson@example.net,Canada,2024-10-17,premium,,2026-07-19 13:22:08.532337
8940,Catherine Thomas,ujones@example.org,India,2024-02-09,Premium,,2026-07-19 13:22:08.532337
8941,Richard Hudson,wmorrison@example.com,,2026-03-22,,18.0,2026-07-19 13:22:08.532337
8942,Matthew Stevens,yjones@example.com,Germany,2025-10-04,Standard,,2026-07-19 13:22:08.532337
8943,Brianna Harris,clarkeric@example.net,Canada,2026-04-15,Standard,60.0,2026-07-19 13:22:08.532337
8944,Anthony Fisher,levans@example.net,UK,2021-04-26,Standard,36.0,2026-07-19 13:22:08.532337
8945,Daniel Luna,ukirk@example.com,USA,2021-11-08,Standard,28.0,2026-07-19 13:22:08.532337
8946,Mr. Christopher Yang,vdiaz@example.org,Germany,2022-10-24,Premium,,2026-07-19 13:22:08.532337
8947,Daniel Patton,keith84@example.com,UK,2021-09-01,Standard,,2026-07-19 13:22:08.533337
8948,Veronica Rodriguez,thompsonchristine@example.org,,2026-02-14,Standard,,2026-07-19 13:22:08.533337
8949,Jeffrey Bird,acostalarry@example.net,USA,2022-07-24,,42.0,2026-07-19 13:22:08.533337
8950,Angela Stewart,hgarrett@example.com,India,2025-09-20,Premium,28.0,2026-07-19 13:22:08.533337
8951,Jerome Vargas,jenniferolson@example.org,USA,2025-12-03,Premium,,2026-07-19 13:22:08.533337
8952,Michelle Strickland,zachary25@example.org,UK,2024-08-09,premium,28.0,2026-07-19 13:22:08.533337
8953,Claire Peterson,david66@example.com,USA,2021-07-22,,49.0,2026-07-19 13:22:08.534336
8954,Sara Frazier,gwoods@example.org,Canada,2022-05-07,Premium,,2026-07-19 13:22:08.534336
8955,Belinda Phillips,grimeskim@example.com,UK,2025-12-05,Premium,,2026-07-19 13:22:08.534336
8956,Adam Nichols,wbrown@example.org,Germany,2022-02-03,,65.0,2026-07-19 13:22:08.534336
8957,Matthew Daniels,carrjames@example.net,UK,2026-07-05,Standard,38.0,2026-07-19 13:22:08.534336
8958,Kevin Johnson,anna20@example.com,India,2025-06-28,,34.0,2026-07-19 13:22:08.534336
8959,Matthew Hoffman,brandi94@example.com,Germany,2024-01-25,Standard,67.0,2026-07-19 13:22:08.535337
8960,Michael Hartman,david12@example.org,USA,2025-08-03,Premium,,2026-07-19 13:22:08.535337
8961,Eric Taylor,mary24@example.com,Canada,2023-11-03,premium,31.0,2026-07-19 13:22:08.535337
8962,Robert Richardson,elizabeth03@example.net,India,2021-03-31,Premium,41.0,2026-07-19 13:22:08.535337
8963,Lisa Moore,wbarr@example.org,Canada,2023-02-20,premium,67.0,2026-07-19 13:22:08.535337
8964,Wesley Pena,amandaoliver@example.net,Canada,2022-10-27,premium,,2026-07-19 13:22:08.535337
8965,Adam Brennan,ruizrichard@example.com,India,2022-02-02,premium,,2026-07-19 13:22:08.535337
8966,Stephanie Blanchard,nherring@example.net,UK,2024-10-02,Standard,,2026-07-19 13:22:08.535337
8967,Felicia Craig,andrewclayton@example.net,Germany,2021-05-04,,46.0,2026-07-19 13:22:08.535337
8968,Albert Burns,michelle59@example.com,USA,2022-03-02,,,2026-07-19 13:22:08.536342
8969,Frank Barrera,zmartinez@example.net,Germany,2024-01-06,,21.0,2026-07-19 13:22:08.536342
8970,Philip White,melanie68@example.net,UK,2022-11-16,Standard,,2026-07-19 13:22:08.536342
8971,Thomas Robbins,ugarcia@example.org,Germany,2025-01-07,premium,,2026-07-19 13:22:08.536342
8972,Cathy Moody,angelicabenson@example.com,UK,2025-03-31,premium,38.0,2026-07-19 13:22:08.536342
8973,Mr. Nathan Harris Jr.,vincentpaula@example.net,Canada,2023-10-05,Standard,46.0,2026-07-19 13:22:08.536342
8974,Jesse Rodriguez,barberpatricia@example.com,Germany,2022-12-14,,33.0,2026-07-19 13:22:08.536342
8975,Paul Willis,skinnerchris@example.net,UK,2025-07-01,Premium,25.0,2026-07-19 13:22:08.536342
8976,Michael Clark,eric07@example.net,USA,2026-06-27,premium,24.0,2026-07-19 13:22:08.537342
8977,Brian Zimmerman,kelly26@example.org,USA,2026-03-12,Standard,34.0,2026-07-19 13:22:08.537342
8978,Kara Ford,omiller@example.com,Germany,2021-07-12,Standard,42.0,2026-07-19 13:22:08.537342
8979,Nicholas Johnson,leonardmichelle@example.org,Canada,2021-07-31,Premium,41.0,2026-07-19 13:22:08.537342
8980,Christopher Tucker,howarddavid@example.net,USA,2024-11-06,Premium,,2026-07-19 13:22:08.537342
8981,Juan Williams,uburton@example.com,Canada,2026-03-06,,,2026-07-19 13:22:08.537342
8982,Alejandro Pugh,munozrobert@example.com,Germany,2022-01-19,Premium,64.0,2026-07-19 13:22:08.537342
8983,Gregory Hart,robertwhite@example.com,Germany,2026-04-10,,,2026-07-19 13:22:08.537342
8984,Tonya White,isanford@example.net,Germany,2023-05-16,,,2026-07-19 13:22:08.538342
8985,Cheryl Wilson,jermaineyoung@example.com,USA,2023-01-05,Premium,,2026-07-19 13:22:08.538342
8986,Cody Richardson,vjennings@example.com,Canada,2024-01-14,Premium,,2026-07-19 13:22:08.538342
8987,Alvin Simon,ryan41@example.com,UK,2022-09-16,Premium,33.0,2026-07-19 13:22:08.538342
8988,Holly Chapman,manueldelgado@example.com,UK,2026-03-14,Premium,,2026-07-19 13:22:08.538342
8989,Ashley Clark,moraleselizabeth@example.net,India,2022-08-19,,,2026-07-19 13:22:08.538342
8990,Benjamin Sullivan,betty77@example.com,Germany,2024-02-01,,,2026-07-19 13:22:08.538342
8991,Crystal Williamson,justinnorton@example.com,USA,2025-01-17,,65.0,2026-07-19 13:22:08.538342
8992,Joseph Williams,brandigates@example.com,Canada,2023-11-01,Premium,54.0,2026-07-19 13:22:08.539341
8993,Alexander Miller,benjamin33@example.net,Canada,2024-01-10,,,2026-07-19 13:22:08.539341
8994,Erin Perry MD,kaitlin62@example.net,Canada,2021-04-28,,47.0,2026-07-19 13:22:08.539341
8995,Sierra Thomas PhD,kristinlee@example.net,USA,2021-08-03,Standard,60.0,2026-07-19 13:22:08.539341
8996,Cory Anderson DDS,sheltonleah@example.org,UK,2026-07-11,premium,,2026-07-19 13:22:08.539341
8997,Christopher George,kfox@example.net,USA,2024-11-01,,50.0,2026-07-19 13:22:08.539341
8998,Nicole Stone DDS,beckerkelly@example.net,Germany,2023-12-20,Standard,38.0,2026-07-19 13:22:08.540342
8999,Sarah Vega,timothybanks@example.org,,2025-09-18,Premium,,2026-07-19 13:22:08.540342
9000,Jason Jackson,rachel97@example.com,,2023-04-02,Standard,,2026-07-19 13:22:08.540342
9001,Jenna Moore,zavalabrian@example.net,UK,2023-05-21,,68.0,2026-07-19 13:22:08.540342
9002,David Cooper,loribernard@example.org,India,2022-07-29,,,2026-07-19 13:22:08.540342
9003,Nicole Stevenson,charleneparker@example.net,USA,2023-01-28,Standard,,2026-07-19 13:22:08.540342
9004,Michael Garza,brendanklein@example.org,,2023-11-25,Premium,,2026-07-19 13:22:08.541343
9005,Donna Quinn,allison19@example.net,Canada,2021-07-14,Standard,,2026-07-19 13:22:08.541343
9006,Andrew Whitaker,carlos87@example.com,,2024-03-04,Standard,,2026-07-19 13:22:08.541343
9007,Tammy Hampton,atkinsmichael@example.net,Germany,2024-12-10,premium,35.0,2026-07-19 13:22:08.541343
9008,Virginia Blackwell,amber07@example.net,,2023-12-31,Standard,55.0,2026-07-19 13:22:08.541343
9009,Reginald Palmer,tbond@example.com,India,2022-06-30,,,2026-07-19 13:22:08.541343
9010,Cassandra Tran,thomaswatson@example.com,USA,2022-07-26,Standard,56.0,2026-07-19 13:22:08.541343
9011,Matthew Davis,kathleenjarvis@example.net,UK,2022-06-09,,,2026-07-19 13:22:08.541343
9012,Jon Walters,karen24@example.org,Germany,2025-08-13,Standard,48.0,2026-07-19 13:22:08.542343
9013,Timothy Thomas,ashley45@example.org,India,2021-02-02,Standard,,2026-07-19 13:22:08.542343
9014,Andrew Hernandez,cruzsarah@example.com,Canada,2021-04-13,,58.0,2026-07-19 13:22:08.542343
9015,Michael Thomas,jacqueline46@example.com,Canada,2021-10-08,Premium,,2026-07-19 13:22:08.542343
9016,Susan Doyle,jamesdiaz@example.org,USA,2025-03-03,premium,67.0,2026-07-19 13:22:08.542343
9017,Miranda Morgan,neil52@example.com,Canada,2025-01-29,Standard,,2026-07-19 13:22:08.542343
9018,Samuel Holloway,kimberly87@example.net,Germany,2022-09-06,Standard,,2026-07-19 13:22:08.543343
9019,Adam Leon,tyler37@example.net,USA,2021-02-04,,,2026-07-19 13:22:08.543343
9020,Tamara Norris,jonesscott@example.net,USA,2022-01-24,,29.0,2026-07-19 13:22:08.543343
9021,Chris Campbell,joelbarton@example.org,USA,2024-07-03,,,2026-07-19 13:22:08.543343
9022,Stephanie King,angela55@example.com,India,2025-01-20,premium,41.0,2026-07-19 13:22:08.543343
9023,Jacob Reynolds,hurleyadam@example.net,,2021-06-16,premium,,2026-07-19 13:22:08.543343
9024,Julia Boone,jeffrey43@example.net,India,2021-04-24,Standard,23.0,2026-07-19 13:22:08.543343
9025,Joan Brown,aalexander@example.net,Canada,2023-12-06,premium,,2026-07-19 13:22:08.543343
9026,Maureen Bray,cheryljohnson@example.com,India,2023-05-14,premium,,2026-07-19 13:22:08.544344
9027,Christopher Compton,andersonshelby@example.com,USA,2022-04-04,Premium,,2026-07-19 13:22:08.544344
9028,Caitlyn Wright,julian79@example.org,USA,2021-09-30,premium,42.0,2026-07-19 13:22:08.544344
9029,Jeffrey Morgan,james71@example.com,UK,2025-12-07,premium,22.0,2026-07-19 13:22:08.544344
9030,Deborah Reynolds,keith90@example.org,UK,2025-12-04,Premium,,2026-07-19 13:22:08.544344
9031,Jason Dawson,jenniferfarley@example.com,Germany,2022-12-13,Standard,,2026-07-19 13:22:08.544344
9032,Jeanette Proctor,harrisonwilliam@example.net,India,2025-07-20,,,2026-07-19 13:22:08.544344
9033,Kyle Black,davisjudith@example.org,Germany,2022-06-19,Standard,38.0,2026-07-19 13:22:08.545350
9034,Kayla Farrell,tharmon@example.com,,2021-06-17,,41.0,2026-07-19 13:22:08.545350
9035,David Howe,deborah61@example.com,India,2025-03-15,Premium,,2026-07-19 13:22:08.545350
9036,Lauren Baker,lmckee@example.net,India,2022-01-04,Premium,,2026-07-19 13:22:08.545350
9037,Sarah Garcia,acole@example.com,,2026-02-15,Standard,,2026-07-19 13:22:08.545350
9038,Emily Boyd,crystal10@example.com,UK,2025-07-21,Standard,,2026-07-19 13:22:08.545350
9039,Tracy Hayes,kgreene@example.org,Germany,2021-12-28,Standard,,2026-07-19 13:22:08.545350
9040,Spencer Small,ibarraaaron@example.org,,2025-06-12,Premium,19.0,2026-07-19 13:22:08.545350
9041,Denise Campbell,drakecarrie@example.com,USA,2025-02-20,,37.0,2026-07-19 13:22:08.546351
9042,Michael Davis MD,brownkathryn@example.com,,2023-11-13,,,2026-07-19 13:22:08.546351
9043,Linda Dillon,evelynwoods@example.org,USA,2022-05-16,Premium,70.0,2026-07-19 13:22:08.546351
9044,Diana Carter,wattsmichael@example.org,India,2023-01-02,,,2026-07-19 13:22:08.546351
9045,Mr. Alexander Castaneda,gregorymoyer@example.org,Germany,2022-06-02,,25.0,2026-07-19 13:22:08.547350
9046,Laura Pacheco,bwilliams@example.net,Germany,2022-01-05,,,2026-07-19 13:22:08.547350
9047,David Powell,gedwards@example.org,India,2023-02-22,Premium,69.0,2026-07-19 13:22:08.547350
9048,Julie Gallagher,oclark@example.com,Canada,2023-08-22,,56.0,2026-07-19 13:22:08.547350
9049,Stacy Johnson,fostertammie@example.org,Germany,2024-08-26,Premium,45.0,2026-07-19 13:22:08.547350
9050,Andrea Grant,bfoley@example.com,India,2024-02-04,Premium,40.0,2026-07-19 13:22:08.547350
9051,Lori Gray,elizabethstrickland@example.com,Canada,2025-12-11,Standard,38.0,2026-07-19 13:22:08.548348
9052,Ruth Fischer,gjacobs@example.com,USA,2022-06-21,Standard,,2026-07-19 13:22:08.548348
9053,Johnny Garza,jill53@example.org,Canada,2026-07-16,premium,66.0,2026-07-19 13:22:08.548348
9054,Alec Newton,richard47@example.net,USA,2021-06-11,,,2026-07-19 13:22:08.548348
9055,Eric Jones PhD,pcrosby@example.org,UK,2021-02-25,Standard,58.0,2026-07-19 13:22:08.548348
9056,Joseph Drake,jyang@example.com,Canada,2021-05-11,Standard,,2026-07-19 13:22:08.548348
9057,Daniel Stewart,hdelacruz@example.com,Canada,2025-01-24,premium,,2026-07-19 13:22:08.548348
9058,Dr. Andrea Cross,ashleymeyer@example.org,Canada,2021-10-12,,,2026-07-19 13:22:08.548348
9059,Keith Frederick,scottmorris@example.com,Germany,2023-01-31,,,2026-07-19 13:22:08.549347
9060,Mariah Mclaughlin,sfletcher@example.com,USA,2026-05-14,Premium,59.0,2026-07-19 13:22:08.549347
9061,Elizabeth Wright,oflores@example.net,India,2026-01-27,premium,35.0,2026-07-19 13:22:08.549347
9062,Heather Moore,derekdoyle@example.org,India,2024-05-07,Premium,,2026-07-19 13:22:08.549347
9063,Sarah Simmons,william62@example.org,USA,2021-10-29,,28.0,2026-07-19 13:22:08.549347
9064,Donald Jones,kelly87@example.com,,2021-10-25,,,2026-07-19 13:22:08.549347
9065,Erica Freeman PhD,donna97@example.org,UK,2024-06-25,Standard,,2026-07-19 13:22:08.549347
9066,Tasha Lewis,julianroberts@example.org,,2023-03-11,premium,,2026-07-19 13:22:08.550347
9067,Samantha Bonilla,vgarrett@example.net,,2023-11-29,,,2026-07-19 13:22:08.550347
9068,Elizabeth Dyer,michaelrobinson@example.com,,2022-04-05,Standard,55.0,2026-07-19 13:22:08.550347
9069,Roberto Cortez,jowens@example.net,Canada,2024-08-22,premium,,2026-07-19 13:22:08.550347
9070,Carol Wallace,avilachristopher@example.net,UK,2023-12-02,Standard,,2026-07-19 13:22:08.550347
9071,Daniel Perez,perezvictoria@example.net,Germany,2026-06-17,,37.0,2026-07-19 13:22:08.550347
9072,Jessica Mendoza,kimberlyevans@example.com,Canada,2024-06-24,Standard,,2026-07-19 13:22:08.550347
9073,Jerry Cook,bethblankenship@example.org,,2022-10-11,Premium,38.0,2026-07-19 13:22:08.551350
9074,Brian Williams,william86@example.com,India,2021-12-19,Standard,54.0,2026-07-19 13:22:08.551350
9075,Cody Pearson,mcgrathedward@example.net,USA,2024-08-20,,65.0,2026-07-19 13:22:08.551350
9076,Jennifer Davis,brandi90@example.org,USA,2023-07-29,premium,,2026-07-19 13:22:08.551350
9077,Angela Foster,xmeza@example.org,UK,2023-01-01,,45.0,2026-07-19 13:22:08.551350
9078,Jennifer Mccann,fisherhannah@example.net,UK,2024-03-13,Standard,,2026-07-19 13:22:08.551350
9079,Sandra Phillips,aschultz@example.org,,2023-12-04,,,2026-07-19 13:22:08.551350
9080,Jason Hill,davidtran@example.org,India,2021-10-22,Premium,69.0,2026-07-19 13:22:08.551350
9081,Barry Harris,vgrimes@example.org,Canada,2026-03-25,Premium,,2026-07-19 13:22:08.552349
9082,Michael Dougherty,jennifervalencia@example.net,USA,2024-05-13,Standard,60.0,2026-07-19 13:22:08.552349
9083,David Maynard,erica28@example.net,Germany,2024-10-21,premium,24.0,2026-07-19 13:22:08.552349
9084,Jennifer Adams,amyballard@example.org,USA,2021-10-03,premium,,2026-07-19 13:22:08.552349
9085,Melissa Everett,rodriguezjose@example.org,Canada,2023-09-26,premium,68.0,2026-07-19 13:22:08.552349
9086,Susan Aguirre,jennifer49@example.org,India,2024-04-10,premium,,2026-07-19 13:22:08.552349
9087,Stephen Gallegos,mgutierrez@example.net,USA,2022-01-21,premium,59.0,2026-07-19 13:22:08.552349
9088,Charles Swanson,cardenasmary@example.com,Germany,2022-03-20,,,2026-07-19 13:22:08.552349
9089,Terry Thornton,kaitlin59@example.org,Canada,2021-12-07,,,2026-07-19 13:22:08.553349
9090,Jose Dunlap,bergjeffrey@example.com,,2021-05-09,premium,,2026-07-19 13:22:08.553349
9091,Jack Long,rebeccacox@example.net,Germany,2021-07-10,Standard,,2026-07-19 13:22:08.553349
9092,Margaret Taylor,brittneywilson@example.net,UK,2021-12-29,premium,64.0,2026-07-19 13:22:08.553349
9093,Michael Logan,larrymarsh@example.net,India,2026-02-14,Standard,,2026-07-19 13:22:08.553349
9094,Matthew Butler,jennifer69@example.net,,2023-06-17,premium,,2026-07-19 13:22:08.553349
9095,Scott Delacruz,rgreen@example.org,UK,2021-10-22,Premium,,2026-07-19 13:22:08.554349
9096,Bonnie Stewart,valenzuelalauren@example.org,India,2022-03-20,Standard,,2026-07-19 13:22:08.554349
9097,Roger King,derek18@example.net,UK,2022-05-02,Standard,,2026-07-19 13:22:08.554349
9098,Brandy Parker,ebrowning@example.net,UK,2022-09-14,,38.0,2026-07-19 13:22:08.554349
9099,Robert Arias,james54@example.org,USA,2022-02-20,,,2026-07-19 13:22:08.554349
9100,Laura Montes,proberts@example.org,,2021-08-26,Premium,27.0,2026-07-19 13:22:08.554349
9101,Logan Carson,heather06@example.net,USA,2022-10-27,premium,35.0,2026-07-19 13:22:08.554349
9102,Vincent Chandler,ellispaul@example.org,Germany,2026-07-18,Premium,,2026-07-19 13:22:08.554349
9103,Albert Munoz,jeff37@example.com,Canada,2024-08-17,Premium,,2026-07-19 13:22:08.555355
9104,Tammy Greene,susan90@example.com,USA,2024-03-22,premium,,2026-07-19 13:22:08.555355
9105,James Rogers,allenkrystal@example.org,USA,2021-11-08,premium,22.0,2026-07-19 13:22:08.555355
9106,Andres Allen,rachel22@example.com,,2021-04-08,,42.0,2026-07-19 13:22:08.555355
9107,Christopher Murphy,qharrison@example.com,India,2025-08-24,premium,44.0,2026-07-19 13:22:08.555355
9108,James White,dcardenas@example.org,India,2025-10-25,,65.0,2026-07-19 13:22:08.555355
9109,James Reid,jdavis@example.org,Canada,2025-01-10,Premium,,2026-07-19 13:22:08.555355
9110,Linda Raymond,cathyfowler@example.com,USA,2026-06-04,,68.0,2026-07-19 13:22:08.556355
9111,Tammy Torres,trevorhenderson@example.net,USA,2025-01-26,,22.0,2026-07-19 13:22:08.556355
9112,Kevin Johnson MD,mitchellbrittany@example.com,UK,2023-03-11,,,2026-07-19 13:22:08.556355
9113,Douglas Page,freemanjohn@example.org,USA,2024-01-12,Standard,51.0,2026-07-19 13:22:08.556355
9114,Michael Graves,grace19@example.net,,2024-05-27,premium,56.0,2026-07-19 13:22:08.556355
9115,Tina Scott,wallacekimberly@example.org,,2025-04-28,Premium,36.0,2026-07-19 13:22:08.556355
9116,Holly Bennett,cruzmatthew@example.com,,2021-03-13,Premium,48.0,2026-07-19 13:22:08.556355
9117,Cindy Obrien,hawkinsclaire@example.com,Germany,2026-04-12,Standard,30.0,2026-07-19 13:22:08.557354
9118,Sarah Hill,elaine31@example.net,Canada,2023-09-20,premium,,2026-07-19 13:22:08.557354
9119,Michael Floyd,courtney88@example.org,Canada,2023-08-01,premium,,2026-07-19 13:22:08.558357
9120,Lindsay Payne,woodwarderica@example.com,,2022-01-14,,21.0,2026-07-19 13:22:08.558357
9121,George Fisher,vboyer@example.com,,2026-06-17,Standard,23.0,2026-07-19 13:22:08.558357
9122,Shawn Parker,thomas90@example.net,Germany,2021-06-11,Premium,64.0,2026-07-19 13:22:08.558357
9123,Kara Sanders,taylormary@example.com,,2021-06-15,Premium,20.0,2026-07-19 13:22:08.558357
9124,Matthew Hernandez,lopezgerald@example.org,Germany,2023-10-29,,,2026-07-19 13:22:08.559360
9125,Angelica Little,tlee@example.org,Germany,2023-12-31,Standard,,2026-07-19 13:22:08.559360
9126,Christy Ramirez,kmyers@example.org,Germany,2024-06-06,premium,,2026-07-19 13:22:08.559360
9127,Austin Dillon,ryansoto@example.com,India,2024-09-10,Premium,,2026-07-19 13:22:08.559360
9128,Jeremy Gardner,hansengregory@example.net,UK,2025-12-05,premium,,2026-07-19 13:22:08.560356
9129,Christian Ward,deborahmoore@example.org,USA,2024-07-16,Premium,24.0,2026-07-19 13:22:08.560356
9130,Justin Perry,vfisher@example.com,USA,2024-05-29,Standard,,2026-07-19 13:22:08.560356
9131,Amanda Roth,karenoneill@example.org,India,2025-05-25,Standard,70.0,2026-07-19 13:22:08.560356
9132,Shelby Anderson,jenniferhawkins@example.org,UK,2023-01-30,Standard,30.0,2026-07-19 13:22:08.561357
9133,William Mcgrath,hawkinskelly@example.org,USA,2022-11-21,Premium,,2026-07-19 13:22:08.561357
9134,Tricia Daniels,edelgado@example.org,,2022-05-15,Premium,,2026-07-19 13:22:08.561357
9135,Matthew Torres,cookaaron@example.com,India,2022-05-12,Premium,47.0,2026-07-19 13:22:08.561357
9136,Jennifer Griffith,mckinneyjohn@example.org,USA,2024-06-08,premium,,2026-07-19 13:22:08.562355
9137,Herbert Randolph,greensarah@example.org,USA,2022-01-23,,,2026-07-19 13:22:08.562355
9138,Connie Sanchez,anthony97@example.org,Germany,2024-12-20,Premium,38.0,2026-07-19 13:22:08.562355
9139,Jessica Koch,pwarner@example.org,,2021-12-03,premium,,2026-07-19 13:22:08.562355
9140,Aaron Willis,clarkejames@example.net,Germany,2025-09-01,Premium,,2026-07-19 13:22:08.562355
9141,Pam Young,ihamilton@example.com,UK,2025-03-05,premium,60.0,2026-07-19 13:22:08.562355
9142,Lisa Spencer,hhughes@example.com,Germany,2022-08-22,,33.0,2026-07-19 13:22:08.562355
9143,Jenny Cummings,romeronicole@example.net,USA,2023-04-12,premium,,2026-07-19 13:22:08.562355
9144,Ronald Hunter,kylejohnson@example.org,UK,2024-09-17,,,2026-07-19 13:22:08.563382
9145,Bradley Saunders,oconnellkimberly@example.org,USA,2022-10-23,Premium,28.0,2026-07-19 13:22:08.563382
9146,Caitlin Stein,kturner@example.net,,2022-01-28,premium,50.0,2026-07-19 13:22:08.563382
9147,Margaret Moreno,kimedwin@example.net,Germany,2023-12-16,Premium,,2026-07-19 13:22:08.563382
9148,Steve Dominguez,heidi53@example.org,UK,2025-07-14,premium,51.0,2026-07-19 13:22:08.563382
9149,Dr. Paul Miller,nsmith@example.net,UK,2022-10-17,premium,,2026-07-19 13:22:08.563382
9150,Amanda Scott,seanwoodward@example.net,Canada,2024-05-24,premium,57.0,2026-07-19 13:22:08.563382
9151,Brandon Hood,thomasstein@example.com,,2022-08-02,premium,,2026-07-19 13:22:08.564354
9152,Benjamin Wheeler,traci61@example.com,,2024-11-26,premium,,2026-07-19 13:22:08.564354
9153,Jeffrey Thomas,zwaters@example.com,India,2025-09-27,Standard,70.0,2026-07-19 13:22:08.564354
9154,Emily Pennington,zperez@example.net,Canada,2025-02-06,Premium,41.0,2026-07-19 13:22:08.564354
9155,Kathryn Oliver,samanthagarcia@example.com,India,2021-08-27,Standard,,2026-07-19 13:22:08.564354
9156,Sheila Price,jasonboyd@example.net,Germany,2023-07-13,premium,,2026-07-19 13:22:08.564354
9157,Kathryn Guerrero,dakota90@example.net,Germany,2021-07-22,Premium,68.0,2026-07-19 13:22:08.564354
9158,Jaime Hughes,marciahudson@example.org,UK,2023-04-02,,,2026-07-19 13:22:08.564354
9159,Tyler Navarro,davissarah@example.org,UK,2022-09-11,premium,66.0,2026-07-19 13:22:08.565355
9160,Kurt Stewart,kperry@example.org,Canada,2021-07-16,premium,,2026-07-19 13:22:08.565355
9161,Wendy Sanchez,sawyernathan@example.net,Canada,2022-05-08,Standard,,2026-07-19 13:22:08.565355
9162,Julia Chambers,kdelgado@example.com,USA,2022-04-18,premium,20.0,2026-07-19 13:22:08.565355
9163,Michelle Hardy,randy53@example.net,UK,2022-08-21,Premium,,2026-07-19 13:22:08.565355
9164,Anthony Rhodes,imichael@example.net,,2026-02-12,,48.0,2026-07-19 13:22:08.565355
9165,Eric Cook,zwells@example.org,,2023-10-09,Standard,,2026-07-19 13:22:08.565355
9166,Samuel Lane,jacksonwilliam@example.net,Canada,2022-10-10,Standard,,2026-07-19 13:22:08.565355
9167,Mary Gordon DDS,sspencer@example.org,Canada,2025-04-22,premium,,2026-07-19 13:22:08.565355
9168,Megan Johnson,williamsgrant@example.org,UK,2023-01-31,Standard,69.0,2026-07-19 13:22:08.566353
9169,Scott Downs Jr.,youngryan@example.com,Germany,2021-08-02,premium,,2026-07-19 13:22:08.566353
9170,Deanna Crawford,parkertiffany@example.com,India,2021-10-27,Standard,,2026-07-19 13:22:08.566353
9171,Amy Jones,nklein@example.com,India,2022-12-01,Standard,63.0,2026-07-19 13:22:08.566353
9172,Nicole Morrow,obutler@example.com,USA,2022-04-14,,,2026-07-19 13:22:08.566353
9173,Toni Smith,deanmartinez@example.net,Canada,2021-03-03,premium,61.0,2026-07-19 13:22:08.566353
9174,Christopher Jones,emilythomas@example.org,Germany,2021-06-17,,51.0,2026-07-19 13:22:08.566353
9175,Michael Taylor,harold11@example.com,India,2024-07-15,,,2026-07-19 13:22:08.566353
9176,Peter Dawson,stacy70@example.org,India,2021-11-11,,,2026-07-19 13:22:08.567381
9177,Stephen Perez,erinfarrell@example.net,Canada,2021-09-23,,,2026-07-19 13:22:08.567381
9178,Elizabeth Lara,kwilliams@example.com,Canada,2023-05-18,Standard,44.0,2026-07-19 13:22:08.567381
9179,Carmen Reed,bsmith@example.net,Germany,2025-02-21,,58.0,2026-07-19 13:22:08.567381
9180,Barbara Harris,denise44@example.net,India,2023-05-12,premium,38.0,2026-07-19 13:22:08.567381
9181,Angela Schultz,alejandro75@example.org,,2024-03-25,Premium,22.0,2026-07-19 13:22:08.567381
9182,Alexander Watkins,judymcdaniel@example.net,USA,2023-04-04,premium,44.0,2026-07-19 13:22:08.567381
9183,Taylor Castro,michaelevans@example.com,USA,2025-10-23,premium,41.0,2026-07-19 13:22:08.568354
9184,Brian White,matthewsherman@example.org,UK,2025-09-18,premium,,2026-07-19 13:22:08.568354
9185,Kimberly Morton,john20@example.net,Canada,2023-03-22,Standard,23.0,2026-07-19 13:22:08.568354
9186,Helen Henderson,avincent@example.com,,2022-07-28,,,2026-07-19 13:22:08.568354
9187,Corey Cross,timothycarter@example.net,,2021-07-19,premium,,2026-07-19 13:22:08.568354
9188,Mary Smith,johnmurray@example.org,UK,2023-10-28,premium,,2026-07-19 13:22:08.568354
9189,Ashley Martinez,codysimon@example.net,UK,2022-04-28,,65.0,2026-07-19 13:22:08.568354
9190,Michael King,rachelfischer@example.org,Canada,2023-05-06,,32.0,2026-07-19 13:22:08.568354
9191,Diana Washington,turnerjanet@example.org,India,2025-08-22,,58.0,2026-07-19 13:22:08.569386
9192,Margaret Hayes,jessicamiles@example.com,India,2022-07-29,Standard,42.0,2026-07-19 13:22:08.569386
9193,Mrs. Madison Sharp DDS,kristina56@example.com,USA,2022-04-11,premium,70.0,2026-07-19 13:22:08.569386
9194,Latasha Smith,vsmith@example.com,Germany,2025-02-22,Standard,33.0,2026-07-19 13:22:08.569386
9195,Blake Hanson,saguirre@example.net,Canada,2025-10-18,,,2026-07-19 13:22:08.569386
9196,Michelle Garcia MD,ilopez@example.net,UK,2021-05-29,Premium,,2026-07-19 13:22:08.569386
9197,Benjamin Stewart,tracymcintyre@example.net,Germany,2025-05-28,Premium,66.0,2026-07-19 13:22:08.569386
9198,Michael Hanson,elizabethwalsh@example.com,UK,2021-12-02,,,2026-07-19 13:22:08.569386
9199,Joshua Elliott,vcollins@example.com,,2022-11-23,Premium,,2026-07-19 13:22:08.570372
9200,Tina Wall,randy54@example.org,,2024-08-10,Standard,,2026-07-19 13:22:08.570372
9201,Stephanie Anderson,rtucker@example.com,Canada,2024-03-11,Standard,29.0,2026-07-19 13:22:08.570372
9202,Sarah Delgado,christopherhernandez@example.com,Canada,2024-03-25,Standard,,2026-07-19 13:22:08.570372
9203,Ashley Collier,millermary@example.org,Germany,2025-05-23,premium,,2026-07-19 13:22:08.570372
9204,Ashley Tucker,vvelasquez@example.com,India,2024-05-09,premium,,2026-07-19 13:22:08.570372
9205,George Browning,hernandezalison@example.org,Canada,2026-07-16,premium,18.0,2026-07-19 13:22:08.570372
9206,Dr. Sharon Montgomery,jessicabutler@example.org,USA,2021-10-02,Standard,48.0,2026-07-19 13:22:08.570372
9207,Kevin Delacruz,mooremichael@example.org,Canada,2025-04-29,Standard,37.0,2026-07-19 13:22:08.571370
9208,Sherry Nixon,judithcarrillo@example.com,,2024-01-21,premium,,2026-07-19 13:22:08.571370
9209,Charles Williams,leslie55@example.org,USA,2022-05-09,premium,26.0,2026-07-19 13:22:08.571370
9210,Robert Moyer,christopherellis@example.org,India,2021-11-04,,23.0,2026-07-19 13:22:08.571370
9211,Latasha Hughes,scottgarcia@example.com,UK,2023-08-30,Standard,18.0,2026-07-19 13:22:08.571370
9212,Melissa Carroll,jrodgers@example.com,UK,2026-07-13,,,2026-07-19 13:22:08.571370
9213,Joshua Harris,darrell84@example.com,UK,2022-10-24,,26.0,2026-07-19 13:22:08.572371
9214,Jessica Herrera,rcook@example.org,UK,2024-09-02,Standard,59.0,2026-07-19 13:22:08.572371
9215,Catherine Cuevas,smithjoshua@example.net,,2025-12-21,Premium,59.0,2026-07-19 13:22:08.572371
9216,Micheal Wilkerson,pamelaroman@example.com,UK,2022-04-11,Premium,,2026-07-19 13:22:08.572371
9217,Gregory Hughes,shannonkristine@example.org,UK,2026-05-19,Standard,,2026-07-19 13:22:08.572371
9218,Sarah Price,nicole60@example.com,Germany,2024-05-22,,,2026-07-19 13:22:08.572371
9219,Autumn Johnston,ntaylor@example.com,,2022-07-06,premium,48.0,2026-07-19 13:22:08.572371
9220,Pamela Schroeder,michaelgonzalez@example.com,UK,2026-02-19,Standard,,2026-07-19 13:22:08.572371
9221,Amanda Romero,ufarrell@example.com,India,2023-04-16,premium,39.0,2026-07-19 13:22:08.573371
9222,Kimberly Cross,janetstephenson@example.com,USA,2025-06-03,,57.0,2026-07-19 13:22:08.573371
9223,Michael Pacheco,thogan@example.org,,2025-07-30,premium,19.0,2026-07-19 13:22:08.573371
9224,Brooke Bell,khorn@example.net,Germany,2024-07-10,Standard,40.0,2026-07-19 13:22:08.573371
9225,Tony Washington,richard05@example.com,,2022-05-21,Premium,60.0,2026-07-19 13:22:08.573371
9226,John Benjamin,kerrmegan@example.net,USA,2022-07-25,premium,,2026-07-19 13:22:08.573371
9227,Aaron Gonzalez,lovedonald@example.net,USA,2021-10-22,,,2026-07-19 13:22:08.573371
9228,Sherry Jensen,elizabeth12@example.net,Germany,2024-01-07,Premium,,2026-07-19 13:22:08.573371
9229,Rachel Johnson,michael32@example.com,Canada,2021-12-27,Standard,,2026-07-19 13:22:08.573371
9230,Caitlyn Long,mckinneystanley@example.com,Germany,2023-09-27,,53.0,2026-07-19 13:22:08.574353
9231,Mark Cunningham,stuart50@example.net,Germany,2022-02-13,Premium,,2026-07-19 13:22:08.574353
9232,Stephanie Powers,kimberly01@example.com,India,2025-09-12,premium,,2026-07-19 13:22:08.574353
9233,Andrew Hendrix,donna07@example.org,UK,2023-03-01,Premium,,2026-07-19 13:22:08.574353
9234,Stephen Chen,mullinsjonathan@example.net,USA,2022-01-24,Standard,50.0,2026-07-19 13:22:08.574353
9235,Timothy Collier,mpope@example.net,Canada,2021-06-18,Premium,38.0,2026-07-19 13:22:08.574353
9236,James Rowland,stephanie52@example.net,India,2023-04-04,,,2026-07-19 13:22:08.574353
9237,Mary Robinson,amanda49@example.com,Germany,2025-01-16,Premium,,2026-07-19 13:22:08.575356
9238,Michael Stephens,sbridges@example.com,,2026-01-27,,,2026-07-19 13:22:08.575356
9239,Miguel Hernandez,taylorallison@example.org,Germany,2021-11-04,premium,26.0,2026-07-19 13:22:08.575356
9240,Christian Oneill,scott88@example.com,USA,2022-08-09,,,2026-07-19 13:22:08.575356
9241,Alexander Monroe,beardjamie@example.net,,2025-01-15,Premium,,2026-07-19 13:22:08.575356
9242,Jessica Ewing,rjones@example.net,UK,2021-10-01,premium,,2026-07-19 13:22:08.575356
9243,Charles Welch,williejones@example.org,USA,2022-10-14,premium,,2026-07-19 13:22:08.575356
9244,Jeremiah Tate,kevin84@example.net,Germany,2023-11-09,,43.0,2026-07-19 13:22:08.576355
9245,Douglas Willis,pinedalarry@example.com,,2021-08-09,Standard,,2026-07-19 13:22:08.576355
9246,John Johnson,ingramalexis@example.com,India,2023-01-16,premium,19.0,2026-07-19 13:22:08.576355
9247,David Torres III,zachary80@example.com,,2021-07-13,Premium,,2026-07-19 13:22:08.576355
9248,Sara Lynch,amber03@example.org,UK,2024-08-09,,,2026-07-19 13:22:08.576355
9249,Juan Bradford,danablanchard@example.com,UK,2025-06-30,Standard,,2026-07-19 13:22:08.576355
9250,Shannon Rodriguez,angelagray@example.net,UK,2022-04-22,Standard,42.0,2026-07-19 13:22:08.576355
9251,Heather Garcia,nicholas84@example.net,Canada,2023-04-20,premium,23.0,2026-07-19 13:22:08.576355
9252,Christopher Ewing,pacegina@example.org,,2023-12-21,Premium,,2026-07-19 13:22:08.576355
9253,Andrew Benjamin,richardcollins@example.net,Canada,2023-05-26,premium,60.0,2026-07-19 13:22:08.577374
9254,Joseph Johnson,rosspatrick@example.net,Germany,2026-05-10,,52.0,2026-07-19 13:22:08.577374
9255,Katrina Stephens,cindycooley@example.com,Germany,2025-10-14,Premium,60.0,2026-07-19 13:22:08.577374
9256,Anthony Brooks,matthew10@example.com,Canada,2021-06-27,Standard,58.0,2026-07-19 13:22:08.577374
9257,Andrew Christensen,pattyperez@example.org,UK,2021-04-12,Premium,22.0,2026-07-19 13:22:08.577374
9258,Edward Chapman,xpotter@example.net,Canada,2022-04-18,,,2026-07-19 13:22:08.577374
9259,Julia Flores,dsmith@example.net,Germany,2025-04-25,,28.0,2026-07-19 13:22:08.577374
9260,Nathaniel Raymond,ywoods@example.org,USA,2022-12-03,,,2026-07-19 13:22:08.577374
9261,David Alvarado,michael38@example.com,India,2023-09-23,Standard,,2026-07-19 13:22:08.578370
9262,Joseph Lyons,adamsgregory@example.net,Germany,2023-11-03,Premium,47.0,2026-07-19 13:22:08.578370
9263,Denise Adams,phicks@example.com,UK,2023-01-08,Premium,,2026-07-19 13:22:08.578370
9264,Peter Simpson,richarddeleon@example.net,,2021-09-28,premium,,2026-07-19 13:22:08.578370
9265,Kathryn Dennis,mjones@example.net,USA,2023-03-31,,,2026-07-19 13:22:08.578370
9266,Stephen Lewis,waltondouglas@example.net,Canada,2024-10-07,premium,,2026-07-19 13:22:08.578370
9267,Amber Cook,krystal57@example.com,USA,2023-03-07,Standard,,2026-07-19 13:22:08.578370
9268,Wesley Johnson,carolromero@example.com,India,2022-06-24,Premium,,2026-07-19 13:22:08.578370
9269,Mrs. Elizabeth Patel PhD,morrisjessica@example.com,India,2024-02-29,,65.0,2026-07-19 13:22:08.579369
9270,Michael Savage,xking@example.com,,2022-11-04,Premium,,2026-07-19 13:22:08.579369
9271,Jessica Johnson,nreeves@example.net,UK,2021-02-13,,52.0,2026-07-19 13:22:08.579369
9272,Crystal Smith,robert39@example.com,Canada,2021-10-13,Standard,39.0,2026-07-19 13:22:08.579369
9273,Isaiah Lee,murphystephen@example.com,Canada,2025-10-13,Standard,,2026-07-19 13:22:08.579369
9274,Donald Washington,bianca31@example.org,USA,2024-10-10,premium,49.0,2026-07-19 13:22:08.579369
9275,Daniel Smith,moyercrystal@example.org,,2026-05-14,premium,51.0,2026-07-19 13:22:08.579369
9276,Christina Bradley,fosterjames@example.net,India,2026-06-21,Premium,,2026-07-19 13:22:08.579369
9277,Isaac Gomez,lisa47@example.net,Germany,2025-11-11,premium,,2026-07-19 13:22:08.580369
9278,Gina Ellison,stephen46@example.com,,2026-06-23,Premium,19.0,2026-07-19 13:22:08.580369
9279,Joseph Anderson,belinda86@example.com,UK,2022-10-13,Premium,,2026-07-19 13:22:08.580369
9280,Joan White,barrlindsey@example.com,USA,2023-08-21,premium,,2026-07-19 13:22:08.580369
9281,Joshua Wallace,paul40@example.net,Germany,2021-05-27,Standard,,2026-07-19 13:22:08.580369
9282,Steven Fitzgerald,christopher11@example.com,,2023-10-07,premium,,2026-07-19 13:22:08.580369
9283,Lisa Pierce,lori77@example.com,UK,2025-03-31,Premium,,2026-07-19 13:22:08.580369
9284,Justin Joyce,bpena@example.com,Canada,2025-05-14,Premium,,2026-07-19 13:22:08.580369
9285,Jenny Williams,gabrielweber@example.net,UK,2024-06-05,,22.0,2026-07-19 13:22:08.580369
9286,John Sullivan,srichardson@example.com,USA,2025-12-08,Standard,,2026-07-19 13:22:08.580369
9287,Victoria Nelson,danielle33@example.org,India,2025-11-04,premium,59.0,2026-07-19 13:22:08.581370
9288,William Davis,billcarter@example.net,India,2023-01-06,Premium,24.0,2026-07-19 13:22:08.581370
9289,Lori Cooper,jason02@example.com,UK,2022-11-14,Premium,,2026-07-19 13:22:08.581370
9290,Suzanne Stewart,jamesthomas@example.org,UK,2024-11-12,Premium,,2026-07-19 13:22:08.581370
9291,Becky Clark,seanhicks@example.org,USA,2022-11-02,premium,22.0,2026-07-19 13:22:08.581370
9292,Christina Griffin,daniel76@example.org,India,2023-05-20,,57.0,2026-07-19 13:22:08.581370
9293,Bernard Meyer,lopeztimothy@example.com,,2022-09-19,Standard,66.0,2026-07-19 13:22:08.581370
9294,Shelley Tate,juliewolf@example.com,USA,2023-06-03,,,2026-07-19 13:22:08.582354
9295,Jay Gonzalez,hthomas@example.net,Germany,2024-05-13,,,2026-07-19 13:22:08.582354
9296,Eugene Wagner,garciapeter@example.net,USA,2021-10-30,premium,22.0,2026-07-19 13:22:08.582354
9297,Maria Garcia,dwood@example.net,India,2026-06-15,Standard,,2026-07-19 13:22:08.582354
9298,Anne Nielsen,lisacarr@example.net,UK,2025-04-29,,,2026-07-19 13:22:08.582354
9299,Jacob Hoffman,drew26@example.org,,2022-08-16,Standard,19.0,2026-07-19 13:22:08.582354
9300,Nancy Tran DDS,jeffery02@example.net,UK,2025-06-12,,33.0,2026-07-19 13:22:08.582354
9301,David Blake,amanda80@example.org,,2022-04-23,Standard,,2026-07-19 13:22:08.583355
9302,Lindsey Coleman,ngoodman@example.com,,2026-07-02,Standard,,2026-07-19 13:22:08.583355
9303,Joseph Johnson,sabrinamartin@example.org,USA,2023-09-09,Standard,,2026-07-19 13:22:08.583355
9304,Heather Morris DDS,kelly07@example.org,Canada,2024-08-05,premium,53.0,2026-07-19 13:22:08.583355
9305,Alec Morris,mathewrobinson@example.org,UK,2024-09-20,Premium,32.0,2026-07-19 13:22:08.583355
9306,Tracy Jones,pmorris@example.net,Canada,2026-02-10,,,2026-07-19 13:22:08.583355
9307,Natalie Davis,hartmanwilliam@example.net,Canada,2024-08-20,,,2026-07-19 13:22:08.583355
9308,Holly Coleman,juanlawson@example.net,Germany,2023-10-13,Premium,55.0,2026-07-19 13:22:08.584355
9309,Julia West,martindebra@example.net,,2022-02-28,Standard,66.0,2026-07-19 13:22:08.584355
9310,James Thomas,colemanlatoya@example.com,USA,2026-03-21,Standard,,2026-07-19 13:22:08.584355
9311,Lawrence Mcdaniel,mallen@example.com,India,2022-01-15,,35.0,2026-07-19 13:22:08.584355
9312,Emily Adkins,christopher31@example.org,India,2023-09-22,Standard,33.0,2026-07-19 13:22:08.584355
9313,Ian Mckinney,ccarlson@example.com,USA,2024-03-16,Premium,,2026-07-19 13:22:08.584355
9314,Michael Wilson,keith57@example.org,Germany,2023-07-30,,25.0,2026-07-19 13:22:08.584355
9315,Keith Mullins,diana63@example.net,India,2022-04-16,,60.0,2026-07-19 13:22:08.584355
9316,Mandy Johnson,jason73@example.net,Germany,2024-09-25,premium,,2026-07-19 13:22:08.585370
9317,Mary Mendoza,frankthomas@example.com,Canada,2025-06-27,,,2026-07-19 13:22:08.585370
9318,David Mcbride,madams@example.org,Germany,2021-03-26,premium,,2026-07-19 13:22:08.585370
9319,Jennifer Quinn,nicholenielsen@example.org,Canada,2022-08-27,premium,38.0,2026-07-19 13:22:08.585370
9320,Mr. Nathan Baird,lopezderek@example.org,Germany,2024-07-20,Standard,,2026-07-19 13:22:08.585370
9321,Dennis Bautista,johnsonadam@example.net,,2024-11-11,premium,61.0,2026-07-19 13:22:08.585370
9322,Derek Blake,egarcia@example.com,India,2025-10-07,,59.0,2026-07-19 13:22:08.586371
9323,Nathan Ortiz,jamestucker@example.org,,2025-12-01,premium,24.0,2026-07-19 13:22:08.586371
9324,Jeffrey Gates,david73@example.com,Canada,2024-10-13,,48.0,2026-07-19 13:22:08.586371
9325,Monica Mills,jason08@example.com,USA,2023-07-03,premium,,2026-07-19 13:22:08.586371
9326,Donald Roberson,walkerjacob@example.org,Germany,2024-02-24,premium,,2026-07-19 13:22:08.586371
9327,Adam Crawford,stephenharris@example.org,Germany,2026-05-05,premium,,2026-07-19 13:22:08.586371
9328,John Guerrero,jacob06@example.net,UK,2026-07-01,Standard,50.0,2026-07-19 13:22:08.586371
9329,Amy Fischer,mferrell@example.net,Canada,2021-09-23,Standard,,2026-07-19 13:22:08.586371
9330,Michael Barrett,johnsonheidi@example.net,India,2022-08-11,Premium,,2026-07-19 13:22:08.586371
9331,Mary Allen,lanedorothy@example.net,India,2023-09-11,,21.0,2026-07-19 13:22:08.586371
9332,Richard Park,sday@example.com,,2024-11-14,premium,42.0,2026-07-19 13:22:08.586371
9333,Crystal Barber,morenodillon@example.net,,2025-03-13,Standard,67.0,2026-07-19 13:22:08.586371
9334,Jennifer Franco,nathaniel86@example.net,USA,2024-11-11,premium,,2026-07-19 13:22:08.587879
9335,David Thompson,zachary53@example.com,India,2024-01-06,Premium,39.0,2026-07-19 13:22:08.587879
9336,Michael Jenkins,amy90@example.com,India,2021-09-15,premium,,2026-07-19 13:22:08.587879
9337,Ricky Barrett,lyoung@example.org,UK,2021-04-14,Standard,43.0,2026-07-19 13:22:08.587879
9338,Brianna Moody,samanthasanchez@example.org,UK,2023-07-02,Premium,70.0,2026-07-19 13:22:08.587879
9339,Kimberly Perry,zdickerson@example.com,USA,2021-02-26,premium,61.0,2026-07-19 13:22:08.587879
9340,Jason Evans Jr.,sotojesse@example.com,Germany,2026-01-19,,,2026-07-19 13:22:08.588884
9341,Megan Martin,eric22@example.org,USA,2022-07-16,,,2026-07-19 13:22:08.588884
9342,Mary Olson,jennifer38@example.org,,2025-02-21,,44.0,2026-07-19 13:22:08.588884
9343,Beth Hernandez,edixon@example.com,USA,2023-01-01,,19.0,2026-07-19 13:22:08.588884
9344,Manuel Eaton,omunoz@example.net,,2023-06-06,premium,,2026-07-19 13:22:08.588884
9345,James Campbell,robin81@example.net,Germany,2023-05-29,,66.0,2026-07-19 13:22:08.588884
9346,Emily Williams,brent45@example.org,Germany,2023-08-06,Premium,54.0,2026-07-19 13:22:08.588884
9347,Christopher Guerra,tjackson@example.net,Canada,2022-01-30,Standard,,2026-07-19 13:22:08.588884
9348,Mitchell Mcintyre,nparker@example.org,Canada,2022-03-22,Standard,62.0,2026-07-19 13:22:08.589883
9349,Angela Waller,benjaminturner@example.com,USA,2023-09-08,Premium,,2026-07-19 13:22:08.589883
9350,Mary Arnold,travismendoza@example.com,USA,2024-08-05,Standard,,2026-07-19 13:22:08.589883
9351,Kristen Martin,brittanytaylor@example.net,,2026-01-06,premium,,2026-07-19 13:22:08.589883
9352,Todd Hudson,melissawelch@example.org,India,2024-12-27,Premium,52.0,2026-07-19 13:22:08.589883
9353,Jeffrey Chase DDS,hkim@example.net,India,2023-07-12,Standard,,2026-07-19 13:22:08.589883
9354,Briana Harris,davidobrien@example.net,Canada,2026-04-06,Standard,,2026-07-19 13:22:08.590884
9355,William Melendez,davidjohnson@example.net,USA,2026-05-23,Standard,28.0,2026-07-19 13:22:08.590884
9356,Todd Miller,veronica70@example.net,Germany,2023-11-20,Standard,,2026-07-19 13:22:08.590884
9357,James Chambers,brandi52@example.org,UK,2026-07-01,premium,,2026-07-19 13:22:08.590884
9358,Bailey Huynh,ybean@example.net,India,2024-01-24,Premium,,2026-07-19 13:22:08.590884
9359,Joshua Saunders,randallhernandez@example.com,,2025-10-07,Premium,30.0,2026-07-19 13:22:08.590884
9360,Melissa Martinez,david28@example.net,,2022-02-05,premium,,2026-07-19 13:22:08.590884
9361,Victoria Trevino,dawn76@example.net,USA,2021-10-12,,,2026-07-19 13:22:08.590884
9362,Christina Ramirez,alex48@example.net,Germany,2024-11-28,Standard,,2026-07-19 13:22:08.591908
9363,Linda Cox MD,ycastaneda@example.net,Germany,2026-04-07,Standard,31.0,2026-07-19 13:22:08.591908
9364,Andrew Franklin,pughtaylor@example.net,UK,2025-08-05,premium,,2026-07-19 13:22:08.591908
9365,Kimberly Mitchell,dgibbs@example.org,USA,2023-08-18,premium,,2026-07-19 13:22:08.591908
9366,Samantha Taylor,amandamueller@example.org,,2025-05-08,,31.0,2026-07-19 13:22:08.591908
9367,Zachary Butler,cassidy46@example.org,Germany,2025-05-31,Standard,,2026-07-19 13:22:08.591908
9368,Jennifer Thornton,abenson@example.net,Germany,2026-04-25,Premium,48.0,2026-07-19 13:22:08.591908
9369,Richard Dunn,amy50@example.net,,2024-05-03,Standard,50.0,2026-07-19 13:22:08.591908
9370,Troy Mclaughlin,chadhamilton@example.com,USA,2021-04-02,Standard,,2026-07-19 13:22:08.592905
9371,Maureen Jones,johnsjeffrey@example.com,India,2023-02-19,Premium,,2026-07-19 13:22:08.592905
9372,John Russell,xking@example.com,,2023-09-30,premium,54.0,2026-07-19 13:22:08.592905
9373,Michelle Marks,dmarshall@example.org,,2026-01-16,,69.0,2026-07-19 13:22:08.592905
9374,Vincent Wilson,mcmillangregory@example.org,India,2021-10-06,Standard,61.0,2026-07-19 13:22:08.592905
9375,Jack Bruce,eedwards@example.org,USA,2021-04-06,Premium,21.0,2026-07-19 13:22:08.592905
9376,Thomas Ruiz,zdiaz@example.org,Germany,2024-03-28,Standard,,2026-07-19 13:22:08.593887
9377,Jennifer Riggs DDS,jennifer58@example.org,Germany,2025-07-18,Standard,,2026-07-19 13:22:08.593887
9378,Daniel Buckley,djames@example.org,India,2021-11-08,premium,37.0,2026-07-19 13:22:08.593887
9379,Christina Stevenson,casey83@example.org,India,2022-05-05,Premium,,2026-07-19 13:22:08.593887
9380,Michael Davis,krice@example.org,Germany,2023-02-05,,27.0,2026-07-19 13:22:08.593887
9381,Donald Jones,kennedyjohn@example.org,UK,2024-07-29,Premium,66.0,2026-07-19 13:22:08.593887
9382,Dana Reyes,ppittman@example.org,,2026-07-16,premium,,2026-07-19 13:22:08.593887
9383,Vincent Miller,jordanmelissa@example.net,Canada,2026-05-06,,,2026-07-19 13:22:08.593887
9384,Anthony Pruitt,roberthowell@example.com,,2026-04-21,Premium,,2026-07-19 13:22:08.593887
9385,Deborah Stevens,marvin37@example.net,Canada,2024-11-20,,55.0,2026-07-19 13:22:08.593887
9386,Molly Thomas,martinezarthur@example.org,,2025-12-19,,,2026-07-19 13:22:08.595395
9387,Andrew Hawkins MD,bobby19@example.com,USA,2023-09-07,Premium,,2026-07-19 13:22:08.595395
9388,Krystal Foster,michael11@example.org,USA,2021-06-29,premium,35.0,2026-07-19 13:22:08.595395
9389,Tiffany Jordan,olivialindsey@example.net,Canada,2024-03-19,,,2026-07-19 13:22:08.595395
9390,Michael Clark,maryfowler@example.org,UK,2023-07-01,premium,,2026-07-19 13:22:08.595395
9391,Jennifer Schwartz,campbellcourtney@example.com,USA,2021-10-16,Standard,,2026-07-19 13:22:08.596404
9392,Stacy Parks,kimeric@example.com,India,2026-03-27,Standard,,2026-07-19 13:22:08.596404
9393,Sherri Moore DVM,navarrodavid@example.com,USA,2021-07-09,Standard,67.0,2026-07-19 13:22:08.596404
9394,Richard Gibson,asalazar@example.org,India,2025-01-21,premium,,2026-07-19 13:22:08.596404
9395,Barbara Reyes,rlyons@example.net,Canada,2022-01-23,Premium,59.0,2026-07-19 13:22:08.596404
9396,Lee Murray,jasonlee@example.com,,2023-12-12,Standard,,2026-07-19 13:22:08.596404
9397,Heather Williams,fisherrenee@example.net,Canada,2025-08-08,Standard,60.0,2026-07-19 13:22:08.596404
9398,Jamie Sanchez,bbrown@example.com,India,2022-12-19,Premium,,2026-07-19 13:22:08.597402
9399,Karina Tate,christine37@example.net,Germany,2026-01-07,premium,,2026-07-19 13:22:08.597402
9400,Cindy Henderson,qdunn@example.org,USA,2021-05-02,Standard,60.0,2026-07-19 13:22:08.597402
9401,Vincent Evans,lbaxter@example.com,Canada,2023-09-30,Premium,,2026-07-19 13:22:08.597402
9402,Breanna Hamilton,rachellucas@example.com,UK,2022-04-14,premium,,2026-07-19 13:22:08.597402
9403,Jordan Lindsey,simpsonsteven@example.net,,2022-01-02,Premium,28.0,2026-07-19 13:22:08.597402
9404,Mrs. Patricia Graham MD,lauren39@example.net,India,2022-04-28,Standard,28.0,2026-07-19 13:22:08.597402
9405,Brenda Young,hernandezchristina@example.net,USA,2023-09-14,Premium,40.0,2026-07-19 13:22:08.598402
9406,Ryan Wilson,bryantnicole@example.net,Canada,2023-09-11,premium,26.0,2026-07-19 13:22:08.598402
9407,Heather Cross,adunn@example.com,Germany,2021-08-27,,53.0,2026-07-19 13:22:08.598402
9408,Alicia Cannon,matthew01@example.org,Canada,2021-02-04,Standard,,2026-07-19 13:22:08.598402
9409,Jennifer Terrell MD,alanthompson@example.com,USA,2024-09-03,Premium,38.0,2026-07-19 13:22:08.598402
9410,Amber Johnson,barbermargaret@example.com,Germany,2022-06-02,Standard,63.0,2026-07-19 13:22:08.598402
9411,Scott Baker,justin89@example.net,India,2022-05-06,Premium,,2026-07-19 13:22:08.598402
9412,Lori Lopez,zmiller@example.org,USA,2026-03-31,Standard,70.0,2026-07-19 13:22:08.599403
9413,Katherine Dean,gwheeler@example.org,India,2026-04-17,Standard,,2026-07-19 13:22:08.599403
9414,Laura Hampton,roberthiggins@example.com,UK,2024-04-27,Standard,68.0,2026-07-19 13:22:08.599403
9415,James Mullins,cookbryan@example.net,UK,2025-04-04,premium,36.0,2026-07-19 13:22:08.599403
9416,Deborah Martinez,garzasarah@example.com,,2021-11-03,Standard,,2026-07-19 13:22:08.599403
9417,Justin Jones,valerie59@example.net,India,2025-02-08,Standard,,2026-07-19 13:22:08.599403
9418,Emily Carr MD,rickygallagher@example.net,USA,2021-10-27,premium,65.0,2026-07-19 13:22:08.599403
9419,Amy Lang,drewsalazar@example.org,USA,2025-04-15,Premium,,2026-07-19 13:22:08.600402
9420,Benjamin Diaz,valentinenicole@example.net,,2025-02-13,Premium,,2026-07-19 13:22:08.600402
9421,Michael Rivas,nixonkenneth@example.com,,2025-03-03,Standard,55.0,2026-07-19 13:22:08.600402
9422,Pamela Collins,lindaknight@example.net,UK,2024-10-04,Premium,39.0,2026-07-19 13:22:08.600402
9423,Harold Mitchell,ialvarez@example.org,India,2021-04-17,,60.0,2026-07-19 13:22:08.600402
9424,Shannon White,gmiller@example.org,India,2023-04-09,Premium,38.0,2026-07-19 13:22:08.600402
9425,Jennifer Maddox,ryan80@example.net,UK,2025-11-05,Standard,,2026-07-19 13:22:08.600402
9426,Tina Cortez,parkergrace@example.org,USA,2025-12-17,Premium,57.0,2026-07-19 13:22:08.600402
9427,Barbara Warner,orrtina@example.org,Germany,2025-02-16,premium,,2026-07-19 13:22:08.601401
9428,Heather Martinez,bethany67@example.org,UK,2022-09-04,Standard,54.0,2026-07-19 13:22:08.601401
9429,George Mathis,tiffanybrowning@example.org,,2026-02-23,,,2026-07-19 13:22:08.601401
9430,Meagan Arias,fwright@example.net,India,2021-10-04,Premium,19.0,2026-07-19 13:22:08.601401
9431,Ronald Allen,terririddle@example.net,,2025-02-10,premium,,2026-07-19 13:22:08.601401
9432,Jordan Hayden,eddiechavez@example.net,UK,2024-04-29,premium,,2026-07-19 13:22:08.601401
9433,Luis Dixon,stephanie40@example.net,USA,2023-11-12,premium,,2026-07-19 13:22:08.601401
9434,Paul Ramsey,lisa99@example.org,UK,2024-06-05,,42.0,2026-07-19 13:22:08.601401
9435,Brandon Orr,lday@example.net,Germany,2025-10-16,Standard,,2026-07-19 13:22:08.601401
9436,Denise Smith,pwhitaker@example.net,,2026-03-23,premium,,2026-07-19 13:22:08.602401
9437,Katherine Baird,ppayne@example.com,India,2025-12-19,Standard,18.0,2026-07-19 13:22:08.602401
9438,Michael Powers,jamieboyd@example.com,UK,2026-07-16,Standard,45.0,2026-07-19 13:22:08.602401
9439,Jason Vargas,dhiggins@example.com,UK,2022-12-18,Standard,40.0,2026-07-19 13:22:08.602401
9440,Jonathan Carey,ewilliams@example.net,UK,2022-09-29,premium,,2026-07-19 13:22:08.602401
9441,Leah Ford,michaela66@example.com,USA,2023-04-17,Standard,,2026-07-19 13:22:08.602401
9442,Angela Thompson,troytaylor@example.com,Canada,2024-04-17,Premium,,2026-07-19 13:22:08.602401
9443,Alexis Charles,smithjasmine@example.com,UK,2022-03-17,premium,,2026-07-19 13:22:08.603402
9444,Benjamin Wagner,bridgeschristine@example.net,India,2025-10-21,,,2026-07-19 13:22:08.603402
9445,Diane Keith MD,cpeterson@example.org,UK,2021-04-21,Premium,31.0,2026-07-19 13:22:08.603402
9446,Tammy Douglas,mwalter@example.org,Germany,2025-06-12,,48.0,2026-07-19 13:22:08.603402
9447,Daniel Hall,thomassylvia@example.org,Germany,2024-10-12,Standard,34.0,2026-07-19 13:22:08.603402
9448,Dr. Natalie Ortiz,josephhuynh@example.net,USA,2024-08-26,Standard,,2026-07-19 13:22:08.603402
9449,Andrea Bell,dpearson@example.com,India,2025-09-02,Standard,66.0,2026-07-19 13:22:08.603402
9450,Krystal James,whitney89@example.net,Canada,2025-05-17,premium,,2026-07-19 13:22:08.604402
9451,Lauren Mason,ritamcbride@example.org,USA,2022-05-25,,,2026-07-19 13:22:08.604402
9452,Jessica Martin,dunnjames@example.org,USA,2025-07-14,,,2026-07-19 13:22:08.604402
9453,Natalie Holland,deborah57@example.com,,2021-09-12,Premium,23.0,2026-07-19 13:22:08.604402
9454,Courtney Jenkins,dclark@example.net,India,2023-01-28,,,2026-07-19 13:22:08.604402
9455,Donald Hayes,gflores@example.net,Germany,2024-09-14,premium,,2026-07-19 13:22:08.604402
9456,Emma Hutchinson,justin08@example.net,USA,2022-10-12,,47.0,2026-07-19 13:22:08.604402
9457,Richard Harvey,dominguezsamantha@example.org,India,2022-04-13,Premium,,2026-07-19 13:22:08.604402
9458,Mark Webster,jruiz@example.net,Germany,2023-07-22,Premium,,2026-07-19 13:22:08.605407
9459,Maria Adams,gabrielgibson@example.com,India,2021-12-07,,,2026-07-19 13:22:08.605407
9460,Joseph Kent,murphydennis@example.net,Germany,2025-03-29,,24.0,2026-07-19 13:22:08.605407
9461,John Spence,sandra77@example.org,,2025-06-04,premium,,2026-07-19 13:22:08.605407
9462,Rebecca Avery,xcarroll@example.org,Germany,2025-05-24,,52.0,2026-07-19 13:22:08.605407
9463,Ebony Monroe,rebeccadavis@example.com,Canada,2023-08-22,Premium,36.0,2026-07-19 13:22:08.605407
9464,Jessica Sellers,kporter@example.com,,2022-10-07,,,2026-07-19 13:22:08.605407
9465,Jerry Jacobs,cpeters@example.com,UK,2022-12-19,premium,31.0,2026-07-19 13:22:08.605407
9466,Kathryn Rowe,ilopez@example.net,Germany,2021-10-01,Standard,69.0,2026-07-19 13:22:08.606406
9467,Kelly Sims,kathleenclark@example.com,,2023-09-24,,,2026-07-19 13:22:08.606406
9468,Richard Mitchell MD,hpalmer@example.net,Canada,2022-10-01,,54.0,2026-07-19 13:22:08.606406
9469,Tyler Clark,william70@example.net,Germany,2024-10-02,,29.0,2026-07-19 13:22:08.606406
9470,Jesse Patterson,meganross@example.com,Germany,2025-02-28,premium,66.0,2026-07-19 13:22:08.606406
9471,Lynn Ford,robert20@example.net,Canada,2026-05-15,premium,,2026-07-19 13:22:08.606406
9472,Kyle Schmidt,clarkjeffrey@example.net,Germany,2023-06-07,,46.0,2026-07-19 13:22:08.606406
9473,Margaret Campbell,jeffreygregory@example.org,USA,2024-05-22,premium,,2026-07-19 13:22:08.607407
9474,Randy Olson,john84@example.net,,2025-08-26,Premium,53.0,2026-07-19 13:22:08.607407
9475,Kimberly Casey,jennifer64@example.com,UK,2021-11-02,Premium,,2026-07-19 13:22:08.607407
9476,Joseph Solis,johnblake@example.net,UK,2023-01-19,premium,59.0,2026-07-19 13:22:08.607407
9477,Jacob Reed,johnsonmary@example.org,India,2023-04-24,Premium,,2026-07-19 13:22:08.607407
9478,Bonnie Lawson,kimwanda@example.net,Canada,2022-12-21,premium,,2026-07-19 13:22:08.607407
9479,Wendy Christensen,nguyenmichael@example.org,,2023-05-29,premium,41.0,2026-07-19 13:22:08.607407
9480,Crystal Cox,sarasandoval@example.net,Germany,2022-07-20,Standard,,2026-07-19 13:22:08.607407
9481,Patricia Good,mary01@example.net,USA,2023-12-29,,31.0,2026-07-19 13:22:08.608407
9482,Emily Beck,gilmorenancy@example.net,UK,2024-09-30,premium,,2026-07-19 13:22:08.608407
9483,Dennis Chavez,griffinbeverly@example.com,Germany,2026-06-05,,70.0,2026-07-19 13:22:08.608407
9484,Daniel Carter,vstanley@example.org,Germany,2022-05-03,premium,34.0,2026-07-19 13:22:08.608407
9485,Charles Lewis,gregory73@example.com,India,2022-05-06,premium,18.0,2026-07-19 13:22:08.608407
9486,Andre Washington,qsimmons@example.org,Canada,2022-05-13,premium,,2026-07-19 13:22:08.608407
9487,Christian Robles,whitney76@example.net,India,2024-03-31,Premium,27.0,2026-07-19 13:22:08.608407
9488,Ricardo Smith,zgriffin@example.net,Canada,2026-04-06,,37.0,2026-07-19 13:22:08.608407
9489,Elizabeth Williams,michaeljackson@example.com,Germany,2022-03-28,,,2026-07-19 13:22:08.609407
9490,Robin Reid,tmarshall@example.net,UK,2022-05-25,Standard,,2026-07-19 13:22:08.609407
9491,Wayne Thomas,jennifer64@example.net,,2022-02-08,premium,,2026-07-19 13:22:08.609407
9492,Aaron Spencer,toddharrison@example.com,USA,2022-05-21,premium,,2026-07-19 13:22:08.609407
9493,Jaime Miranda,cwall@example.org,UK,2021-12-07,Standard,41.0,2026-07-19 13:22:08.609407
9494,Brian Carter,longsarah@example.net,,2021-05-23,,62.0,2026-07-19 13:22:08.609407
9495,Christine Moore,oatkins@example.net,Germany,2024-04-05,premium,,2026-07-19 13:22:08.609407
9496,Matthew Collins,lisafoster@example.net,,2021-04-12,premium,,2026-07-19 13:22:08.609407
9497,Jacob Riley,matthew62@example.com,UK,2022-08-11,Standard,,2026-07-19 13:22:08.610407
9498,Kelly Peters,melissa69@example.net,Canada,2021-06-11,Premium,,2026-07-19 13:22:08.610407
9499,Tammy Cooper,vicki92@example.com,USA,2021-02-01,Standard,40.0,2026-07-19 13:22:08.610407
9500,Vanessa Ingram,robertcortez@example.org,Germany,2022-08-30,,47.0,2026-07-19 13:22:08.610407
9501,Stanley Andersen,tanyariddle@example.net,UK,2024-09-24,Standard,,2026-07-19 13:22:08.610407
9502,Kim Bennett,seth37@example.com,Canada,2022-03-30,Premium,,2026-07-19 13:22:08.610407
9503,Joanna Young,alexanderadam@example.net,USA,2022-08-15,Premium,34.0,2026-07-19 13:22:08.610407
9504,Thomas Flores,mendozajason@example.net,USA,2024-08-01,,68.0,2026-07-19 13:22:08.610407
9505,Lori Taylor,leonard51@example.com,Canada,2024-11-25,Premium,30.0,2026-07-19 13:22:08.611407
9506,Kevin Bradley,david49@example.net,Germany,2022-09-22,,,2026-07-19 13:22:08.611407
9507,Jill Thomas,amberwashington@example.com,India,2025-09-20,,67.0,2026-07-19 13:22:08.611407
9508,Alexander Roberts,gmack@example.com,Germany,2025-12-05,Standard,,2026-07-19 13:22:08.611407
9509,Stephanie Black,bradley59@example.com,Canada,2024-02-01,,,2026-07-19 13:22:08.611407
9510,Heather Mitchell,melinda06@example.net,Canada,2024-03-31,premium,,2026-07-19 13:22:08.611407
9511,Kenneth Hall,heathermoore@example.org,USA,2023-05-10,Premium,,2026-07-19 13:22:08.611407
9512,Doris Holmes,dale72@example.com,USA,2023-09-05,Premium,,2026-07-19 13:22:08.611407
9513,Sean Alexander,reedkenneth@example.org,Germany,2024-04-26,Standard,,2026-07-19 13:22:08.611407
9514,Darrell Mann,mollymack@example.com,Canada,2025-09-28,premium,37.0,2026-07-19 13:22:08.612406
9515,Stanley Crawford,susanparks@example.com,Canada,2024-04-29,Standard,54.0,2026-07-19 13:22:08.612406
9516,Desiree Long,vanessa98@example.org,India,2023-09-08,premium,,2026-07-19 13:22:08.612406
9517,Austin Alvarez,donwatkins@example.org,Germany,2025-11-03,premium,44.0,2026-07-19 13:22:08.612406
9518,Michelle Lamb,charles32@example.com,India,2024-05-24,,50.0,2026-07-19 13:22:08.612406
9519,Mr. Timothy Johnson,arodriguez@example.org,,2026-04-19,Standard,45.0,2026-07-19 13:22:08.612406
9520,Brent Ortiz,donald82@example.org,Germany,2022-08-29,Premium,,2026-07-19 13:22:08.612406
9521,Amanda Dougherty,parkerkevin@example.com,Canada,2022-10-30,Standard,43.0,2026-07-19 13:22:08.612406
9522,Brian Turner,troyhess@example.net,USA,2025-02-07,Premium,,2026-07-19 13:22:08.613406
9523,Sheryl Hamilton,felicialewis@example.net,USA,2026-01-09,Standard,27.0,2026-07-19 13:22:08.613406
9524,Heather Welch,foconnell@example.com,,2024-02-16,,,2026-07-19 13:22:08.613406
9525,Marie Adams,kevin94@example.org,Germany,2021-02-09,premium,36.0,2026-07-19 13:22:08.613406
9526,Eric Davis,hallcheryl@example.org,India,2025-03-27,Standard,35.0,2026-07-19 13:22:08.613406
9527,Dylan Wells,carrolllindsey@example.net,,2021-02-06,Premium,,2026-07-19 13:22:08.613406
9528,Tonya Mcconnell,meyermichele@example.com,UK,2024-12-28,Standard,39.0,2026-07-19 13:22:08.614407
9529,Tammy Johnson,caldwellmichael@example.net,,2025-08-12,,,2026-07-19 13:22:08.614407
9530,Philip Holloway,adamsshawn@example.net,UK,2022-10-25,Premium,41.0,2026-07-19 13:22:08.615408
9531,Nicholas Washington,reynoldstammy@example.net,USA,2021-01-28,Premium,,2026-07-19 13:22:08.615408
9532,Thomas Gordon,bethpadilla@example.com,USA,2025-07-02,Premium,,2026-07-19 13:22:08.615408
9533,Jennifer Bennett,harrycampbell@example.net,Germany,2021-09-28,,,2026-07-19 13:22:08.615408
9534,Karen Johnson,zmoore@example.org,India,2021-11-18,premium,,2026-07-19 13:22:08.616414
9535,Angel Ruiz,daniel84@example.com,Canada,2024-10-12,Premium,,2026-07-19 13:22:08.616414
9536,Robin Washington,smithmary@example.net,Canada,2022-06-05,premium,,2026-07-19 13:22:08.616414
9537,Gregory Payne,michaelhill@example.org,Germany,2026-07-02,premium,,2026-07-19 13:22:08.616414
9538,Anna Payne,teresaduarte@example.com,Canada,2023-05-25,,,2026-07-19 13:22:08.616414
9539,Kimberly Rosales,avilasteven@example.net,India,2024-12-04,Premium,26.0,2026-07-19 13:22:08.616414
9540,Debra Clark,linda43@example.org,India,2021-05-05,,59.0,2026-07-19 13:22:08.617413
9541,Jessica Pennington,twilliams@example.com,India,2023-05-27,,56.0,2026-07-19 13:22:08.617413
9542,Timothy Orozco,janedean@example.org,Germany,2025-03-02,premium,45.0,2026-07-19 13:22:08.617413
9543,Mary Dunlap,tblackburn@example.com,Canada,2024-05-26,Standard,,2026-07-19 13:22:08.617413
9544,John Jordan,glara@example.com,Canada,2024-06-30,Premium,,2026-07-19 13:22:08.617413
9545,George Hines,brubio@example.net,,2021-03-18,premium,22.0,2026-07-19 13:22:08.617413
9546,Joseph Harris,millermarie@example.net,Germany,2021-08-17,premium,,2026-07-19 13:22:08.618443
9547,Heather Romero,erin82@example.org,USA,2026-03-04,Standard,47.0,2026-07-19 13:22:08.618443
9548,Daniel Mason,jessicastevens@example.net,India,2022-04-04,premium,,2026-07-19 13:22:08.618443
9549,Mrs. Tonya Atkins,garynicholson@example.com,UK,2022-12-04,Premium,60.0,2026-07-19 13:22:08.618443
9550,Andrew Burton,vanessabrennan@example.org,UK,2023-10-15,,62.0,2026-07-19 13:22:08.618443
9551,Mark Monroe,annamoss@example.net,Canada,2025-06-10,premium,44.0,2026-07-19 13:22:08.618443
9552,Sarah French,jswanson@example.net,Germany,2024-12-29,,,2026-07-19 13:22:08.618443
9553,Morgan Ortega,lesliethomas@example.org,USA,2021-04-14,,,2026-07-19 13:22:08.619434
9554,Alyssa Joseph,williamthomas@example.net,USA,2025-09-13,Standard,,2026-07-19 13:22:08.619434
9555,Nathan Smith,sjennings@example.com,Germany,2026-04-30,Premium,18.0,2026-07-19 13:22:08.619434
9556,Kimberly Young,whenry@example.net,India,2023-08-03,Premium,,2026-07-19 13:22:08.619434
9557,Ronald Ortiz,glenncollins@example.com,Canada,2023-02-05,premium,,2026-07-19 13:22:08.619434
9558,Scott Taylor,bjackson@example.net,USA,2024-01-15,premium,53.0,2026-07-19 13:22:08.619434
9559,Shannon Schultz,karenmolina@example.org,USA,2021-07-14,,50.0,2026-07-19 13:22:08.619434
9560,Vanessa Cervantes,hansenrebecca@example.net,Germany,2022-04-27,Standard,18.0,2026-07-19 13:22:08.620430
9561,Dawn Hanson,rebecca12@example.com,UK,2021-10-09,Premium,38.0,2026-07-19 13:22:08.620430
9562,Arthur Hall,qpierce@example.com,India,2021-10-07,Premium,52.0,2026-07-19 13:22:08.620430
9563,Sabrina Mejia,mary36@example.net,India,2026-06-17,Standard,,2026-07-19 13:22:08.620430
9564,Emily Edwards,jo47@example.net,,2021-11-04,Premium,39.0,2026-07-19 13:22:08.620430
9565,Anna Wilson,jake33@example.com,UK,2021-11-05,Premium,62.0,2026-07-19 13:22:08.620430
9566,Laura Hardy,joshua02@example.org,India,2024-06-08,Standard,,2026-07-19 13:22:08.620430
9567,Curtis Vaughn,diane34@example.net,UK,2023-03-29,Premium,58.0,2026-07-19 13:22:08.620430
9568,Lorraine Vaughn,smithallison@example.com,Canada,2022-03-09,Standard,22.0,2026-07-19 13:22:08.620430
9569,Raymond Morris,phillipssteven@example.com,Germany,2022-08-13,,,2026-07-19 13:22:08.620430
9570,Amber Holmes,morgantiffany@example.net,Germany,2026-06-04,Standard,58.0,2026-07-19 13:22:08.621430
9571,Christopher Webb,jasonedwards@example.com,USA,2021-06-07,premium,,2026-07-19 13:22:08.621430
9572,Kathryn Shelton,samuel51@example.org,Germany,2022-03-14,premium,27.0,2026-07-19 13:22:08.621430
9573,Zachary Stephens,christopher02@example.com,USA,2022-08-04,premium,54.0,2026-07-19 13:22:08.621430
9574,Janet Harris,lunatheresa@example.com,Germany,2022-03-11,Standard,,2026-07-19 13:22:08.621430
9575,Gary Rasmussen,zamoraariel@example.net,India,2023-01-23,premium,,2026-07-19 13:22:08.621430
9576,Christopher Dawson,fdennis@example.com,UK,2026-02-16,Standard,42.0,2026-07-19 13:22:08.621430
9577,Kaitlyn Chaney,tiffany22@example.net,UK,2025-09-18,Premium,33.0,2026-07-19 13:22:08.621430
9578,Kevin Cunningham,hernandezdavid@example.org,Canada,2022-06-28,premium,,2026-07-19 13:22:08.622428
9579,Daniel Wilson,angela31@example.org,India,2024-03-17,premium,49.0,2026-07-19 13:22:08.622428
9580,Robert Davila,sweeneyalejandro@example.net,Germany,2024-05-10,premium,49.0,2026-07-19 13:22:08.622428
9581,Tiffany Shelton,whiteangela@example.com,USA,2026-06-03,premium,,2026-07-19 13:22:08.622428
9582,Amy Harper,brennanfelicia@example.org,Canada,2024-11-06,Standard,,2026-07-19 13:22:08.622428
9583,Zachary White,maxwellstephen@example.com,India,2022-11-28,Premium,,2026-07-19 13:22:08.622428
9584,Molly Santiago,ipearson@example.com,India,2026-04-30,,,2026-07-19 13:22:08.622428
9585,Alicia Johnson,djones@example.net,USA,2022-02-04,Standard,67.0,2026-07-19 13:22:08.622428
9586,Michelle Jordan,mary70@example.org,USA,2026-06-02,,,2026-07-19 13:22:08.623413
9587,Gary Bryant,williamsrobert@example.com,,2023-06-14,,,2026-07-19 13:22:08.623413
9588,Latoya Cantrell,robertharris@example.net,Canada,2021-05-29,Standard,44.0,2026-07-19 13:22:08.623413
9589,Brenda Mckee,brittanywilkinson@example.org,USA,2022-10-17,premium,,2026-07-19 13:22:08.623413
9590,Patricia Wood,hunter42@example.com,Germany,2025-02-20,premium,,2026-07-19 13:22:08.623413
9591,Teresa Chavez,kevinwinters@example.net,Canada,2023-09-21,Premium,,2026-07-19 13:22:08.623413
9592,Brett Knight,jeremy70@example.org,UK,2025-06-05,Standard,37.0,2026-07-19 13:22:08.623413
9593,Julie Medina,keytrevor@example.com,UK,2025-04-26,premium,,2026-07-19 13:22:08.624415
9594,Todd Reid,sharon81@example.net,USA,2022-10-05,,,2026-07-19 13:22:08.624415
9595,Meagan Tucker,fitzgeraldrebecca@example.com,UK,2023-06-28,Premium,55.0,2026-07-19 13:22:08.624415
9596,Carol Hampton,jonathanperez@example.org,Canada,2024-02-13,,,2026-07-19 13:22:08.624415
9597,Adam Walton,kgarcia@example.org,UK,2025-06-13,Standard,,2026-07-19 13:22:08.624415
9598,Andrea West,mooremelissa@example.com,USA,2021-03-18,,45.0,2026-07-19 13:22:08.624415
9599,James Moore,fthomas@example.org,USA,2025-03-15,,52.0,2026-07-19 13:22:08.624415
9600,Kelli Robinson,ywilliams@example.net,Canada,2022-01-10,Standard,,2026-07-19 13:22:08.624415
9601,Patricia Mcdonald,robertnichols@example.net,USA,2021-06-20,premium,25.0,2026-07-19 13:22:08.624415
9602,Kyle Cox,dhall@example.com,UK,2022-05-27,premium,,2026-07-19 13:22:08.625455
9603,Zachary Henderson,wsmith@example.com,UK,2021-12-11,Premium,28.0,2026-07-19 13:22:08.625455
9604,Philip Nicholson,yjones@example.com,UK,2026-06-13,Premium,,2026-07-19 13:22:08.625455
9605,Christopher Ross,zalexander@example.net,Canada,2022-09-30,Premium,44.0,2026-07-19 13:22:08.625455
9606,Corey Robinson,johnsondeborah@example.org,UK,2024-11-20,premium,19.0,2026-07-19 13:22:08.625455
9607,David Kelly,pmahoney@example.com,,2024-05-19,premium,,2026-07-19 13:22:08.625455
9608,Matthew Ford,omarhall@example.net,USA,2022-03-11,premium,60.0,2026-07-19 13:22:08.625455
9609,Kimberly Butler,morenokenneth@example.net,India,2026-01-05,premium,62.0,2026-07-19 13:22:08.625455
9610,Stacey Manning,brice@example.com,UK,2026-02-20,Premium,65.0,2026-07-19 13:22:08.626437
9611,Wyatt Hughes,patelapril@example.org,USA,2021-03-22,Standard,65.0,2026-07-19 13:22:08.626437
9612,Sharon Adams,wmendez@example.net,UK,2024-02-17,,47.0,2026-07-19 13:22:08.626437
9613,Christian Decker,shelbylittle@example.org,Germany,2024-03-07,,,2026-07-19 13:22:08.626437
9614,Steve Williams,creed@example.org,Germany,2023-11-05,Standard,66.0,2026-07-19 13:22:08.626437
9615,Edward Taylor,westchristopher@example.com,,2021-05-09,Premium,23.0,2026-07-19 13:22:08.626437
9616,Karen Hull,dterry@example.net,India,2026-07-16,Standard,,2026-07-19 13:22:08.626437
9617,Brian Ray,paulsimpson@example.org,USA,2022-05-23,,53.0,2026-07-19 13:22:08.626437
9618,David Moreno,wbrock@example.org,Germany,2026-06-13,Premium,,2026-07-19 13:22:08.627435
9619,Tiffany Cruz,pmahoney@example.com,Germany,2022-07-23,,,2026-07-19 13:22:08.627435
9620,Amber Kent,jacksondoris@example.org,,2025-04-21,Standard,,2026-07-19 13:22:08.627435
9621,Scott Oneal,nguyengina@example.net,USA,2025-10-20,premium,31.0,2026-07-19 13:22:08.627435
9622,Michael Bryant,sharpsarah@example.net,UK,2025-10-27,Standard,34.0,2026-07-19 13:22:08.627435
9623,Eric Brown,ann57@example.net,India,2021-08-02,,,2026-07-19 13:22:08.627435
9624,Rhonda Vargas,michaeltaylor@example.com,USA,2023-12-29,,,2026-07-19 13:22:08.627435
9625,Julie Williams,justin90@example.com,Germany,2022-10-07,premium,21.0,2026-07-19 13:22:08.627435
9626,Lindsay Christian,angelagray@example.org,Canada,2022-11-09,premium,29.0,2026-07-19 13:22:08.628437
9627,Stephanie Carroll,ireynolds@example.com,Canada,2021-04-20,premium,,2026-07-19 13:22:08.628437
9628,Jeffery Perry,william39@example.org,Germany,2026-05-09,Standard,,2026-07-19 13:22:08.628437
9629,Brian Duncan,lindsay59@example.com,USA,2023-07-28,Standard,,2026-07-19 13:22:08.628437
9630,Jacob Fitzgerald,christopher12@example.net,,2022-04-03,,,2026-07-19 13:22:08.628437
9631,James Graham,rhondarichards@example.net,USA,2021-12-31,Premium,,2026-07-19 13:22:08.628437
9632,David Fowler,smithstephanie@example.com,Germany,2024-09-09,Standard,,2026-07-19 13:22:08.628437
9633,Patricia Brown,jenniferdixon@example.net,Germany,2022-04-30,,,2026-07-19 13:22:08.628437
9634,Christopher Tran,walter80@example.net,UK,2022-08-13,Standard,61.0,2026-07-19 13:22:08.628437
9635,Justin Jackson,kevinsteele@example.net,UK,2024-08-21,Standard,26.0,2026-07-19 13:22:08.629435
9636,Lawrence Martin,blackwellpeter@example.com,USA,2021-02-02,premium,,2026-07-19 13:22:08.629435
9637,Wesley Griffin,sscott@example.com,Canada,2021-10-08,,,2026-07-19 13:22:08.629435
9638,David Shelton,riveracraig@example.net,UK,2021-03-21,premium,,2026-07-19 13:22:08.629435
9639,Brooke Ho,marktucker@example.com,,2024-01-05,Premium,,2026-07-19 13:22:08.629435
9640,Jasmine Mcclure,austingonzalez@example.org,USA,2022-07-11,,65.0,2026-07-19 13:22:08.629435
9641,Erin Greene,chall@example.net,USA,2021-09-02,premium,,2026-07-19 13:22:08.629435
9642,Chad Hickman,mgross@example.org,,2024-09-16,Standard,63.0,2026-07-19 13:22:08.630419
9643,Karen Ray MD,megan78@example.net,Canada,2022-07-22,premium,,2026-07-19 13:22:08.630419
9644,John Blankenship,buchanandavid@example.net,USA,2025-04-05,premium,58.0,2026-07-19 13:22:08.630419
9645,Brooke Carpenter,hlewis@example.com,Canada,2023-01-29,premium,47.0,2026-07-19 13:22:08.630419
9646,Jenna Obrien,michaelbrown@example.net,Germany,2023-10-25,,,2026-07-19 13:22:08.630419
9647,Richard Moore,jasmineray@example.com,,2025-06-12,,,2026-07-19 13:22:08.630419
9648,Luis Lopez,campbellmichael@example.com,UK,2021-04-04,,,2026-07-19 13:22:08.630419
9649,Scott Harvey,walkertina@example.org,UK,2026-01-25,,53.0,2026-07-19 13:22:08.631421
9650,Heather Johnson,william49@example.com,USA,2026-06-08,Premium,53.0,2026-07-19 13:22:08.631421
9651,Sally Bradley,rushalexandra@example.com,Canada,2022-02-15,Premium,,2026-07-19 13:22:08.631421
9652,Jeremy Nelson,hamiltonanthony@example.org,USA,2023-09-20,,,2026-07-19 13:22:08.631421
9653,Cynthia Cline,vhughes@example.com,UK,2026-03-23,,,2026-07-19 13:22:08.631421
9654,Ethan Hancock,rmann@example.org,Canada,2024-09-28,,,2026-07-19 13:22:08.631421
9655,Margaret Fox,amygreen@example.net,Canada,2025-02-16,Premium,,2026-07-19 13:22:08.631421
9656,Paula Lopez,osbornepatricia@example.net,Germany,2025-12-30,Premium,60.0,2026-07-19 13:22:08.631421
9657,Brian Strickland,changallen@example.com,Canada,2022-07-20,premium,,2026-07-19 13:22:08.632440
9658,Courtney Rhodes,saraedwards@example.com,UK,2022-08-27,,,2026-07-19 13:22:08.632440
9659,Richard Bennett,cookmichael@example.com,USA,2022-11-08,Standard,,2026-07-19 13:22:08.632440
9660,Joshua Ramos,kholmes@example.net,,2022-09-01,,,2026-07-19 13:22:08.632440
9661,Jacob Campbell,garciaruth@example.com,,2022-11-07,Standard,,2026-07-19 13:22:08.632440
9662,Cindy Garcia,morrisantonio@example.net,UK,2025-06-08,Premium,40.0,2026-07-19 13:22:08.632440
9663,Caitlin Ellis,charlesmichael@example.com,Germany,2025-11-07,,,2026-07-19 13:22:08.632440
9664,Elizabeth Harrison,robertsmarcus@example.org,Canada,2025-07-16,Standard,34.0,2026-07-19 13:22:08.632440
9665,Emily Anderson,david53@example.org,USA,2024-09-17,Standard,,2026-07-19 13:22:08.633436
9666,Anthony Bennett,samantha52@example.com,India,2022-10-05,,,2026-07-19 13:22:08.633436
9667,Samantha Jones,erika17@example.com,Germany,2024-01-22,Standard,34.0,2026-07-19 13:22:08.633436
9668,Kelly Stone,scott76@example.com,Germany,2022-01-25,premium,,2026-07-19 13:22:08.633436
9669,Sheila Hoffman,reginaevans@example.com,India,2026-04-12,Standard,60.0,2026-07-19 13:22:08.633436
9670,Sydney Martinez,ericbailey@example.com,Canada,2024-11-13,,56.0,2026-07-19 13:22:08.633436
9671,Danielle Quinn,apalmer@example.com,India,2026-07-17,,48.0,2026-07-19 13:22:08.633436
9672,Jason King,wrightricky@example.org,,2021-07-12,Standard,50.0,2026-07-19 13:22:08.633436
9673,James Richardson,joshua51@example.org,Germany,2026-01-26,Premium,,2026-07-19 13:22:08.634419
9674,Kimberly Schmidt,saundersdylan@example.com,Germany,2024-05-06,,,2026-07-19 13:22:08.634419
9675,Bradley Lane,eric09@example.net,,2025-01-06,,27.0,2026-07-19 13:22:08.634419
9676,Paul Green,johnlevine@example.net,Germany,2025-11-16,Standard,36.0,2026-07-19 13:22:08.634419
9677,Timothy Wilson,micheal99@example.net,India,2024-05-12,,50.0,2026-07-19 13:22:08.634419
9678,Margaret Berger,gonzalezrandy@example.com,,2026-04-07,Standard,,2026-07-19 13:22:08.634419
9679,Jasmine Johnson,stephanie45@example.net,USA,2024-05-18,premium,63.0,2026-07-19 13:22:08.634419
9680,Sarah Hernandez,jeremy33@example.org,India,2024-09-20,,,2026-07-19 13:22:08.634419
9681,Barry Davis,williamsmary@example.com,Germany,2025-05-22,premium,64.0,2026-07-19 13:22:08.634419
9682,Jason Robinson,fmoore@example.net,Germany,2021-02-10,Premium,65.0,2026-07-19 13:22:08.635435
9683,Stacy Sutton,hesstyrone@example.org,,2023-10-01,Standard,51.0,2026-07-19 13:22:08.635435
9684,Amanda Burton,sandra40@example.org,,2023-03-18,premium,,2026-07-19 13:22:08.635435
9685,Jenny Hicks,sandrataylor@example.net,Germany,2025-01-17,,65.0,2026-07-19 13:22:08.635435
9686,Ray Fisher,brownanthony@example.com,USA,2022-09-26,,,2026-07-19 13:22:08.635435
9687,Lisa Shannon,walkerjames@example.org,UK,2022-08-21,Standard,,2026-07-19 13:22:08.635435
9688,Jimmy Myers,debbie92@example.org,,2021-04-28,Standard,,2026-07-19 13:22:08.636437
9689,Cheryl Watkins,haydenhernandez@example.net,USA,2021-09-21,,,2026-07-19 13:22:08.636437
9690,Cathy James,emilymyers@example.com,,2024-11-16,premium,32.0,2026-07-19 13:22:08.636437
9691,Dr. Christian Lewis,johnsonnicholas@example.net,UK,2024-10-05,Premium,,2026-07-19 13:22:08.636437
9692,Michelle Christensen,michelehernandez@example.net,Germany,2021-07-25,,31.0,2026-07-19 13:22:08.637422
9693,Kelly Lewis,walkerfranklin@example.com,Canada,2022-11-22,,,2026-07-19 13:22:08.637422
9694,Michelle Rhodes,dereksellers@example.org,USA,2022-07-24,Premium,68.0,2026-07-19 13:22:08.637422
9695,Jonathan Smith,williamyoung@example.net,India,2022-09-28,Premium,,2026-07-19 13:22:08.637422
9696,Roger Wilson,djohnson@example.com,Canada,2024-01-19,,65.0,2026-07-19 13:22:08.637422
9697,Vanessa Nicholson,nwallace@example.com,India,2021-11-04,Premium,23.0,2026-07-19 13:22:08.637422
9698,Mary Rodriguez,breanna91@example.net,,2022-11-18,premium,66.0,2026-07-19 13:22:08.637422
9699,Catherine Callahan,brian59@example.com,,2022-06-17,,65.0,2026-07-19 13:22:08.638421
9700,Donna Barr,andrewwilliamson@example.net,UK,2024-03-20,premium,,2026-07-19 13:22:08.638421
9701,Mark King,elizabeth43@example.org,,2021-07-29,Standard,,2026-07-19 13:22:08.638421
9702,Denise Wilson,martinezjessica@example.org,UK,2022-05-07,,,2026-07-19 13:22:08.638421
9703,Bryan Velasquez,owheeler@example.com,Germany,2022-08-22,Premium,,2026-07-19 13:22:08.638421
9704,Gary Floyd,hannajohn@example.org,India,2023-08-26,Premium,48.0,2026-07-19 13:22:08.638421
9705,Vicki Clark,chapmanjoshua@example.net,USA,2022-08-29,,56.0,2026-07-19 13:22:08.638421
9706,Linda Moreno DVM,whitecraig@example.org,India,2024-11-28,Standard,,2026-07-19 13:22:08.639420
9707,Richard Scott,daniel97@example.net,Canada,2026-04-09,Standard,54.0,2026-07-19 13:22:08.639420
9708,Anita Foster,simmonsharold@example.com,USA,2022-03-13,Premium,31.0,2026-07-19 13:22:08.639420
9709,Michael Cooper,carmen99@example.net,Germany,2023-09-10,Standard,,2026-07-19 13:22:08.639420
9710,Amy Greer,zgreen@example.net,Germany,2026-06-09,Standard,22.0,2026-07-19 13:22:08.639420
9711,Joseph Morales,brittanymartin@example.net,Germany,2022-04-19,premium,,2026-07-19 13:22:08.639420
9712,Lisa Smith,hendrixtyler@example.com,Germany,2023-11-05,Premium,62.0,2026-07-19 13:22:08.639420
9713,James Braun,teresawilson@example.com,,2023-02-21,Premium,,2026-07-19 13:22:08.639420
9714,Victor Hunter,malonerachel@example.net,USA,2022-08-15,premium,,2026-07-19 13:22:08.640419
9715,Mr. Eddie Brandt,uyu@example.net,Germany,2022-04-30,Premium,,2026-07-19 13:22:08.640419
9716,James Jones,waltonsean@example.com,,2021-06-18,premium,39.0,2026-07-19 13:22:08.640419
9717,Annette Lewis,khuang@example.com,USA,2025-04-25,premium,41.0,2026-07-19 13:22:08.640419
9718,Matthew Cooley,sararoberson@example.net,,2023-06-26,premium,,2026-07-19 13:22:08.640419
9719,Stephanie Bell,schwartzsusan@example.net,,2026-05-28,,30.0,2026-07-19 13:22:08.640419
9720,Angela Ford,kristilane@example.com,,2025-09-13,Standard,53.0,2026-07-19 13:22:08.641420
9721,Shawn Avila,dominique63@example.com,UK,2021-05-05,Standard,69.0,2026-07-19 13:22:08.641420
9722,Sara Reyes,wkrause@example.net,India,2021-03-21,Standard,,2026-07-19 13:22:08.641420
9723,Jennifer Martinez,brookehernandez@example.com,UK,2023-02-11,,,2026-07-19 13:22:08.641420
9724,Tanya Williams,steven39@example.net,,2021-07-15,Standard,,2026-07-19 13:22:08.641420
9725,Johnny Taylor,zblankenship@example.net,India,2023-10-31,Standard,,2026-07-19 13:22:08.641420
9726,Elaine Acevedo,robinsonjoseph@example.net,,2023-10-02,premium,,2026-07-19 13:22:08.641420
9727,Rebecca Davis,lmorgan@example.net,,2024-07-12,premium,,2026-07-19 13:22:08.641420
9728,Geoffrey Potter,davisbenjamin@example.org,,2025-09-13,Standard,24.0,2026-07-19 13:22:08.642421
9729,Misty Paul,michellebray@example.net,Canada,2023-06-18,premium,64.0,2026-07-19 13:22:08.642421
9730,Jonathan Martinez,psmith@example.org,UK,2023-06-27,Premium,,2026-07-19 13:22:08.642421
9731,Olivia Wright,jennifer09@example.org,India,2024-04-15,premium,,2026-07-19 13:22:08.642421
9732,David Nunez,christina65@example.net,Canada,2022-05-11,premium,52.0,2026-07-19 13:22:08.642421
9733,Michelle Hall,elizabeth59@example.com,,2026-06-25,premium,51.0,2026-07-19 13:22:08.642421
9734,Wendy Green,madison56@example.com,Canada,2026-07-16,,,2026-07-19 13:22:08.642421
9735,Richard Butler,charles86@example.org,India,2025-02-15,,45.0,2026-07-19 13:22:08.642421
9736,Matthew Mullins,michellereynolds@example.net,UK,2025-05-11,,,2026-07-19 13:22:08.643421
9737,Rachel Hensley,lortega@example.org,Germany,2025-06-17,,,2026-07-19 13:22:08.643421
9738,Rachel Heath,dianeanderson@example.com,Germany,2022-04-09,premium,33.0,2026-07-19 13:22:08.643421
9739,Maria Lopez,qthompson@example.com,USA,2024-11-11,,,2026-07-19 13:22:08.643421
9740,Kevin Johnson,virginiahill@example.net,,2023-05-01,,32.0,2026-07-19 13:22:08.643421
9741,Andrew Smith,casey71@example.com,Germany,2023-04-24,Standard,,2026-07-19 13:22:08.643421
9742,Amber Mitchell,wattsandrea@example.net,USA,2023-09-25,Premium,57.0,2026-07-19 13:22:08.643421
9743,Eugene Johnson,brownolivia@example.net,India,2026-07-18,Standard,,2026-07-19 13:22:08.643421
9744,Stephanie Lee,nicolemartin@example.org,India,2025-05-22,,,2026-07-19 13:22:08.644420
9745,Aaron Leonard,williswilliam@example.org,India,2026-04-08,premium,28.0,2026-07-19 13:22:08.644420
9746,Elizabeth Figueroa,schneiderwilliam@example.org,UK,2024-12-03,Premium,38.0,2026-07-19 13:22:08.644420
9747,Christian Gallagher,nelsonmarcus@example.net,India,2023-11-23,Standard,,2026-07-19 13:22:08.644420
9748,Lisa Daniels,townsendbilly@example.org,Canada,2023-01-18,,,2026-07-19 13:22:08.644420
9749,Aaron Hopkins,johnsonmichael@example.net,USA,2023-03-19,Premium,,2026-07-19 13:22:08.644420
9750,Tammy Higgins,jeffreykelly@example.net,UK,2023-10-27,,,2026-07-19 13:22:08.645425
9751,Kyle Ochoa,christopher10@example.net,Germany,2026-06-17,premium,55.0,2026-07-19 13:22:08.645425
9752,Wanda Diaz,derekmcguire@example.com,UK,2023-06-05,Premium,,2026-07-19 13:22:08.645425
9753,Anthony Johns,jhunt@example.com,Germany,2021-01-26,Standard,,2026-07-19 13:22:08.645425
9754,Jennifer Harris,melinda85@example.net,India,2025-05-26,,,2026-07-19 13:22:08.645425
9755,Stephanie Hampton,blackkathleen@example.com,UK,2024-01-09,premium,,2026-07-19 13:22:08.645425
9756,Vincent Clay,cphillips@example.org,,2021-08-28,premium,46.0,2026-07-19 13:22:08.645425
9757,Larry Chavez,danielbrown@example.net,USA,2025-11-30,premium,,2026-07-19 13:22:08.645425
9758,Ryan Gutierrez,xanderson@example.com,,2023-03-07,,,2026-07-19 13:22:08.645425
9759,Lori Smith,adamcalhoun@example.org,USA,2021-10-24,premium,,2026-07-19 13:22:08.646448
9760,Joshua Lyons,dhayes@example.org,Germany,2025-02-21,,,2026-07-19 13:22:08.646448
9761,Richard Johnson,barrkenneth@example.net,India,2025-03-21,,58.0,2026-07-19 13:22:08.646448
9762,Mark Lawrence,fmurphy@example.com,Canada,2025-10-02,Standard,,2026-07-19 13:22:08.646448
9763,Lindsay Ramos,baileymelissa@example.net,UK,2023-12-30,,,2026-07-19 13:22:08.646448
9764,Jackie Simpson,jacobscott@example.org,Canada,2022-02-22,Premium,,2026-07-19 13:22:08.646448
9765,Edward Adams,floressarah@example.net,India,2024-06-15,,55.0,2026-07-19 13:22:08.646448
9766,Emily Rodriguez,kristina92@example.com,USA,2022-06-14,Standard,70.0,2026-07-19 13:22:08.646448
9767,Ryan Compton,ajohnson@example.com,,2022-03-07,Premium,,2026-07-19 13:22:08.647442
9768,Carlos Potter,danielhoward@example.org,UK,2026-06-24,premium,,2026-07-19 13:22:08.647442
9769,Allison Farmer,mendezbrian@example.org,,2025-11-29,,,2026-07-19 13:22:08.647442
9770,Jonathan Mendez,ericcox@example.net,India,2023-06-18,premium,36.0,2026-07-19 13:22:08.647442
9771,Andrew Monroe,uholmes@example.com,India,2022-06-17,Premium,54.0,2026-07-19 13:22:08.647442
9772,Jasmine Allen,icarpenter@example.org,India,2024-11-06,Standard,,2026-07-19 13:22:08.647442
9773,Michael Molina,elizabethwalton@example.com,USA,2021-09-23,,24.0,2026-07-19 13:22:08.647442
9774,Alexis Browning,kimberly45@example.org,USA,2023-02-16,Standard,33.0,2026-07-19 13:22:08.647442
9775,Robert Fuentes,yclark@example.net,Germany,2024-08-30,Standard,,2026-07-19 13:22:08.648441
9776,Lori Hickman,joeroberts@example.net,USA,2021-08-19,premium,,2026-07-19 13:22:08.648441
9777,Peter Rhodes,edwardschristina@example.com,India,2021-04-26,Premium,,2026-07-19 13:22:08.648441
9778,Jordan Mejia,ijenkins@example.org,USA,2023-09-22,Standard,64.0,2026-07-19 13:22:08.648441
9779,Katherine Solomon,wesleyrussell@example.net,UK,2024-04-14,Premium,,2026-07-19 13:22:08.648441
9780,Margaret Collins,vjohnson@example.org,UK,2023-10-22,premium,,2026-07-19 13:22:08.648441
9781,Patricia Reyes,pjohnson@example.org,UK,2022-11-23,Standard,,2026-07-19 13:22:08.648441
9782,Kenneth Morgan,chaneygeorge@example.org,USA,2023-12-10,,33.0,2026-07-19 13:22:08.648441
9783,Mr. Ryan Carter,kenneth38@example.org,UK,2021-04-28,,47.0,2026-07-19 13:22:08.649441
9784,Dennis Smith,pdunn@example.com,UK,2022-12-14,Standard,,2026-07-19 13:22:08.649441
9785,Bryan Campbell,goodmandavid@example.org,Germany,2026-05-25,,,2026-07-19 13:22:08.649441
9786,Jordan Wells,williamscraig@example.org,UK,2022-01-02,premium,39.0,2026-07-19 13:22:08.649441
9787,Brandon Munoz,jamesharrison@example.net,Canada,2022-09-13,premium,,2026-07-19 13:22:08.649441
9788,Jeffrey Moore,eluna@example.net,,2026-04-16,,63.0,2026-07-19 13:22:08.649441
9789,Shelby Rios,gregory22@example.net,UK,2024-04-22,Standard,57.0,2026-07-19 13:22:08.649441
9790,Alyssa Boyd,sharonlee@example.org,,2026-02-02,Premium,46.0,2026-07-19 13:22:08.649441
9791,Connie Montgomery,josestewart@example.org,,2025-07-12,Standard,,2026-07-19 13:22:08.650441
9792,Destiny Dougherty,eharmon@example.org,USA,2024-01-13,Standard,,2026-07-19 13:22:08.650441
9793,Deborah Ramos,patricia81@example.net,Germany,2025-03-20,Premium,,2026-07-19 13:22:08.650441
9794,John Wright,andrea02@example.org,,2026-02-09,premium,,2026-07-19 13:22:08.650441
9795,Alejandro Green,melissasmith@example.org,Canada,2026-03-03,,,2026-07-19 13:22:08.650441
9796,Sarah Allen,krobinson@example.org,USA,2023-04-10,,,2026-07-19 13:22:08.650441
9797,Kimberly Hansen,edwinsingh@example.com,,2024-10-11,Premium,,2026-07-19 13:22:08.650441
9798,Sharon Leon,qarnold@example.org,,2026-05-10,premium,,2026-07-19 13:22:08.650441
9799,Billy Armstrong,stevengutierrez@example.org,India,2022-07-23,premium,66.0,2026-07-19 13:22:08.651426
9800,Heather Townsend,robersonshelly@example.org,,2023-06-18,Premium,41.0,2026-07-19 13:22:08.651426
9801,Rebecca Horne,michael18@example.com,,2024-05-08,premium,,2026-07-19 13:22:08.651426
9802,Tanya Davidson,david10@example.org,USA,2024-02-05,Standard,,2026-07-19 13:22:08.651426
9803,Ronald Thomas,jamesjoe@example.net,Canada,2022-03-27,,65.0,2026-07-19 13:22:08.651426
9804,Cindy Nicholson,fgriffin@example.net,India,2026-02-01,Standard,,2026-07-19 13:22:08.651426
9805,Timothy Rose MD,ibriggs@example.com,UK,2024-03-21,,29.0,2026-07-19 13:22:08.651426
9806,Kristy Torres,daviscatherine@example.net,USA,2023-07-20,Premium,,2026-07-19 13:22:08.652424
9807,Jasmine Pierce,christinerodriguez@example.net,UK,2025-03-10,,68.0,2026-07-19 13:22:08.652424
9808,Natalie Mccarthy,irobertson@example.net,USA,2023-11-02,premium,,2026-07-19 13:22:08.652424
9809,Aaron Lynn,jerry79@example.net,UK,2021-08-18,Standard,,2026-07-19 13:22:08.652424
9810,Mark Murphy,sotobrian@example.net,,2023-05-02,Standard,37.0,2026-07-19 13:22:08.652424
9811,Jason Bauer,cervantesemily@example.net,USA,2023-11-24,Premium,48.0,2026-07-19 13:22:08.652424
9812,Jacob Sims,mariawilson@example.com,Canada,2021-08-31,,62.0,2026-07-19 13:22:08.652424
9813,Walter Murray,james82@example.org,UK,2026-05-08,premium,51.0,2026-07-19 13:22:08.652424
9814,Sheri Hutchinson,lindseyjessica@example.org,Canada,2024-04-05,premium,61.0,2026-07-19 13:22:08.653423
9815,Jennifer Williams,tranpamela@example.com,Germany,2022-03-08,Premium,,2026-07-19 13:22:08.653423
9816,Luke Garcia,chavezchristina@example.net,USA,2025-06-07,,,2026-07-19 13:22:08.653423
9817,Matthew Day,hannah37@example.net,,2024-03-24,Premium,,2026-07-19 13:22:08.653423
9818,Nicole Morris,heather62@example.net,Germany,2024-06-19,premium,,2026-07-19 13:22:08.653423
9819,Cheryl Rodriguez,edwardgibson@example.com,Germany,2022-02-24,Standard,,2026-07-19 13:22:08.653423
9820,Susan Miller,ubutler@example.net,India,2025-12-26,Premium,,2026-07-19 13:22:08.653423
9821,Sandra Evans,hayneskelli@example.com,Germany,2021-07-02,Standard,40.0,2026-07-19 13:22:08.653423
9822,Steven Martinez,andrew70@example.net,India,2026-04-30,Standard,39.0,2026-07-19 13:22:08.654423
9823,Mrs. Jennifer Smith,cristinaanderson@example.com,Canada,2023-01-10,premium,,2026-07-19 13:22:08.654423
9824,Sydney Baker,suttonandrew@example.net,UK,2024-01-15,Standard,,2026-07-19 13:22:08.654423
9825,Christina Arnold,nicholaswarren@example.com,Germany,2023-09-22,premium,,2026-07-19 13:22:08.654423
9826,Lisa Gibson,christopherbarry@example.org,Germany,2023-01-08,Standard,20.0,2026-07-19 13:22:08.654423
9827,Valerie Johnson,marygutierrez@example.org,USA,2024-12-06,Premium,,2026-07-19 13:22:08.654423
9828,Juan Yang,acollins@example.com,Canada,2024-06-22,Premium,,2026-07-19 13:22:08.654423
9829,Norma Malone,steven40@example.net,,2021-03-22,premium,55.0,2026-07-19 13:22:08.654423
9830,Robin Jackson,ofritz@example.org,Canada,2024-04-09,,18.0,2026-07-19 13:22:08.655427
9831,Jennifer Mcintyre,christina25@example.net,Germany,2022-04-02,Premium,,2026-07-19 13:22:08.655427
9832,Kristin Pollard,leedavis@example.org,,2024-06-28,,45.0,2026-07-19 13:22:08.655427
9833,Mitchell Ford,iwagner@example.com,USA,2022-12-01,premium,,2026-07-19 13:22:08.655427
9834,Edward Alvarez,jonathan98@example.net,Germany,2022-10-30,premium,20.0,2026-07-19 13:22:08.655427
9835,Reginald Meyer,marc56@example.net,Canada,2021-08-29,premium,,2026-07-19 13:22:08.655427
9836,Daniel Roberts,dayjoshua@example.org,Canada,2021-03-24,Standard,,2026-07-19 13:22:08.655427
9837,Shelly Villarreal,dawn45@example.net,Canada,2024-04-09,Premium,,2026-07-19 13:22:08.655427
9838,Melanie Holmes,paulamiller@example.org,India,2023-02-22,premium,57.0,2026-07-19 13:22:08.655427
9839,Maria Davis,michael80@example.org,India,2024-02-05,premium,65.0,2026-07-19 13:22:08.656433
9840,Julie Arroyo,sharonjohnson@example.org,,2025-04-14,,31.0,2026-07-19 13:22:08.656433
9841,Matthew Robinson,glopez@example.net,Germany,2024-11-27,,26.0,2026-07-19 13:22:08.656433
9842,Nicole Black,jacob94@example.net,India,2024-07-06,premium,67.0,2026-07-19 13:22:08.656433
9843,April Vasquez,jvelasquez@example.org,Germany,2026-05-02,Standard,,2026-07-19 13:22:08.656433
9844,Natasha Harper,awilliams@example.net,Canada,2022-02-28,premium,59.0,2026-07-19 13:22:08.656433
9845,Elizabeth Booth,keverett@example.com,India,2025-01-08,,43.0,2026-07-19 13:22:08.656433
9846,Amy Warren,kevin29@example.com,,2023-02-21,Premium,67.0,2026-07-19 13:22:08.656433
9847,Rebecca Ramsey,amandawebb@example.net,,2026-05-09,premium,40.0,2026-07-19 13:22:08.657432
9848,Wanda Holland,kiddjessica@example.com,UK,2021-06-18,Premium,,2026-07-19 13:22:08.657432
9849,Cynthia Garcia,ncrawford@example.org,Germany,2023-01-02,Standard,38.0,2026-07-19 13:22:08.657432
9850,Jim Mclean,elizabeth86@example.com,India,2026-06-29,,,2026-07-19 13:22:08.657432
9851,Earl Hughes,harriscarly@example.org,Canada,2023-05-20,,31.0,2026-07-19 13:22:08.657432
9852,Felicia Galvan,qbrown@example.net,Germany,2021-12-04,Premium,55.0,2026-07-19 13:22:08.657432
9853,Jay Chambers,bdaniels@example.org,Germany,2021-02-10,,52.0,2026-07-19 13:22:08.657432
9854,Edward Arroyo,gibbsjoshua@example.net,USA,2021-07-16,Premium,,2026-07-19 13:22:08.657432
9855,Lisa Long,samanthahenderson@example.net,Germany,2023-03-03,Premium,61.0,2026-07-19 13:22:08.658432
9856,Alicia Day,torresjustin@example.com,UK,2026-01-04,premium,21.0,2026-07-19 13:22:08.658432
9857,Nicole Lane,mitchelljillian@example.net,Germany,2025-02-18,premium,,2026-07-19 13:22:08.658432
9858,Jeffrey Fuentes,pamelastafford@example.org,Germany,2025-09-08,premium,46.0,2026-07-19 13:22:08.658432
9859,Julie Holland,kenttammie@example.net,Canada,2025-09-05,premium,,2026-07-19 13:22:08.658432
9860,Sophia Long,scottrobert@example.net,Canada,2025-11-01,,,2026-07-19 13:22:08.658432
9861,Kenneth Ellison,charlesmorgan@example.net,Germany,2025-08-01,Standard,,2026-07-19 13:22:08.658432
9862,Alexandria Campbell,farrellkevin@example.org,Germany,2022-02-09,premium,,2026-07-19 13:22:08.659432
9863,Carl Guzman,juanbrowning@example.net,India,2026-05-04,Premium,,2026-07-19 13:22:08.659432
9864,Lori Martinez,eugene33@example.org,Canada,2023-12-08,Standard,59.0,2026-07-19 13:22:08.659432
9865,Sandra Bradley,brittney64@example.org,Canada,2022-04-18,premium,,2026-07-19 13:22:08.659432
9866,Mitchell Murray,barbara92@example.org,Canada,2021-04-26,,,2026-07-19 13:22:08.659432
9867,Bryan Newman,stonedavid@example.com,USA,2024-05-27,Premium,,2026-07-19 13:22:08.659432
9868,Emily Reynolds,kevin67@example.com,Germany,2026-01-21,,39.0,2026-07-19 13:22:08.659432
9869,Kyle Cunningham,ocooper@example.org,India,2025-01-28,Premium,41.0,2026-07-19 13:22:08.659432
9870,William Mckee,rodney82@example.com,Germany,2025-01-30,premium,40.0,2026-07-19 13:22:08.659432
9871,Erin Singh,mary30@example.org,UK,2021-06-26,,,2026-07-19 13:22:08.660433
9872,John Snyder,amanda37@example.org,,2024-06-24,premium,23.0,2026-07-19 13:22:08.660433
9873,Dawn Davis,stephanie20@example.org,USA,2021-04-28,,53.0,2026-07-19 13:22:08.660433
9874,Joseph Grimes,james08@example.net,India,2023-03-19,,45.0,2026-07-19 13:22:08.660433
9875,Jacob Johnson,thompsonkeith@example.com,Canada,2023-03-03,Standard,69.0,2026-07-19 13:22:08.660433
9876,Eugene Hayes,lisa15@example.net,Germany,2025-03-02,,38.0,2026-07-19 13:22:08.660433
9877,Kerry Morales,samanthacollins@example.net,India,2021-07-04,Standard,,2026-07-19 13:22:08.660433
9878,Maria Lee,paustin@example.org,,2024-03-18,Premium,,2026-07-19 13:22:08.660433
9879,Mark Edwards,floresjimmy@example.com,India,2022-11-06,Premium,,2026-07-19 13:22:08.661434
9880,Jennifer Martin,nancydavidson@example.org,India,2021-10-23,premium,18.0,2026-07-19 13:22:08.661434
9881,Stacy Wall,christina93@example.net,Germany,2022-08-29,Premium,,2026-07-19 13:22:08.661434
9882,Jacob Martinez,michael11@example.net,USA,2024-12-18,Standard,,2026-07-19 13:22:08.661434
9883,Holly Hamilton,allenanthony@example.net,India,2024-05-21,Premium,53.0,2026-07-19 13:22:08.661434
9884,David Lewis,garrisonmelissa@example.org,USA,2021-12-19,,64.0,2026-07-19 13:22:08.661434
9885,Gregory Hill,peter78@example.com,Canada,2025-05-20,premium,,2026-07-19 13:22:08.661434
9886,Adrian Stewart,susangarcia@example.org,India,2026-02-21,Premium,,2026-07-19 13:22:08.662434
9887,Pamela Rogers,davistara@example.org,India,2021-05-02,Standard,,2026-07-19 13:22:08.662434
9888,Jennifer Wong,stacey13@example.net,USA,2021-09-09,,39.0,2026-07-19 13:22:08.662434
9889,Kevin Rose PhD,karen57@example.org,India,2024-04-17,Premium,,2026-07-19 13:22:08.662434
9890,Paula Brown,keithmay@example.com,,2021-08-19,Standard,62.0,2026-07-19 13:22:08.662434
9891,Tracey Mcmahon,njames@example.org,Germany,2025-09-02,,22.0,2026-07-19 13:22:08.662434
9892,Jonathan Fisher,garygiles@example.com,Germany,2025-06-29,Standard,37.0,2026-07-19 13:22:08.662434
9893,Sarah Hunt,contrerascarol@example.net,,2022-10-29,Standard,60.0,2026-07-19 13:22:08.662434
9894,Wendy Perez,phall@example.com,Germany,2023-07-31,Premium,64.0,2026-07-19 13:22:08.663431
9895,Karen Mcclure,suttonsherry@example.org,USA,2024-04-08,,,2026-07-19 13:22:08.663431
9896,Miguel Smith,rebekahruiz@example.com,USA,2025-03-07,Standard,44.0,2026-07-19 13:22:08.663431
9897,Nicole Allison,skinnerkylie@example.org,Germany,2024-01-16,,,2026-07-19 13:22:08.663431
9898,Alyssa Vang,stevenstewart@example.net,Germany,2021-08-08,premium,50.0,2026-07-19 13:22:08.663431
9899,Ian Cervantes,william60@example.com,UK,2022-12-28,premium,,2026-07-19 13:22:08.663431
9900,Cynthia Cantu,urodriguez@example.com,UK,2021-02-10,,,2026-07-19 13:22:08.663431
9901,Jennifer Frazier,april01@example.net,India,2023-04-11,Standard,,2026-07-19 13:22:08.663431
9902,Jose Brown,bbutler@example.net,India,2023-02-22,Standard,68.0,2026-07-19 13:22:08.664431
9903,Joseph Johnson,rodriguezjohn@example.net,USA,2024-03-17,,,2026-07-19 13:22:08.664431
9904,Vanessa Snyder,browncourtney@example.com,USA,2021-09-09,,,2026-07-19 13:22:08.664431
9905,Patricia Miller,ashleydavis@example.net,,2021-12-23,Premium,,2026-07-19 13:22:08.664431
9906,Jennifer Gray,todd95@example.org,USA,2024-04-12,,46.0,2026-07-19 13:22:08.664431
9907,Kristi Ball,castanedajill@example.com,USA,2026-05-15,Standard,,2026-07-19 13:22:08.664431
9908,Noah King,gwilliams@example.com,Canada,2021-06-28,Standard,,2026-07-19 13:22:08.664431
9909,Ronald Curry,bishopsamuel@example.com,Germany,2023-03-15,Premium,39.0,2026-07-19 13:22:08.664431
9910,Chad Reyes,curtismarshall@example.org,India,2026-04-26,Standard,53.0,2026-07-19 13:22:08.665432
9911,Paige Kim,afowler@example.org,USA,2025-06-06,Premium,,2026-07-19 13:22:08.665432
9912,Billy Mills,bryan94@example.com,,2021-04-09,Premium,50.0,2026-07-19 13:22:08.665432
9913,Anna Odom,ysimpson@example.com,Canada,2024-04-25,,35.0,2026-07-19 13:22:08.665432
9914,Katie Thomas,taylorderrick@example.com,USA,2025-02-23,,26.0,2026-07-19 13:22:08.665432
9915,Katherine Flowers,dale24@example.com,Canada,2021-08-30,Standard,,2026-07-19 13:22:08.665432
9916,Paul Patton,adammorris@example.net,USA,2026-02-22,Premium,,2026-07-19 13:22:08.665432
9917,Denise Erickson,timothyfrey@example.com,,2021-07-14,Standard,,2026-07-19 13:22:08.665432
9918,Karen Harris DDS,nicholas06@example.org,UK,2021-06-14,Premium,,2026-07-19 13:22:08.666464
9919,Kenneth Thompson,wmcgrath@example.net,USA,2025-02-02,Premium,38.0,2026-07-19 13:22:08.666464
9920,Jason Gonzalez,timsuarez@example.com,Canada,2022-10-09,,,2026-07-19 13:22:08.666464
9921,John Lozano,kristibennett@example.org,Canada,2023-09-29,,29.0,2026-07-19 13:22:08.666464
9922,Helen Jimenez,brenda82@example.org,,2024-06-01,premium,,2026-07-19 13:22:08.666464
9923,Rodney Freeman,gary34@example.org,Germany,2026-05-03,Standard,44.0,2026-07-19 13:22:08.666464
9924,Deborah Owen,john89@example.com,USA,2024-10-21,,53.0,2026-07-19 13:22:08.666464
9925,Jacob Townsend,rberry@example.com,USA,2021-04-26,premium,24.0,2026-07-19 13:22:08.666464
9926,Jessica Graham,danielspears@example.org,Germany,2021-02-26,Premium,68.0,2026-07-19 13:22:08.666464
9927,Brittany Marsh,jeffrey88@example.org,India,2026-04-22,,26.0,2026-07-19 13:22:08.667448
9928,Maria Lopez,wbullock@example.com,Canada,2023-07-31,premium,20.0,2026-07-19 13:22:08.667448
9929,Steven Winters,rowekristi@example.net,India,2021-09-09,,,2026-07-19 13:22:08.667448
9930,Tracy Williams,janetbailey@example.net,,2026-06-13,,26.0,2026-07-19 13:22:08.667448
9931,Ryan Schmitt,jill35@example.com,Canada,2023-05-21,,,2026-07-19 13:22:08.667448
9932,Nicole Williams,sarah51@example.net,USA,2021-09-07,,,2026-07-19 13:22:08.667448
9933,Jason Bryant,marcuscrawford@example.com,Germany,2021-04-26,premium,21.0,2026-07-19 13:22:08.668431
9934,Harold Bradshaw,briananderson@example.com,Germany,2023-06-14,Premium,,2026-07-19 13:22:08.668431
9935,Barbara Owens,lforbes@example.net,UK,2021-05-02,Standard,,2026-07-19 13:22:08.668431
9936,David Gray,kbaker@example.com,Canada,2024-01-25,Standard,48.0,2026-07-19 13:22:08.668431
9937,Sabrina Williams,johnsonadam@example.com,Canada,2023-08-08,,,2026-07-19 13:22:08.668431
9938,Nicole Roman,xfowler@example.net,USA,2023-04-22,Premium,30.0,2026-07-19 13:22:08.668431
9939,Jennifer Mejia,mbrown@example.net,UK,2021-07-15,Standard,19.0,2026-07-19 13:22:08.668431
9940,Gloria Reyes,carneygeorge@example.com,India,2021-10-22,,,2026-07-19 13:22:08.668431
9941,Christine Martinez,todd14@example.net,Canada,2023-11-05,Premium,58.0,2026-07-19 13:22:08.669430
9942,Joseph Mora,annesalazar@example.org,,2021-04-20,premium,,2026-07-19 13:22:08.669430
9943,Kelly Jackson,mark68@example.com,UK,2021-12-02,premium,,2026-07-19 13:22:08.669430
9944,Ashley May,wilkersonjordan@example.com,UK,2023-08-13,Standard,22.0,2026-07-19 13:22:08.669430
9945,Jamie Henry,whiteanthony@example.com,USA,2023-12-17,Standard,52.0,2026-07-19 13:22:08.669430
9946,Deborah Blackburn,danny71@example.com,India,2021-04-13,Standard,27.0,2026-07-19 13:22:08.669430
9947,Terrance Mcknight,nathanromero@example.org,USA,2025-10-16,,60.0,2026-07-19 13:22:08.669430
9948,Thomas Jordan,lleblanc@example.org,India,2025-02-10,Premium,,2026-07-19 13:22:08.669430
9949,Joshua White,swilliams@example.net,UK,2022-10-15,Standard,,2026-07-19 13:22:08.669430
9950,Jennifer Thompson,mollyedwards@example.com,Germany,2022-03-24,premium,36.0,2026-07-19 13:22:08.670433
9951,Rebecca Edwards,mary46@example.org,,2026-01-26,,,2026-07-19 13:22:08.670433
9952,Kaylee Smith,bparker@example.net,India,2023-03-08,premium,47.0,2026-07-19 13:22:08.670433
9953,Timothy Jennings,bretthammond@example.org,Canada,2023-11-19,Standard,,2026-07-19 13:22:08.670433
9954,Joseph Jones,brendanwhite@example.com,Germany,2025-05-02,,44.0,2026-07-19 13:22:08.670433
9955,Craig Estrada,masseystephen@example.com,Germany,2021-10-29,premium,,2026-07-19 13:22:08.670433
9956,Lisa Flores,alyssa46@example.org,,2026-06-15,premium,39.0,2026-07-19 13:22:08.670433
9957,Dana Dorsey,zmartin@example.org,UK,2023-10-14,premium,20.0,2026-07-19 13:22:08.670433
9958,Danny Watson,qharris@example.org,,2023-09-30,,20.0,2026-07-19 13:22:08.671431
9959,Michael Burton,anthonyallison@example.org,,2025-06-29,Premium,46.0,2026-07-19 13:22:08.671431
9960,Jay Reyes,coreyrosario@example.com,Canada,2023-01-06,Premium,68.0,2026-07-19 13:22:08.671431
9961,Sheena Morgan,tthomas@example.org,India,2023-04-03,Premium,36.0,2026-07-19 13:22:08.671431
9962,Amy Smith,zstanley@example.com,USA,2025-03-22,Premium,,2026-07-19 13:22:08.671431
9963,Carolyn Howell,shawnmartin@example.com,,2024-03-10,,34.0,2026-07-19 13:22:08.671431
9964,Harry Martinez,jeffrey39@example.net,Canada,2026-04-11,Premium,,2026-07-19 13:22:08.672431
9965,Christian Stone,elizabeth28@example.org,Canada,2026-01-15,Standard,,2026-07-19 13:22:08.672431
9966,Mark Fleming,glenn03@example.net,USA,2026-07-05,,28.0,2026-07-19 13:22:08.672431
9967,Ernest Austin,gmcclain@example.net,Germany,2026-03-30,Standard,,2026-07-19 13:22:08.672431
9968,Chad Garcia,rochajohnny@example.net,,2024-12-31,Standard,,2026-07-19 13:22:08.672431
9969,Chad Roberts,lewisjamie@example.net,Germany,2021-11-07,Standard,32.0,2026-07-19 13:22:08.672431
9970,Alan Ward,xroberts@example.com,Germany,2026-01-07,premium,21.0,2026-07-19 13:22:08.672431
9971,Julia Rubio,acostasteven@example.com,USA,2025-12-16,Premium,,2026-07-19 13:22:08.673432
9972,Carrie Henderson,lfrench@example.org,Canada,2022-09-03,,,2026-07-19 13:22:08.673432
9973,Melissa Webb DVM,blackburndavid@example.com,India,2023-12-10,premium,,2026-07-19 13:22:08.673432
9974,Robert Pearson,tanya33@example.org,Canada,2023-03-01,premium,19.0,2026-07-19 13:22:08.673432
9975,Samuel Hill,annettekeller@example.org,UK,2021-07-11,Premium,,2026-07-19 13:22:08.673432
9976,Robert Cantrell,barberlogan@example.org,Germany,2022-03-23,,69.0,2026-07-19 13:22:08.673432
9977,Carla Carr,tannerjeff@example.org,,2024-07-16,Standard,,2026-07-19 13:22:08.673432
9978,Charles Thompson,kwagner@example.net,USA,2024-07-02,premium,,2026-07-19 13:22:08.674431
9979,Mrs. Jennifer Parks MD,carlosgrant@example.net,Germany,2025-03-18,premium,,2026-07-19 13:22:08.674431
9980,Samuel Mathis,slong@example.org,Canada,2025-03-15,Premium,27.0,2026-07-19 13:22:08.674431
9981,Jared Carter,ncross@example.com,UK,2022-02-26,,48.0,2026-07-19 13:22:08.674431
9982,Jodi Walker,floresdavid@example.net,Canada,2024-04-28,,,2026-07-19 13:22:08.674431
9983,Christine Faulkner DDS,qbrown@example.com,Canada,2025-08-08,premium,55.0,2026-07-19 13:22:08.674431
9984,Brett Phillips,jessicayork@example.org,USA,2024-06-29,,,2026-07-19 13:22:08.674431
9985,Kimberly Johnson,rcampos@example.org,India,2026-02-03,premium,55.0,2026-07-19 13:22:08.674431
9986,Sarah Neal,diana00@example.com,India,2023-11-28,Premium,,2026-07-19 13:22:08.674431
9987,Katherine Rodriguez,smithchristie@example.net,USA,2025-09-13,Standard,,2026-07-19 13:22:08.675443
9988,Vicki Mercer,eddiemeza@example.org,,2023-01-18,,,2026-07-19 13:22:08.675443
9989,Kristen Moore,danielle53@example.com,USA,2024-05-04,Premium,,2026-07-19 13:22:08.675443
9990,Daniel Wilson,mcmahonjessica@example.com,UK,2023-01-18,Premium,43.0,2026-07-19 13:22:08.675443
9991,Mary Singh,peter29@example.com,Canada,2023-11-15,Premium,38.0,2026-07-19 13:22:08.675443
9992,Andres Ross,hurleydaniel@example.org,Canada,2026-03-05,premium,,2026-07-19 13:22:08.675443
9993,Matthew Daniel,bcallahan@example.org,Canada,2025-09-01,premium,,2026-07-19 13:22:08.675443
9994,Richard Williams,cabrerasusan@example.net,India,2021-07-29,premium,,2026-07-19 13:22:08.675443
9995,Robert Cummings,heidismith@example.com,USA,2026-02-17,Standard,46.0,2026-07-19 13:22:08.676449
9996,Lisa Lowe,wgonzalez@example.net,,2023-11-30,premium,23.0,2026-07-19 13:22:08.676449
9997,Nicholas Perez,martinezvanessa@example.com,,2024-04-01,,,2026-07-19 13:22:08.676449
9998,Samantha Howe,lauren15@example.net,India,2021-06-23,premium,59.0,2026-07-19 13:22:08.676449
9999,Russell Martinez,timothymartinez@example.org,UK,2024-07-29,,65.0,2026-07-19 13:22:08.676449
10000,Ariel Olson,mirandaanthony@example.org,USA,2025-02-14,Premium,25.0,2026-07-19 13:22:08.676449
6253,Dwayne Espinoza,garzakristopher@example.com,UK,2021-05-25,Standard,,2026-07-19 13:22:08.153351
4685,Michael Adkins,bairdjessica@example.org,UK,2025-05-12,premium,,2026-07-19 13:22:07.934128
1732,Jonathon Bauer,psavage@example.org,,2024-06-20,Standard,53.0,2026-07-19 13:22:07.544389
4743,Amanda Austin,ghicks@example.org,Canada,2025-05-28,,,2026-07-19 13:22:07.941132
4522,Miguel Stewart,rodriguezrichard@example.org,,2021-03-28,Standard,32.0,2026-07-19 13:22:07.912117
6341,Kathleen Stewart,tammy52@example.com,USA,2025-09-07,Premium,,2026-07-19 13:22:08.167356
577,Amanda Good,jamesmaynard@example.com,Canada,2022-12-29,premium,,2026-07-19 13:22:07.397074
5203,Roger Smith PhD,mark48@example.org,India,2025-06-13,premium,23.0,2026-07-19 13:22:08.003316
6364,Tammy Mullins,nelsonrichard@example.net,India,2021-09-04,Standard,,2026-07-19 13:22:08.170375
440,Robert Torres,brookethompson@example.net,India,2023-10-10,,36.0,2026-07-19 13:22:07.379429
2751,Donald Lane,eric81@example.com,India,2025-08-14,Premium,,2026-07-19 13:22:07.679046
7488,Ashley Gill,andrew01@example.net,,2022-11-29,Standard,,2026-07-19 13:22:08.327034
5273,Travis Kline,gsingleton@example.com,,2023-12-22,Standard,42.0,2026-07-19 13:22:08.015252
5654,David Parrish,lisa92@example.org,USA,2024-07-26,Premium,,2026-07-19 13:22:08.066207
4000,Tammy Martinez,christinaharrington@example.com,,2023-08-16,Standard,,2026-07-19 13:22:07.842143
6034,Jeremy Lucas,janetjackson@example.net,Canada,2022-02-18,,67.0,2026-07-19 13:22:08.121353
583,Michelle Lopez,jcunningham@example.net,India,2024-01-21,premium,,2026-07-19 13:22:07.398055
9931,Ryan Schmitt,jill35@example.com,Canada,2023-05-21,,,2026-07-19 13:22:08.667448
7052,Lisa Powell,zanderson@example.net,India,2025-09-24,,,2026-07-19 13:22:08.265989
8159,Shelly Mendez,burnsjoseph@example.org,UK,2024-12-07,,,2026-07-19 13:22:08.425391
9897,Nicole Allison,skinnerkylie@example.org,Germany,2024-01-16,,,2026-07-19 13:22:08.663431
2250,Andrew Parker,ricky89@example.org,USA,2023-11-29,,,2026-07-19 13:22:07.616326
4641,Amy Bridges,patriciaallen@example.com,Canada,2023-02-28,premium,32.0,2026-07-19 13:22:07.927128
9486,Andre Washington,qsimmons@example.org,Canada,2022-05-13,premium,,2026-07-19 13:22:08.608407
4948,Linda Martinez,rrodriguez@example.net,Canada,2024-04-09,Premium,,2026-07-19 13:22:07.968127
9921,John Lozano,kristibennett@example.org,Canada,2023-09-29,,29.0,2026-07-19 13:22:08.666464
1964,Ryan Lara,stevenwalker@example.org,Germany,2024-09-14,Standard,,2026-07-19 13:22:07.577366
8244,Sandy Winters,johnsonkenneth@example.org,USA,2023-04-26,Standard,33.0,2026-07-19 13:22:08.436010
6591,Connie Holmes,samuelcummings@example.net,,2024-03-29,Standard,,2026-07-19 13:22:08.202424
8848,Danny Ford,doylejonathan@example.org,USA,2022-05-08,,55.0,2026-07-19 13:22:08.519337
322,Brian Francis,tmartinez@example.com,India,2022-06-21,Standard,33.0,2026-07-19 13:22:07.365922
2679,Catherine Lee,kaylagonzalez@example.com,India,2022-05-22,Standard,,2026-07-19 13:22:07.670061
4626,Alex Peterson,nelsonjeremy@example.com,USA,2024-07-07,premium,65.0,2026-07-19 13:22:07.926127
4950,Leon Ellison,snichols@example.net,Canada,2024-08-30,Premium,51.0,2026-07-19 13:22:07.968127
8329,Samantha Campbell,markbrown@example.com,Canada,2022-09-14,premium,,2026-07-19 13:22:08.448014
3338,Scott Williams,arios@example.org,Germany,2025-11-19,,,2026-07-19 13:22:07.754110
5590,Matthew Edwards,tara38@example.org,,2023-10-16,,18.0,2026-07-19 13:22:08.057206
252,Antonio Vincent,nancy97@example.net,,2022-06-27,,,2026-07-19 13:22:07.356937
3974,Kelli Davis,jennifer24@example.com,Canada,2025-07-06,Standard,36.0,2026-07-19 13:22:07.839145
6631,Shannon Williams,rose79@example.net,Canada,2026-03-19,Standard,,2026-07-19 13:22:08.207425
5548,Seth Garcia,conwaycraig@example.com,India,2026-04-09,,43.0,2026-07-19 13:22:08.052223
36,Richard Parker,sandrapayne@example.org,USA,2026-03-23,Standard,54.0,2026-07-19 13:22:07.329394
8363,Taylor Andrews,jade84@example.org,India,2023-09-10,,,2026-07-19 13:22:08.453014
1514,Michael Collier,lisarodriguez@example.net,USA,2026-01-30,Premium,,2026-07-19 13:22:07.517383
9318,David Mcbride,madams@example.org,Germany,2021-03-26,premium,,2026-07-19 13:22:08.585370
40,Katherine Steele,yjohnson@example.com,USA,2021-05-04,Standard,,2026-07-19 13:22:07.330424
4820,John Davis,kim85@example.org,Canada,2024-03-15,Premium,,2026-07-19 13:22:07.951131
3466,Samantha King,ufox@example.org,India,2023-12-13,Premium,59.0,2026-07-19 13:22:07.771109
1761,Ashley Hamilton,ryanknight@example.org,Germany,2024-12-13,Standard,,2026-07-19 13:22:07.548388
2305,Barbara Mitchell,ericrussell@example.org,,2021-08-04,premium,64.0,2026-07-19 13:22:07.623327
3724,Brenda Garcia,wayne62@example.net,Germany,2026-05-02,Premium,,2026-07-19 13:22:07.805224
8285,Heather Floyd,foxethan@example.net,USA,2021-12-07,,,2026-07-19 13:22:08.442008
4994,Wyatt Bishop III,thomasandrews@example.org,UK,2023-10-17,Premium,,2026-07-19 13:22:07.974113
8128,Deanna Campbell,kimberly58@example.com,,2023-09-19,Premium,49.0,2026-07-19 13:22:08.421393
3033,Jeremy Campbell,colemancourtney@example.net,USA,2023-08-14,premium,21.0,2026-07-19 13:22:07.716115
7939,Sharon Houston,kristenduke@example.com,Germany,2024-04-09,,56.0,2026-07-19 13:22:08.392543
3040,Michael Huber,davisandrew@example.net,,2025-06-16,,,2026-07-19 13:22:07.716115
9656,Paula Lopez,osbornepatricia@example.net,Germany,2025-12-30,Premium,60.0,2026-07-19 13:22:08.631421
2546,Gregory Carpenter,monicacollins@example.net,India,2025-04-12,,,2026-07-19 13:22:07.652905
2593,Robert Perry,john38@example.com,Germany,2023-12-18,Premium,53.0,2026-07-19 13:22:07.658918
1189,Benjamin Jones,susan38@example.org,Germany,2026-07-18,,64.0,2026-07-19 13:22:07.477362
7967,Tyler Butler,summer94@example.org,UK,2021-05-10,,50.0,2026-07-19 13:22:08.397091
6078,Cody Johnson,cassandra98@example.net,India,2025-01-14,premium,,2026-07-19 13:22:08.127357
108,Raymond Moore,grobinson@example.com,,2024-10-22,Standard,69.0,2026-07-19 13:22:07.338940
1316,David Guerrero,matthew07@example.org,Canada,2023-05-06,Premium,,2026-07-19 13:22:07.492873
8188,Mr. Theodore Rodriguez,kathryn34@example.com,India,2021-07-17,premium,,2026-07-19 13:22:08.428113
2754,Emily Barnes,rachaelcallahan@example.com,USA,2026-01-04,Standard,53.0,2026-07-19 13:22:07.680045
9754,Jennifer Harris,melinda85@example.net,India,2025-05-26,,,2026-07-19 13:22:08.645425
6232,Katherine Jones,rdaniels@example.org,India,2022-10-06,premium,49.0,2026-07-19 13:22:08.150353
2877,Yolanda Evans,jacob16@example.net,Germany,2023-05-13,Premium,,2026-07-19 13:22:07.695062
5324,James Duncan,zwilson@example.net,India,2021-01-30,,21.0,2026-07-19 13:22:08.021319
800,Elizabeth Gonzalez,john22@example.com,UK,2023-06-20,,27.0,2026-07-19 13:22:07.426070
3571,Michael Bennett,marypoole@example.org,Canada,2022-09-02,,39.0,2026-07-19 13:22:07.785145
2895,Albert Morris,julie23@example.org,,2023-04-01,Premium,38.0,2026-07-19 13:22:07.697068
2928,Kimberly Williams,jessicajohnson@example.org,,2021-09-17,,69.0,2026-07-19 13:22:07.701179
8179,Sergio Gonzalez,ndavila@example.net,India,2021-09-20,premium,50.0,2026-07-19 13:22:08.426998
972,Paula Cook,orozconicholas@example.org,Canada,2024-08-03,Standard,,2026-07-19 13:22:07.447087
6688,Brenda Smith,daybrian@example.net,UK,2023-03-27,Premium,,2026-07-19 13:22:08.216966
8576,Sheri Wiggins,chaveztanya@example.com,Canada,2022-08-30,premium,,2026-07-19 13:22:08.482042
2021,Charles Johns,iwong@example.net,India,2025-05-24,Standard,36.0,2026-07-19 13:22:07.585438
9055,Eric Jones PhD,pcrosby@example.org,UK,2021-02-25,Standard,58.0,2026-07-19 13:22:08.548348
953,Hailey Gonzalez,xaguilar@example.org,Canada,2024-05-30,Standard,21.0,2026-07-19 13:22:07.445093
5360,Pedro Reeves,stacy34@example.net,India,2023-11-23,premium,,2026-07-19 13:22:08.026248
3858,Erika White,crystal59@example.net,India,2023-02-24,Standard,64.0,2026-07-19 13:22:07.823619
5862,Patrick Schmitt,grahamdavid@example.net,Germany,2022-08-18,Premium,,2026-07-19 13:22:08.098362
3146,Richard Robertson,garzamichael@example.com,India,2024-08-20,,,2026-07-19 13:22:07.730101
3306,James Little,randallswanson@example.net,Canada,2024-05-30,Premium,54.0,2026-07-19 13:22:07.750109
3007,Tonya Knight,melissa39@example.org,Germany,2021-07-04,,66.0,2026-07-19 13:22:07.713102
9002,David Cooper,loribernard@example.org,India,2022-07-29,,,2026-07-19 13:22:08.540342
7771,Brianna Perez,anna08@example.org,UK,2024-01-30,,61.0,2026-07-19 13:22:08.370035
7439,John Mitchell,jacob17@example.com,UK,2023-05-30,premium,,2026-07-19 13:22:08.321033
7943,Lee Perez,frangel@example.net,India,2022-10-12,,,2026-07-19 13:22:08.393542
9239,Miguel Hernandez,taylorallison@example.org,Germany,2021-11-04,premium,26.0,2026-07-19 13:22:08.575356
1057,Meghan Walsh,penajoseph@example.com,UK,2026-07-05,,59.0,2026-07-19 13:22:07.459354
3155,Robert Bradley,ohernandez@example.com,UK,2021-09-22,Premium,,2026-07-19 13:22:07.731102
3788,Matthew Carr,brownkatrina@example.net,Germany,2023-06-24,Standard,,2026-07-19 13:22:07.813228
9190,Michael King,rachelfischer@example.org,Canada,2023-05-06,,32.0,2026-07-19 13:22:08.568354
7826,William Hickman,daniellemurphy@example.com,,2026-07-18,Standard,,2026-07-19 13:22:08.377055
7540,Kim Smith,dyerjames@example.com,Germany,2026-05-09,Standard,63.0,2026-07-19 13:22:08.335034
7232,Douglas Steele,amygreene@example.net,,2021-12-31,Standard,,2026-07-19 13:22:08.291506
765,Tammy Gardner DDS,gcurtis@example.net,USA,2025-03-22,premium,,2026-07-19 13:22:07.421068
5020,Daniel Perez,shane87@example.org,,2023-02-09,Premium,60.0,2026-07-19 13:22:07.978145
4904,Raymond Miller,gwilson@example.com,Canada,2024-09-18,Standard,25.0,2026-07-19 13:22:07.961111
8094,Ross Green,emedina@example.org,UK,2025-05-03,Standard,,2026-07-19 13:22:08.416238
6844,Gavin Simmons,hfowler@example.net,Canada,2023-03-01,,37.0,2026-07-19 13:22:08.236991
2166,Kimberly Davis,nguyenjaime@example.org,USA,2021-11-27,Standard,64.0,2026-07-19 13:22:07.604878
1863,Marie Blankenship,hunterbobby@example.org,Canada,2023-08-14,Standard,,2026-07-19 13:22:07.564393
7851,Donna Nelson,pdecker@example.net,India,2021-06-01,premium,58.0,2026-07-19 13:22:08.380053
9124,Matthew Hernandez,lopezgerald@example.org,Germany,2023-10-29,,,2026-07-19 13:22:08.559360
2341,Chelsea Jordan,ttaylor@example.org,India,2022-01-01,Premium,68.0,2026-07-19 13:22:07.626832
5528,Lisa Hodges,stephenturner@example.com,,2023-05-09,,49.0,2026-07-19 13:22:08.049223
6744,Emily Barnes,monique23@example.net,UK,2025-04-27,,,2026-07-19 13:22:08.223963
4004,Tasha Jones,katherinemorgan@example.net,Germany,2025-08-21,Premium,,2026-07-19 13:22:07.843144
1124,Steven Shaw,ryan83@example.com,India,2024-07-22,premium,,2026-07-19 13:22:07.469359
8710,John Evans,kimberlyharmon@example.org,,2023-04-21,,,2026-07-19 13:22:08.501325
4050,Laura Chan,tnunez@example.net,UK,2022-09-02,Standard,,2026-07-19 13:22:07.849165
7641,Bryan Mendoza,amynelson@example.net,USA,2023-01-31,Premium,53.0,2026-07-19 13:22:08.351034
766,Norman Stevens,jeffery39@example.org,UK,2026-05-23,premium,54.0,2026-07-19 13:22:07.421068
2345,Franklin King,heather18@example.net,USA,2026-01-15,premium,26.0,2026-07-19 13:22:07.627851
4072,Robert Lewis,mwallace@example.net,,2021-03-19,Standard,,2026-07-19 13:22:07.851171
7217,Tammy Cain,tinabarker@example.com,Canada,2024-10-20,Standard,,2026-07-19 13:22:08.289540
4217,Cynthia English,austin24@example.net,Germany,2023-08-27,Premium,52.0,2026-07-19 13:22:07.871152
7953,Luis Thompson,banksjoshua@example.com,USA,2025-05-23,Premium,63.0,2026-07-19 13:22:08.395050
5971,Paul Mcdonald,dvasquez@example.net,USA,2022-05-08,Standard,,2026-07-19 13:22:08.113354
3351,Edward Herman,curtis74@example.org,,2024-10-30,premium,,2026-07-19 13:22:07.755108
4696,Richard Short,jimenezbianca@example.com,,2024-05-13,Premium,,2026-07-19 13:22:07.935113
3400,Jessica Brown,luis25@example.com,Germany,2023-02-23,,,2026-07-19 13:22:07.762110
4082,Felicia Sanders,rebeccaochoa@example.com,Canada,2023-02-16,premium,,2026-07-19 13:22:07.853147
9150,Amanda Scott,seanwoodward@example.net,Canada,2024-05-24,premium,57.0,2026-07-19 13:22:08.563382
1225,Susan Rubio,darylortiz@example.net,USA,2022-05-10,Premium,,2026-07-19 13:22:07.481362
6293,Teresa Patterson,jakeshepherd@example.org,Germany,2023-11-12,Premium,,2026-07-19 13:22:08.159359
3123,Emma Carpenter,marissa46@example.org,Germany,2023-01-16,premium,,2026-07-19 13:22:07.727102
511,Patrick Wilson,klee@example.com,Canada,2024-12-09,,29.0,2026-07-19 13:22:07.388546
5795,Gene Thomas,robert14@example.net,Canada,2024-01-09,Premium,27.0,2026-07-19 13:22:08.087722
8182,Brenda Rodriguez,newmanrebecca@example.org,Germany,2023-01-11,,,2026-07-19 13:22:08.428113
9418,Emily Carr MD,rickygallagher@example.net,USA,2021-10-27,premium,65.0,2026-07-19 13:22:08.599403
97,Monica Butler,daniellewhite@example.com,India,2026-04-20,,18.0,2026-07-19 13:22:07.337939
6682,Jared Miller,fzavala@example.com,Canada,2022-01-06,premium,36.0,2026-07-19 13:22:08.215968
1513,Dr. Kathryn Thompson MD,bettybender@example.net,Germany,2022-01-03,Premium,,2026-07-19 13:22:07.517383
8792,Matthew Burton,ymitchell@example.net,,2025-02-22,Premium,47.0,2026-07-19 13:22:08.512331
120,Steve Moore,cjensen@example.com,,2025-03-17,premium,46.0,2026-07-19 13:22:07.340922
7792,Richard Hansen,marcus73@example.net,USA,2025-02-06,Standard,,2026-07-19 13:22:08.372035
6518,Timothy Davis,seth09@example.com,India,2021-08-08,,,2026-07-19 13:22:08.190909
34,Tamara Montgomery,debbie32@example.com,USA,2023-07-11,Premium,,2026-07-19 13:22:07.329394
7888,Martha Dennis,curtis58@example.net,Canada,2025-07-07,premium,,2026-07-19 13:22:08.385037
6831,James Phelps,jstewart@example.org,Germany,2022-05-06,Premium,,2026-07-19 13:22:08.234984
5422,Gregory Anderson,stacy29@example.net,India,2021-08-12,,69.0,2026-07-19 13:22:08.035220
1069,Amanda Best,srivera@example.net,Germany,2021-05-10,,23.0,2026-07-19 13:22:07.461358
1348,Adam Mcintyre,jill63@example.net,Canada,2025-12-20,premium,,2026-07-19 13:22:07.497401
4748,Christina Howard,odonnellrobert@example.net,,2024-09-17,,42.0,2026-07-19 13:22:07.942129
6006,Matthew Morris,vmack@example.com,Canada,2025-10-21,,,2026-07-19 13:22:08.118354
6040,Erika Lewis,wperez@example.net,UK,2025-09-19,Standard,29.0,2026-07-19 13:22:08.122353
3818,Eric Bailey,denisejackson@example.net,Canada,2026-03-13,Premium,,2026-07-19 13:22:07.818619
8447,Angela Eaton,msmith@example.com,Germany,2021-07-29,premium,56.0,2026-07-19 13:22:08.465022
5270,James Owens,jhampton@example.org,USA,2025-12-31,,,2026-07-19 13:22:08.014210
6898,Michelle Torres,steven78@example.org,Canada,2025-10-05,Standard,,2026-07-19 13:22:08.244997
5310,Anthony Palmer,andrea02@example.net,Canada,2024-01-09,,66.0,2026-07-19 13:22:08.020210
32,Brandon Wilson,bakernicole@example.com,UK,2021-06-06,Premium,,2026-07-19 13:22:07.329394
5675,Nancy Jenkins,roy07@example.org,Germany,2023-10-22,Standard,31.0,2026-07-19 13:22:08.069210
4387,Mark Phillips,sholloway@example.com,USA,2025-01-17,Standard,31.0,2026-07-19 13:22:07.893566
30,Joshua Fischer,troberson@example.net,Canada,2024-11-25,,,2026-07-19 13:22:07.329394
4203,Chelsea Sanders,bobby04@example.net,USA,2025-11-02,premium,51.0,2026-07-19 13:22:07.870152
7508,Marco Wilcox,stewartmarisa@example.net,UK,2025-04-20,Standard,22.0,2026-07-19 13:22:08.330034
736,Robert Edwards,patricksmith@example.com,UK,2025-12-08,Standard,24.0,2026-07-19 13:22:07.418082
2068,Dennis Hall,mhuynh@example.com,India,2025-07-25,premium,,2026-07-19 13:22:07.591371
107,Dr. Sara Hamilton MD,lsnyder@example.org,India,2023-08-29,premium,23.0,2026-07-19 13:22:07.338940
9645,Brooke Carpenter,hlewis@example.com,Canada,2023-01-29,premium,47.0,2026-07-19 13:22:08.630419
8895,Nicole Andrews,hamiltonmichael@example.org,Germany,2021-05-03,Premium,,2026-07-19 13:22:08.526337
8021,Susan Moody,ashley35@example.com,Canada,2022-10-12,,42.0,2026-07-19 13:22:08.404056
2233,Michael Washington,martha06@example.com,UK,2022-09-15,Premium,43.0,2026-07-19 13:22:07.613892
994,Heather Gray,garymcclain@example.com,USA,2022-05-12,,,2026-07-19 13:22:07.450071
9413,Katherine Dean,gwheeler@example.org,India,2026-04-17,Standard,,2026-07-19 13:22:08.599403
7059,Jeffrey Cook,rachaelvillarreal@example.org,,2023-04-30,,55.0,2026-07-19 13:22:08.266997
6790,Jacob Hunter,brendan38@example.net,India,2023-02-28,Standard,39.0,2026-07-19 13:22:08.230476
361,Cody Brown,rramirez@example.net,Canada,2024-04-29,premium,,2026-07-19 13:22:07.369937
305,John Fisher,osantana@example.com,Germany,2023-02-22,,,2026-07-19 13:22:07.363921
2628,Barbara Bates,porterdavid@example.com,USA,2026-01-03,Premium,,2026-07-19 13:22:07.663534
8966,Stephanie Blanchard,nherring@example.net,UK,2024-10-02,Standard,,2026-07-19 13:22:08.535337
4514,Brandon Moreno,annahicks@example.org,,2025-06-18,premium,,2026-07-19 13:22:07.911114
5911,Samantha Allen,walterscarlos@example.net,Canada,2024-04-08,Premium,,2026-07-19 13:22:08.105353
8314,Vanessa May,albertanthony@example.net,Canada,2026-04-08,Standard,,2026-07-19 13:22:08.446014
3101,Cathy Smith,danielturner@example.com,USA,2024-03-03,premium,32.0,2026-07-19 13:22:07.724097
5704,Kathryn Michael,melissasimmons@example.org,,2022-11-30,,,2026-07-19 13:22:08.073207
3899,Gary Herring,desireehorton@example.net,UK,2025-06-17,,63.0,2026-07-19 13:22:07.828633
5441,Tommy Gallegos,dgordon@example.org,India,2022-10-12,,,2026-07-19 13:22:08.038213
7931,Julie Gonzalez,matkins@example.net,UK,2026-05-09,,70.0,2026-07-19 13:22:08.391546
622,Frank Palmer,ftaylor@example.org,UK,2025-07-27,Standard,,2026-07-19 13:22:07.402056
7236,Christina Williams,danielle50@example.net,India,2022-11-03,Standard,48.0,2026-07-19 13:22:08.291506
2499,Christopher Mitchell,flucero@example.org,USA,2025-06-11,Premium,,2026-07-19 13:22:07.647375
714,Joseph Garcia,amy98@example.com,Germany,2024-07-04,,27.0,2026-07-19 13:22:07.415068
8404,William Garcia,bonnieprice@example.com,UK,2021-07-15,Premium,31.0,2026-07-19 13:22:08.458017
2856,Teresa Johnson,thomasbolton@example.net,Germany,2024-06-13,Standard,65.0,2026-07-19 13:22:07.691664
4270,Jessica Tucker,fmaxwell@example.org,Canada,2022-04-06,Premium,,2026-07-19 13:22:07.878168
2909,Kim Murphy,thompsontimothy@example.com,Germany,2024-04-30,Standard,47.0,2026-07-19 13:22:07.699067
8081,Kevin Cook,torrescaroline@example.com,India,2023-03-20,,,2026-07-19 13:22:08.412058
4517,Thomas Edwards,hestershelly@example.org,Canada,2025-04-29,Standard,,2026-07-19 13:22:07.911114
1262,Nicole Norton,njones@example.com,Canada,2022-06-16,,51.0,2026-07-19 13:22:07.486366
3161,Laura Molina,eharris@example.net,India,2025-10-14,premium,18.0,2026-07-19 13:22:07.732101
971,Stephanie Carter,wcampos@example.com,UK,2025-08-27,,,2026-07-19 13:22:07.447087
3913,Stephanie Taylor,lcampos@example.net,India,2023-09-03,Premium,67.0,2026-07-19 13:22:07.830632
5199,Melanie Morales,lisa35@example.org,UK,2023-08-26,premium,,2026-07-19 13:22:08.003316
8847,Michele Leonard,rodney66@example.net,Germany,2025-01-19,premium,34.0,2026-07-19 13:22:08.519337
260,Michael Casey,laurenwalsh@example.net,USA,2021-07-28,Standard,,2026-07-19 13:22:07.357922
3791,Beth Miller,triciawest@example.com,UK,2024-12-07,premium,33.0,2026-07-19 13:22:07.814228
9203,Ashley Collier,millermary@example.org,Germany,2025-05-23,premium,,2026-07-19 13:22:08.570372
488,Jennifer Washington,deniseking@example.net,UK,2022-10-07,Standard,,2026-07-19 13:22:07.385004
7908,Kaitlin Jarvis,santosphilip@example.com,Germany,2022-02-15,Standard,64.0,2026-07-19 13:22:08.388033
519,Karen Clements,ashley65@example.com,India,2025-06-28,Premium,,2026-07-19 13:22:07.389546
8343,Brian Gutierrez,bosborne@example.net,,2025-11-21,Premium,56.0,2026-07-19 13:22:08.450013
312,David Smith,jonathanmorris@example.org,Germany,2023-07-25,Standard,,2026-07-19 13:22:07.364921
3232,Robert Lewis,josephaguilar@example.org,UK,2024-03-24,Standard,64.0,2026-07-19 13:22:07.741104
7933,Kristen Jones,davisheather@example.org,Germany,2024-02-15,Standard,,2026-07-19 13:22:08.391546
7458,Jennifer Hardin,jasonmorgan@example.org,India,2025-06-13,,,2026-07-19 13:22:08.323033
9784,Dennis Smith,pdunn@example.com,UK,2022-12-14,Standard,,2026-07-19 13:22:08.649441
5184,Jeffery Welch,iball@example.net,Canada,2024-03-26,Premium,,2026-07-19 13:22:08.001208
8077,Raven Glenn,melissalee@example.net,Germany,2021-09-18,premium,31.0,2026-07-19 13:22:08.412058
6502,Patrick Davis,michael65@example.org,India,2023-08-28,premium,50.0,2026-07-19 13:22:08.188928
6791,Jack Day,susanthomas@example.org,,2025-12-26,,35.0,2026-07-19 13:22:08.230476
7773,Christine Carter,melissawilliams@example.org,India,2022-10-10,premium,,2026-07-19 13:22:08.370035
2738,Julie Davis,stevenzimmerman@example.net,,2024-11-26,Premium,,2026-07-19 13:22:07.678046
7842,Raymond King,rebeccaward@example.com,Canada,2022-01-29,Premium,55.0,2026-07-19 13:22:08.379056
6262,Brandon Johnson,qperkins@example.net,UK,2024-09-05,premium,55.0,2026-07-19 13:22:08.154352
8206,Anita Patrick,djohnson@example.com,UK,2021-12-12,premium,66.0,2026-07-19 13:22:08.431005
1248,Heather Gonzalez,jillpeterson@example.com,Canada,2024-12-15,Standard,,2026-07-19 13:22:07.484362
9336,Michael Jenkins,amy90@example.com,India,2021-09-15,premium,,2026-07-19 13:22:08.587879
4195,Anthony Morgan,robert90@example.net,India,2023-06-20,premium,,2026-07-19 13:22:07.869153
8001,Joseph Eaton,rarmstrong@example.org,,2021-10-10,premium,32.0,2026-07-19 13:22:08.402059
7378,Angela Brown,michelle29@example.net,,2024-05-10,Premium,,2026-07-19 13:22:08.312035
3435,Kevin Haney,xgriffith@example.com,Canada,2021-09-06,premium,,2026-07-19 13:22:07.767126
5382,Adam Obrien,tiffanylowe@example.org,,2023-08-05,Standard,65.0,2026-07-19 13:22:08.029209
959,Justin Nichols,adamsjustin@example.com,Germany,2024-05-17,,,2026-07-19 13:22:07.446088
417,Alexander Robinson,cisnerosaustin@example.com,Germany,2023-09-24,Premium,25.0,2026-07-19 13:22:07.376938
5742,Sarah Sanchez,djones@example.com,Canada,2021-02-17,Standard,,2026-07-19 13:22:08.079224
6728,Erik Jenkins,ruizashley@example.com,India,2026-02-19,Premium,,2026-07-19 13:22:08.221965
4382,Jeffrey Mahoney,michelleschultz@example.com,UK,2023-08-04,Standard,66.0,2026-07-19 13:22:07.893566
5197,Rebecca Mcbride,carlos30@example.org,USA,2024-10-29,Standard,,2026-07-19 13:22:08.002311
1113,Pamela Ware DDS,bpeters@example.com,UK,2022-09-14,Standard,70.0,2026-07-19 13:22:07.467359
2689,Kimberly Lewis,aowens@example.net,Canada,2024-08-20,,45.0,2026-07-19 13:22:07.672046
6473,Catherine Ortiz,sierrajohnson@example.com,UK,2025-04-19,premium,22.0,2026-07-19 13:22:08.185353
8820,Cesar Smith,davidhoward@example.net,UK,2022-12-17,,19.0,2026-07-19 13:22:08.516336
7808,Jessica Allen,xmejia@example.org,,2024-07-19,premium,37.0,2026-07-19 13:22:08.375036
3411,Ruth Bruce,barry10@example.net,India,2022-12-29,,,2026-07-19 13:22:07.764109
81,Justin Mcdonald,currycorey@example.net,UK,2026-05-07,premium,55.0,2026-07-19 13:22:07.335939
4614,Mrs. Michelle Myers,johnsonrachael@example.com,Germany,2024-11-08,,29.0,2026-07-19 13:22:07.924114
1374,James Johnson,hgriffith@example.org,UK,2022-02-18,premium,52.0,2026-07-19 13:22:07.500400
1510,William Alexander,inelson@example.net,Germany,2023-04-20,Standard,55.0,2026-07-19 13:22:07.517383
6443,Jenna Holt,qaustin@example.net,Canada,2022-04-05,Premium,67.0,2026-07-19 13:22:08.181354
3071,Cathy Anderson,tnguyen@example.com,Germany,2021-05-15,premium,,2026-07-19 13:22:07.720120
3016,Jimmy Herring,jenniferbrown@example.com,Germany,2025-02-08,Standard,19.0,2026-07-19 13:22:07.714099
4823,Melissa Thornton,wernerthomas@example.net,USA,2023-03-24,premium,25.0,2026-07-19 13:22:07.951131
7822,Sarah Shelton,robertkim@example.org,,2022-10-14,Premium,,2026-07-19 13:22:08.377055
93,Cole Chavez,amyprice@example.com,India,2022-12-14,,,2026-07-19 13:22:07.336938
9421,Michael Rivas,nixonkenneth@example.com,,2025-03-03,Standard,55.0,2026-07-19 13:22:08.600402
6600,Kelly Bird,cingram@example.org,Germany,2025-09-22,Premium,,2026-07-19 13:22:08.203424
4443,Patrick Carter MD,cassandra58@example.net,USA,2021-11-28,Standard,,2026-07-19 13:22:07.902116
7602,Rebecca Dean,davischristopher@example.net,,2022-11-14,,49.0,2026-07-19 13:22:08.346035
3835,Tonya Powell,michaelsanders@example.net,,2023-04-01,,31.0,2026-07-19 13:22:07.820619
9702,Denise Wilson,martinezjessica@example.org,UK,2022-05-07,,,2026-07-19 13:22:08.638421
4322,Joshua Davis,johnsoncarla@example.org,India,2024-06-17,Premium,,2026-07-19 13:22:07.886055
3394,Becky Munoz,ellisteresa@example.net,USA,2022-02-16,premium,42.0,2026-07-19 13:22:07.761109
4752,Jesse Williams,simmonscarrie@example.net,Canada,2021-09-26,Standard,,2026-07-19 13:22:07.942129
7229,Jerry Smith,sharon35@example.com,Germany,2021-08-27,Standard,,2026-07-19 13:22:08.290506
9191,Diana Washington,turnerjanet@example.org,India,2025-08-22,,58.0,2026-07-19 13:22:08.569386
2361,Erik Bennett,princejames@example.com,Canada,2023-05-11,,27.0,2026-07-19 13:22:07.629850
1148,Megan Ellis,amanda31@example.org,,2021-05-18,,,2026-07-19 13:22:07.472359
5666,Eric George,danielle45@example.com,Germany,2021-02-20,premium,,2026-07-19 13:22:08.068208
8075,Stacy Castro,petersonrita@example.net,Canada,2026-05-09,premium,,2026-07-19 13:22:08.412058
4943,Jennifer Garcia,perrykenneth@example.net,,2021-02-09,,49.0,2026-07-19 13:22:07.967112
3663,Michelle Mcfarland,judith67@example.com,Canada,2022-01-21,Premium,,2026-07-19 13:22:07.796241
1563,Alejandra Graham,ebarron@example.com,USA,2023-10-19,premium,56.0,2026-07-19 13:22:07.524385
4113,Andrew Schmidt,erichudson@example.net,India,2026-02-28,Standard,,2026-07-19 13:22:07.858152
9050,Andrea Grant,bfoley@example.com,India,2024-02-04,Premium,40.0,2026-07-19 13:22:08.547350
9276,Christina Bradley,fosterjames@example.net,India,2026-06-21,Premium,,2026-07-19 13:22:08.579369
8538,Laura Morrison,karenrivera@example.org,India,2021-09-12,Premium,,2026-07-19 13:22:08.478029
795,Terri Brock,ijennings@example.net,,2026-05-17,,59.0,2026-07-19 13:22:07.425067
5854,Jessica Holland,deannasmith@example.net,Germany,2022-07-28,premium,42.0,2026-07-19 13:22:08.096357
7619,Amy Gonzalez,panderson@example.com,UK,2021-08-09,premium,47.0,2026-07-19 13:22:08.348073
1594,James Perez,vwalker@example.com,Germany,2023-12-19,Premium,25.0,2026-07-19 13:22:07.527410
7418,Robert Acosta,nmiller@example.com,USA,2022-12-04,Standard,,2026-07-19 13:22:08.318035
5267,Joseph Rivera,stacywagner@example.org,Canada,2023-12-19,Standard,,2026-07-19 13:22:08.013211
7147,Kathleen Gibson,moorejames@example.net,USA,2025-11-01,Standard,20.0,2026-07-19 13:22:08.280023
89,Hannah Hall,williampeterson@example.net,,2025-12-10,,,2026-07-19 13:22:07.336938
8695,Mark Bright,rebeccavillanueva@example.net,Canada,2024-11-19,,29.0,2026-07-19 13:22:08.499328
9732,David Nunez,christina65@example.net,Canada,2022-05-11,premium,52.0,2026-07-19 13:22:08.642421
9446,Tammy Douglas,mwalter@example.org,Germany,2025-06-12,,48.0,2026-07-19 13:22:08.603402
6754,Traci Elliott,rebeccamcdonald@example.org,India,2025-04-17,premium,,2026-07-19 13:22:08.224964
3502,Dawn Kennedy,marcus09@example.com,USA,2021-12-04,,,2026-07-19 13:22:07.776111
2234,Dr. Matthew Thompson,shawanthony@example.com,UK,2025-06-25,Premium,,2026-07-19 13:22:07.613892
2803,Bryan Johnson,gooddaniel@example.com,Germany,2023-09-04,Premium,,2026-07-19 13:22:07.685045
4424,Jennifer Rhodes,natasha57@example.com,Germany,2021-10-14,Standard,42.0,2026-07-19 13:22:07.899111
5663,Brian Harper,dduncan@example.org,,2021-12-30,premium,,2026-07-19 13:22:08.067208
7170,Laura Lutz,khanjulia@example.net,Canada,2021-12-24,Standard,,2026-07-19 13:22:08.282990
8337,Jessica Hernandez,vsandoval@example.com,Canada,2023-04-26,premium,43.0,2026-07-19 13:22:08.449013
2148,Jerry Glass MD,keith47@example.net,India,2025-04-24,premium,,2026-07-19 13:22:07.602488
7969,Jennifer Harris,cynthia58@example.com,Germany,2023-03-26,Standard,,2026-07-19 13:22:08.397091
6551,Jacob Walsh,cunninghamrobert@example.net,India,2026-07-15,,45.0,2026-07-19 13:22:08.197437
7643,Regina Keith,gdavidson@example.com,USA,2025-06-29,Premium,70.0,2026-07-19 13:22:08.351034
6164,Cheryl Ortiz,cjensen@example.org,India,2021-06-10,premium,,2026-07-19 13:22:08.140367
1495,Shannon Wilson,emilybarnes@example.com,,2024-01-21,premium,44.0,2026-07-19 13:22:07.515400
7696,Jessica Warner,brandon25@example.net,Canada,2026-02-21,,,2026-07-19 13:22:08.358048
