BookingID,PassengerName,Email,Airline,FlightNumber,DepartureAirport,ArrivalAirport,BookingDate,DepartureDate,SeatNumber,TravelClass,TicketPrice,BookingStatus
BK000001,Ava Brown,ava.brown1@example.com,British Airways,BR8163,LHR,SFO,2025-07-11 03:22:00,2025-08-13 03:22:00,18E,First,5820.71,Cancelled
BK000002,Emma Johnson,emma.johnson2@example.com,Qatar Airways,QA3058,SEA,MIA,2025-04-01 08:54:00,2025-04-08 08:54:00,30F,Business,1297.27,Confirmed
BK000003,Ava Brown,ava.brown3@example.com,United Airlines,UN3301,SFO,LHR,2025-01-15 05:35:00,2025-02-07 05:35:00,23B,Business,1405.89,Pending
BK000004,Noah Smith,noah.smith4@example.com,American Airlines,AM2927,MIA,ATL,2025-03-25 02:52:00,2025-09-05 02:52:00,51D,Premium Economy,514.4,Cancelled
BK000005,James Smith,james.smith5@example.com,American Airlines,AM7227,ORD,JFK,2025-07-08 07:39:00,2025-08-05 07:39:00,45C,First,2444.86,Cancelled
BK000006,Benjamin Harris,benjamin.harris6@example.com,Delta Air Lines,DE132,SEA,MIA,2025-01-29 19:50:00,2025-05-10 19:50:00,18E,Premium Economy,465.39,Confirmed
BK000007,Noah Anderson,noah.anderson7@example.com,Southwest Airlines,SO1687,SEA,LHR,2025-12-23 22:39:00,2026-03-16 22:39:00,9A,Premium Economy,630.84,Pending
BK000008,Sophia Johnson,sophia.johnson8@example.com,Delta Air Lines,DE9237,JFK,MIA,2025-05-28 07:28:00,2025-09-29 07:28:00,48F,Business,1296.14,Pending
BK000009,Benjamin Brown,benjamin.brown9@example.com,Southwest Airlines,SO1230,SFO,YYZ,2025-10-30 12:51:00,2025-12-07 12:51:00,20D,First,5792.05,Pending
BK000010,Noah Anderson,noah.anderson10@example.com,Southwest Airlines,SO668,JFK,ATL,2025-05-04 02:25:00,2025-07-14 02:25:00,51B,Economy,349.8,Pending
BK000011,Sophia Taylor,sophia.taylor11@example.com,British Airways,BR5584,YYZ,MIA,2025-05-07 14:46:00,2025-08-12 14:46:00,45A,Economy,306.83,Confirmed
BK000012,William Jackson,william.jackson12@example.com,Singapore Airlines,SI468,YYZ,ORD,2025-11-12 03:47:00,2025-12-28 03:47:00,17F,First,5579.08,Confirmed
BK000013,Benjamin Harris,benjamin.harris13@example.com,Singapore Airlines,SI2911,LAX,DFW,2025-12-17 23:23:00,2026-05-25 23:23:00,55B,Business,2433.65,Cancelled
BK000014,James Jackson,james.jackson14@example.com,Qatar Airways,QA5600,DFW,LAX,2025-07-08 09:31:00,2025-09-16 09:31:00,55D,Economy,177.49,Confirmed
BK000015,Olivia Johnson,olivia.johnson15@example.com,British Airways,BR3994,LHR,MIA,2025-04-28 11:59:00,2025-07-24 11:59:00,30A,Economy,183.41,Pending
BK000016,James White,james.white16@example.com,Qatar Airways,QA1968,ATL,ORD,2025-10-11 10:11:00,2026-01-02 10:11:00,20C,Economy,427.95,Pending
BK000017,Sophia Smith,sophia.smith17@example.com,Qatar Airways,QA7369,SFO,MIA,2025-06-27 11:53:00,2025-10-27 11:53:00,26D,Economy,158.79,Cancelled
BK000018,Liam Johnson,liam.johnson18@example.com,Emirates,EM2360,JFK,LHR,2025-09-28 17:10:00,2025-10-09 17:10:00,3A,Business,1147.64,Pending
BK000019,Ava Martin,ava.martin19@example.com,Singapore Airlines,SI7077,DFW,SEA,2025-11-17 00:54:00,2025-12-14 00:54:00,10E,Economy,266.75,Confirmed
BK000020,Benjamin Johnson,benjamin.johnson20@example.com,Delta Air Lines,DE2472,LHR,JFK,2025-11-04 16:25:00,2026-01-20 16:25:00,40A,First,5357.68,Pending
BK000021,Emma Brown,emma.brown21@example.com,Singapore Airlines,SI3791,LAX,LHR,2025-07-26 23:48:00,2025-08-29 23:48:00,37F,Business,1886.15,Cancelled
BK000022,Olivia Jackson,olivia.jackson22@example.com,Delta Air Lines,DE6728,YYZ,ORD,2025-11-21 16:37:00,2026-01-05 16:37:00,35C,Premium Economy,787.71,Cancelled
BK000023,Mia Jackson,mia.jackson23@example.com,Emirates,EM8462,SEA,LHR,2025-01-09 23:54:00,2025-01-14 23:54:00,19E,First,5849.74,Confirmed
BK000024,Emma Harris,emma.harris24@example.com,Southwest Airlines,SO9232,MIA,ORD,2025-04-24 01:21:00,2025-06-06 01:21:00,48E,First,5319.44,Pending
BK000025,Ava Harris,ava.harris25@example.com,Lufthansa,LU4156,YYZ,SFO,2025-07-18 14:43:00,2025-10-31 14:43:00,31E,Economy,243.92,Confirmed
BK000026,Benjamin White,benjamin.white26@example.com,American Airlines,AM6923,LHR,JFK,2025-09-25 11:31:00,2025-12-04 11:31:00,54C,First,3387.56,Confirmed
BK000027,John Johnson,john.johnson27@example.com,Emirates,EM6329,DFW,SEA,2025-03-26 08:58:00,2025-09-12 08:58:00,6A,Business,1862.36,Confirmed
BK000028,John White,john.white28@example.com,British Airways,BR6447,ORD,LHR,2025-11-15 06:23:00,2026-01-29 06:23:00,58F,Business,2171.31,Confirmed
BK000029,Noah Thomas,noah.thomas29@example.com,Air Canada,AI8925,SFO,DFW,2025-11-03 16:45:00,2026-03-27 16:45:00,44E,Premium Economy,550.95,Pending
BK000030,James White,james.white30@example.com,American Airlines,AM7686,SEA,DFW,2025-08-14 23:23:00,2025-11-15 23:23:00,12E,First,5328.7,Cancelled
BK000031,Charlotte Martin,charlotte.martin31@example.com,Singapore Airlines,SI2363,YYZ,LHR,2025-02-14 13:07:00,2025-03-25 13:07:00,41D,Economy,360.9,Pending
BK000032,James White,james.white32@example.com,Lufthansa,LU1783,YYZ,LAX,2025-07-28 18:35:00,2025-08-26 18:35:00,54E,Business,931.67,Cancelled
BK000033,Liam Thomas,liam.thomas33@example.com,United Airlines,UN8543,ATL,LHR,2025-07-11 22:09:00,2025-11-23 22:09:00,26F,Premium Economy,677.29,Confirmed
BK000034,Ava Harris,ava.harris34@example.com,United Airlines,UN6379,SFO,SEA,2025-04-21 19:20:00,2025-07-26 19:20:00,5F,Economy,323.59,Cancelled
BK000035,John Taylor,john.taylor35@example.com,Lufthansa,LU1160,MIA,JFK,2025-12-09 08:47:00,2026-03-10 08:47:00,35A,First,5541.23,Cancelled
BK000036,Emma Martin,emma.martin36@example.com,Qatar Airways,QA4272,SFO,LAX,2025-01-25 09:57:00,2025-03-24 09:57:00,14B,Economy,161.39,Confirmed
BK000037,Liam Taylor,liam.taylor37@example.com,Emirates,EM7560,LAX,MIA,2025-05-05 14:41:00,2025-05-07 14:41:00,55A,Premium Economy,634.39,Cancelled
BK000038,John Anderson,john.anderson38@example.com,Southwest Airlines,SO1956,SFO,ATL,2025-09-20 14:45:00,2025-12-26 14:45:00,53B,Premium Economy,547.74,Pending
BK000039,John Harris,john.harris39@example.com,Singapore Airlines,SI6195,SEA,LHR,2025-01-24 20:11:00,2025-05-30 20:11:00,14B,Premium Economy,368.04,Confirmed
BK000040,Benjamin Thomas,benjamin.thomas40@example.com,Delta Air Lines,DE6087,SFO,MIA,2025-01-15 18:22:00,2025-05-10 18:22:00,10E,First,4246.7,Cancelled
BK000041,Mia Martin,mia.martin41@example.com,Emirates,EM606,YYZ,DFW,2025-12-14 20:30:00,2026-03-04 20:30:00,13B,First,4803.01,Pending
BK000042,Noah Brown,noah.brown42@example.com,Air Canada,AI4059,LAX,JFK,2025-12-03 04:49:00,2025-12-11 04:49:00,28D,Business,1088.18,Pending
BK000043,Mia Taylor,mia.taylor43@example.com,United Airlines,UN6975,ORD,YYZ,2025-02-12 11:19:00,2025-05-23 11:19:00,13B,Economy,125.76,Cancelled
BK000044,John Jackson,john.jackson44@example.com,American Airlines,AM6559,SFO,JFK,2025-11-06 13:39:00,2025-12-23 13:39:00,60E,First,2863.59,Cancelled
BK000045,Sophia Anderson,sophia.anderson45@example.com,United Airlines,UN230,SFO,LAX,2025-08-06 19:14:00,2025-10-31 19:14:00,32C,Business,2243.16,Cancelled
BK000046,William Brown,william.brown46@example.com,British Airways,BR4641,LAX,ORD,2025-04-12 07:37:00,2025-08-08 07:37:00,26F,Economy,199.32,Cancelled
BK000047,Charlotte Taylor,charlotte.taylor47@example.com,Lufthansa,LU6080,ORD,LAX,2025-12-27 17:26:00,2026-01-22 17:26:00,38B,First,2187.19,Cancelled
BK000048,Mia Johnson,mia.johnson48@example.com,Qatar Airways,QA7096,YYZ,ORD,2025-07-10 22:30:00,2025-11-13 22:30:00,1E,Economy,111.13,Cancelled
BK000049,James Martin,james.martin49@example.com,British Airways,BR4381,MIA,JFK,2025-12-02 12:29:00,2026-03-06 12:29:00,33C,Business,815.79,Confirmed
BK000050,Emma Taylor,emma.taylor50@example.com,United Airlines,UN4222,ATL,YYZ,2025-10-09 13:25:00,2026-02-18 13:25:00,44E,Premium Economy,429.16,Cancelled
BK000051,James Thomas,james.thomas51@example.com,Qatar Airways,QA9430,ATL,DFW,2025-01-18 06:55:00,2025-03-26 06:55:00,44C,Premium Economy,622.71,Cancelled
BK000052,Sophia Johnson,sophia.johnson52@example.com,Emirates,EM3559,ORD,DFW,2025-03-09 05:09:00,2025-04-23 05:09:00,22C,First,3911.02,Cancelled
BK000053,John Smith,john.smith53@example.com,Southwest Airlines,SO3164,LHR,MIA,2025-01-24 13:10:00,2025-04-29 13:10:00,47A,Economy,399.04,Cancelled
BK000054,Olivia Jackson,olivia.jackson54@example.com,American Airlines,AM7719,ATL,JFK,2025-09-17 13:23:00,2025-12-28 13:23:00,17A,Business,2057.66,Pending
BK000055,John Smith,john.smith55@example.com,British Airways,BR2304,JFK,LAX,2025-02-09 23:32:00,2025-02-28 23:32:00,42A,Economy,208.79,Pending
BK000056,James Brown,james.brown56@example.com,Delta Air Lines,DE3403,LAX,DFW,2025-09-08 06:02:00,2025-12-21 06:02:00,24C,First,3278.48,Cancelled
BK000057,Charlotte Johnson,charlotte.johnson57@example.com,Air Canada,AI8406,YYZ,LAX,2025-10-16 14:48:00,2025-10-20 14:48:00,56E,Economy,103.75,Pending
BK000058,Emma Anderson,emma.anderson58@example.com,British Airways,BR334,ORD,SFO,2025-07-31 21:28:00,2025-10-09 21:28:00,16D,Premium Economy,478.93,Confirmed
BK000059,John Smith,john.smith59@example.com,American Airlines,AM9713,ATL,LAX,2025-05-21 11:34:00,2025-06-29 11:34:00,52D,Premium Economy,632.13,Cancelled
BK000060,Liam Smith,liam.smith60@example.com,Emirates,EM5915,ORD,DFW,2025-07-01 09:12:00,2025-09-15 09:12:00,53B,Economy,227.39,Pending
BK000061,Olivia Smith,olivia.smith61@example.com,Singapore Airlines,SI5396,LHR,DFW,2025-11-02 15:30:00,2026-03-12 15:30:00,29E,Business,2300.15,Confirmed
BK000062,Noah Harris,noah.harris62@example.com,Air Canada,AI8953,ATL,SEA,2025-04-05 13:47:00,2025-05-02 13:47:00,13E,Business,2165.07,Pending
BK000063,William Thomas,william.thomas63@example.com,Qatar Airways,QA3728,LHR,SEA,2025-03-21 13:25:00,2025-06-02 13:25:00,43A,Business,1834.2,Confirmed
BK000064,William Johnson,william.johnson64@example.com,Lufthansa,LU1097,MIA,JFK,2025-10-26 08:38:00,2025-12-25 08:38:00,30E,Business,1869.91,Pending
BK000065,Liam Brown,liam.brown65@example.com,United Airlines,UN6854,JFK,ATL,2025-08-20 22:12:00,2025-09-05 22:12:00,8C,Premium Economy,353.36,Cancelled
BK000066,Charlotte Jackson,charlotte.jackson66@example.com,United Airlines,UN2862,ORD,MIA,2025-11-05 19:47:00,2026-04-08 19:47:00,60E,Premium Economy,389.86,Cancelled
BK000067,Ava Thomas,ava.thomas67@example.com,Singapore Airlines,SI9161,LAX,LHR,2025-08-22 15:22:00,2026-02-01 15:22:00,16D,First,5710.68,Pending
BK000068,John Johnson,john.johnson68@example.com,Southwest Airlines,SO3829,MIA,DFW,2025-03-25 14:17:00,2025-05-23 14:17:00,53B,Business,1065.48,Confirmed
BK000069,Olivia White,olivia.white69@example.com,American Airlines,AM3503,MIA,SFO,2025-02-08 17:19:00,2025-02-28 17:19:00,40B,Business,1619.12,Cancelled
BK000070,Benjamin Jackson,benjamin.jackson70@example.com,Emirates,EM5949,DFW,SEA,2025-04-14 23:00:00,2025-05-22 23:00:00,60F,Economy,134.12,Pending
BK000071,Mia Thomas,mia.thomas71@example.com,Singapore Airlines,SI1248,SFO,ORD,2025-11-25 05:27:00,2026-03-01 05:27:00,50D,First,5838.95,Cancelled
BK000072,Sophia Thomas,sophia.thomas72@example.com,Air Canada,AI8996,SFO,JFK,2025-10-12 01:28:00,2026-03-10 01:28:00,50E,Economy,318.86,Pending
BK000073,William Martin,william.martin73@example.com,Southwest Airlines,SO8793,LHR,JFK,2025-07-24 21:12:00,2025-09-03 21:12:00,17B,Business,1429.46,Pending
BK000074,Charlotte Taylor,charlotte.taylor74@example.com,American Airlines,AM8874,MIA,ORD,2025-11-16 08:58:00,2026-02-09 08:58:00,35A,Economy,478.61,Confirmed
BK000075,Emma Thomas,emma.thomas75@example.com,United Airlines,UN7581,MIA,SEA,2025-04-27 04:01:00,2025-08-22 04:01:00,37B,Economy,466.68,Cancelled
BK000076,Emma Johnson,emma.johnson76@example.com,British Airways,BR1280,JFK,MIA,2025-12-11 06:39:00,2026-03-04 06:39:00,9A,Premium Economy,599.81,Pending
BK000077,Noah Smith,noah.smith77@example.com,Delta Air Lines,DE6416,JFK,SFO,2025-11-24 02:50:00,2026-01-24 02:50:00,24B,Economy,467.53,Cancelled
BK000078,Noah Brown,noah.brown78@example.com,Southwest Airlines,SO6483,SFO,YYZ,2025-04-18 20:14:00,2025-04-24 20:14:00,51F,Economy,255.81,Pending
BK000079,Noah White,noah.white79@example.com,Qatar Airways,QA7615,YYZ,LHR,2025-10-30 07:46:00,2026-03-15 07:46:00,24E,Premium Economy,388.26,Pending
BK000080,Ava Jackson,ava.jackson80@example.com,Air Canada,AI7688,DFW,LHR,2025-06-19 10:17:00,2025-11-03 10:17:00,9A,Economy,202.84,Confirmed
BK000081,Ava Smith,ava.smith81@example.com,United Airlines,UN4591,ORD,MIA,2025-10-01 18:19:00,2025-12-29 18:19:00,42B,Economy,246.11,Pending
BK000082,Ava Martin,ava.martin82@example.com,American Airlines,AM5351,ORD,ATL,2025-12-29 12:23:00,2026-05-24 12:23:00,15D,Premium Economy,386.69,Cancelled
BK000083,Liam Taylor,liam.taylor83@example.com,Singapore Airlines,SI4424,YYZ,SEA,2025-04-25 04:55:00,2025-08-28 04:55:00,4B,Premium Economy,608.34,Confirmed
BK000084,John Thomas,john.thomas84@example.com,American Airlines,AM6370,ATL,ORD,2025-09-25 13:12:00,2026-01-17 13:12:00,39C,Premium Economy,663.99,Confirmed
BK000085,William Thomas,william.thomas85@example.com,Southwest Airlines,SO9835,SEA,MIA,2025-02-21 16:48:00,2025-06-16 16:48:00,56D,First,4354.09,Cancelled
BK000086,James Martin,james.martin86@example.com,Singapore Airlines,SI3112,JFK,SFO,2025-01-29 10:48:00,2025-07-10 10:48:00,60E,Economy,377.35,Confirmed
BK000087,Liam Smith,liam.smith87@example.com,Singapore Airlines,SI5893,JFK,ATL,2025-08-26 17:39:00,2026-01-23 17:39:00,60C,Premium Economy,740.66,Pending
BK000088,Benjamin Anderson,benjamin.anderson88@example.com,Air Canada,AI7948,SFO,MIA,2025-06-05 10:18:00,2025-08-27 10:18:00,37C,Economy,279.89,Cancelled
BK000089,Olivia White,olivia.white89@example.com,British Airways,BR3697,YYZ,ORD,2025-11-16 19:47:00,2026-02-12 19:47:00,1D,Business,1869.47,Cancelled
BK000090,Noah Johnson,noah.johnson90@example.com,British Airways,BR4107,ORD,SFO,2025-05-09 16:26:00,2025-08-16 16:26:00,17B,Premium Economy,322.54,Cancelled
BK000091,Noah Jackson,noah.jackson91@example.com,British Airways,BR1849,DFW,JFK,2025-06-28 21:06:00,2025-10-11 21:06:00,33D,Economy,253.55,Confirmed
BK000092,Charlotte Martin,charlotte.martin92@example.com,Singapore Airlines,SI7359,LHR,ORD,2025-05-04 10:08:00,2025-05-26 10:08:00,13D,Economy,242.05,Cancelled
BK000093,Olivia Martin,olivia.martin93@example.com,American Airlines,AM5741,ORD,YYZ,2025-01-03 02:05:00,2025-05-25 02:05:00,30C,First,5476.1,Cancelled
BK000094,Liam Thomas,liam.thomas94@example.com,Air Canada,AI9511,DFW,SEA,2025-03-08 19:51:00,2025-05-10 19:51:00,3F,First,5901.54,Confirmed
BK000095,Noah Taylor,noah.taylor95@example.com,Air Canada,AI1310,ATL,LAX,2025-12-20 12:56:00,2026-03-09 12:56:00,52F,Premium Economy,466.97,Pending
BK000096,John Brown,john.brown96@example.com,American Airlines,AM5685,DFW,LAX,2025-04-05 03:40:00,2025-05-17 03:40:00,28F,Premium Economy,746.6,Cancelled
BK000097,John Taylor,john.taylor97@example.com,Emirates,EM6739,JFK,ATL,2025-05-16 19:13:00,2025-08-24 19:13:00,32D,Economy,250.37,Cancelled
BK000098,James Jackson,james.jackson98@example.com,Emirates,EM466,SEA,ORD,2025-03-05 05:53:00,2025-03-06 05:53:00,8F,Premium Economy,386.68,Confirmed
BK000099,Emma Smith,emma.smith99@example.com,Air Canada,AI3356,MIA,SEA,2025-08-03 05:23:00,2025-08-30 05:23:00,5A,Business,2444.66,Pending
BK000100,Noah Harris,noah.harris100@example.com,Southwest Airlines,SO2984,JFK,ORD,2025-12-04 04:17:00,2026-01-06 04:17:00,35B,Business,1705.09,Confirmed
BK000101,Liam Anderson,liam.anderson101@example.com,Southwest Airlines,SO9314,MIA,LHR,2025-07-25 09:17:00,2025-09-25 09:17:00,18D,Business,2390.53,Cancelled
BK000102,Charlotte Anderson,charlotte.anderson102@example.com,American Airlines,AM2354,LHR,LAX,2025-06-03 01:46:00,2025-11-29 01:46:00,47A,Business,1451.72,Cancelled
BK000103,Mia Thomas,mia.thomas103@example.com,Emirates,EM1916,SFO,YYZ,2025-10-21 23:54:00,2025-12-05 23:54:00,44F,Business,2266.02,Cancelled
BK000104,John Jackson,john.jackson104@example.com,Lufthansa,LU8099,MIA,SEA,2025-06-08 23:00:00,2025-06-21 23:00:00,11F,Premium Economy,771.75,Confirmed
BK000105,Benjamin Harris,benjamin.harris105@example.com,Southwest Airlines,SO2956,YYZ,JFK,2025-11-30 03:29:00,2026-02-12 03:29:00,21F,First,3477.78,Cancelled
BK000106,John Harris,john.harris106@example.com,British Airways,BR9572,LAX,ORD,2025-01-18 13:09:00,2025-04-22 13:09:00,37C,Business,1872.28,Cancelled
BK000107,Emma White,emma.white107@example.com,United Airlines,UN7480,DFW,YYZ,2025-12-06 04:34:00,2026-03-28 04:34:00,10E,First,5143.19,Pending
BK000108,John Anderson,john.anderson108@example.com,Southwest Airlines,SO9247,ATL,JFK,2025-11-13 20:52:00,2026-04-13 20:52:00,47F,Economy,205.57,Confirmed
BK000109,Ava Thomas,ava.thomas109@example.com,United Airlines,UN2696,ATL,DFW,2025-03-18 03:17:00,2025-04-02 03:17:00,53B,First,3523.6,Pending
BK000110,Mia Taylor,mia.taylor110@example.com,Lufthansa,LU1423,LAX,ATL,2025-07-08 05:58:00,2025-12-22 05:58:00,15A,Economy,429.66,Confirmed
BK000111,Benjamin White,benjamin.white111@example.com,United Airlines,UN7246,LAX,ATL,2025-12-22 16:39:00,2026-02-22 16:39:00,23F,Business,2221.7,Confirmed
BK000112,Sophia Martin,sophia.martin112@example.com,Air Canada,AI8992,MIA,LAX,2025-06-20 03:24:00,2025-10-24 03:24:00,32E,First,5930.13,Confirmed
BK000113,Ava Taylor,ava.taylor113@example.com,Southwest Airlines,SO9763,SEA,SFO,2025-09-16 23:20:00,2026-03-06 23:20:00,49E,Economy,265.63,Confirmed
BK000114,Noah Thomas,noah.thomas114@example.com,Delta Air Lines,DE2787,LHR,DFW,2025-07-15 12:45:00,2025-11-02 12:45:00,17F,Business,1316.82,Cancelled
BK000115,James Jackson,james.jackson115@example.com,Singapore Airlines,SI8143,DFW,SFO,2025-03-01 02:08:00,2025-04-10 02:08:00,30F,Business,1347.73,Confirmed
BK000116,William Jackson,william.jackson116@example.com,American Airlines,AM3728,SEA,YYZ,2025-09-19 08:15:00,2026-02-26 08:15:00,49A,Premium Economy,472.24,Pending
BK000117,Olivia Martin,olivia.martin117@example.com,Southwest Airlines,SO6180,SEA,SFO,2025-12-11 13:16:00,2026-01-10 13:16:00,33F,First,3396.8,Pending
BK000118,Sophia Johnson,sophia.johnson118@example.com,United Airlines,UN1698,ORD,DFW,2025-01-27 07:02:00,2025-04-04 07:02:00,4C,Premium Economy,559.77,Confirmed
BK000119,Ava Taylor,ava.taylor119@example.com,Delta Air Lines,DE9147,SEA,DFW,2025-09-04 01:54:00,2025-12-10 01:54:00,36F,Economy,242.34,Confirmed
BK000120,Ava Thomas,ava.thomas120@example.com,Singapore Airlines,SI4708,SFO,YYZ,2025-05-17 00:49:00,2025-07-09 00:49:00,57C,First,5955.81,Cancelled
BK000121,Noah Johnson,noah.johnson121@example.com,United Airlines,UN3117,LHR,SEA,2025-10-14 04:05:00,2025-11-04 04:05:00,46A,First,4227.26,Cancelled
BK000122,James Smith,james.smith122@example.com,Singapore Airlines,SI893,ATL,ORD,2025-05-14 06:41:00,2025-08-16 06:41:00,56C,Business,1384.72,Confirmed
BK000123,Liam Martin,liam.martin123@example.com,Emirates,EM1843,ATL,LHR,2025-10-05 23:29:00,2026-02-18 23:29:00,44E,Business,2082.43,Confirmed
BK000124,James Johnson,james.johnson124@example.com,American Airlines,AM2410,JFK,DFW,2025-03-02 00:20:00,2025-06-20 00:20:00,41E,Business,965.56,Cancelled
BK000125,James Brown,james.brown125@example.com,Lufthansa,LU6148,YYZ,JFK,2025-03-04 12:27:00,2025-04-12 12:27:00,4E,Business,1327.35,Confirmed
BK000126,William Thomas,william.thomas126@example.com,Singapore Airlines,SI4081,ORD,YYZ,2025-05-19 22:26:00,2025-09-23 22:26:00,7A,Premium Economy,797.14,Pending
BK000127,John Martin,john.martin127@example.com,Lufthansa,LU1332,SEA,SFO,2025-11-02 21:19:00,2025-12-01 21:19:00,24B,Economy,334.03,Confirmed
BK000128,William Martin,william.martin128@example.com,Air Canada,AI9955,MIA,YYZ,2025-04-23 23:26:00,2025-05-27 23:26:00,25F,First,5357.9,Pending
BK000129,Benjamin Taylor,benjamin.taylor129@example.com,Singapore Airlines,SI3239,LAX,LHR,2025-06-28 21:44:00,2025-10-29 21:44:00,13B,First,3663.32,Cancelled
BK000130,Olivia White,olivia.white130@example.com,Delta Air Lines,DE3401,ORD,SEA,2025-12-02 06:06:00,2026-05-04 06:06:00,52B,First,3438.16,Confirmed
BK000131,Mia Brown,mia.brown131@example.com,Southwest Airlines,SO3887,MIA,SEA,2025-10-22 18:42:00,2026-02-02 18:42:00,25E,Business,1307.81,Confirmed
BK000132,Liam Harris,liam.harris132@example.com,Air Canada,AI8280,JFK,DFW,2025-08-24 12:31:00,2026-01-05 12:31:00,6E,Business,1463.99,Cancelled
BK000133,Noah Thomas,noah.thomas133@example.com,Air Canada,AI1967,ORD,YYZ,2025-07-29 12:16:00,2025-09-02 12:16:00,7C,Business,1787.42,Pending
BK000134,Olivia Johnson,olivia.johnson134@example.com,Air Canada,AI4317,JFK,SEA,2025-08-25 00:01:00,2025-11-01 00:01:00,40D,First,2182.15,Cancelled
BK000135,William Jackson,william.jackson135@example.com,Lufthansa,LU7073,YYZ,ATL,2025-03-16 07:24:00,2025-05-22 07:24:00,9D,First,5622.61,Confirmed
BK000136,Emma Martin,emma.martin136@example.com,Singapore Airlines,SI7174,SFO,JFK,2025-01-05 19:38:00,2025-01-18 19:38:00,35A,Economy,138.14,Pending
BK000137,James Johnson,james.johnson137@example.com,American Airlines,AM3728,LHR,SEA,2025-06-28 06:58:00,2025-09-01 06:58:00,30F,First,2140.16,Cancelled
BK000138,Emma Jackson,emma.jackson138@example.com,British Airways,BR9032,ATL,LHR,2025-03-13 11:29:00,2025-05-23 11:29:00,46C,Business,1327.43,Pending
BK000139,William Johnson,william.johnson139@example.com,Emirates,EM9182,SEA,DFW,2025-01-27 03:55:00,2025-04-02 03:55:00,20F,Premium Economy,567.34,Confirmed
BK000140,Olivia White,olivia.white140@example.com,Qatar Airways,QA5055,MIA,SEA,2025-08-12 06:26:00,2025-12-12 06:26:00,16D,Business,1891.55,Cancelled
BK000141,Emma Taylor,emma.taylor141@example.com,Air Canada,AI4556,SFO,LHR,2025-05-20 22:41:00,2025-07-29 22:41:00,34E,Business,1131.13,Pending
BK000142,Olivia White,olivia.white142@example.com,Air Canada,AI4347,ATL,MIA,2025-04-08 03:09:00,2025-06-15 03:09:00,25B,Premium Economy,391.15,Cancelled
BK000143,Liam Jackson,liam.jackson143@example.com,Delta Air Lines,DE8236,SEA,DFW,2025-10-19 16:41:00,2025-11-13 16:41:00,10D,Business,922.98,Pending
BK000144,Noah Harris,noah.harris144@example.com,Air Canada,AI2362,DFW,MIA,2025-07-28 15:13:00,2025-09-02 15:13:00,56D,Economy,292.28,Cancelled
BK000145,Sophia Harris,sophia.harris145@example.com,Singapore Airlines,SI6161,ATL,YYZ,2025-07-21 03:17:00,2025-10-13 03:17:00,5B,Premium Economy,484.22,Pending
BK000146,Benjamin Harris,benjamin.harris146@example.com,Delta Air Lines,DE7521,MIA,LHR,2025-07-06 00:40:00,2025-10-25 00:40:00,52E,Premium Economy,521.25,Pending
BK000147,Olivia Jackson,olivia.jackson147@example.com,Southwest Airlines,SO1695,LHR,DFW,2025-06-09 05:48:00,2025-07-12 05:48:00,24A,First,3708.77,Cancelled
BK000148,Sophia Johnson,sophia.johnson148@example.com,Lufthansa,LU640,JFK,ATL,2025-08-19 00:50:00,2026-01-28 00:50:00,1C,Premium Economy,319.8,Confirmed
BK000149,William White,william.white149@example.com,American Airlines,AM1392,YYZ,MIA,2025-06-19 20:48:00,2025-10-03 20:48:00,19A,Economy,475.3,Confirmed
BK000150,Olivia Smith,olivia.smith150@example.com,British Airways,BR5589,SEA,ATL,2025-11-11 23:49:00,2026-04-05 23:49:00,31E,First,5388.52,Confirmed
BK000151,Emma Thomas,emma.thomas151@example.com,Singapore Airlines,SI3513,SFO,YYZ,2025-12-14 21:51:00,2026-05-31 21:51:00,26C,Economy,208.73,Cancelled
BK000152,William Smith,william.smith152@example.com,Southwest Airlines,SO8390,YYZ,LAX,2025-05-06 01:04:00,2025-07-28 01:04:00,20D,Business,846.23,Confirmed
BK000153,Sophia Taylor,sophia.taylor153@example.com,Air Canada,AI9342,LAX,DFW,2025-10-16 06:08:00,2026-03-22 06:08:00,49F,Business,2180.3,Cancelled
BK000154,James Smith,james.smith154@example.com,United Airlines,UN5252,SFO,YYZ,2025-03-05 04:38:00,2025-08-14 04:38:00,54F,Premium Economy,624.0,Pending
BK000155,William Anderson,william.anderson155@example.com,Singapore Airlines,SI2286,MIA,ORD,2025-09-08 17:04:00,2025-10-06 17:04:00,16E,First,3271.29,Confirmed
BK000156,Olivia Smith,olivia.smith156@example.com,Air Canada,AI4773,LAX,SEA,2025-02-23 21:15:00,2025-05-23 21:15:00,42E,Economy,437.18,Pending
BK000157,John Johnson,john.johnson157@example.com,American Airlines,AM4032,DFW,ATL,2025-07-23 17:10:00,2025-12-06 17:10:00,51B,Economy,102.5,Cancelled
BK000158,Emma Anderson,emma.anderson158@example.com,British Airways,BR9561,YYZ,SFO,2025-05-18 05:49:00,2025-10-19 05:49:00,56A,First,4951.87,Cancelled
BK000159,John White,john.white159@example.com,Emirates,EM1750,DFW,SFO,2025-11-21 08:18:00,2026-02-18 08:18:00,39D,First,3687.75,Cancelled
BK000160,Charlotte Thomas,charlotte.thomas160@example.com,British Airways,BR3932,ORD,JFK,2025-01-13 20:47:00,2025-01-22 20:47:00,40B,Economy,306.18,Cancelled
BK000161,Noah Taylor,noah.taylor161@example.com,Delta Air Lines,DE9566,MIA,SFO,2025-10-30 19:43:00,2025-12-04 19:43:00,32A,First,5000.34,Confirmed
BK000162,William Jackson,william.jackson162@example.com,Delta Air Lines,DE2946,SEA,ORD,2026-01-01 02:57:00,2026-06-07 02:57:00,45B,Business,1422.79,Confirmed
BK000163,Emma Jackson,emma.jackson163@example.com,Lufthansa,LU2241,ATL,LHR,2025-07-19 05:06:00,2025-10-28 05:06:00,6C,Business,985.94,Cancelled
BK000164,Liam Taylor,liam.taylor164@example.com,Southwest Airlines,SO1857,YYZ,ORD,2025-03-15 01:16:00,2025-05-01 01:16:00,54F,Economy,179.78,Pending
BK000165,Benjamin Brown,benjamin.brown165@example.com,Lufthansa,LU2167,LHR,MIA,2025-05-28 09:58:00,2025-06-25 09:58:00,39D,First,2891.11,Pending
BK000166,Liam Anderson,liam.anderson166@example.com,British Airways,BR4557,SEA,LAX,2025-02-17 05:53:00,2025-06-05 05:53:00,1E,First,3725.65,Confirmed
BK000167,Liam Harris,liam.harris167@example.com,Lufthansa,LU7245,SFO,MIA,2025-09-03 00:53:00,2025-11-10 00:53:00,32B,Premium Economy,424.78,Cancelled
BK000168,John Jackson,john.jackson168@example.com,Air Canada,AI8947,LAX,YYZ,2025-02-12 20:58:00,2025-07-31 20:58:00,15F,Premium Economy,666.55,Cancelled
BK000169,James Harris,james.harris169@example.com,Southwest Airlines,SO8686,SEA,ORD,2025-08-20 13:24:00,2025-11-24 13:24:00,53D,Economy,387.76,Cancelled
BK000170,Charlotte Johnson,charlotte.johnson170@example.com,United Airlines,UN8823,SEA,ATL,2025-08-05 00:50:00,2025-08-29 00:50:00,25C,Business,1079.73,Cancelled
BK000171,Emma Brown,emma.brown171@example.com,Singapore Airlines,SI7191,LHR,SEA,2025-04-25 14:16:00,2025-05-03 14:16:00,6E,Business,2064.59,Cancelled
BK000172,William Taylor,william.taylor172@example.com,United Airlines,UN7460,LHR,ORD,2025-10-01 00:19:00,2026-03-19 00:19:00,33E,Premium Economy,610.2,Pending
BK000173,Mia Anderson,mia.anderson173@example.com,American Airlines,AM7506,SFO,LHR,2025-02-23 10:11:00,2025-03-13 10:11:00,50F,Economy,450.2,Confirmed
BK000174,John Taylor,john.taylor174@example.com,Emirates,EM6987,JFK,DFW,2025-09-28 07:44:00,2026-02-03 07:44:00,29C,Economy,361.44,Pending
BK000175,James Brown,james.brown175@example.com,British Airways,BR2966,SFO,LHR,2025-06-20 23:54:00,2025-09-09 23:54:00,40E,Economy,124.33,Confirmed
BK000176,William Smith,william.smith176@example.com,Delta Air Lines,DE1815,LHR,SEA,2025-10-04 21:43:00,2025-11-23 21:43:00,46D,Premium Economy,555.43,Confirmed
BK000177,Sophia Brown,sophia.brown177@example.com,Qatar Airways,QA9307,ORD,DFW,2025-03-09 19:54:00,2025-07-30 19:54:00,27B,Premium Economy,515.51,Cancelled
BK000178,William Harris,william.harris178@example.com,Southwest Airlines,SO944,YYZ,SEA,2025-08-15 12:11:00,2025-08-29 12:11:00,18D,Economy,192.63,Cancelled
BK000179,Noah Jackson,noah.jackson179@example.com,Air Canada,AI8433,MIA,YYZ,2025-04-04 16:29:00,2025-05-03 16:29:00,48F,First,4479.28,Confirmed
BK000180,William Anderson,william.anderson180@example.com,Lufthansa,LU4134,ATL,LAX,2025-08-10 06:37:00,2025-09-21 06:37:00,5D,Business,979.74,Pending
BK000181,Olivia Taylor,olivia.taylor181@example.com,Lufthansa,LU428,DFW,LHR,2025-08-09 16:50:00,2025-08-13 16:50:00,48F,Economy,240.37,Pending
BK000182,Benjamin Brown,benjamin.brown182@example.com,Lufthansa,LU6588,DFW,SFO,2025-03-29 21:55:00,2025-09-14 21:55:00,47A,First,3099.51,Cancelled
BK000183,Olivia Smith,olivia.smith183@example.com,Emirates,EM7832,MIA,JFK,2025-07-16 16:29:00,2026-01-10 16:29:00,31F,Economy,154.86,Confirmed
BK000184,Emma Brown,emma.brown184@example.com,Qatar Airways,QA8996,ATL,MIA,2025-06-16 19:45:00,2025-07-22 19:45:00,21B,Business,2029.74,Pending
BK000185,John Smith,john.smith185@example.com,Qatar Airways,QA4738,ORD,YYZ,2025-11-07 06:21:00,2026-03-21 06:21:00,44E,Business,2441.99,Confirmed
BK000186,Liam Smith,liam.smith186@example.com,British Airways,BR436,SFO,LAX,2025-05-22 01:59:00,2025-07-13 01:59:00,54D,First,5337.65,Cancelled
BK000187,Emma Jackson,emma.jackson187@example.com,Air Canada,AI9835,MIA,JFK,2025-05-12 05:03:00,2025-05-30 05:03:00,2A,Business,2254.01,Pending
BK000188,Ava Thomas,ava.thomas188@example.com,Delta Air Lines,DE2548,SFO,LHR,2025-05-26 22:33:00,2025-10-26 22:33:00,4E,Economy,488.45,Pending
BK000189,James Thomas,james.thomas189@example.com,American Airlines,AM2606,ATL,LHR,2025-01-19 14:06:00,2025-05-02 14:06:00,35F,Business,1004.43,Confirmed
BK000190,Emma Anderson,emma.anderson190@example.com,United Airlines,UN755,LAX,YYZ,2025-01-30 12:58:00,2025-04-10 12:58:00,29F,Premium Economy,368.39,Cancelled
BK000191,Sophia Johnson,sophia.johnson191@example.com,United Airlines,UN4533,ORD,SEA,2025-09-16 02:39:00,2026-01-21 02:39:00,38C,Premium Economy,358.13,Pending
BK000192,William Smith,william.smith192@example.com,British Airways,BR9545,LHR,ATL,2025-02-22 16:32:00,2025-08-08 16:32:00,57E,Economy,329.96,Cancelled
BK000193,Olivia Johnson,olivia.johnson193@example.com,Emirates,EM3520,MIA,JFK,2025-03-16 12:50:00,2025-06-10 12:50:00,1B,Business,2497.26,Pending
BK000194,William Martin,william.martin194@example.com,Delta Air Lines,DE1493,SFO,JFK,2025-12-19 10:13:00,2026-01-12 10:13:00,42C,Economy,375.43,Confirmed
BK000195,Benjamin Johnson,benjamin.johnson195@example.com,British Airways,BR4165,ORD,MIA,2025-09-10 19:21:00,2026-01-12 19:21:00,37E,Premium Economy,690.18,Pending
BK000196,Sophia White,sophia.white196@example.com,Delta Air Lines,DE9589,SFO,ORD,2025-05-27 07:49:00,2025-06-16 07:49:00,24A,First,5774.8,Cancelled
BK000197,Ava Smith,ava.smith197@example.com,Emirates,EM7454,LAX,LHR,2025-05-06 12:16:00,2025-10-02 12:16:00,45F,Business,1656.12,Confirmed
BK000198,William Martin,william.martin198@example.com,Emirates,EM7983,ATL,DFW,2025-09-25 23:05:00,2025-10-23 23:05:00,31B,Business,1421.82,Confirmed
BK000199,Liam Harris,liam.harris199@example.com,Air Canada,AI6632,LHR,LAX,2025-11-22 02:27:00,2026-01-21 02:27:00,53E,Premium Economy,472.07,Cancelled
BK000200,Mia Thomas,mia.thomas200@example.com,Lufthansa,LU6342,YYZ,ORD,2025-11-11 04:12:00,2026-04-23 04:12:00,7A,Economy,272.76,Cancelled
BK000201,James Harris,james.harris201@example.com,British Airways,BR5080,LHR,ORD,2025-03-11 17:03:00,2025-07-15 17:03:00,41B,First,4474.05,Confirmed
BK000202,James Taylor,james.taylor202@example.com,American Airlines,AM7222,SEA,LAX,2025-07-06 01:27:00,2025-11-21 01:27:00,59F,First,3805.62,Cancelled
BK000203,Liam White,liam.white203@example.com,United Airlines,UN7473,DFW,MIA,2025-11-28 08:29:00,2026-03-08 08:29:00,21A,First,4352.54,Pending
BK000204,Charlotte Anderson,charlotte.anderson204@example.com,American Airlines,AM2164,YYZ,MIA,2025-12-02 15:49:00,2026-05-29 15:49:00,50B,First,5726.39,Confirmed
BK000205,Noah Brown,noah.brown205@example.com,Air Canada,AI4274,ORD,DFW,2025-02-25 15:56:00,2025-04-27 15:56:00,43B,First,3493.24,Pending
BK000206,William Jackson,william.jackson206@example.com,Qatar Airways,QA668,SFO,MIA,2025-05-14 12:42:00,2025-07-22 12:42:00,1B,Business,1278.49,Pending
BK000207,Olivia Anderson,olivia.anderson207@example.com,American Airlines,AM7131,ATL,JFK,2025-06-08 09:16:00,2025-08-01 09:16:00,58D,Premium Economy,646.74,Confirmed
BK000208,James Taylor,james.taylor208@example.com,Singapore Airlines,SI6110,JFK,ORD,2026-01-01 19:55:00,2026-02-18 19:55:00,37A,First,3091.21,Pending
BK000209,Mia Anderson,mia.anderson209@example.com,Qatar Airways,QA7710,LAX,JFK,2025-02-18 18:05:00,2025-05-25 18:05:00,5C,Business,1497.84,Pending
BK000210,Liam Johnson,liam.johnson210@example.com,American Airlines,AM9134,LAX,ORD,2025-08-21 20:15:00,2026-02-15 20:15:00,13B,First,4506.2,Cancelled
BK000211,Ava Harris,ava.harris211@example.com,Emirates,EM7466,LAX,SFO,2025-11-25 10:54:00,2025-12-09 10:54:00,22F,Premium Economy,403.36,Pending
BK000212,Benjamin Smith,benjamin.smith212@example.com,Delta Air Lines,DE694,SFO,YYZ,2025-12-12 02:10:00,2026-06-09 02:10:00,24B,Business,1127.22,Pending
BK000213,William Jackson,william.jackson213@example.com,British Airways,BR108,YYZ,ATL,2025-06-24 02:23:00,2025-10-13 02:23:00,8D,Economy,483.29,Confirmed
BK000214,Mia Martin,mia.martin214@example.com,Delta Air Lines,DE1024,DFW,JFK,2025-06-12 09:13:00,2025-06-23 09:13:00,14F,Economy,185.49,Confirmed
BK000215,Charlotte Anderson,charlotte.anderson215@example.com,Delta Air Lines,DE9030,LHR,SEA,2025-06-23 11:41:00,2025-10-28 11:41:00,41B,Economy,364.6,Cancelled
BK000216,Charlotte Brown,charlotte.brown216@example.com,United Airlines,UN7117,ATL,DFW,2025-02-16 15:23:00,2025-06-12 15:23:00,21A,Economy,165.07,Cancelled
BK000217,Sophia Anderson,sophia.anderson217@example.com,Qatar Airways,QA2482,DFW,MIA,2025-01-06 21:33:00,2025-04-16 21:33:00,54A,First,2262.87,Pending
BK000218,Liam Jackson,liam.jackson218@example.com,Delta Air Lines,DE9076,SFO,ATL,2025-01-06 06:18:00,2025-06-16 06:18:00,28B,Premium Economy,336.48,Cancelled
BK000219,Charlotte Harris,charlotte.harris219@example.com,British Airways,BR1553,JFK,ATL,2025-08-05 15:17:00,2025-10-25 15:17:00,26D,First,4201.62,Cancelled
BK000220,John Brown,john.brown220@example.com,Air Canada,AI6019,MIA,ORD,2025-10-26 20:35:00,2026-02-01 20:35:00,9A,Premium Economy,799.9,Pending
BK000221,James Anderson,james.anderson221@example.com,Air Canada,AI3236,LHR,SFO,2025-03-28 15:30:00,2025-03-31 15:30:00,18B,Economy,201.38,Confirmed
BK000222,John Anderson,john.anderson222@example.com,Singapore Airlines,SI6921,SFO,ORD,2025-12-25 05:49:00,2026-05-17 05:49:00,35D,Business,1703.08,Pending
BK000223,Ava Harris,ava.harris223@example.com,Emirates,EM6918,LHR,ATL,2025-03-08 00:33:00,2025-03-23 00:33:00,28B,Business,1605.11,Cancelled
BK000224,Sophia White,sophia.white224@example.com,United Airlines,UN263,JFK,ATL,2025-10-22 16:00:00,2026-01-12 16:00:00,34A,Premium Economy,736.22,Cancelled
BK000225,William Harris,william.harris225@example.com,American Airlines,AM869,MIA,LAX,2025-12-31 16:57:00,2026-06-10 16:57:00,31A,Economy,477.52,Pending
BK000226,Charlotte Taylor,charlotte.taylor226@example.com,American Airlines,AM5681,MIA,DFW,2025-06-21 03:17:00,2025-09-14 03:17:00,45A,Premium Economy,420.03,Confirmed
BK000227,Liam Thomas,liam.thomas227@example.com,Lufthansa,LU4391,JFK,SFO,2025-10-24 08:42:00,2025-12-19 08:42:00,49F,First,4719.62,Pending
BK000228,Sophia Brown,sophia.brown228@example.com,Emirates,EM1597,DFW,LAX,2025-05-19 14:04:00,2025-07-28 14:04:00,39B,Business,1962.25,Cancelled
BK000229,Benjamin Martin,benjamin.martin229@example.com,British Airways,BR5691,LHR,ORD,2025-11-01 06:20:00,2025-11-21 06:20:00,45A,Business,1535.43,Cancelled
BK000230,Noah Brown,noah.brown230@example.com,Qatar Airways,QA533,SEA,DFW,2025-02-13 16:29:00,2025-05-02 16:29:00,48F,First,5208.01,Cancelled
BK000231,William Smith,william.smith231@example.com,Lufthansa,LU2475,ORD,LAX,2025-04-20 22:43:00,2025-08-27 22:43:00,54D,Business,906.18,Pending
BK000232,Emma Thomas,emma.thomas232@example.com,Singapore Airlines,SI8940,LAX,MIA,2025-02-05 23:24:00,2025-04-17 23:24:00,24D,Economy,124.08,Cancelled
BK000233,Sophia Taylor,sophia.taylor233@example.com,Delta Air Lines,DE1395,LHR,SFO,2025-04-13 08:35:00,2025-07-01 08:35:00,32A,Premium Economy,776.38,Pending
BK000234,Liam Johnson,liam.johnson234@example.com,British Airways,BR2310,MIA,ORD,2025-07-19 15:34:00,2025-09-28 15:34:00,28C,Economy,380.16,Cancelled
BK000235,Ava Harris,ava.harris235@example.com,Air Canada,AI3575,DFW,YYZ,2025-04-20 14:16:00,2025-04-22 14:16:00,31E,First,2848.24,Pending
BK000236,Sophia Martin,sophia.martin236@example.com,Southwest Airlines,SO5560,ATL,YYZ,2025-11-24 11:15:00,2025-11-29 11:15:00,46A,First,3867.23,Cancelled
BK000237,Olivia Smith,olivia.smith237@example.com,Air Canada,AI8629,LHR,DFW,2025-09-02 16:56:00,2025-09-30 16:56:00,48C,Business,1905.19,Confirmed
BK000238,James Taylor,james.taylor238@example.com,Emirates,EM2146,ATL,LAX,2025-04-08 17:19:00,2025-09-27 17:19:00,42F,Premium Economy,644.83,Confirmed
BK000239,Charlotte Taylor,charlotte.taylor239@example.com,Singapore Airlines,SI3783,ORD,SFO,2025-03-31 22:26:00,2025-08-22 22:26:00,17D,First,5411.62,Pending
BK000240,Mia Martin,mia.martin240@example.com,Air Canada,AI6220,SFO,JFK,2025-03-20 08:24:00,2025-06-06 08:24:00,33A,Business,1569.47,Pending
BK000241,James Thomas,james.thomas241@example.com,Southwest Airlines,SO3463,JFK,YYZ,2025-06-04 15:21:00,2025-07-13 15:21:00,12F,Premium Economy,309.23,Pending
BK000242,Emma Thomas,emma.thomas242@example.com,American Airlines,AM7360,DFW,SEA,2025-02-18 03:04:00,2025-03-29 03:04:00,58B,First,2276.26,Pending
BK000243,Emma Taylor,emma.taylor243@example.com,United Airlines,UN5043,LAX,JFK,2025-12-30 12:01:00,2026-04-06 12:01:00,32C,First,5965.69,Confirmed
BK000244,Sophia Thomas,sophia.thomas244@example.com,Lufthansa,LU6749,SEA,SFO,2025-02-10 09:28:00,2025-02-12 09:28:00,54B,First,5464.85,Cancelled
BK000245,Emma White,emma.white245@example.com,Lufthansa,LU9866,SFO,JFK,2025-11-12 23:59:00,2025-11-16 23:59:00,53E,Economy,164.24,Cancelled
BK000246,Ava Anderson,ava.anderson246@example.com,Delta Air Lines,DE3505,SEA,JFK,2025-03-20 08:15:00,2025-03-23 08:15:00,27C,Business,2237.0,Confirmed
BK000247,Benjamin Smith,benjamin.smith247@example.com,Singapore Airlines,SI742,SFO,JFK,2025-06-17 18:49:00,2025-07-24 18:49:00,60B,Business,971.8,Cancelled
BK000248,Sophia Johnson,sophia.johnson248@example.com,British Airways,BR7949,DFW,SEA,2025-07-14 02:37:00,2025-09-07 02:37:00,14A,Business,2040.25,Cancelled
BK000249,Olivia Jackson,olivia.jackson249@example.com,British Airways,BR7102,JFK,SFO,2025-02-17 07:35:00,2025-07-23 07:35:00,25E,Premium Economy,603.38,Confirmed
BK000250,Benjamin Martin,benjamin.martin250@example.com,Southwest Airlines,SO3957,LAX,ATL,2025-04-12 08:47:00,2025-05-24 08:47:00,43C,Business,2481.21,Confirmed
BK000251,James Harris,james.harris251@example.com,Lufthansa,LU5991,ATL,JFK,2025-09-25 16:45:00,2026-02-19 16:45:00,35F,Premium Economy,795.05,Confirmed
BK000252,Noah Smith,noah.smith252@example.com,Emirates,EM6432,MIA,ORD,2025-09-21 06:14:00,2026-02-20 06:14:00,24A,Economy,249.11,Cancelled
BK000253,John Brown,john.brown253@example.com,Lufthansa,LU3725,SFO,LAX,2025-05-09 12:42:00,2025-05-12 12:42:00,10C,Business,2345.34,Cancelled
BK000254,Olivia Jackson,olivia.jackson254@example.com,United Airlines,UN9155,MIA,ORD,2025-10-24 09:57:00,2026-03-31 09:57:00,16F,Premium Economy,738.47,Cancelled
BK000255,William Harris,william.harris255@example.com,Emirates,EM2084,LAX,ATL,2025-07-19 06:10:00,2025-12-20 06:10:00,29E,Business,2151.92,Confirmed
BK000256,William Johnson,william.johnson256@example.com,British Airways,BR6924,JFK,SEA,2025-10-05 12:41:00,2026-03-13 12:41:00,60F,Premium Economy,336.97,Pending
BK000257,James Taylor,james.taylor257@example.com,British Airways,BR1355,DFW,LAX,2025-05-24 10:16:00,2025-06-18 10:16:00,8E,Economy,308.16,Cancelled
BK000258,Liam Harris,liam.harris258@example.com,American Airlines,AM4823,SFO,DFW,2025-12-14 22:12:00,2026-01-11 22:12:00,5B,First,4591.7,Pending
BK000259,Noah Smith,noah.smith259@example.com,Lufthansa,LU2091,SEA,ATL,2025-12-26 21:26:00,2026-04-23 21:26:00,35B,Premium Economy,720.69,Cancelled
BK000260,Noah White,noah.white260@example.com,American Airlines,AM2875,LHR,JFK,2025-05-20 07:33:00,2025-10-27 07:33:00,11A,Business,2281.83,Pending
BK000261,Emma Brown,emma.brown261@example.com,Delta Air Lines,DE7523,MIA,DFW,2025-12-29 20:18:00,2026-04-24 20:18:00,46D,Premium Economy,654.33,Confirmed
BK000262,Benjamin Jackson,benjamin.jackson262@example.com,Singapore Airlines,SI5479,MIA,JFK,2025-12-29 22:02:00,2026-02-16 22:02:00,53F,First,4453.56,Pending
BK000263,Ava Johnson,ava.johnson263@example.com,Southwest Airlines,SO681,SEA,DFW,2025-04-02 11:29:00,2025-08-26 11:29:00,15B,First,5581.42,Confirmed
BK000264,Ava Martin,ava.martin264@example.com,Emirates,EM9503,SFO,ATL,2025-03-08 00:34:00,2025-03-17 00:34:00,16B,Premium Economy,781.92,Confirmed
BK000265,Mia Thomas,mia.thomas265@example.com,British Airways,BR2283,LAX,JFK,2025-01-04 01:28:00,2025-05-23 01:28:00,41E,Premium Economy,749.27,Pending
BK000266,James Brown,james.brown266@example.com,Singapore Airlines,SI4842,JFK,SEA,2025-07-23 10:47:00,2025-12-12 10:47:00,40A,Business,2344.08,Pending
BK000267,Ava Jackson,ava.jackson267@example.com,American Airlines,AM2470,ATL,DFW,2025-12-14 07:31:00,2026-03-13 07:31:00,31F,Premium Economy,479.2,Cancelled
BK000268,Ava Jackson,ava.jackson268@example.com,Southwest Airlines,SO2594,SFO,ATL,2025-03-02 20:46:00,2025-06-10 20:46:00,10F,Business,1115.34,Cancelled
BK000269,Sophia Brown,sophia.brown269@example.com,Lufthansa,LU5997,YYZ,DFW,2025-11-13 22:55:00,2026-01-22 22:55:00,55B,Economy,170.89,Pending
BK000270,James Smith,james.smith270@example.com,Qatar Airways,QA1705,SFO,ORD,2025-05-02 16:33:00,2025-06-02 16:33:00,32A,Economy,361.34,Cancelled
BK000271,Benjamin Jackson,benjamin.jackson271@example.com,Southwest Airlines,SO6768,ORD,MIA,2025-12-06 07:41:00,2026-05-18 07:41:00,9B,Economy,352.45,Cancelled
BK000272,Olivia Thomas,olivia.thomas272@example.com,Southwest Airlines,SO8653,JFK,LAX,2025-07-30 00:00:00,2025-08-03 00:00:00,14A,Economy,118.21,Pending
BK000273,Liam Jackson,liam.jackson273@example.com,Emirates,EM5715,SEA,SFO,2025-06-08 05:45:00,2025-08-02 05:45:00,23F,Premium Economy,583.82,Cancelled
BK000274,Emma Johnson,emma.johnson274@example.com,Lufthansa,LU6643,DFW,LHR,2025-02-25 09:14:00,2025-05-09 09:14:00,19B,Business,2072.1,Confirmed
BK000275,Mia Martin,mia.martin275@example.com,United Airlines,UN6111,LAX,MIA,2025-04-25 08:31:00,2025-07-07 08:31:00,25C,Business,1856.87,Pending
BK000276,Olivia Johnson,olivia.johnson276@example.com,Qatar Airways,QA9365,MIA,LAX,2025-09-29 07:26:00,2026-01-04 07:26:00,13C,Economy,254.55,Pending
BK000277,James Martin,james.martin277@example.com,Delta Air Lines,DE1226,MIA,LHR,2025-01-25 10:48:00,2025-05-16 10:48:00,50B,Business,1101.81,Pending
BK000278,Emma Smith,emma.smith278@example.com,Qatar Airways,QA2312,DFW,JFK,2025-11-02 23:26:00,2025-11-25 23:26:00,22B,Business,2298.69,Pending
BK000279,Ava Thomas,ava.thomas279@example.com,Qatar Airways,QA6609,LAX,ORD,2025-03-10 09:29:00,2025-07-17 09:29:00,4F,Business,1580.85,Cancelled
BK000280,Emma Anderson,emma.anderson280@example.com,United Airlines,UN1062,SFO,MIA,2025-08-24 01:19:00,2025-12-12 01:19:00,41F,Premium Economy,743.18,Cancelled
BK000281,Noah Brown,noah.brown281@example.com,Singapore Airlines,SI2288,SFO,SEA,2025-01-04 19:32:00,2025-01-25 19:32:00,27A,Economy,417.5,Cancelled
BK000282,William White,william.white282@example.com,British Airways,BR1162,DFW,YYZ,2025-12-06 13:53:00,2026-04-14 13:53:00,29C,Premium Economy,307.8,Pending
BK000283,Mia Thomas,mia.thomas283@example.com,Delta Air Lines,DE9580,SEA,ORD,2025-04-23 18:42:00,2025-10-01 18:42:00,9C,Business,1916.76,Pending
BK000284,Mia Jackson,mia.jackson284@example.com,American Airlines,AM3865,LHR,ATL,2025-11-27 19:06:00,2026-02-16 19:06:00,37C,Premium Economy,644.95,Pending
BK000285,Olivia Harris,olivia.harris285@example.com,Emirates,EM1686,MIA,LAX,2025-02-07 04:06:00,2025-05-02 04:06:00,55E,Premium Economy,330.76,Confirmed
BK000286,Emma Thomas,emma.thomas286@example.com,Qatar Airways,QA683,SEA,DFW,2025-11-17 10:53:00,2026-03-02 10:53:00,11F,Economy,240.54,Cancelled
BK000287,Noah Brown,noah.brown287@example.com,Lufthansa,LU2561,MIA,SEA,2025-11-25 11:43:00,2026-03-19 11:43:00,31F,Premium Economy,566.57,Confirmed
BK000288,Benjamin Harris,benjamin.harris288@example.com,Lufthansa,LU1136,SEA,YYZ,2025-11-13 00:44:00,2026-03-22 00:44:00,34D,First,3832.72,Confirmed
BK000289,John Thomas,john.thomas289@example.com,Air Canada,AI6263,SFO,YYZ,2025-05-18 12:18:00,2025-10-16 12:18:00,13E,First,3637.23,Confirmed
BK000290,William Taylor,william.taylor290@example.com,British Airways,BR8331,MIA,ATL,2025-06-22 23:15:00,2025-10-12 23:15:00,35E,Premium Economy,584.05,Confirmed
BK000291,William Harris,william.harris291@example.com,Southwest Airlines,SO828,SFO,JFK,2025-07-13 12:02:00,2025-09-03 12:02:00,40C,Economy,218.56,Pending
BK000292,Noah Thomas,noah.thomas292@example.com,British Airways,BR3568,JFK,MIA,2025-10-29 17:01:00,2026-02-02 17:01:00,46B,Premium Economy,743.17,Confirmed
BK000293,Sophia White,sophia.white293@example.com,Southwest Airlines,SO715,DFW,YYZ,2025-05-18 05:52:00,2025-07-14 05:52:00,4A,First,3420.58,Confirmed
BK000294,Noah Taylor,noah.taylor294@example.com,British Airways,BR4307,SEA,ORD,2025-12-19 06:36:00,2026-01-27 06:36:00,50C,Premium Economy,395.43,Pending
BK000295,Emma Taylor,emma.taylor295@example.com,Singapore Airlines,SI5303,DFW,SEA,2025-07-08 14:32:00,2025-09-24 14:32:00,31F,Business,1423.42,Cancelled
BK000296,James Johnson,james.johnson296@example.com,United Airlines,UN9155,SEA,LHR,2025-02-23 18:09:00,2025-07-02 18:09:00,16E,Premium Economy,618.43,Pending
BK000297,Ava Martin,ava.martin297@example.com,United Airlines,UN3091,SEA,ATL,2025-09-01 15:29:00,2026-01-23 15:29:00,42D,Premium Economy,742.03,Cancelled
BK000298,Mia Harris,mia.harris298@example.com,Emirates,EM283,DFW,LHR,2025-07-22 08:04:00,2025-11-02 08:04:00,5F,First,4975.12,Pending
BK000299,Ava Harris,ava.harris299@example.com,British Airways,BR6868,SFO,MIA,2025-11-10 00:23:00,2026-01-06 00:23:00,25B,Business,2084.55,Cancelled
BK000300,James Smith,james.smith300@example.com,Qatar Airways,QA2319,ORD,SFO,2025-03-05 22:07:00,2025-04-26 22:07:00,58E,Premium Economy,581.51,Confirmed
BK000301,Ava Taylor,ava.taylor301@example.com,American Airlines,AM2492,LAX,DFW,2025-12-21 18:28:00,2026-01-20 18:28:00,44A,Business,1644.75,Confirmed
BK000302,William Brown,william.brown302@example.com,Delta Air Lines,DE5482,SFO,LHR,2025-07-11 16:57:00,2025-07-30 16:57:00,12D,First,4517.29,Confirmed
BK000303,Emma Thomas,emma.thomas303@example.com,Air Canada,AI7926,ATL,SFO,2025-10-27 20:34:00,2026-04-15 20:34:00,52B,Premium Economy,723.5,Cancelled
BK000304,Benjamin Martin,benjamin.martin304@example.com,Singapore Airlines,SI7694,MIA,ATL,2025-08-04 17:54:00,2025-09-25 17:54:00,8E,Premium Economy,366.84,Confirmed
BK000305,Mia Johnson,mia.johnson305@example.com,Emirates,EM8138,ATL,LAX,2025-01-30 02:13:00,2025-07-27 02:13:00,55D,Premium Economy,764.44,Pending
BK000306,Emma Martin,emma.martin306@example.com,Air Canada,AI3695,LAX,ORD,2025-02-02 13:53:00,2025-04-10 13:53:00,8C,First,2613.77,Cancelled
BK000307,Benjamin Martin,benjamin.martin307@example.com,Southwest Airlines,SO7415,LAX,SFO,2025-04-14 00:19:00,2025-04-29 00:19:00,2B,Business,2277.06,Pending
BK000308,Mia Taylor,mia.taylor308@example.com,Qatar Airways,QA9803,ATL,DFW,2025-04-04 21:09:00,2025-07-27 21:09:00,35F,Business,1065.81,Confirmed
BK000309,Benjamin Harris,benjamin.harris309@example.com,United Airlines,UN4937,ORD,SFO,2025-03-15 13:36:00,2025-08-26 13:36:00,49A,Economy,408.84,Cancelled
BK000310,Olivia White,olivia.white310@example.com,Lufthansa,LU2837,MIA,LHR,2025-12-14 22:00:00,2026-05-31 22:00:00,17C,Business,910.3,Cancelled
BK000311,Sophia Brown,sophia.brown311@example.com,Delta Air Lines,DE1639,SFO,JFK,2025-10-08 21:49:00,2025-10-29 21:49:00,7A,Premium Economy,737.89,Confirmed
BK000312,Benjamin Smith,benjamin.smith312@example.com,United Airlines,UN4958,DFW,SEA,2025-07-08 19:40:00,2025-10-18 19:40:00,17B,Business,1915.28,Pending
BK000313,Ava Johnson,ava.johnson313@example.com,American Airlines,AM1767,MIA,JFK,2025-02-21 23:50:00,2025-05-31 23:50:00,26B,First,5817.19,Confirmed
BK000314,Emma White,emma.white314@example.com,United Airlines,UN5982,MIA,SEA,2025-03-22 18:13:00,2025-05-09 18:13:00,1B,Business,1309.5,Pending
BK000315,William Smith,william.smith315@example.com,Emirates,EM6975,DFW,LAX,2025-01-27 16:42:00,2025-05-12 16:42:00,15D,Economy,262.3,Pending
BK000316,William Taylor,william.taylor316@example.com,United Airlines,UN151,ATL,DFW,2025-05-30 07:29:00,2025-11-16 07:29:00,9F,First,2142.35,Confirmed
BK000317,Ava Harris,ava.harris317@example.com,Emirates,EM9362,YYZ,MIA,2025-07-15 02:14:00,2025-09-05 02:14:00,9C,Economy,355.09,Confirmed
BK000318,Benjamin Brown,benjamin.brown318@example.com,Singapore Airlines,SI5414,SEA,SFO,2025-11-15 19:48:00,2026-04-17 19:48:00,43B,Business,1341.54,Confirmed
BK000319,Mia Brown,mia.brown319@example.com,British Airways,BR2248,ATL,YYZ,2025-10-20 07:07:00,2025-12-28 07:07:00,3E,First,5133.47,Pending
BK000320,Sophia Anderson,sophia.anderson320@example.com,Emirates,EM8706,SFO,YYZ,2025-07-20 04:32:00,2025-11-14 04:32:00,29B,Economy,228.47,Pending
BK000321,Noah Jackson,noah.jackson321@example.com,United Airlines,UN5733,JFK,YYZ,2025-08-09 12:10:00,2025-09-23 12:10:00,40F,Premium Economy,679.27,Confirmed
BK000322,Benjamin Martin,benjamin.martin322@example.com,Southwest Airlines,SO4430,YYZ,LAX,2025-01-20 13:54:00,2025-05-03 13:54:00,42C,Economy,379.77,Confirmed
BK000323,Emma Anderson,emma.anderson323@example.com,American Airlines,AM3164,LAX,MIA,2025-03-16 16:01:00,2025-08-05 16:01:00,11E,First,5434.51,Confirmed
BK000324,Sophia White,sophia.white324@example.com,Delta Air Lines,DE7231,YYZ,SFO,2025-08-22 11:56:00,2025-09-17 11:56:00,41F,First,4293.47,Cancelled
BK000325,Noah Johnson,noah.johnson325@example.com,British Airways,BR2033,LAX,JFK,2025-02-16 20:25:00,2025-04-17 20:25:00,31D,First,2641.25,Cancelled
BK000326,Olivia Jackson,olivia.jackson326@example.com,Southwest Airlines,SO5764,MIA,ORD,2025-07-25 14:14:00,2025-10-30 14:14:00,47D,First,5230.77,Cancelled
BK000327,Ava Harris,ava.harris327@example.com,Emirates,EM5631,SEA,LHR,2025-02-25 04:48:00,2025-03-18 04:48:00,56C,Business,1102.73,Cancelled
BK000328,Liam Anderson,liam.anderson328@example.com,British Airways,BR9341,JFK,YYZ,2025-10-23 10:09:00,2026-01-15 10:09:00,22B,Premium Economy,620.6,Pending
BK000329,Charlotte White,charlotte.white329@example.com,Delta Air Lines,DE3957,SFO,LAX,2025-08-03 07:22:00,2025-11-09 07:22:00,37D,Business,800.95,Cancelled
BK000330,Mia Harris,mia.harris330@example.com,Qatar Airways,QA2075,YYZ,JFK,2025-02-24 12:14:00,2025-08-22 12:14:00,36C,Economy,384.7,Cancelled
BK000331,William Martin,william.martin331@example.com,American Airlines,AM6439,YYZ,ORD,2025-02-10 11:11:00,2025-04-29 11:11:00,5B,First,4122.87,Cancelled
BK000332,Charlotte Harris,charlotte.harris332@example.com,Air Canada,AI3940,LHR,MIA,2025-12-14 10:28:00,2026-05-18 10:28:00,39A,Premium Economy,733.51,Cancelled
BK000333,Emma White,emma.white333@example.com,British Airways,BR575,YYZ,DFW,2025-09-20 10:58:00,2025-10-20 10:58:00,34F,First,2461.32,Cancelled
BK000334,John Thomas,john.thomas334@example.com,British Airways,BR5746,ORD,ATL,2025-12-29 08:45:00,2026-06-27 08:45:00,14A,Business,2131.05,Confirmed
BK000335,Benjamin Thomas,benjamin.thomas335@example.com,Singapore Airlines,SI6258,SEA,LHR,2025-08-29 15:27:00,2026-01-04 15:27:00,12C,Business,1920.34,Confirmed
BK000336,William Harris,william.harris336@example.com,Lufthansa,LU6554,ORD,ATL,2025-07-13 15:59:00,2025-10-18 15:59:00,17E,Economy,239.05,Confirmed
BK000337,Noah Johnson,noah.johnson337@example.com,Air Canada,AI7386,ORD,DFW,2025-01-19 17:07:00,2025-07-14 17:07:00,31D,Economy,368.69,Confirmed
BK000338,Charlotte Johnson,charlotte.johnson338@example.com,Lufthansa,LU9242,LHR,ATL,2025-07-21 23:34:00,2025-09-28 23:34:00,5A,Economy,378.93,Cancelled
BK000339,Ava Jackson,ava.jackson339@example.com,Singapore Airlines,SI2129,LHR,JFK,2025-04-19 01:19:00,2025-05-09 01:19:00,7F,Economy,245.31,Cancelled
BK000340,Mia Harris,mia.harris340@example.com,Singapore Airlines,SI7810,LHR,SEA,2025-11-01 19:34:00,2026-02-19 19:34:00,6B,Premium Economy,340.19,Cancelled
BK000341,Emma Jackson,emma.jackson341@example.com,American Airlines,AM1246,YYZ,SEA,2025-02-01 02:43:00,2025-07-08 02:43:00,34C,Premium Economy,369.66,Pending
BK000342,Charlotte Martin,charlotte.martin342@example.com,United Airlines,UN744,LAX,YYZ,2025-03-09 10:27:00,2025-05-23 10:27:00,22C,Economy,388.71,Pending
BK000343,Ava Martin,ava.martin343@example.com,Lufthansa,LU4280,ORD,SFO,2025-06-06 14:16:00,2025-06-30 14:16:00,44F,First,4802.7,Pending
BK000344,Noah Jackson,noah.jackson344@example.com,Qatar Airways,QA6653,JFK,DFW,2025-09-04 00:04:00,2025-09-16 00:04:00,36B,First,4745.68,Pending
BK000345,Emma Brown,emma.brown345@example.com,Singapore Airlines,SI4701,ORD,MIA,2025-10-12 03:30:00,2026-03-21 03:30:00,26D,Economy,344.75,Pending
BK000346,Liam Taylor,liam.taylor346@example.com,United Airlines,UN4079,SEA,MIA,2025-12-07 05:11:00,2026-03-09 05:11:00,60C,Economy,403.92,Cancelled
BK000347,Ava Harris,ava.harris347@example.com,United Airlines,UN3216,SFO,MIA,2025-09-09 21:37:00,2026-03-06 21:37:00,53F,First,3049.17,Cancelled
BK000348,Liam Thomas,liam.thomas348@example.com,United Airlines,UN4395,ATL,LHR,2025-03-16 14:50:00,2025-05-24 14:50:00,21C,Premium Economy,398.58,Cancelled
BK000349,Benjamin Thomas,benjamin.thomas349@example.com,Delta Air Lines,DE9429,YYZ,MIA,2025-09-24 13:04:00,2025-10-06 13:04:00,38D,First,2061.37,Pending
BK000350,Olivia White,olivia.white350@example.com,American Airlines,AM3176,SFO,DFW,2025-12-22 10:16:00,2026-03-01 10:16:00,2B,First,5576.49,Confirmed
BK000351,Sophia Brown,sophia.brown351@example.com,Singapore Airlines,SI4786,DFW,MIA,2025-03-27 12:37:00,2025-04-30 12:37:00,30F,Business,2176.13,Confirmed
BK000352,Noah Smith,noah.smith352@example.com,British Airways,BR1078,SEA,MIA,2025-03-24 16:10:00,2025-05-19 16:10:00,54A,Premium Economy,777.98,Pending
BK000353,Emma Jackson,emma.jackson353@example.com,United Airlines,UN7490,MIA,ORD,2025-12-14 07:44:00,2026-05-03 07:44:00,37E,First,4923.02,Pending
BK000354,Charlotte White,charlotte.white354@example.com,Singapore Airlines,SI5093,ATL,SEA,2025-07-21 03:11:00,2025-10-04 03:11:00,22C,Business,1696.87,Confirmed
BK000355,John Thomas,john.thomas355@example.com,Southwest Airlines,SO5042,ORD,LAX,2025-08-09 11:58:00,2025-09-29 11:58:00,19C,Business,1218.54,Confirmed
BK000356,Olivia Johnson,olivia.johnson356@example.com,Air Canada,AI3342,DFW,YYZ,2025-01-11 17:29:00,2025-06-22 17:29:00,38C,Business,1725.34,Pending
BK000357,John Smith,john.smith357@example.com,Qatar Airways,QA5480,YYZ,ORD,2025-09-12 03:56:00,2025-09-15 03:56:00,57F,Premium Economy,398.92,Pending
BK000358,Charlotte Thomas,charlotte.thomas358@example.com,Singapore Airlines,SI971,ORD,YYZ,2025-07-07 23:25:00,2025-09-30 23:25:00,14B,Premium Economy,318.15,Confirmed
BK000359,William Jackson,william.jackson359@example.com,Emirates,EM408,LAX,SFO,2025-08-27 07:53:00,2025-12-16 07:53:00,54D,Business,2088.18,Pending
BK000360,Emma White,emma.white360@example.com,American Airlines,AM8555,ORD,MIA,2025-03-26 23:33:00,2025-06-23 23:33:00,18B,First,4198.69,Confirmed
BK000361,William White,william.white361@example.com,Delta Air Lines,DE7436,YYZ,SFO,2025-12-20 12:30:00,2026-01-23 12:30:00,8D,Economy,201.21,Confirmed
BK000362,John Anderson,john.anderson362@example.com,Southwest Airlines,SO7209,SEA,ORD,2025-09-20 10:43:00,2026-03-13 10:43:00,16D,First,3089.71,Pending
BK000363,Olivia Brown,olivia.brown363@example.com,American Airlines,AM3467,ATL,SFO,2025-07-18 00:17:00,2025-11-30 00:17:00,20E,Premium Economy,478.86,Confirmed
BK000364,John Brown,john.brown364@example.com,Air Canada,AI3663,SFO,ORD,2025-03-18 19:43:00,2025-04-02 19:43:00,54E,Economy,264.18,Confirmed
BK000365,Olivia Harris,olivia.harris365@example.com,British Airways,BR6250,SFO,LAX,2025-12-02 23:27:00,2025-12-06 23:27:00,10A,First,3478.93,Pending
BK000366,Sophia Anderson,sophia.anderson366@example.com,American Airlines,AM4238,JFK,LAX,2025-04-12 20:16:00,2025-09-29 20:16:00,19F,Business,2277.56,Confirmed
BK000367,James Anderson,james.anderson367@example.com,Southwest Airlines,SO8847,MIA,ORD,2025-02-24 08:39:00,2025-03-15 08:39:00,55B,First,2459.95,Confirmed
BK000368,Charlotte Smith,charlotte.smith368@example.com,Delta Air Lines,DE9218,ATL,DFW,2025-10-30 12:12:00,2026-02-26 12:12:00,9E,First,4529.5,Pending
BK000369,Emma White,emma.white369@example.com,Air Canada,AI3154,YYZ,JFK,2025-09-23 15:39:00,2026-01-13 15:39:00,42F,Business,1689.97,Pending
BK000370,Mia Martin,mia.martin370@example.com,Lufthansa,LU9591,LHR,YYZ,2025-07-21 04:59:00,2025-09-18 04:59:00,36D,Economy,254.68,Cancelled
BK000371,Ava Smith,ava.smith371@example.com,British Airways,BR9533,ATL,JFK,2025-05-07 21:21:00,2025-07-26 21:21:00,40F,Business,2404.77,Cancelled
BK000372,Noah Smith,noah.smith372@example.com,Southwest Airlines,SO6993,MIA,ATL,2025-04-10 13:16:00,2025-06-07 13:16:00,45A,Premium Economy,569.38,Pending
BK000373,Benjamin Anderson,benjamin.anderson373@example.com,Singapore Airlines,SI8505,ORD,LAX,2025-01-28 21:15:00,2025-03-13 21:15:00,45A,First,4330.48,Confirmed
BK000374,Benjamin Martin,benjamin.martin374@example.com,Qatar Airways,QA2116,LAX,YYZ,2025-09-08 14:39:00,2025-09-12 14:39:00,8B,First,3125.24,Confirmed
BK000375,Benjamin Johnson,benjamin.johnson375@example.com,Southwest Airlines,SO5727,ATL,ORD,2025-10-20 04:02:00,2025-11-28 04:02:00,9A,Economy,224.03,Pending
BK000376,Liam Harris,liam.harris376@example.com,Qatar Airways,QA736,YYZ,DFW,2025-03-24 03:04:00,2025-06-17 03:04:00,41A,Premium Economy,694.51,Cancelled
BK000377,Emma Johnson,emma.johnson377@example.com,British Airways,BR7372,SEA,SFO,2025-05-18 16:57:00,2025-09-29 16:57:00,31A,Business,2492.64,Confirmed
BK000378,Mia Smith,mia.smith378@example.com,British Airways,BR6334,JFK,DFW,2025-07-07 15:04:00,2025-11-28 15:04:00,16A,First,2065.99,Pending
BK000379,Emma Thomas,emma.thomas379@example.com,Delta Air Lines,DE3516,SEA,DFW,2025-11-22 10:20:00,2026-04-16 10:20:00,7F,Premium Economy,612.04,Confirmed
BK000380,Charlotte Taylor,charlotte.taylor380@example.com,Lufthansa,LU4707,SEA,SFO,2025-08-26 06:08:00,2026-02-20 06:08:00,52B,Business,1750.86,Confirmed
BK000381,Benjamin Brown,benjamin.brown381@example.com,American Airlines,AM472,LAX,ORD,2025-07-24 04:39:00,2026-01-07 04:39:00,48C,Premium Economy,316.88,Pending
BK000382,Noah Harris,noah.harris382@example.com,Lufthansa,LU8850,LHR,JFK,2025-03-11 22:35:00,2025-08-18 22:35:00,6C,Economy,474.4,Pending
BK000383,Ava Taylor,ava.taylor383@example.com,Air Canada,AI6005,SFO,YYZ,2025-07-15 07:08:00,2025-08-31 07:08:00,21E,First,5400.88,Cancelled
BK000384,Noah Taylor,noah.taylor384@example.com,Lufthansa,LU9477,MIA,SFO,2025-09-28 14:02:00,2026-01-10 14:02:00,21A,Economy,383.56,Cancelled
BK000385,Liam Harris,liam.harris385@example.com,United Airlines,UN7419,SEA,DFW,2025-05-15 13:23:00,2025-10-04 13:23:00,50B,Premium Economy,359.73,Cancelled
BK000386,Mia White,mia.white386@example.com,United Airlines,UN9121,JFK,LHR,2025-10-14 13:01:00,2026-01-17 13:01:00,45B,First,4659.54,Confirmed
BK000387,Noah Brown,noah.brown387@example.com,Air Canada,AI1241,LHR,ATL,2025-05-09 05:30:00,2025-07-04 05:30:00,17C,First,4474.16,Pending
BK000388,James Thomas,james.thomas388@example.com,Air Canada,AI2038,ORD,DFW,2025-05-19 06:43:00,2025-06-06 06:43:00,21C,Premium Economy,591.43,Cancelled
BK000389,William White,william.white389@example.com,Delta Air Lines,DE8568,SFO,JFK,2025-05-10 07:20:00,2025-10-11 07:20:00,37B,First,5300.33,Confirmed
BK000390,John Anderson,john.anderson390@example.com,Qatar Airways,QA617,LHR,SEA,2025-04-29 22:12:00,2025-05-17 22:12:00,47F,Premium Economy,586.13,Confirmed
BK000391,Liam Jackson,liam.jackson391@example.com,Delta Air Lines,DE4736,ATL,SEA,2025-09-01 18:31:00,2026-01-25 18:31:00,41B,Business,2068.83,Pending
BK000392,Mia Anderson,mia.anderson392@example.com,Air Canada,AI5065,SEA,LHR,2025-07-02 09:23:00,2025-08-01 09:23:00,34D,Economy,290.01,Confirmed
BK000393,Noah Harris,noah.harris393@example.com,Singapore Airlines,SI7956,SEA,YYZ,2025-09-01 18:31:00,2026-01-28 18:31:00,20D,Business,1713.66,Pending
BK000394,Charlotte Thomas,charlotte.thomas394@example.com,Qatar Airways,QA4565,LHR,SFO,2025-11-13 23:39:00,2026-02-12 23:39:00,49A,Premium Economy,492.66,Confirmed
BK000395,Olivia Jackson,olivia.jackson395@example.com,Singapore Airlines,SI5311,ATL,ORD,2025-09-25 01:26:00,2026-02-28 01:26:00,8B,Business,1080.82,Cancelled
BK000396,Charlotte Harris,charlotte.harris396@example.com,Singapore Airlines,SI205,SEA,DFW,2025-07-22 11:48:00,2025-10-14 11:48:00,42F,Economy,267.97,Cancelled
BK000397,Noah Johnson,noah.johnson397@example.com,Air Canada,AI3206,YYZ,MIA,2025-04-06 08:30:00,2025-07-30 08:30:00,9A,Economy,351.87,Pending
BK000398,Noah Johnson,noah.johnson398@example.com,Lufthansa,LU1709,ORD,JFK,2025-10-30 16:28:00,2026-01-09 16:28:00,6B,Business,1282.54,Pending
BK000399,Sophia White,sophia.white399@example.com,Emirates,EM9501,JFK,ATL,2025-01-14 05:14:00,2025-02-04 05:14:00,60F,Premium Economy,622.82,Cancelled
BK000400,Noah Anderson,noah.anderson400@example.com,American Airlines,AM9338,MIA,DFW,2025-03-10 13:28:00,2025-04-19 13:28:00,6E,Premium Economy,370.97,Confirmed
BK000401,James Smith,james.smith401@example.com,Air Canada,AI3505,MIA,SEA,2025-12-25 00:54:00,2026-04-16 00:54:00,43B,Business,1650.99,Confirmed
BK000402,William Harris,william.harris402@example.com,Singapore Airlines,SI3551,ORD,MIA,2025-11-15 11:20:00,2026-03-20 11:20:00,7A,Economy,111.75,Cancelled
BK000403,Noah Jackson,noah.jackson403@example.com,Singapore Airlines,SI8914,DFW,LHR,2025-05-11 15:19:00,2025-07-14 15:19:00,8A,Business,1387.31,Pending
BK000404,Charlotte Brown,charlotte.brown404@example.com,British Airways,BR2299,ORD,SFO,2025-10-21 12:05:00,2026-03-18 12:05:00,46D,Business,1607.71,Cancelled
BK000405,Liam Anderson,liam.anderson405@example.com,United Airlines,UN1733,SFO,ORD,2025-12-13 00:33:00,2026-03-06 00:33:00,20A,Business,1941.17,Pending
BK000406,Benjamin Jackson,benjamin.jackson406@example.com,Southwest Airlines,SO1645,ATL,LAX,2025-09-14 17:32:00,2025-10-20 17:32:00,33D,Premium Economy,624.61,Pending
BK000407,Noah Johnson,noah.johnson407@example.com,Qatar Airways,QA6848,LHR,MIA,2025-08-01 22:42:00,2025-08-30 22:42:00,53A,Economy,268.75,Cancelled
BK000408,William Smith,william.smith408@example.com,Lufthansa,LU8164,LHR,SEA,2025-05-21 05:26:00,2025-08-17 05:26:00,37D,Premium Economy,572.24,Confirmed
BK000409,James Brown,james.brown409@example.com,American Airlines,AM803,SEA,LHR,2025-06-04 15:10:00,2025-10-01 15:10:00,24B,Business,2412.03,Cancelled
BK000410,Ava White,ava.white410@example.com,Qatar Airways,QA283,LAX,ORD,2025-02-05 18:47:00,2025-05-12 18:47:00,31B,Business,2235.75,Confirmed
BK000411,John Johnson,john.johnson411@example.com,Southwest Airlines,SO9824,LAX,LHR,2025-05-03 02:52:00,2025-09-01 02:52:00,8B,Economy,249.85,Confirmed
BK000412,Mia Brown,mia.brown412@example.com,Qatar Airways,QA9228,LAX,JFK,2025-06-19 02:25:00,2025-10-29 02:25:00,30B,First,5899.92,Cancelled
BK000413,Charlotte Harris,charlotte.harris413@example.com,Singapore Airlines,SI1332,ORD,JFK,2025-10-17 10:53:00,2026-01-02 10:53:00,59B,Business,1390.56,Pending
BK000414,Emma Johnson,emma.johnson414@example.com,Qatar Airways,QA6948,DFW,MIA,2025-09-26 15:55:00,2025-10-02 15:55:00,15D,Business,2087.2,Pending
BK000415,Sophia Taylor,sophia.taylor415@example.com,Southwest Airlines,SO9768,LAX,ORD,2025-05-18 01:21:00,2025-09-27 01:21:00,6C,Business,1634.04,Confirmed
BK000416,Mia Johnson,mia.johnson416@example.com,British Airways,BR5922,ORD,LHR,2025-08-31 05:47:00,2025-11-27 05:47:00,54F,Economy,227.3,Confirmed
BK000417,Sophia Taylor,sophia.taylor417@example.com,British Airways,BR5968,DFW,LAX,2025-08-14 23:50:00,2025-09-08 23:50:00,20C,Premium Economy,457.9,Pending
BK000418,Benjamin Taylor,benjamin.taylor418@example.com,Delta Air Lines,DE7252,SFO,LAX,2025-02-17 09:04:00,2025-03-17 09:04:00,28D,Premium Economy,782.98,Confirmed
BK000419,John Taylor,john.taylor419@example.com,Emirates,EM6312,MIA,LHR,2025-07-28 18:07:00,2025-12-03 18:07:00,1D,Business,2256.33,Pending
BK000420,Liam Brown,liam.brown420@example.com,Air Canada,AI6999,ORD,LHR,2025-10-21 06:55:00,2025-12-30 06:55:00,37A,First,3547.41,Confirmed
BK000421,Mia Thomas,mia.thomas421@example.com,Southwest Airlines,SO6154,LAX,DFW,2025-08-25 09:48:00,2026-02-13 09:48:00,12F,Premium Economy,734.67,Pending
BK000422,James White,james.white422@example.com,Air Canada,AI691,DFW,JFK,2025-09-28 14:09:00,2026-03-25 14:09:00,7B,Premium Economy,537.76,Confirmed
BK000423,Sophia Brown,sophia.brown423@example.com,Delta Air Lines,DE2556,LAX,ORD,2025-03-28 21:25:00,2025-09-21 21:25:00,35D,Economy,444.88,Confirmed
BK000424,James Martin,james.martin424@example.com,Air Canada,AI3873,ATL,SEA,2025-08-24 12:03:00,2025-09-17 12:03:00,3D,First,4889.56,Confirmed
BK000425,Noah Brown,noah.brown425@example.com,Southwest Airlines,SO9119,JFK,ATL,2025-01-18 09:14:00,2025-05-12 09:14:00,21B,Premium Economy,560.28,Confirmed
BK000426,Olivia Taylor,olivia.taylor426@example.com,Delta Air Lines,DE4726,DFW,LHR,2025-02-01 21:03:00,2025-02-13 21:03:00,30D,First,3555.42,Cancelled
BK000427,Liam Smith,liam.smith427@example.com,Delta Air Lines,DE1622,LHR,YYZ,2025-07-24 17:18:00,2025-09-23 17:18:00,11E,First,5671.67,Cancelled
BK000428,Mia Taylor,mia.taylor428@example.com,United Airlines,UN3696,SFO,DFW,2025-09-22 04:13:00,2025-11-24 04:13:00,13B,Business,1199.24,Cancelled
BK000429,James Brown,james.brown429@example.com,Delta Air Lines,DE6258,YYZ,DFW,2025-07-15 17:27:00,2025-09-11 17:27:00,18B,First,4003.22,Pending
BK000430,Sophia Taylor,sophia.taylor430@example.com,Delta Air Lines,DE3058,LAX,MIA,2025-03-17 21:44:00,2025-07-21 21:44:00,3A,First,5805.04,Confirmed
BK000431,James Anderson,james.anderson431@example.com,Emirates,EM5460,LAX,LHR,2025-08-19 09:03:00,2025-10-05 09:03:00,32B,Premium Economy,429.81,Confirmed
BK000432,Olivia Taylor,olivia.taylor432@example.com,American Airlines,AM3622,SFO,LAX,2025-04-02 04:42:00,2025-08-13 04:42:00,31E,First,5773.12,Confirmed
BK000433,John Thomas,john.thomas433@example.com,American Airlines,AM5992,ATL,SEA,2025-04-26 12:02:00,2025-05-06 12:02:00,55E,Business,2346.01,Confirmed
BK000434,William White,william.white434@example.com,Air Canada,AI8019,DFW,MIA,2025-01-29 01:38:00,2025-02-07 01:38:00,24A,Economy,223.55,Confirmed
BK000435,James Smith,james.smith435@example.com,Lufthansa,LU2834,ORD,SFO,2025-09-05 20:17:00,2025-09-19 20:17:00,29E,Economy,235.52,Pending
BK000436,Charlotte Smith,charlotte.smith436@example.com,Lufthansa,LU4484,LHR,JFK,2025-09-07 21:51:00,2025-09-27 21:51:00,50D,Premium Economy,324.03,Pending
BK000437,James Anderson,james.anderson437@example.com,United Airlines,UN2216,SEA,JFK,2025-06-19 03:40:00,2025-12-05 03:40:00,33B,Economy,106.94,Confirmed
BK000438,John White,john.white438@example.com,American Airlines,AM1838,LAX,ORD,2025-05-12 20:59:00,2025-08-07 20:59:00,10A,Business,2026.74,Confirmed
BK000439,Noah White,noah.white439@example.com,Qatar Airways,QA5916,ATL,JFK,2025-09-07 20:35:00,2025-09-24 20:35:00,11C,Premium Economy,610.12,Confirmed
BK000440,Mia Jackson,mia.jackson440@example.com,Southwest Airlines,SO8297,ATL,SEA,2025-11-07 07:36:00,2026-05-04 07:36:00,22B,First,5541.78,Confirmed
BK000441,Sophia Smith,sophia.smith441@example.com,Emirates,EM8211,DFW,ORD,2025-12-12 09:44:00,2026-02-17 09:44:00,2F,Business,2378.88,Cancelled
BK000442,William Harris,william.harris442@example.com,Qatar Airways,QA7447,ATL,ORD,2025-11-12 12:37:00,2026-03-11 12:37:00,24B,Business,915.81,Pending
BK000443,Sophia Martin,sophia.martin443@example.com,Lufthansa,LU5210,DFW,LHR,2025-01-12 06:11:00,2025-01-17 06:11:00,4F,Economy,258.15,Confirmed
BK000444,Sophia Brown,sophia.brown444@example.com,Southwest Airlines,SO1131,LAX,SEA,2025-09-18 14:56:00,2026-03-06 14:56:00,53B,First,4475.29,Cancelled
BK000445,Liam Smith,liam.smith445@example.com,Southwest Airlines,SO6772,DFW,YYZ,2025-06-10 15:50:00,2025-11-21 15:50:00,33E,Premium Economy,624.89,Confirmed
BK000446,Liam Thomas,liam.thomas446@example.com,Emirates,EM1325,SFO,ATL,2025-10-07 10:50:00,2026-01-14 10:50:00,25A,First,5565.84,Pending
BK000447,Noah Harris,noah.harris447@example.com,British Airways,BR4106,SFO,YYZ,2025-03-11 14:05:00,2025-07-26 14:05:00,34E,First,2485.53,Pending
BK000448,Emma Martin,emma.martin448@example.com,Air Canada,AI2178,MIA,LHR,2025-09-23 19:17:00,2026-01-17 19:17:00,19A,First,4484.19,Pending
BK000449,Sophia Harris,sophia.harris449@example.com,Delta Air Lines,DE2981,LHR,SFO,2025-01-25 18:37:00,2025-03-07 18:37:00,49C,Premium Economy,312.72,Cancelled
BK000450,Liam Thomas,liam.thomas450@example.com,Emirates,EM6286,LHR,SEA,2025-10-12 16:25:00,2025-12-08 16:25:00,1D,First,2441.7,Pending
BK000451,Liam Johnson,liam.johnson451@example.com,Air Canada,AI1005,MIA,DFW,2025-02-09 06:48:00,2025-05-06 06:48:00,54F,Economy,455.06,Pending
BK000452,Benjamin Jackson,benjamin.jackson452@example.com,Southwest Airlines,SO1904,MIA,ATL,2025-10-20 20:07:00,2026-02-02 20:07:00,49B,Business,2256.15,Confirmed
BK000453,Charlotte Anderson,charlotte.anderson453@example.com,Singapore Airlines,SI5813,ATL,SEA,2025-12-15 18:24:00,2026-02-14 18:24:00,53D,First,4839.86,Cancelled
BK000454,William Thomas,william.thomas454@example.com,Emirates,EM7384,SEA,ATL,2025-11-22 09:29:00,2026-05-17 09:29:00,17B,Premium Economy,342.06,Pending
BK000455,Charlotte Brown,charlotte.brown455@example.com,Qatar Airways,QA8237,SFO,DFW,2025-11-23 00:03:00,2025-12-15 00:03:00,23D,Business,1658.8,Cancelled
BK000456,James Taylor,james.taylor456@example.com,American Airlines,AM3677,JFK,LAX,2025-02-24 05:58:00,2025-05-25 05:58:00,37C,First,2634.05,Confirmed
BK000457,Sophia White,sophia.white457@example.com,United Airlines,UN8933,ORD,YYZ,2025-03-01 21:56:00,2025-07-27 21:56:00,1B,First,5366.45,Cancelled
BK000458,Charlotte White,charlotte.white458@example.com,Delta Air Lines,DE1241,ATL,DFW,2025-08-07 12:43:00,2026-02-03 12:43:00,42C,Business,2047.13,Confirmed
BK000459,William White,william.white459@example.com,Emirates,EM8863,ATL,SEA,2025-09-27 03:44:00,2025-11-07 03:44:00,17C,First,5365.83,Pending
BK000460,William Smith,william.smith460@example.com,Singapore Airlines,SI7101,ATL,ORD,2025-01-17 15:14:00,2025-06-09 15:14:00,58C,Economy,138.98,Pending
BK000461,James Taylor,james.taylor461@example.com,Emirates,EM1831,ORD,SFO,2025-02-17 13:07:00,2025-07-07 13:07:00,2C,Economy,331.8,Pending
BK000462,Benjamin Brown,benjamin.brown462@example.com,United Airlines,UN8191,MIA,SFO,2025-04-29 15:40:00,2025-06-12 15:40:00,4E,Economy,246.93,Cancelled
BK000463,John Brown,john.brown463@example.com,Emirates,EM8266,LHR,JFK,2025-09-11 22:01:00,2026-03-09 22:01:00,22E,Economy,379.86,Cancelled
BK000464,Charlotte Brown,charlotte.brown464@example.com,Emirates,EM5790,JFK,SEA,2025-01-01 17:35:00,2025-06-02 17:35:00,13D,Premium Economy,543.79,Pending
BK000465,Charlotte Smith,charlotte.smith465@example.com,Southwest Airlines,SO6017,SEA,MIA,2025-04-28 13:01:00,2025-05-18 13:01:00,27C,First,4143.07,Confirmed
BK000466,Noah Thomas,noah.thomas466@example.com,Singapore Airlines,SI8723,SEA,YYZ,2025-12-11 02:58:00,2026-01-12 02:58:00,7A,Business,2140.9,Pending
BK000467,John Thomas,john.thomas467@example.com,Delta Air Lines,DE8861,JFK,YYZ,2025-04-26 15:29:00,2025-10-11 15:29:00,31D,Economy,150.77,Pending
BK000468,James Thomas,james.thomas468@example.com,Delta Air Lines,DE6107,LHR,SFO,2025-02-18 00:19:00,2025-04-28 00:19:00,22E,Premium Economy,666.74,Cancelled
BK000469,Mia Martin,mia.martin469@example.com,Southwest Airlines,SO1022,YYZ,SEA,2025-01-17 22:06:00,2025-04-07 22:06:00,40A,First,4196.73,Pending
BK000470,James White,james.white470@example.com,American Airlines,AM9360,DFW,LAX,2025-09-18 00:37:00,2025-10-12 00:37:00,18C,First,4065.81,Pending
BK000471,William Taylor,william.taylor471@example.com,British Airways,BR1695,JFK,LAX,2025-03-29 12:45:00,2025-08-07 12:45:00,33F,Business,1140.57,Pending
BK000472,William White,william.white472@example.com,United Airlines,UN5275,ORD,MIA,2025-04-03 18:03:00,2025-07-17 18:03:00,29F,Business,1086.13,Confirmed
BK000473,James Harris,james.harris473@example.com,Singapore Airlines,SI6684,LAX,SEA,2025-12-03 08:56:00,2026-03-12 08:56:00,2E,Business,1132.79,Pending
BK000474,Ava Smith,ava.smith474@example.com,Air Canada,AI890,ORD,YYZ,2025-01-24 00:39:00,2025-05-05 00:39:00,17C,Premium Economy,503.24,Pending
BK000475,Sophia White,sophia.white475@example.com,Delta Air Lines,DE2767,LAX,SFO,2025-08-03 11:24:00,2025-11-21 11:24:00,34B,Premium Economy,599.47,Pending
BK000476,Ava Martin,ava.martin476@example.com,American Airlines,AM5010,DFW,SFO,2025-08-05 11:07:00,2025-10-10 11:07:00,1F,Business,1817.96,Confirmed
BK000477,James Brown,james.brown477@example.com,Air Canada,AI3277,YYZ,LAX,2025-09-10 10:30:00,2025-12-09 10:30:00,40C,First,4494.14,Cancelled
BK000478,Mia Smith,mia.smith478@example.com,Singapore Airlines,SI6002,ATL,DFW,2025-01-18 15:03:00,2025-03-09 15:03:00,39B,Economy,494.64,Confirmed
BK000479,John Smith,john.smith479@example.com,Southwest Airlines,SO7336,LHR,YYZ,2025-04-30 16:31:00,2025-05-21 16:31:00,51B,Economy,178.21,Pending
BK000480,John Anderson,john.anderson480@example.com,Southwest Airlines,SO6425,JFK,ORD,2025-06-25 04:08:00,2025-07-11 04:08:00,25F,Business,1078.28,Confirmed
BK000481,James White,james.white481@example.com,Air Canada,AI4206,YYZ,SFO,2025-11-12 11:11:00,2025-11-24 11:11:00,30D,Economy,252.56,Pending
BK000482,William Brown,william.brown482@example.com,Air Canada,AI4627,SFO,MIA,2025-04-05 17:27:00,2025-08-14 17:27:00,13B,Premium Economy,449.95,Cancelled
BK000483,William Harris,william.harris483@example.com,Air Canada,AI4865,MIA,ATL,2025-10-02 05:49:00,2026-01-29 05:49:00,7D,First,2803.37,Cancelled
BK000484,John Brown,john.brown484@example.com,British Airways,BR9315,DFW,YYZ,2025-07-29 12:54:00,2025-10-04 12:54:00,25C,Economy,344.53,Pending
BK000485,Mia Brown,mia.brown485@example.com,United Airlines,UN1399,ATL,JFK,2025-06-17 07:26:00,2025-07-14 07:26:00,3F,First,3069.98,Cancelled
BK000486,Sophia Taylor,sophia.taylor486@example.com,Southwest Airlines,SO2836,YYZ,ATL,2025-05-05 19:21:00,2025-05-18 19:21:00,25F,Economy,320.54,Cancelled
BK000487,Sophia Thomas,sophia.thomas487@example.com,Southwest Airlines,SO8671,MIA,ORD,2025-09-06 16:59:00,2025-10-01 16:59:00,14E,Economy,375.37,Cancelled
BK000488,Sophia Harris,sophia.harris488@example.com,Emirates,EM4788,JFK,MIA,2025-10-18 08:53:00,2026-01-27 08:53:00,51F,Economy,266.8,Confirmed
BK000489,William Johnson,william.johnson489@example.com,Delta Air Lines,DE3252,SFO,ORD,2025-04-28 03:59:00,2025-06-22 03:59:00,16C,Economy,137.67,Cancelled
BK000490,John Jackson,john.jackson490@example.com,Singapore Airlines,SI8187,LHR,ATL,2025-01-22 00:01:00,2025-06-03 00:01:00,48A,First,3654.91,Pending
BK000491,Benjamin Brown,benjamin.brown491@example.com,Singapore Airlines,SI3505,YYZ,MIA,2025-12-26 04:53:00,2026-01-04 04:53:00,30B,Business,1987.22,Pending
BK000492,Olivia Thomas,olivia.thomas492@example.com,American Airlines,AM8348,ATL,SEA,2025-10-24 03:26:00,2026-04-08 03:26:00,20B,Economy,341.23,Pending
BK000493,James Jackson,james.jackson493@example.com,Qatar Airways,QA6282,JFK,SFO,2025-02-04 01:42:00,2025-03-10 01:42:00,30E,First,4947.71,Pending
BK000494,Charlotte Anderson,charlotte.anderson494@example.com,Air Canada,AI1673,DFW,ATL,2025-07-10 04:42:00,2025-08-30 04:42:00,23A,Business,1469.06,Confirmed
BK000495,William Thomas,william.thomas495@example.com,United Airlines,UN9588,LHR,SFO,2025-07-27 14:50:00,2025-10-29 14:50:00,49C,Economy,180.47,Confirmed
BK000496,John Smith,john.smith496@example.com,Delta Air Lines,DE8624,SEA,JFK,2025-04-14 06:51:00,2025-07-05 06:51:00,46C,Business,1097.71,Confirmed
BK000497,Charlotte Martin,charlotte.martin497@example.com,Delta Air Lines,DE6123,ORD,LAX,2025-05-28 08:51:00,2025-06-17 08:51:00,9A,Premium Economy,650.25,Pending
BK000498,Benjamin Johnson,benjamin.johnson498@example.com,British Airways,BR4593,SFO,JFK,2025-01-24 18:36:00,2025-02-21 18:36:00,58B,Premium Economy,410.89,Cancelled
BK000499,Liam White,liam.white499@example.com,Southwest Airlines,SO4461,JFK,ORD,2025-02-24 17:48:00,2025-05-30 17:48:00,24B,Economy,441.09,Cancelled
BK000500,James Taylor,james.taylor500@example.com,Southwest Airlines,SO4198,ORD,LHR,2025-06-24 15:12:00,2025-12-16 15:12:00,13C,Economy,371.33,Confirmed
BK000501,Ava Martin,ava.martin501@example.com,Emirates,EM8616,YYZ,JFK,2025-09-22 23:20:00,2026-02-07 23:20:00,45A,Premium Economy,516.47,Cancelled
BK000502,Noah Jackson,noah.jackson502@example.com,Emirates,EM3150,MIA,LHR,2025-04-27 11:08:00,2025-05-29 11:08:00,45C,First,5217.72,Pending
BK000503,Emma Thomas,emma.thomas503@example.com,Qatar Airways,QA4351,ATL,JFK,2025-09-01 01:25:00,2025-11-08 01:25:00,38F,Economy,324.32,Cancelled
BK000504,Ava Taylor,ava.taylor504@example.com,Air Canada,AI1361,LAX,ATL,2025-05-17 15:20:00,2025-08-10 15:20:00,12E,Business,2461.48,Confirmed
BK000505,Liam Smith,liam.smith505@example.com,American Airlines,AM2913,ORD,YYZ,2025-06-02 10:25:00,2025-11-05 10:25:00,27D,Business,2087.48,Cancelled
BK000506,Noah Thomas,noah.thomas506@example.com,United Airlines,UN2005,LAX,ORD,2025-06-07 15:55:00,2025-11-23 15:55:00,14C,Economy,459.58,Pending
BK000507,Benjamin Johnson,benjamin.johnson507@example.com,Delta Air Lines,DE267,JFK,MIA,2025-09-06 00:29:00,2025-12-15 00:29:00,48D,Economy,257.05,Pending
BK000508,James Harris,james.harris508@example.com,Qatar Airways,QA3023,ATL,YYZ,2025-12-07 00:48:00,2026-05-25 00:48:00,47C,Economy,415.67,Pending
BK000509,William Jackson,william.jackson509@example.com,Emirates,EM2035,LHR,DFW,2025-12-12 18:39:00,2025-12-21 18:39:00,12B,First,2120.26,Cancelled
BK000510,Emma Brown,emma.brown510@example.com,American Airlines,AM5528,SFO,LHR,2025-11-27 15:30:00,2026-02-05 15:30:00,57C,First,5917.41,Cancelled
BK000511,Charlotte Taylor,charlotte.taylor511@example.com,Air Canada,AI6925,LAX,LHR,2025-04-04 23:22:00,2025-06-25 23:22:00,42D,Premium Economy,311.96,Cancelled
BK000512,Noah White,noah.white512@example.com,Southwest Airlines,SO2301,DFW,ORD,2025-02-08 05:42:00,2025-04-29 05:42:00,30F,Premium Economy,613.63,Confirmed
BK000513,Noah Martin,noah.martin513@example.com,Delta Air Lines,DE6756,LHR,MIA,2025-03-01 21:09:00,2025-07-05 21:09:00,21D,Economy,403.35,Cancelled
BK000514,James Anderson,james.anderson514@example.com,Air Canada,AI5629,ORD,MIA,2025-11-04 16:09:00,2026-04-27 16:09:00,58C,Business,1441.31,Cancelled
BK000515,John Brown,john.brown515@example.com,Delta Air Lines,DE1660,JFK,SEA,2025-08-10 09:37:00,2025-10-02 09:37:00,59E,Premium Economy,764.53,Confirmed
BK000516,William Johnson,william.johnson516@example.com,United Airlines,UN2327,DFW,LHR,2025-04-17 08:55:00,2025-05-05 08:55:00,3B,Business,1119.22,Cancelled
BK000517,William Harris,william.harris517@example.com,Lufthansa,LU5751,LHR,ORD,2025-05-16 01:37:00,2025-06-01 01:37:00,2A,Premium Economy,782.58,Cancelled
BK000518,Liam Martin,liam.martin518@example.com,United Airlines,UN7216,SFO,MIA,2025-06-05 10:00:00,2025-10-07 10:00:00,32F,Premium Economy,342.81,Pending
BK000519,Noah Harris,noah.harris519@example.com,United Airlines,UN2647,SFO,SEA,2025-11-21 21:44:00,2025-12-14 21:44:00,28D,Economy,434.75,Pending
BK000520,Liam Jackson,liam.jackson520@example.com,Emirates,EM6233,ATL,SFO,2025-06-03 07:21:00,2025-10-30 07:21:00,58C,Premium Economy,612.25,Confirmed
BK000521,John Anderson,john.anderson521@example.com,American Airlines,AM3257,SFO,LHR,2025-07-06 14:45:00,2025-08-13 14:45:00,22A,Premium Economy,696.17,Pending
BK000522,Noah Johnson,noah.johnson522@example.com,Air Canada,AI377,LAX,DFW,2025-09-02 07:30:00,2025-12-20 07:30:00,32F,First,2659.07,Pending
BK000523,Charlotte Thomas,charlotte.thomas523@example.com,United Airlines,UN7042,SEA,ATL,2025-06-28 22:47:00,2025-11-19 22:47:00,57D,Economy,124.42,Confirmed
BK000524,Emma Jackson,emma.jackson524@example.com,Air Canada,AI136,SFO,JFK,2025-05-25 10:59:00,2025-07-11 10:59:00,58A,Business,1076.17,Confirmed
BK000525,Benjamin Jackson,benjamin.jackson525@example.com,Emirates,EM1423,LAX,ORD,2025-10-12 12:47:00,2026-02-02 12:47:00,40D,Business,1072.41,Confirmed
BK000526,John Taylor,john.taylor526@example.com,American Airlines,AM8017,LAX,MIA,2025-05-14 11:51:00,2025-06-10 11:51:00,21C,Business,1298.81,Cancelled
BK000527,Sophia Anderson,sophia.anderson527@example.com,Air Canada,AI2194,ORD,YYZ,2025-09-18 23:47:00,2025-11-01 23:47:00,21A,Economy,206.65,Confirmed
BK000528,William Jackson,william.jackson528@example.com,Emirates,EM6668,ATL,LAX,2025-10-27 14:26:00,2026-02-04 14:26:00,43B,Premium Economy,714.44,Cancelled
BK000529,John Brown,john.brown529@example.com,Singapore Airlines,SI450,ORD,LAX,2025-10-27 03:55:00,2026-01-08 03:55:00,41B,Economy,277.45,Confirmed
BK000530,John Jackson,john.jackson530@example.com,American Airlines,AM6660,ATL,ORD,2025-11-02 15:33:00,2026-02-06 15:33:00,43F,Premium Economy,343.59,Pending
BK000531,Noah Smith,noah.smith531@example.com,Lufthansa,LU6585,MIA,ORD,2025-06-01 14:55:00,2025-07-01 14:55:00,52B,Premium Economy,652.61,Confirmed
BK000532,Ava White,ava.white532@example.com,Singapore Airlines,SI3031,JFK,DFW,2025-12-29 23:22:00,2026-03-23 23:22:00,23E,First,5729.23,Cancelled
BK000533,Charlotte Martin,charlotte.martin533@example.com,Delta Air Lines,DE9133,LAX,ORD,2025-12-18 10:43:00,2025-12-23 10:43:00,49A,Economy,104.53,Confirmed
BK000534,Emma Taylor,emma.taylor534@example.com,Air Canada,AI6893,ATL,MIA,2025-07-19 14:15:00,2025-08-27 14:15:00,12E,Premium Economy,472.97,Cancelled
BK000535,Charlotte Smith,charlotte.smith535@example.com,British Airways,BR7179,DFW,ATL,2025-05-10 20:30:00,2025-11-04 20:30:00,52B,Economy,123.49,Pending
BK000536,Olivia Harris,olivia.harris536@example.com,Singapore Airlines,SI9177,LHR,ATL,2025-12-04 13:31:00,2026-04-28 13:31:00,20D,Business,2104.56,Pending
BK000537,William Taylor,william.taylor537@example.com,Air Canada,AI8866,YYZ,LAX,2025-03-20 12:33:00,2025-06-04 12:33:00,49F,Business,2352.69,Confirmed
BK000538,Mia Jackson,mia.jackson538@example.com,Qatar Airways,QA3040,SEA,SFO,2025-08-28 01:29:00,2026-02-15 01:29:00,32C,First,2170.51,Confirmed
BK000539,Sophia Thomas,sophia.thomas539@example.com,American Airlines,AM9212,SFO,DFW,2025-07-09 20:52:00,2025-12-11 20:52:00,19F,Premium Economy,327.24,Pending
BK000540,John Taylor,john.taylor540@example.com,American Airlines,AM8166,MIA,ATL,2025-09-27 00:30:00,2025-10-10 00:30:00,31F,First,5176.69,Confirmed
BK000541,Liam Harris,liam.harris541@example.com,American Airlines,AM2509,SFO,ATL,2025-08-03 09:38:00,2025-09-01 09:38:00,33E,Business,1421.09,Pending
BK000542,Emma Thomas,emma.thomas542@example.com,Lufthansa,LU1720,SEA,LAX,2025-02-23 06:08:00,2025-05-29 06:08:00,1C,Economy,182.88,Cancelled
BK000543,Emma Smith,emma.smith543@example.com,United Airlines,UN9297,SEA,JFK,2025-07-30 23:42:00,2025-10-04 23:42:00,14C,Economy,421.75,Confirmed
BK000544,Sophia Jackson,sophia.jackson544@example.com,United Airlines,UN5030,ORD,MIA,2025-06-19 12:51:00,2025-12-12 12:51:00,41A,Economy,497.49,Cancelled
BK000545,Sophia Johnson,sophia.johnson545@example.com,Lufthansa,LU3770,LHR,SEA,2025-10-03 04:28:00,2026-01-01 04:28:00,47A,Business,2418.82,Pending
BK000546,Liam Smith,liam.smith546@example.com,Air Canada,AI809,DFW,LAX,2025-11-07 16:47:00,2026-04-01 16:47:00,14D,Economy,438.53,Confirmed
BK000547,William Brown,william.brown547@example.com,Lufthansa,LU5152,DFW,JFK,2025-05-12 13:07:00,2025-08-04 13:07:00,8A,Economy,363.93,Cancelled
BK000548,Emma Johnson,emma.johnson548@example.com,Lufthansa,LU1915,LHR,SEA,2025-03-08 00:26:00,2025-06-09 00:26:00,5E,Economy,156.63,Pending
BK000549,Liam Smith,liam.smith549@example.com,British Airways,BR5648,JFK,DFW,2025-01-09 05:15:00,2025-01-25 05:15:00,42F,First,5155.99,Confirmed
BK000550,James Martin,james.martin550@example.com,Southwest Airlines,SO4122,ORD,JFK,2025-03-03 05:53:00,2025-04-14 05:53:00,29C,Premium Economy,530.29,Pending
BK000551,Mia Smith,mia.smith551@example.com,Qatar Airways,QA5563,LAX,SFO,2025-07-21 23:10:00,2025-09-09 23:10:00,31E,Economy,349.89,Cancelled
BK000552,James Anderson,james.anderson552@example.com,Southwest Airlines,SO376,DFW,YYZ,2025-07-23 10:03:00,2025-09-16 10:03:00,35B,Economy,254.06,Confirmed
BK000553,John Harris,john.harris553@example.com,Air Canada,AI7501,YYZ,JFK,2025-07-18 09:43:00,2025-11-22 09:43:00,15A,First,4680.85,Confirmed
BK000554,Sophia Martin,sophia.martin554@example.com,Emirates,EM1021,LAX,MIA,2025-03-17 11:30:00,2025-08-11 11:30:00,57C,First,4746.02,Pending
BK000555,James Thomas,james.thomas555@example.com,American Airlines,AM8168,MIA,LHR,2025-02-17 01:26:00,2025-07-30 01:26:00,41D,Business,1315.84,Cancelled
BK000556,Noah Smith,noah.smith556@example.com,Lufthansa,LU2515,SFO,SEA,2025-07-01 11:53:00,2025-08-19 11:53:00,45E,Economy,463.7,Confirmed
BK000557,Emma Johnson,emma.johnson557@example.com,Air Canada,AI8496,SFO,LAX,2025-02-02 21:20:00,2025-04-10 21:20:00,10E,First,5200.41,Cancelled
BK000558,Charlotte Anderson,charlotte.anderson558@example.com,British Airways,BR9691,SFO,ATL,2025-09-01 20:03:00,2026-01-25 20:03:00,17D,First,4861.34,Pending
BK000559,Liam Harris,liam.harris559@example.com,American Airlines,AM8712,SFO,MIA,2025-07-11 01:35:00,2025-12-09 01:35:00,1F,Economy,401.89,Pending
BK000560,James Jackson,james.jackson560@example.com,Delta Air Lines,DE3268,SEA,DFW,2025-04-02 11:16:00,2025-07-18 11:16:00,33F,Economy,391.78,Cancelled
BK000561,Mia Anderson,mia.anderson561@example.com,Singapore Airlines,SI9258,SEA,MIA,2025-12-24 17:31:00,2026-06-08 17:31:00,44C,Premium Economy,651.73,Cancelled
BK000562,Liam Anderson,liam.anderson562@example.com,Qatar Airways,QA8564,LHR,DFW,2025-03-22 02:21:00,2025-09-16 02:21:00,35D,Economy,442.22,Cancelled
BK000563,Olivia White,olivia.white563@example.com,Emirates,EM4935,JFK,ATL,2025-12-23 18:52:00,2026-01-20 18:52:00,16F,Economy,332.58,Cancelled
BK000564,Sophia Taylor,sophia.taylor564@example.com,Air Canada,AI8244,SEA,JFK,2025-01-28 00:15:00,2025-03-09 00:15:00,14D,First,3169.12,Cancelled
BK000565,Olivia Taylor,olivia.taylor565@example.com,Southwest Airlines,SO4055,LAX,LHR,2025-05-22 16:04:00,2025-07-24 16:04:00,28B,First,3394.98,Cancelled
BK000566,Sophia White,sophia.white566@example.com,United Airlines,UN5222,JFK,SFO,2025-01-10 10:19:00,2025-05-08 10:19:00,21A,Business,2108.32,Pending
BK000567,William Jackson,william.jackson567@example.com,Southwest Airlines,SO1362,ATL,SEA,2025-11-13 02:55:00,2026-04-17 02:55:00,28D,Economy,263.89,Pending
BK000568,Mia Martin,mia.martin568@example.com,Qatar Airways,QA1774,YYZ,DFW,2025-06-10 11:20:00,2025-11-29 11:20:00,43B,Economy,300.87,Pending
BK000569,Liam White,liam.white569@example.com,Emirates,EM700,MIA,JFK,2025-11-24 23:07:00,2026-03-27 23:07:00,21B,Business,827.84,Pending
BK000570,Liam Thomas,liam.thomas570@example.com,Lufthansa,LU2585,YYZ,ATL,2025-06-15 13:20:00,2025-11-06 13:20:00,52F,Business,2248.62,Pending
BK000571,Liam Jackson,liam.jackson571@example.com,Air Canada,AI4840,DFW,YYZ,2025-04-25 10:09:00,2025-05-07 10:09:00,4F,First,4725.68,Cancelled
BK000572,Benjamin Thomas,benjamin.thomas572@example.com,American Airlines,AM2464,DFW,ATL,2025-03-21 16:19:00,2025-06-29 16:19:00,34F,Economy,248.03,Cancelled
BK000573,Charlotte Taylor,charlotte.taylor573@example.com,Air Canada,AI4842,LAX,MIA,2025-12-04 16:52:00,2026-04-30 16:52:00,59E,First,5638.68,Pending
BK000574,Benjamin Jackson,benjamin.jackson574@example.com,Singapore Airlines,SI4091,SFO,LAX,2025-04-01 18:31:00,2025-09-22 18:31:00,8E,Business,1750.2,Pending
BK000575,Emma Taylor,emma.taylor575@example.com,Emirates,EM4275,MIA,SEA,2025-09-17 17:07:00,2025-10-28 17:07:00,14F,First,3385.66,Pending
BK000576,James Taylor,james.taylor576@example.com,Lufthansa,LU4563,JFK,YYZ,2025-06-23 11:22:00,2025-07-19 11:22:00,29C,First,2170.96,Confirmed
BK000577,James Thomas,james.thomas577@example.com,Qatar Airways,QA7813,YYZ,SFO,2025-03-26 03:56:00,2025-05-24 03:56:00,51D,Economy,154.39,Cancelled
BK000578,John Jackson,john.jackson578@example.com,Qatar Airways,QA2543,ORD,LAX,2025-06-21 05:32:00,2025-12-15 05:32:00,52E,Business,2448.56,Confirmed
BK000579,Mia Martin,mia.martin579@example.com,Singapore Airlines,SI3075,DFW,ATL,2025-07-10 19:52:00,2025-10-26 19:52:00,33C,Business,2400.43,Cancelled
BK000580,John Harris,john.harris580@example.com,Air Canada,AI6548,ORD,YYZ,2025-12-16 20:15:00,2026-04-21 20:15:00,23F,Economy,463.67,Pending
BK000581,Liam Smith,liam.smith581@example.com,Singapore Airlines,SI2216,ATL,SEA,2025-05-15 11:09:00,2025-10-24 11:09:00,11D,Economy,164.35,Confirmed
BK000582,Sophia Smith,sophia.smith582@example.com,Delta Air Lines,DE4079,YYZ,DFW,2025-12-21 17:09:00,2026-05-22 17:09:00,2B,Business,2496.49,Cancelled
BK000583,William Martin,william.martin583@example.com,Qatar Airways,QA5734,DFW,SEA,2025-12-10 13:27:00,2026-02-03 13:27:00,30E,First,3488.26,Cancelled
BK000584,Mia Smith,mia.smith584@example.com,Southwest Airlines,SO3839,JFK,MIA,2025-05-23 13:24:00,2025-10-07 13:24:00,10D,First,3716.39,Pending
BK000585,Sophia Jackson,sophia.jackson585@example.com,Southwest Airlines,SO4930,YYZ,JFK,2025-08-06 22:53:00,2025-08-26 22:53:00,27C,First,5199.07,Cancelled
BK000586,Mia Johnson,mia.johnson586@example.com,Air Canada,AI9517,SFO,ORD,2025-01-26 10:20:00,2025-06-06 10:20:00,11D,First,5140.29,Confirmed
BK000587,Mia White,mia.white587@example.com,Lufthansa,LU3590,ORD,LAX,2025-10-09 04:04:00,2025-10-15 04:04:00,30E,Premium Economy,477.48,Pending
BK000588,Ava Jackson,ava.jackson588@example.com,British Airways,BR4444,SEA,DFW,2025-03-27 08:23:00,2025-08-20 08:23:00,36C,Premium Economy,582.36,Confirmed
BK000589,Olivia Brown,olivia.brown589@example.com,American Airlines,AM8301,SEA,JFK,2025-12-23 16:55:00,2026-03-27 16:55:00,51F,Premium Economy,785.43,Pending
BK000590,Noah Taylor,noah.taylor590@example.com,American Airlines,AM9876,MIA,LHR,2025-06-27 23:30:00,2025-12-17 23:30:00,38B,Economy,383.45,Confirmed
BK000591,Liam Thomas,liam.thomas591@example.com,Qatar Airways,QA1197,ORD,JFK,2025-10-26 02:20:00,2026-04-24 02:20:00,27B,First,2708.87,Cancelled
BK000592,Emma Martin,emma.martin592@example.com,Air Canada,AI4965,MIA,LHR,2025-11-14 17:05:00,2025-12-19 17:05:00,45A,Premium Economy,465.07,Pending
BK000593,Benjamin Thomas,benjamin.thomas593@example.com,Qatar Airways,QA2312,SFO,DFW,2025-11-10 21:02:00,2026-01-29 21:02:00,46F,First,4018.52,Cancelled
BK000594,William Anderson,william.anderson594@example.com,Qatar Airways,QA4914,LHR,ORD,2025-08-26 05:24:00,2025-10-14 05:24:00,59A,Economy,434.67,Pending
BK000595,Sophia Johnson,sophia.johnson595@example.com,Delta Air Lines,DE9894,DFW,LHR,2025-10-13 23:01:00,2026-02-13 23:01:00,47F,Economy,254.14,Pending
BK000596,Mia Taylor,mia.taylor596@example.com,United Airlines,UN3488,JFK,ORD,2025-10-31 22:59:00,2026-02-22 22:59:00,43A,Premium Economy,799.23,Confirmed
BK000597,Ava Harris,ava.harris597@example.com,Emirates,EM6647,LHR,JFK,2025-07-11 10:45:00,2025-12-12 10:45:00,18F,Business,1482.01,Cancelled
BK000598,Sophia Anderson,sophia.anderson598@example.com,Qatar Airways,QA2402,DFW,SEA,2025-11-30 23:18:00,2025-12-20 23:18:00,20C,First,5048.27,Confirmed
BK000599,Liam Thomas,liam.thomas599@example.com,United Airlines,UN3163,YYZ,MIA,2025-11-25 02:13:00,2026-02-13 02:13:00,54D,First,4414.02,Confirmed
BK000600,Emma Martin,emma.martin600@example.com,Lufthansa,LU7324,ATL,DFW,2025-12-19 03:40:00,2026-01-10 03:40:00,20A,Economy,194.51,Confirmed
BK000601,James Jackson,james.jackson601@example.com,British Airways,BR3122,YYZ,LHR,2025-03-20 14:57:00,2025-08-19 14:57:00,32C,First,4703.33,Confirmed
BK000602,James Jackson,james.jackson602@example.com,American Airlines,AM2514,MIA,ATL,2025-06-12 00:06:00,2025-07-30 00:06:00,14E,Business,2068.83,Pending
BK000603,Benjamin Brown,benjamin.brown603@example.com,Qatar Airways,QA934,LAX,SEA,2025-05-10 08:59:00,2025-10-09 08:59:00,40E,Premium Economy,779.23,Cancelled
BK000604,Ava Taylor,ava.taylor604@example.com,Singapore Airlines,SI588,SFO,MIA,2025-03-26 23:25:00,2025-04-12 23:25:00,50F,First,3609.3,Pending
BK000605,Benjamin White,benjamin.white605@example.com,Southwest Airlines,SO5299,ORD,ATL,2025-05-15 10:52:00,2025-06-23 10:52:00,19B,Economy,243.56,Confirmed
BK000606,Mia Anderson,mia.anderson606@example.com,Lufthansa,LU1513,JFK,MIA,2025-08-17 09:13:00,2025-09-13 09:13:00,26A,First,3900.44,Confirmed
BK000607,Charlotte Anderson,charlotte.anderson607@example.com,Emirates,EM7054,ATL,LAX,2025-09-19 06:12:00,2026-01-17 06:12:00,46E,Business,2110.67,Confirmed
BK000608,Noah White,noah.white608@example.com,Delta Air Lines,DE6009,MIA,YYZ,2025-03-19 19:49:00,2025-05-02 19:49:00,41D,First,3936.51,Confirmed
BK000609,Sophia White,sophia.white609@example.com,Air Canada,AI3735,SEA,JFK,2025-03-20 02:38:00,2025-08-05 02:38:00,13B,Economy,476.03,Cancelled
BK000610,Olivia Taylor,olivia.taylor610@example.com,Emirates,EM2134,YYZ,ORD,2025-03-29 02:21:00,2025-07-21 02:21:00,48D,Economy,185.75,Pending
BK000611,Noah Taylor,noah.taylor611@example.com,Air Canada,AI7535,JFK,SFO,2025-11-03 02:50:00,2026-02-08 02:50:00,12B,First,4888.97,Confirmed
BK000612,Sophia Smith,sophia.smith612@example.com,United Airlines,UN1089,SFO,JFK,2025-04-13 19:07:00,2025-08-15 19:07:00,6B,First,2636.03,Pending
BK000613,Charlotte Taylor,charlotte.taylor613@example.com,Southwest Airlines,SO7583,JFK,LAX,2025-02-26 05:25:00,2025-04-24 05:25:00,59C,First,3579.41,Pending
BK000614,Charlotte Taylor,charlotte.taylor614@example.com,Emirates,EM1529,LAX,MIA,2025-05-30 12:56:00,2025-10-26 12:56:00,3E,First,2342.06,Pending
BK000615,Ava White,ava.white615@example.com,Emirates,EM3618,MIA,LAX,2025-08-18 15:26:00,2025-09-18 15:26:00,45E,Economy,188.24,Cancelled
BK000616,Mia Anderson,mia.anderson616@example.com,American Airlines,AM9964,MIA,LHR,2025-10-10 12:16:00,2026-02-18 12:16:00,20E,Business,969.2,Cancelled
BK000617,Olivia Jackson,olivia.jackson617@example.com,Delta Air Lines,DE3490,YYZ,SEA,2025-08-15 15:28:00,2025-09-03 15:28:00,12B,Economy,328.9,Confirmed
BK000618,John Brown,john.brown618@example.com,Air Canada,AI6102,MIA,ORD,2025-03-26 05:41:00,2025-07-08 05:41:00,41B,Business,1847.95,Pending
BK000619,Olivia Smith,olivia.smith619@example.com,Southwest Airlines,SO3938,MIA,SFO,2025-07-17 03:38:00,2025-09-30 03:38:00,6E,Premium Economy,653.58,Cancelled
BK000620,Benjamin Jackson,benjamin.jackson620@example.com,Qatar Airways,QA1127,MIA,DFW,2025-01-21 13:52:00,2025-02-10 13:52:00,44A,First,4450.06,Confirmed
BK000621,Ava Brown,ava.brown621@example.com,Emirates,EM3401,LHR,DFW,2025-08-18 07:31:00,2025-09-15 07:31:00,26A,Economy,286.89,Confirmed
BK000622,Mia Brown,mia.brown622@example.com,British Airways,BR8069,LAX,MIA,2025-10-28 10:43:00,2025-10-31 10:43:00,5F,First,2501.56,Pending
BK000623,Olivia Taylor,olivia.taylor623@example.com,British Airways,BR2294,SEA,YYZ,2025-12-03 01:48:00,2026-04-24 01:48:00,41F,Premium Economy,348.99,Cancelled
BK000624,Noah White,noah.white624@example.com,American Airlines,AM8393,LAX,DFW,2025-05-10 12:18:00,2025-05-22 12:18:00,52F,First,2210.01,Pending
BK000625,William Jackson,william.jackson625@example.com,Singapore Airlines,SI6704,YYZ,SFO,2025-07-10 07:52:00,2025-11-16 07:52:00,58E,Economy,220.49,Confirmed
BK000626,James Jackson,james.jackson626@example.com,United Airlines,UN8331,JFK,ATL,2025-04-26 07:01:00,2025-08-19 07:01:00,53E,First,3737.47,Cancelled
BK000627,Olivia Harris,olivia.harris627@example.com,Southwest Airlines,SO6802,ORD,LHR,2025-10-05 17:41:00,2026-01-25 17:41:00,5F,Economy,111.27,Pending
BK000628,Ava Taylor,ava.taylor628@example.com,Emirates,EM7285,LAX,SFO,2025-09-25 10:05:00,2025-10-08 10:05:00,54D,First,4509.38,Confirmed
BK000629,Benjamin White,benjamin.white629@example.com,Singapore Airlines,SI8025,LHR,ORD,2025-10-01 09:27:00,2026-03-27 09:27:00,39E,Premium Economy,724.0,Pending
BK000630,Noah Anderson,noah.anderson630@example.com,Qatar Airways,QA374,MIA,ORD,2025-05-27 10:59:00,2025-09-23 10:59:00,28D,Economy,499.61,Pending
BK000631,John Johnson,john.johnson631@example.com,American Airlines,AM4526,MIA,LHR,2025-01-31 10:26:00,2025-06-19 10:26:00,35F,Economy,170.14,Cancelled
BK000632,Charlotte Brown,charlotte.brown632@example.com,Southwest Airlines,SO4339,JFK,LAX,2025-01-20 20:19:00,2025-05-01 20:19:00,9F,Economy,485.49,Cancelled
BK000633,Benjamin Johnson,benjamin.johnson633@example.com,British Airways,BR5786,ATL,DFW,2025-10-09 06:48:00,2025-11-02 06:48:00,49C,First,2411.11,Cancelled
BK000634,James Harris,james.harris634@example.com,Emirates,EM1792,LHR,MIA,2025-04-29 05:06:00,2025-06-28 05:06:00,17E,First,2791.38,Confirmed
BK000635,Mia Thomas,mia.thomas635@example.com,Delta Air Lines,DE2407,ORD,LHR,2025-10-08 23:33:00,2025-11-08 23:33:00,10B,Business,1960.56,Pending
BK000636,John Harris,john.harris636@example.com,British Airways,BR9664,JFK,MIA,2025-02-03 10:49:00,2025-03-10 10:49:00,45A,First,4892.59,Confirmed
BK000637,Mia Jackson,mia.jackson637@example.com,British Airways,BR1056,LHR,SEA,2025-03-28 07:10:00,2025-08-12 07:10:00,17B,Business,2478.01,Cancelled
BK000638,Emma Jackson,emma.jackson638@example.com,Lufthansa,LU3859,SEA,DFW,2025-07-21 05:20:00,2026-01-13 05:20:00,12C,First,2510.63,Cancelled
BK000639,Noah Johnson,noah.johnson639@example.com,Emirates,EM6919,ATL,LHR,2025-12-10 10:54:00,2026-05-10 10:54:00,13E,Economy,371.48,Pending
BK000640,Benjamin Taylor,benjamin.taylor640@example.com,British Airways,BR4655,SFO,MIA,2025-08-17 09:07:00,2025-10-23 09:07:00,11A,Premium Economy,730.77,Pending
BK000641,Mia White,mia.white641@example.com,United Airlines,UN2496,ORD,MIA,2025-08-13 22:29:00,2025-08-14 22:29:00,55D,Premium Economy,313.15,Cancelled
BK000642,Sophia Johnson,sophia.johnson642@example.com,British Airways,BR887,YYZ,ATL,2025-05-04 23:19:00,2025-09-06 23:19:00,3E,First,5753.23,Pending
BK000643,Benjamin Johnson,benjamin.johnson643@example.com,Lufthansa,LU4514,DFW,ORD,2025-08-03 20:44:00,2025-11-12 20:44:00,39D,First,2318.26,Pending
BK000644,James White,james.white644@example.com,United Airlines,UN7227,JFK,SEA,2025-10-14 04:20:00,2025-10-19 04:20:00,2F,Business,1010.67,Confirmed
BK000645,Charlotte Brown,charlotte.brown645@example.com,Lufthansa,LU4255,DFW,ATL,2025-08-22 19:27:00,2026-02-17 19:27:00,3A,First,5606.53,Pending
BK000646,Benjamin Brown,benjamin.brown646@example.com,Southwest Airlines,SO7865,JFK,DFW,2025-07-31 07:18:00,2025-11-23 07:18:00,35B,Economy,367.24,Confirmed
BK000647,Ava White,ava.white647@example.com,United Airlines,UN4235,JFK,SEA,2025-11-19 05:55:00,2025-11-28 05:55:00,57C,First,3973.64,Pending
BK000648,William Johnson,william.johnson648@example.com,Qatar Airways,QA2383,ATL,MIA,2025-05-08 14:27:00,2025-06-20 14:27:00,24E,First,4825.24,Confirmed
BK000649,Mia Anderson,mia.anderson649@example.com,American Airlines,AM8197,SEA,DFW,2025-01-16 18:54:00,2025-06-03 18:54:00,38E,First,2324.55,Confirmed
BK000650,Noah Martin,noah.martin650@example.com,Southwest Airlines,SO8157,DFW,YYZ,2025-08-07 15:48:00,2025-11-20 15:48:00,47B,Economy,347.19,Confirmed
BK000651,Olivia Taylor,olivia.taylor651@example.com,Air Canada,AI131,MIA,ORD,2025-02-02 19:28:00,2025-02-25 19:28:00,37A,Business,2220.24,Confirmed
BK000652,James Anderson,james.anderson652@example.com,United Airlines,UN6909,DFW,SEA,2025-06-01 00:30:00,2025-10-26 00:30:00,39C,First,2561.7,Confirmed
BK000653,Emma Martin,emma.martin653@example.com,American Airlines,AM6854,YYZ,JFK,2025-05-28 17:59:00,2025-05-30 17:59:00,45A,Business,2372.16,Cancelled
BK000654,William Johnson,william.johnson654@example.com,American Airlines,AM1849,MIA,SFO,2025-03-09 07:54:00,2025-06-01 07:54:00,42C,Premium Economy,303.21,Cancelled
BK000655,William Thomas,william.thomas655@example.com,Emirates,EM6143,MIA,SFO,2025-09-15 11:47:00,2026-01-09 11:47:00,45A,First,3737.64,Confirmed
BK000656,James Jackson,james.jackson656@example.com,Emirates,EM5842,JFK,LHR,2025-08-18 03:16:00,2025-08-29 03:16:00,51B,Business,2057.14,Confirmed
BK000657,Ava Martin,ava.martin657@example.com,American Airlines,AM8815,SEA,SFO,2025-08-27 06:33:00,2025-10-14 06:33:00,53C,Business,1172.12,Pending
BK000658,Charlotte Johnson,charlotte.johnson658@example.com,Singapore Airlines,SI5141,MIA,JFK,2025-09-27 19:54:00,2025-10-21 19:54:00,31F,Business,2124.11,Pending
BK000659,Liam White,liam.white659@example.com,Southwest Airlines,SO786,LAX,SFO,2025-12-17 18:12:00,2026-01-28 18:12:00,47E,First,4638.11,Pending
BK000660,Olivia Johnson,olivia.johnson660@example.com,Southwest Airlines,SO1222,SEA,YYZ,2025-07-27 22:42:00,2026-01-10 22:42:00,53D,Premium Economy,760.84,Pending
BK000661,William Johnson,william.johnson661@example.com,Southwest Airlines,SO3464,LHR,SFO,2025-06-03 20:45:00,2025-07-26 20:45:00,53D,Economy,468.71,Confirmed
BK000662,Liam Anderson,liam.anderson662@example.com,Singapore Airlines,SI8128,ORD,DFW,2025-05-14 17:53:00,2025-06-26 17:53:00,47D,Premium Economy,662.56,Cancelled
BK000663,Sophia Johnson,sophia.johnson663@example.com,American Airlines,AM7026,ATL,DFW,2025-04-30 03:05:00,2025-09-06 03:05:00,34A,First,5197.54,Cancelled
BK000664,Liam Jackson,liam.jackson664@example.com,American Airlines,AM8122,JFK,ORD,2025-10-27 14:55:00,2025-11-01 14:55:00,52A,Premium Economy,655.57,Confirmed
BK000665,Liam Martin,liam.martin665@example.com,Singapore Airlines,SI979,DFW,ATL,2025-01-24 21:36:00,2025-05-01 21:36:00,17D,Business,2300.02,Confirmed
BK000666,John Smith,john.smith666@example.com,Lufthansa,LU9904,LAX,ORD,2025-04-24 21:15:00,2025-05-13 21:15:00,7D,Economy,190.59,Pending
BK000667,Benjamin Taylor,benjamin.taylor667@example.com,American Airlines,AM9845,LHR,DFW,2025-08-25 03:30:00,2025-10-20 03:30:00,19B,Premium Economy,782.54,Pending
BK000668,Noah Jackson,noah.jackson668@example.com,Qatar Airways,QA5574,JFK,ATL,2025-10-22 02:30:00,2026-03-09 02:30:00,30D,Premium Economy,586.43,Cancelled
BK000669,Charlotte Brown,charlotte.brown669@example.com,Qatar Airways,QA2212,DFW,YYZ,2025-01-03 12:39:00,2025-06-30 12:39:00,8D,Premium Economy,654.21,Pending
BK000670,Sophia Thomas,sophia.thomas670@example.com,Southwest Airlines,SO1915,ATL,JFK,2025-04-12 16:41:00,2025-07-27 16:41:00,59F,First,4422.55,Cancelled
BK000671,Olivia Jackson,olivia.jackson671@example.com,United Airlines,UN1951,ATL,YYZ,2025-02-09 23:46:00,2025-07-16 23:46:00,8E,Premium Economy,795.66,Cancelled
BK000672,James Smith,james.smith672@example.com,United Airlines,UN6420,DFW,SFO,2025-09-23 19:14:00,2025-11-12 19:14:00,20D,First,2660.54,Confirmed
BK000673,Noah Brown,noah.brown673@example.com,United Airlines,UN719,SFO,DFW,2025-01-28 07:44:00,2025-06-20 07:44:00,30F,First,2642.08,Pending
BK000674,Benjamin Brown,benjamin.brown674@example.com,Delta Air Lines,DE6525,SFO,ATL,2025-02-02 17:25:00,2025-03-14 17:25:00,20F,First,2425.97,Cancelled
BK000675,William Johnson,william.johnson675@example.com,Air Canada,AI8740,LHR,ORD,2025-06-12 08:15:00,2025-10-09 08:15:00,59F,Premium Economy,530.06,Cancelled
BK000676,Benjamin Harris,benjamin.harris676@example.com,Qatar Airways,QA3578,SEA,YYZ,2025-09-18 05:17:00,2025-11-14 05:17:00,22A,Business,1985.03,Cancelled
BK000677,Liam Anderson,liam.anderson677@example.com,British Airways,BR3501,ATL,JFK,2025-05-07 08:37:00,2025-07-02 08:37:00,39F,Economy,476.65,Confirmed
BK000678,Emma Thomas,emma.thomas678@example.com,Emirates,EM7924,ORD,LAX,2025-07-31 08:15:00,2025-08-04 08:15:00,13C,Premium Economy,586.4,Confirmed
BK000679,Liam Anderson,liam.anderson679@example.com,United Airlines,UN7214,LAX,YYZ,2025-03-25 15:33:00,2025-03-29 15:33:00,15B,Business,1398.83,Cancelled
BK000680,Benjamin Thomas,benjamin.thomas680@example.com,Emirates,EM6007,ORD,SEA,2025-07-13 05:29:00,2025-12-21 05:29:00,19C,First,2143.56,Pending
BK000681,Noah Anderson,noah.anderson681@example.com,Delta Air Lines,DE1962,SEA,YYZ,2025-06-08 16:38:00,2025-08-27 16:38:00,48D,First,5973.07,Cancelled
BK000682,Benjamin Smith,benjamin.smith682@example.com,Emirates,EM6131,ORD,LHR,2025-10-01 21:20:00,2025-11-03 21:20:00,55C,Premium Economy,373.52,Pending
BK000683,Liam Jackson,liam.jackson683@example.com,Delta Air Lines,DE6638,DFW,SEA,2025-02-03 22:22:00,2025-04-27 22:22:00,56E,Business,1565.84,Confirmed
BK000684,Noah Jackson,noah.jackson684@example.com,Singapore Airlines,SI5792,ORD,ATL,2025-10-24 06:44:00,2025-12-13 06:44:00,51E,Premium Economy,513.57,Confirmed
BK000685,John Jackson,john.jackson685@example.com,British Airways,BR339,SFO,YYZ,2025-10-23 18:00:00,2026-04-01 18:00:00,59E,Business,1930.8,Pending
BK000686,Ava Smith,ava.smith686@example.com,Qatar Airways,QA8437,ATL,LAX,2025-05-29 00:49:00,2025-06-22 00:49:00,4A,Economy,162.89,Cancelled
BK000687,Mia Smith,mia.smith687@example.com,Delta Air Lines,DE7542,YYZ,ORD,2025-07-17 11:21:00,2025-09-19 11:21:00,39B,First,3226.88,Pending
BK000688,Emma Smith,emma.smith688@example.com,Southwest Airlines,SO2247,ATL,SEA,2025-12-27 09:54:00,2026-06-21 09:54:00,23B,Business,2464.08,Pending
BK000689,Charlotte Thomas,charlotte.thomas689@example.com,Southwest Airlines,SO7753,LHR,DFW,2025-07-26 03:52:00,2025-09-14 03:52:00,14E,Business,2271.62,Confirmed
BK000690,Benjamin White,benjamin.white690@example.com,Delta Air Lines,DE816,JFK,SFO,2025-10-09 05:45:00,2025-10-23 05:45:00,8C,Premium Economy,538.2,Cancelled
BK000691,Charlotte White,charlotte.white691@example.com,Delta Air Lines,DE7247,ORD,DFW,2025-02-27 12:22:00,2025-05-08 12:22:00,2A,First,5604.77,Confirmed
BK000692,John Anderson,john.anderson692@example.com,United Airlines,UN6218,SEA,DFW,2025-05-30 17:38:00,2025-08-22 17:38:00,35E,First,5555.65,Pending
BK000693,Mia Taylor,mia.taylor693@example.com,Lufthansa,LU3476,YYZ,ATL,2025-07-21 07:26:00,2025-11-08 07:26:00,11C,First,3102.02,Pending
BK000694,Olivia Anderson,olivia.anderson694@example.com,Qatar Airways,QA8164,YYZ,ORD,2025-07-19 15:26:00,2025-09-13 15:26:00,18F,First,5602.09,Pending
BK000695,Noah Harris,noah.harris695@example.com,United Airlines,UN6525,LHR,JFK,2025-08-05 04:53:00,2025-10-23 04:53:00,57B,Business,878.97,Confirmed
BK000696,Emma Taylor,emma.taylor696@example.com,British Airways,BR5243,MIA,ATL,2025-11-01 04:07:00,2026-04-13 04:07:00,47A,Economy,479.92,Pending
BK000697,Liam Thomas,liam.thomas697@example.com,United Airlines,UN9416,ATL,LAX,2025-10-31 03:54:00,2025-12-18 03:54:00,5F,Premium Economy,304.15,Cancelled
BK000698,Olivia Martin,olivia.martin698@example.com,Southwest Airlines,SO2085,LAX,SFO,2025-07-24 08:31:00,2025-09-07 08:31:00,40F,Business,1330.75,Cancelled
BK000699,Ava White,ava.white699@example.com,Emirates,EM4918,SFO,ATL,2025-04-09 17:16:00,2025-04-14 17:16:00,35E,Business,2112.68,Confirmed
BK000700,James Johnson,james.johnson700@example.com,Delta Air Lines,DE7743,YYZ,ORD,2025-05-20 02:30:00,2025-06-19 02:30:00,22A,Business,1456.82,Pending
BK000701,Ava Anderson,ava.anderson701@example.com,Lufthansa,LU1723,ORD,SEA,2025-12-27 20:38:00,2026-02-14 20:38:00,52C,Business,862.19,Confirmed
BK000702,Sophia Jackson,sophia.jackson702@example.com,Singapore Airlines,SI8239,YYZ,JFK,2025-05-05 05:33:00,2025-08-15 05:33:00,29B,Economy,278.91,Pending
BK000703,Emma Johnson,emma.johnson703@example.com,Delta Air Lines,DE1365,ATL,SFO,2025-07-14 14:16:00,2025-12-12 14:16:00,17E,Premium Economy,312.01,Pending
BK000704,Charlotte Brown,charlotte.brown704@example.com,British Airways,BR4708,SEA,YYZ,2025-12-08 20:56:00,2026-05-21 20:56:00,59C,Premium Economy,342.02,Confirmed
BK000705,Charlotte Smith,charlotte.smith705@example.com,British Airways,BR9243,ATL,JFK,2025-10-20 17:17:00,2026-03-17 17:17:00,3E,Economy,370.63,Pending
BK000706,Emma Harris,emma.harris706@example.com,Singapore Airlines,SI7355,LHR,DFW,2025-05-18 15:07:00,2025-08-04 15:07:00,31B,Economy,460.16,Pending
BK000707,John Brown,john.brown707@example.com,Qatar Airways,QA6046,SFO,MIA,2025-08-28 15:06:00,2026-01-08 15:06:00,28F,Economy,129.47,Confirmed
BK000708,John Thomas,john.thomas708@example.com,Air Canada,AI1667,YYZ,LHR,2025-02-28 02:03:00,2025-04-30 02:03:00,56F,First,3092.59,Pending
BK000709,Benjamin Thomas,benjamin.thomas709@example.com,Delta Air Lines,DE3123,DFW,YYZ,2025-12-06 19:46:00,2026-05-01 19:46:00,60C,First,5174.98,Pending
BK000710,James Brown,james.brown710@example.com,Emirates,EM2575,ATL,MIA,2025-02-18 05:16:00,2025-03-21 05:16:00,42F,Premium Economy,718.01,Pending
BK000711,John Martin,john.martin711@example.com,United Airlines,UN2882,YYZ,LHR,2025-04-14 01:56:00,2025-09-05 01:56:00,2F,Premium Economy,520.59,Confirmed
BK000712,Emma Johnson,emma.johnson712@example.com,British Airways,BR2967,YYZ,SEA,2025-02-08 03:48:00,2025-05-02 03:48:00,48B,First,3890.36,Cancelled
BK000713,Ava Thomas,ava.thomas713@example.com,Southwest Airlines,SO1472,SEA,SFO,2025-02-06 20:53:00,2025-02-18 20:53:00,27F,First,5239.89,Confirmed
BK000714,Charlotte White,charlotte.white714@example.com,Singapore Airlines,SI5057,ATL,SEA,2025-03-12 09:49:00,2025-08-03 09:49:00,26A,Premium Economy,744.74,Confirmed
BK000715,Sophia Taylor,sophia.taylor715@example.com,Singapore Airlines,SI216,ORD,ATL,2025-01-30 01:58:00,2025-07-15 01:58:00,52F,Premium Economy,793.14,Cancelled
BK000716,James Anderson,james.anderson716@example.com,United Airlines,UN4006,DFW,LHR,2025-08-23 04:27:00,2025-10-15 04:27:00,9F,Economy,230.6,Confirmed
BK000717,Emma Taylor,emma.taylor717@example.com,Lufthansa,LU4810,ORD,YYZ,2025-03-28 17:31:00,2025-04-18 17:31:00,18B,Economy,399.11,Confirmed
BK000718,Emma Brown,emma.brown718@example.com,Lufthansa,LU1165,ATL,SFO,2025-03-23 09:38:00,2025-05-04 09:38:00,20D,Premium Economy,394.05,Pending
BK000719,Benjamin White,benjamin.white719@example.com,Lufthansa,LU5243,ORD,JFK,2025-02-23 07:12:00,2025-05-13 07:12:00,5A,First,4893.79,Cancelled
BK000720,Liam Martin,liam.martin720@example.com,Qatar Airways,QA6136,MIA,SEA,2025-07-11 22:53:00,2025-11-01 22:53:00,18B,Business,862.78,Confirmed
BK000721,James Taylor,james.taylor721@example.com,Southwest Airlines,SO9078,SFO,LHR,2025-06-07 23:26:00,2025-08-01 23:26:00,31C,Economy,427.16,Cancelled
BK000722,Benjamin White,benjamin.white722@example.com,Delta Air Lines,DE7052,DFW,ATL,2025-07-29 14:03:00,2025-10-06 14:03:00,42F,Business,1640.92,Cancelled
BK000723,Noah Johnson,noah.johnson723@example.com,Qatar Airways,QA3456,ATL,SEA,2025-09-14 12:09:00,2026-01-24 12:09:00,6E,First,4343.78,Confirmed
BK000724,William Brown,william.brown724@example.com,Lufthansa,LU2512,DFW,LAX,2025-02-28 22:31:00,2025-08-20 22:31:00,1D,Economy,123.83,Pending
BK000725,William Smith,william.smith725@example.com,Delta Air Lines,DE7284,JFK,ATL,2025-11-08 16:12:00,2026-01-13 16:12:00,5E,Premium Economy,791.05,Pending
BK000726,Charlotte Brown,charlotte.brown726@example.com,Qatar Airways,QA3800,SFO,LAX,2025-10-10 02:06:00,2026-01-17 02:06:00,27D,First,5331.97,Confirmed
BK000727,William Martin,william.martin727@example.com,American Airlines,AM1562,ATL,DFW,2025-01-28 23:45:00,2025-03-26 23:45:00,54C,Economy,274.23,Pending
BK000728,Noah Anderson,noah.anderson728@example.com,Lufthansa,LU4303,LHR,SFO,2025-12-16 20:28:00,2026-05-06 20:28:00,35D,Business,1832.24,Confirmed
BK000729,Liam Johnson,liam.johnson729@example.com,Air Canada,AI5092,DFW,YYZ,2025-07-16 08:11:00,2025-12-01 08:11:00,10B,First,4780.8,Pending
BK000730,Emma Johnson,emma.johnson730@example.com,American Airlines,AM4973,DFW,SEA,2025-12-17 19:28:00,2026-05-01 19:28:00,11D,Premium Economy,725.5,Cancelled
BK000731,Charlotte Anderson,charlotte.anderson731@example.com,American Airlines,AM3979,JFK,LAX,2025-10-08 10:49:00,2025-11-17 10:49:00,19E,First,4915.38,Cancelled
BK000732,Ava Anderson,ava.anderson732@example.com,British Airways,BR9762,YYZ,LHR,2025-07-23 04:41:00,2025-10-09 04:41:00,60C,Business,1058.72,Cancelled
BK000733,Benjamin Harris,benjamin.harris733@example.com,American Airlines,AM9613,MIA,LAX,2025-06-04 00:24:00,2025-10-08 00:24:00,24F,First,4633.57,Cancelled
BK000734,Mia Brown,mia.brown734@example.com,United Airlines,UN3240,LHR,ATL,2025-05-26 09:40:00,2025-06-18 09:40:00,47C,Premium Economy,366.76,Cancelled
BK000735,James Martin,james.martin735@example.com,American Airlines,AM8611,JFK,ATL,2025-11-18 10:28:00,2025-12-24 10:28:00,51D,Premium Economy,582.53,Confirmed
BK000736,Mia Smith,mia.smith736@example.com,United Airlines,UN5058,LAX,SEA,2025-01-16 07:38:00,2025-06-11 07:38:00,1B,Economy,360.58,Cancelled
BK000737,Benjamin Harris,benjamin.harris737@example.com,United Airlines,UN2147,ATL,JFK,2025-11-13 20:08:00,2026-03-01 20:08:00,33C,Economy,129.28,Pending
BK000738,Emma Anderson,emma.anderson738@example.com,Emirates,EM6754,DFW,YYZ,2025-10-24 18:21:00,2026-03-17 18:21:00,29A,Economy,251.59,Pending
BK000739,Mia Jackson,mia.jackson739@example.com,British Airways,BR6303,YYZ,MIA,2025-11-14 17:34:00,2026-03-07 17:34:00,47E,Premium Economy,582.63,Confirmed
BK000740,Olivia Martin,olivia.martin740@example.com,United Airlines,UN7331,SEA,YYZ,2025-01-14 01:54:00,2025-03-06 01:54:00,9E,Business,2445.63,Pending
BK000741,Ava Anderson,ava.anderson741@example.com,American Airlines,AM7685,MIA,SEA,2025-03-24 14:02:00,2025-09-16 14:02:00,49D,Premium Economy,390.87,Pending
BK000742,Sophia Brown,sophia.brown742@example.com,United Airlines,UN414,YYZ,LAX,2025-01-08 15:16:00,2025-06-30 15:16:00,53E,Economy,168.83,Pending
BK000743,James Johnson,james.johnson743@example.com,Southwest Airlines,SO6076,ATL,JFK,2025-08-13 11:48:00,2025-10-26 11:48:00,20F,Economy,157.83,Confirmed
BK000744,Charlotte Smith,charlotte.smith744@example.com,Emirates,EM3437,ORD,JFK,2025-03-27 11:47:00,2025-04-10 11:47:00,38C,Economy,375.33,Confirmed
BK000745,Sophia Johnson,sophia.johnson745@example.com,Lufthansa,LU6538,SEA,DFW,2025-07-18 06:04:00,2025-09-13 06:04:00,17E,Premium Economy,407.37,Pending
BK000746,Benjamin Anderson,benjamin.anderson746@example.com,Air Canada,AI9481,LAX,MIA,2025-07-13 03:25:00,2025-07-15 03:25:00,15C,Business,897.41,Confirmed
BK000747,Olivia Martin,olivia.martin747@example.com,Southwest Airlines,SO6928,LAX,ORD,2025-10-21 23:39:00,2026-02-24 23:39:00,33C,First,4315.88,Confirmed
BK000748,Mia Smith,mia.smith748@example.com,United Airlines,UN443,YYZ,SEA,2025-07-03 14:09:00,2025-07-17 14:09:00,8B,Economy,351.59,Cancelled
BK000749,Mia Thomas,mia.thomas749@example.com,Delta Air Lines,DE945,LHR,LAX,2025-10-25 12:42:00,2026-04-07 12:42:00,5E,Economy,182.84,Confirmed
BK000750,Benjamin Thomas,benjamin.thomas750@example.com,United Airlines,UN8789,LHR,YYZ,2025-10-05 08:16:00,2026-03-27 08:16:00,13B,First,2344.44,Cancelled
BK000751,Liam Jackson,liam.jackson751@example.com,Southwest Airlines,SO5822,LHR,YYZ,2025-10-09 11:11:00,2026-02-04 11:11:00,33E,Economy,149.25,Pending
BK000752,Noah Johnson,noah.johnson752@example.com,American Airlines,AM8543,SEA,DFW,2025-05-12 00:15:00,2025-06-08 00:15:00,58C,Economy,404.91,Pending
BK000753,Mia Thomas,mia.thomas753@example.com,British Airways,BR8401,JFK,LHR,2025-07-25 00:10:00,2025-11-18 00:10:00,9A,Economy,382.32,Confirmed
BK000754,Sophia Harris,sophia.harris754@example.com,Singapore Airlines,SI3498,YYZ,DFW,2025-06-12 09:57:00,2025-06-16 09:57:00,40A,Economy,396.88,Confirmed
BK000755,James Jackson,james.jackson755@example.com,Qatar Airways,QA8189,ORD,MIA,2025-12-14 20:07:00,2026-03-09 20:07:00,31A,Premium Economy,675.02,Confirmed
BK000756,John Martin,john.martin756@example.com,Air Canada,AI7988,ORD,MIA,2025-12-16 01:41:00,2026-04-13 01:41:00,30D,Economy,332.48,Cancelled
BK000757,James Smith,james.smith757@example.com,British Airways,BR6058,SFO,MIA,2025-05-10 19:40:00,2025-09-09 19:40:00,35D,Premium Economy,715.29,Cancelled
BK000758,Olivia Anderson,olivia.anderson758@example.com,Southwest Airlines,SO399,LAX,MIA,2025-09-24 15:22:00,2026-02-28 15:22:00,17F,Economy,259.92,Confirmed
BK000759,John Johnson,john.johnson759@example.com,American Airlines,AM4111,DFW,ORD,2025-05-25 21:38:00,2025-06-05 21:38:00,12F,First,4355.56,Pending
BK000760,Benjamin Johnson,benjamin.johnson760@example.com,Singapore Airlines,SI3376,SEA,LAX,2025-03-06 02:12:00,2025-06-03 02:12:00,31D,Economy,397.07,Confirmed
BK000761,Sophia Thomas,sophia.thomas761@example.com,Singapore Airlines,SI5011,MIA,SFO,2025-09-15 04:38:00,2025-12-11 04:38:00,8C,Economy,245.02,Confirmed
BK000762,James Johnson,james.johnson762@example.com,Qatar Airways,QA3549,SEA,DFW,2025-10-24 22:22:00,2025-11-14 22:22:00,9D,Premium Economy,585.06,Pending
BK000763,Olivia Thomas,olivia.thomas763@example.com,Singapore Airlines,SI3000,SEA,LAX,2025-10-17 11:40:00,2026-02-24 11:40:00,49B,Premium Economy,504.14,Confirmed
BK000764,Olivia Harris,olivia.harris764@example.com,Qatar Airways,QA902,MIA,ATL,2025-02-16 19:27:00,2025-06-22 19:27:00,50C,Premium Economy,628.51,Cancelled
BK000765,Emma Jackson,emma.jackson765@example.com,Delta Air Lines,DE9128,SEA,MIA,2025-08-01 17:04:00,2025-12-05 17:04:00,36C,Premium Economy,691.03,Pending
BK000766,William Martin,william.martin766@example.com,Lufthansa,LU3127,SFO,JFK,2025-09-28 13:50:00,2026-01-13 13:50:00,26E,Premium Economy,484.66,Pending
BK000767,James Anderson,james.anderson767@example.com,Air Canada,AI2463,LHR,LAX,2025-01-19 18:56:00,2025-06-09 18:56:00,21E,Business,1532.27,Cancelled
BK000768,Ava Thomas,ava.thomas768@example.com,Qatar Airways,QA297,SFO,DFW,2025-12-16 12:08:00,2026-03-22 12:08:00,57F,Economy,102.29,Pending
BK000769,Sophia Johnson,sophia.johnson769@example.com,Air Canada,AI2622,SEA,ATL,2025-01-05 08:54:00,2025-04-14 08:54:00,12F,Premium Economy,520.26,Confirmed
BK000770,James Taylor,james.taylor770@example.com,Qatar Airways,QA2562,LAX,ATL,2025-09-09 23:31:00,2025-10-05 23:31:00,48C,Business,1727.12,Pending
BK000771,James Anderson,james.anderson771@example.com,Delta Air Lines,DE3125,LAX,YYZ,2025-09-10 08:53:00,2026-02-22 08:53:00,8D,Premium Economy,392.33,Cancelled
BK000772,Liam Johnson,liam.johnson772@example.com,American Airlines,AM3725,ATL,JFK,2025-09-11 06:03:00,2025-10-21 06:03:00,55A,Premium Economy,516.14,Pending
BK000773,Benjamin Jackson,benjamin.jackson773@example.com,Emirates,EM9742,LAX,JFK,2025-06-25 19:37:00,2025-10-17 19:37:00,5B,First,5909.03,Confirmed
BK000774,Charlotte White,charlotte.white774@example.com,Emirates,EM9945,LAX,SEA,2025-03-28 09:52:00,2025-05-19 09:52:00,45C,Premium Economy,454.25,Confirmed
BK000775,William Brown,william.brown775@example.com,Delta Air Lines,DE3189,JFK,LHR,2025-04-06 18:42:00,2025-10-03 18:42:00,26D,First,2434.71,Cancelled
BK000776,Sophia Johnson,sophia.johnson776@example.com,Qatar Airways,QA6354,LHR,SFO,2025-02-11 06:37:00,2025-07-06 06:37:00,14E,First,4747.04,Cancelled
BK000777,Olivia Harris,olivia.harris777@example.com,Qatar Airways,QA9645,MIA,JFK,2025-12-13 04:35:00,2026-05-26 04:35:00,50B,Business,1143.15,Cancelled
BK000778,Emma White,emma.white778@example.com,Air Canada,AI6505,YYZ,SEA,2025-03-24 08:08:00,2025-09-07 08:08:00,40B,First,4686.14,Pending
BK000779,Olivia Brown,olivia.brown779@example.com,Singapore Airlines,SI9196,MIA,SEA,2025-09-12 20:36:00,2025-11-05 20:36:00,50C,First,2200.78,Confirmed
BK000780,Noah Smith,noah.smith780@example.com,American Airlines,AM2131,LHR,ATL,2025-02-19 11:31:00,2025-04-24 11:31:00,56A,Business,2422.95,Confirmed
BK000781,Noah Anderson,noah.anderson781@example.com,Qatar Airways,QA6511,ORD,JFK,2025-06-24 10:11:00,2025-12-02 10:11:00,25E,First,5177.85,Confirmed
BK000782,Mia Smith,mia.smith782@example.com,American Airlines,AM8632,ORD,SFO,2025-10-24 16:43:00,2026-03-14 16:43:00,31C,First,2910.57,Confirmed
BK000783,Emma Harris,emma.harris783@example.com,Southwest Airlines,SO4944,YYZ,ATL,2025-04-07 13:53:00,2025-08-07 13:53:00,32F,First,3199.03,Cancelled
BK000784,Benjamin Smith,benjamin.smith784@example.com,Qatar Airways,QA1369,ORD,ATL,2025-05-26 18:19:00,2025-10-23 18:19:00,47B,Business,1399.53,Cancelled
BK000785,Olivia Martin,olivia.martin785@example.com,Singapore Airlines,SI1962,LAX,ORD,2025-07-11 14:58:00,2025-10-30 14:58:00,13C,Economy,291.93,Pending
BK000786,Charlotte Thomas,charlotte.thomas786@example.com,Qatar Airways,QA296,LAX,ORD,2025-01-02 10:18:00,2025-03-01 10:18:00,44D,Economy,343.0,Confirmed
BK000787,Charlotte Brown,charlotte.brown787@example.com,Qatar Airways,QA8799,MIA,LHR,2025-04-24 18:57:00,2025-06-14 18:57:00,45F,Premium Economy,722.05,Pending
BK000788,James Johnson,james.johnson788@example.com,Singapore Airlines,SI3418,YYZ,DFW,2025-07-02 02:44:00,2025-10-01 02:44:00,44E,Premium Economy,658.11,Confirmed
BK000789,Emma Anderson,emma.anderson789@example.com,British Airways,BR4512,SFO,MIA,2025-06-07 17:07:00,2025-07-04 17:07:00,27A,First,4703.38,Cancelled
BK000790,Charlotte Smith,charlotte.smith790@example.com,Singapore Airlines,SI6912,ORD,JFK,2025-07-25 12:46:00,2026-01-21 12:46:00,31D,Premium Economy,580.44,Pending
BK000791,Liam Taylor,liam.taylor791@example.com,American Airlines,AM669,LHR,SFO,2025-10-27 00:30:00,2026-03-26 00:30:00,28A,Business,1261.91,Pending
BK000792,Liam Brown,liam.brown792@example.com,Delta Air Lines,DE5279,DFW,SFO,2025-09-05 13:08:00,2026-01-23 13:08:00,41E,First,5819.74,Confirmed
BK000793,Benjamin Brown,benjamin.brown793@example.com,Southwest Airlines,SO3918,SEA,LHR,2025-07-10 12:12:00,2025-10-24 12:12:00,15A,First,5135.67,Pending
BK000794,Sophia Harris,sophia.harris794@example.com,Qatar Airways,QA8573,ATL,SEA,2025-08-07 19:17:00,2025-09-21 19:17:00,14B,First,2349.54,Confirmed
BK000795,Liam White,liam.white795@example.com,British Airways,BR9747,YYZ,ATL,2025-03-23 11:35:00,2025-08-31 11:35:00,14A,First,3221.29,Pending
BK000796,William Brown,william.brown796@example.com,Lufthansa,LU9437,YYZ,LHR,2025-06-12 06:42:00,2025-11-12 06:42:00,33D,First,2233.92,Cancelled
BK000797,Noah Anderson,noah.anderson797@example.com,American Airlines,AM7014,MIA,ORD,2025-10-31 13:38:00,2026-03-16 13:38:00,1E,Business,1345.86,Confirmed
BK000798,Liam Johnson,liam.johnson798@example.com,American Airlines,AM104,ATL,DFW,2025-10-21 21:44:00,2025-12-10 21:44:00,11B,Business,1961.91,Cancelled
BK000799,Liam Jackson,liam.jackson799@example.com,Singapore Airlines,SI2635,MIA,JFK,2025-03-18 08:08:00,2025-08-04 08:08:00,60F,Business,1794.98,Pending
BK000800,Olivia Smith,olivia.smith800@example.com,Qatar Airways,QA2343,SEA,YYZ,2025-07-25 13:52:00,2025-09-01 13:52:00,35A,Economy,452.93,Pending
BK000801,Mia White,mia.white801@example.com,Lufthansa,LU4120,LHR,MIA,2025-10-24 17:11:00,2026-04-08 17:11:00,36D,Premium Economy,366.97,Confirmed
BK000802,Emma Taylor,emma.taylor802@example.com,Delta Air Lines,DE7773,JFK,ATL,2025-04-13 09:58:00,2025-07-11 09:58:00,14D,Premium Economy,723.23,Cancelled
BK000803,Emma Smith,emma.smith803@example.com,Delta Air Lines,DE8071,ORD,YYZ,2025-06-28 12:23:00,2025-07-06 12:23:00,22B,Premium Economy,552.13,Pending
BK000804,James Brown,james.brown804@example.com,Lufthansa,LU4883,LAX,MIA,2025-12-10 11:30:00,2026-03-20 11:30:00,35B,Premium Economy,622.86,Confirmed
BK000805,Mia Anderson,mia.anderson805@example.com,British Airways,BR1415,SFO,LHR,2025-11-03 03:55:00,2026-01-24 03:55:00,22C,First,4436.31,Confirmed
BK000806,Benjamin Johnson,benjamin.johnson806@example.com,Air Canada,AI6503,MIA,SFO,2025-04-29 02:33:00,2025-09-06 02:33:00,16C,Business,1728.33,Cancelled
BK000807,Charlotte Brown,charlotte.brown807@example.com,Qatar Airways,QA7736,YYZ,SFO,2025-01-28 20:14:00,2025-06-20 20:14:00,56B,First,2704.84,Cancelled
BK000808,James Anderson,james.anderson808@example.com,American Airlines,AM9586,MIA,DFW,2025-03-18 07:38:00,2025-07-15 07:38:00,47C,Business,1932.65,Pending
BK000809,Charlotte Anderson,charlotte.anderson809@example.com,Qatar Airways,QA4372,SFO,SEA,2025-08-25 18:29:00,2025-10-16 18:29:00,27A,Business,878.99,Pending
BK000810,Sophia Johnson,sophia.johnson810@example.com,Southwest Airlines,SO4724,MIA,YYZ,2025-01-13 06:52:00,2025-05-10 06:52:00,12B,First,4831.21,Confirmed
BK000811,Liam Johnson,liam.johnson811@example.com,United Airlines,UN4688,LAX,JFK,2025-07-25 16:39:00,2025-10-27 16:39:00,47B,First,3909.39,Confirmed
BK000812,Sophia Harris,sophia.harris812@example.com,Singapore Airlines,SI3466,ORD,LAX,2025-12-27 21:08:00,2026-02-05 21:08:00,12E,Premium Economy,708.5,Confirmed
BK000813,James Anderson,james.anderson813@example.com,American Airlines,AM2031,MIA,SFO,2025-05-09 12:34:00,2025-09-29 12:34:00,38C,First,4058.72,Pending
BK000814,William White,william.white814@example.com,Singapore Airlines,SI5637,MIA,SFO,2025-12-02 23:09:00,2026-01-07 23:09:00,53C,First,5206.18,Cancelled
BK000815,Liam Johnson,liam.johnson815@example.com,Emirates,EM6415,SFO,MIA,2025-11-20 23:47:00,2026-05-14 23:47:00,53B,Economy,498.27,Confirmed
BK000816,Liam Thomas,liam.thomas816@example.com,Air Canada,AI2509,YYZ,DFW,2025-03-15 03:03:00,2025-09-06 03:03:00,45B,Business,1453.4,Cancelled
BK000817,Ava Brown,ava.brown817@example.com,Qatar Airways,QA3108,ATL,SFO,2025-08-27 01:01:00,2026-02-18 01:01:00,25E,First,4150.08,Cancelled
BK000818,Olivia Brown,olivia.brown818@example.com,Singapore Airlines,SI2586,ATL,SEA,2025-11-25 11:31:00,2026-01-26 11:31:00,26F,Premium Economy,431.73,Cancelled
BK000819,Sophia Jackson,sophia.jackson819@example.com,Qatar Airways,QA1498,SFO,DFW,2025-05-05 16:44:00,2025-06-14 16:44:00,35E,First,5164.51,Pending
BK000820,John Jackson,john.jackson820@example.com,United Airlines,UN2285,SEA,JFK,2025-01-28 15:44:00,2025-05-28 15:44:00,20D,Premium Economy,766.35,Cancelled
BK000821,William Thomas,william.thomas821@example.com,American Airlines,AM9184,ATL,ORD,2025-02-07 02:03:00,2025-07-06 02:03:00,29E,Economy,377.88,Confirmed
BK000822,Benjamin Brown,benjamin.brown822@example.com,Delta Air Lines,DE4503,MIA,SFO,2025-02-26 03:15:00,2025-03-16 03:15:00,38D,Business,1049.81,Confirmed
BK000823,James Brown,james.brown823@example.com,Emirates,EM7239,ATL,SFO,2025-11-07 14:33:00,2025-12-30 14:33:00,2E,First,3749.76,Cancelled
BK000824,James Thomas,james.thomas824@example.com,Southwest Airlines,SO7055,JFK,DFW,2025-01-30 09:03:00,2025-07-05 09:03:00,18A,Premium Economy,700.73,Cancelled
BK000825,William Martin,william.martin825@example.com,Lufthansa,LU7610,SEA,ATL,2025-04-01 01:36:00,2025-06-07 01:36:00,59E,Premium Economy,391.71,Confirmed
BK000826,Liam Smith,liam.smith826@example.com,Singapore Airlines,SI4878,SEA,JFK,2025-10-31 16:31:00,2026-03-02 16:31:00,24C,First,3373.42,Pending
BK000827,Emma Thomas,emma.thomas827@example.com,Emirates,EM8848,ATL,DFW,2025-10-30 23:29:00,2026-01-05 23:29:00,9E,Economy,439.17,Cancelled
BK000828,James White,james.white828@example.com,Emirates,EM3453,SEA,DFW,2025-02-09 15:12:00,2025-03-22 15:12:00,53B,First,3723.94,Pending
BK000829,Liam Harris,liam.harris829@example.com,Delta Air Lines,DE2040,LHR,SFO,2025-03-08 10:30:00,2025-05-07 10:30:00,14A,Business,2440.88,Cancelled
BK000830,Charlotte Thomas,charlotte.thomas830@example.com,Qatar Airways,QA8671,JFK,MIA,2025-07-29 23:53:00,2025-11-06 23:53:00,4B,Economy,135.42,Confirmed
BK000831,Olivia Jackson,olivia.jackson831@example.com,Southwest Airlines,SO5294,LHR,ORD,2025-03-06 19:51:00,2025-07-18 19:51:00,37F,Premium Economy,739.8,Cancelled
BK000832,Mia Martin,mia.martin832@example.com,Singapore Airlines,SI2160,LHR,ATL,2025-01-27 22:09:00,2025-03-08 22:09:00,33A,Premium Economy,547.47,Cancelled
BK000833,Sophia Thomas,sophia.thomas833@example.com,Southwest Airlines,SO4115,SFO,LAX,2025-01-01 04:03:00,2025-04-04 04:03:00,39E,Business,978.87,Confirmed
BK000834,Emma Harris,emma.harris834@example.com,Southwest Airlines,SO6674,LHR,ORD,2025-08-06 15:37:00,2025-09-15 15:37:00,54F,Business,1267.17,Cancelled
BK000835,Liam Martin,liam.martin835@example.com,Qatar Airways,QA1721,YYZ,LAX,2025-06-10 19:34:00,2025-11-18 19:34:00,32D,Economy,193.75,Cancelled
BK000836,Noah Martin,noah.martin836@example.com,British Airways,BR3539,LAX,MIA,2025-05-06 11:57:00,2025-06-15 11:57:00,40F,Premium Economy,593.66,Confirmed
BK000837,Mia Harris,mia.harris837@example.com,British Airways,BR9427,MIA,SFO,2025-09-27 00:30:00,2026-03-19 00:30:00,32E,Premium Economy,367.7,Cancelled
BK000838,Benjamin Johnson,benjamin.johnson838@example.com,Delta Air Lines,DE342,LAX,MIA,2025-07-25 04:58:00,2025-08-28 04:58:00,32D,Economy,157.64,Cancelled
BK000839,Emma Martin,emma.martin839@example.com,Emirates,EM9594,ATL,ORD,2025-11-12 19:50:00,2026-01-23 19:50:00,51B,Premium Economy,492.15,Confirmed
BK000840,Sophia Jackson,sophia.jackson840@example.com,United Airlines,UN9403,MIA,JFK,2025-06-20 23:10:00,2025-11-01 23:10:00,59C,Premium Economy,621.5,Pending
BK000841,Benjamin Jackson,benjamin.jackson841@example.com,British Airways,BR9294,YYZ,SFO,2025-12-11 03:04:00,2026-05-04 03:04:00,52D,First,4056.55,Pending
BK000842,Charlotte Harris,charlotte.harris842@example.com,British Airways,BR213,LAX,YYZ,2025-10-01 22:45:00,2026-01-26 22:45:00,56F,Economy,466.14,Pending
BK000843,Charlotte Anderson,charlotte.anderson843@example.com,Lufthansa,LU2843,MIA,YYZ,2025-08-03 00:08:00,2025-10-15 00:08:00,59F,Premium Economy,595.88,Pending
BK000844,Benjamin Martin,benjamin.martin844@example.com,Emirates,EM5123,ORD,YYZ,2025-06-27 13:39:00,2025-11-06 13:39:00,5D,Premium Economy,582.16,Confirmed
BK000845,Liam Martin,liam.martin845@example.com,Southwest Airlines,SO9939,YYZ,LAX,2025-12-15 09:55:00,2026-01-06 09:55:00,44A,First,4740.34,Confirmed
BK000846,William Taylor,william.taylor846@example.com,Singapore Airlines,SI3487,LHR,ORD,2025-02-09 06:50:00,2025-04-01 06:50:00,46D,First,3747.63,Cancelled
BK000847,John Anderson,john.anderson847@example.com,Delta Air Lines,DE2812,ORD,YYZ,2025-02-01 18:06:00,2025-07-13 18:06:00,40D,Premium Economy,551.69,Pending
BK000848,Ava Harris,ava.harris848@example.com,Air Canada,AI6360,LHR,DFW,2025-01-13 21:53:00,2025-06-28 21:53:00,23F,Business,1327.7,Pending
BK000849,Noah Thomas,noah.thomas849@example.com,Delta Air Lines,DE1435,LHR,MIA,2025-08-17 17:06:00,2026-02-13 17:06:00,56B,First,5315.64,Pending
BK000850,Emma Martin,emma.martin850@example.com,United Airlines,UN7736,YYZ,JFK,2025-08-11 04:55:00,2025-11-30 04:55:00,38F,First,4563.52,Pending
BK000851,Liam Smith,liam.smith851@example.com,Singapore Airlines,SI2691,MIA,YYZ,2025-09-01 15:55:00,2025-11-14 15:55:00,28F,Business,2351.36,Cancelled
BK000852,Charlotte Taylor,charlotte.taylor852@example.com,British Airways,BR6119,SEA,SFO,2025-06-16 03:51:00,2025-07-29 03:51:00,24F,Economy,108.25,Pending
BK000853,William Brown,william.brown853@example.com,American Airlines,AM3853,LAX,SEA,2025-12-18 10:03:00,2025-12-24 10:03:00,32D,Economy,434.21,Confirmed
BK000854,John Harris,john.harris854@example.com,Emirates,EM2823,ORD,LHR,2025-03-11 01:39:00,2025-07-18 01:39:00,55B,Premium Economy,625.06,Cancelled
BK000855,Ava Harris,ava.harris855@example.com,American Airlines,AM7878,YYZ,ATL,2025-08-26 10:20:00,2026-02-10 10:20:00,56C,Economy,174.52,Pending
BK000856,William Jackson,william.jackson856@example.com,Singapore Airlines,SI7270,MIA,LHR,2025-05-17 16:38:00,2025-08-11 16:38:00,30D,First,5069.01,Cancelled
BK000857,Mia Smith,mia.smith857@example.com,American Airlines,AM7491,YYZ,SEA,2025-05-24 21:06:00,2025-09-16 21:06:00,45A,Business,2413.41,Pending
BK000858,Mia Brown,mia.brown858@example.com,Qatar Airways,QA377,LHR,JFK,2025-04-25 11:24:00,2025-08-25 11:24:00,4E,First,5318.57,Confirmed
BK000859,Sophia Brown,sophia.brown859@example.com,Delta Air Lines,DE6445,ATL,LAX,2025-05-03 07:11:00,2025-06-21 07:11:00,5A,First,3374.87,Pending
BK000860,Ava Johnson,ava.johnson860@example.com,Singapore Airlines,SI9078,JFK,SFO,2025-02-13 11:18:00,2025-08-10 11:18:00,50F,Business,2062.95,Pending
BK000861,Ava Johnson,ava.johnson861@example.com,Emirates,EM642,LAX,ATL,2025-11-07 05:17:00,2026-04-21 05:17:00,19A,Premium Economy,516.09,Pending
BK000862,Charlotte Jackson,charlotte.jackson862@example.com,Emirates,EM1069,SEA,MIA,2025-12-16 06:01:00,2026-01-12 06:01:00,56B,Business,2217.06,Cancelled
BK000863,Ava Thomas,ava.thomas863@example.com,Qatar Airways,QA4322,DFW,LAX,2025-01-01 02:11:00,2025-06-06 02:11:00,34D,Premium Economy,494.53,Pending
BK000864,Emma White,emma.white864@example.com,United Airlines,UN5452,SFO,LAX,2025-08-20 00:40:00,2026-01-03 00:40:00,8E,Premium Economy,696.46,Cancelled
BK000865,James Anderson,james.anderson865@example.com,British Airways,BR3717,LHR,DFW,2025-11-26 09:38:00,2025-12-22 09:38:00,8E,First,3422.35,Pending
BK000866,Olivia Brown,olivia.brown866@example.com,British Airways,BR5439,SEA,SFO,2025-02-28 17:35:00,2025-03-18 17:35:00,13F,Economy,318.82,Pending
BK000867,Benjamin Taylor,benjamin.taylor867@example.com,Air Canada,AI7491,DFW,ATL,2025-03-05 18:25:00,2025-06-05 18:25:00,60D,Economy,151.58,Cancelled
BK000868,Charlotte Smith,charlotte.smith868@example.com,United Airlines,UN3904,SEA,SFO,2025-11-18 08:52:00,2026-01-23 08:52:00,2B,Economy,365.13,Cancelled
BK000869,Noah Taylor,noah.taylor869@example.com,Singapore Airlines,SI9445,ATL,LAX,2025-04-14 06:38:00,2025-08-27 06:38:00,11E,Premium Economy,302.66,Pending
BK000870,Benjamin Martin,benjamin.martin870@example.com,United Airlines,UN3341,LAX,JFK,2025-09-24 21:14:00,2025-11-01 21:14:00,9F,Economy,432.38,Pending
BK000871,Olivia Brown,olivia.brown871@example.com,Singapore Airlines,SI8057,MIA,LAX,2025-04-15 02:23:00,2025-06-26 02:23:00,47F,Business,1865.1,Confirmed
BK000872,Noah White,noah.white872@example.com,Singapore Airlines,SI8397,YYZ,LHR,2025-12-20 05:29:00,2025-12-26 05:29:00,29F,Business,2298.15,Pending
BK000873,Benjamin Jackson,benjamin.jackson873@example.com,Qatar Airways,QA2882,MIA,LHR,2025-11-27 19:27:00,2026-01-08 19:27:00,55F,Premium Economy,549.25,Confirmed
BK000874,Noah Brown,noah.brown874@example.com,Emirates,EM4266,LAX,YYZ,2025-10-30 14:57:00,2026-01-01 14:57:00,54B,Economy,245.59,Confirmed
BK000875,James Jackson,james.jackson875@example.com,British Airways,BR1500,ORD,ATL,2025-06-27 02:17:00,2025-09-28 02:17:00,41A,Economy,312.46,Pending
BK000876,Charlotte Smith,charlotte.smith876@example.com,United Airlines,UN4547,ORD,LHR,2025-07-01 20:08:00,2025-09-30 20:08:00,34A,First,5622.47,Pending
BK000877,Ava Johnson,ava.johnson877@example.com,Singapore Airlines,SI5775,ORD,MIA,2025-06-07 07:16:00,2025-10-16 07:16:00,8B,Business,1632.62,Cancelled
BK000878,Sophia Anderson,sophia.anderson878@example.com,Emirates,EM5314,JFK,SEA,2025-03-20 08:38:00,2025-09-13 08:38:00,3C,Premium Economy,764.79,Confirmed
BK000879,John Johnson,john.johnson879@example.com,Southwest Airlines,SO9319,DFW,ATL,2025-11-18 15:48:00,2025-12-20 15:48:00,11A,First,3565.27,Cancelled
BK000880,Mia Smith,mia.smith880@example.com,Singapore Airlines,SI1270,DFW,LAX,2025-05-01 18:49:00,2025-06-15 18:49:00,12E,Premium Economy,375.23,Confirmed
BK000881,William Thomas,william.thomas881@example.com,Delta Air Lines,DE9100,ORD,MIA,2025-02-09 13:56:00,2025-05-20 13:56:00,55A,Business,2374.46,Cancelled
BK000882,Charlotte Jackson,charlotte.jackson882@example.com,Air Canada,AI5308,SEA,JFK,2025-08-12 08:03:00,2025-09-13 08:03:00,59C,Business,861.85,Cancelled
BK000883,Charlotte Johnson,charlotte.johnson883@example.com,Southwest Airlines,SO1825,SEA,LAX,2025-07-02 23:38:00,2025-10-20 23:38:00,32F,Business,2276.94,Pending
BK000884,Emma Anderson,emma.anderson884@example.com,Emirates,EM8567,ATL,MIA,2025-09-24 05:56:00,2026-02-25 05:56:00,46C,First,2942.31,Confirmed
BK000885,Ava Anderson,ava.anderson885@example.com,Singapore Airlines,SI1400,LHR,SEA,2025-06-07 07:18:00,2025-11-29 07:18:00,52D,First,2998.16,Confirmed
BK000886,Benjamin Thomas,benjamin.thomas886@example.com,American Airlines,AM1069,MIA,SFO,2025-02-28 15:38:00,2025-05-24 15:38:00,20B,Economy,277.28,Confirmed
BK000887,Liam Brown,liam.brown887@example.com,Emirates,EM4852,ORD,LHR,2025-08-17 03:59:00,2025-12-06 03:59:00,25B,Economy,484.74,Cancelled
BK000888,Emma Martin,emma.martin888@example.com,Qatar Airways,QA9210,MIA,DFW,2025-09-01 01:56:00,2025-12-04 01:56:00,60B,Economy,246.13,Pending
BK000889,William Taylor,william.taylor889@example.com,Delta Air Lines,DE6439,LAX,MIA,2025-05-27 20:44:00,2025-07-22 20:44:00,44E,Premium Economy,512.21,Cancelled
BK000890,Olivia Johnson,olivia.johnson890@example.com,American Airlines,AM7626,YYZ,SEA,2025-01-18 17:29:00,2025-02-19 17:29:00,26A,Business,1370.69,Pending
BK000891,Ava Anderson,ava.anderson891@example.com,American Airlines,AM4613,LAX,YYZ,2025-06-14 06:09:00,2025-07-06 06:09:00,55C,Economy,131.28,Confirmed
BK000892,Emma White,emma.white892@example.com,Air Canada,AI3352,YYZ,MIA,2025-07-17 08:49:00,2025-09-24 08:49:00,58F,Premium Economy,383.82,Confirmed
BK000893,Emma Jackson,emma.jackson893@example.com,Qatar Airways,QA4693,LHR,SFO,2025-08-18 17:39:00,2025-09-07 17:39:00,58D,First,3464.28,Pending
BK000894,Charlotte Thomas,charlotte.thomas894@example.com,Delta Air Lines,DE4163,SEA,LHR,2025-12-10 06:33:00,2026-01-04 06:33:00,32A,First,3294.27,Confirmed
BK000895,James Johnson,james.johnson895@example.com,Qatar Airways,QA4530,LAX,LHR,2025-06-12 20:51:00,2025-08-12 20:51:00,42C,Premium Economy,725.92,Confirmed
BK000896,Sophia White,sophia.white896@example.com,Delta Air Lines,DE4280,ATL,JFK,2025-11-27 12:41:00,2026-03-11 12:41:00,54C,Business,1682.07,Confirmed
BK000897,Emma Anderson,emma.anderson897@example.com,Southwest Airlines,SO6003,ATL,JFK,2025-03-21 19:31:00,2025-05-28 19:31:00,35F,First,4753.67,Pending
BK000898,Benjamin Brown,benjamin.brown898@example.com,American Airlines,AM208,ATL,JFK,2025-11-04 21:19:00,2026-02-21 21:19:00,57F,Economy,411.85,Pending
BK000899,Mia Thomas,mia.thomas899@example.com,American Airlines,AM9928,ORD,DFW,2025-01-23 01:46:00,2025-06-04 01:46:00,9E,First,3241.66,Confirmed
BK000900,Olivia Johnson,olivia.johnson900@example.com,Emirates,EM9073,SFO,LHR,2025-12-29 20:24:00,2026-01-25 20:24:00,29B,Economy,101.55,Cancelled
BK000901,James Thomas,james.thomas901@example.com,Air Canada,AI4336,LHR,ATL,2025-11-07 14:44:00,2025-11-09 14:44:00,42A,Economy,221.62,Cancelled
BK000902,Charlotte Harris,charlotte.harris902@example.com,Air Canada,AI1722,LAX,SFO,2025-05-07 14:41:00,2025-07-05 14:41:00,55C,First,3080.43,Pending
BK000903,Sophia Harris,sophia.harris903@example.com,Southwest Airlines,SO6191,JFK,LHR,2025-06-21 15:48:00,2025-11-19 15:48:00,14A,First,2300.7,Pending
BK000904,Olivia Martin,olivia.martin904@example.com,United Airlines,UN7378,SEA,MIA,2025-09-02 18:24:00,2025-10-17 18:24:00,3E,Business,1001.53,Confirmed
BK000905,Noah Martin,noah.martin905@example.com,American Airlines,AM3159,MIA,SFO,2025-04-07 03:59:00,2025-06-28 03:59:00,10D,Business,2359.56,Confirmed
BK000906,Benjamin Smith,benjamin.smith906@example.com,Emirates,EM7697,SEA,SFO,2025-06-09 01:34:00,2025-10-19 01:34:00,32D,Business,1828.55,Confirmed
BK000907,James Johnson,james.johnson907@example.com,Air Canada,AI4806,DFW,JFK,2025-02-16 12:26:00,2025-07-09 12:26:00,34E,Business,1574.55,Confirmed
BK000908,William Jackson,william.jackson908@example.com,British Airways,BR2637,DFW,MIA,2025-04-18 20:31:00,2025-07-18 20:31:00,49B,Business,2412.23,Pending
BK000909,Charlotte Taylor,charlotte.taylor909@example.com,Qatar Airways,QA4396,LHR,ORD,2025-03-31 06:44:00,2025-08-19 06:44:00,15E,Economy,479.35,Pending
BK000910,Mia Martin,mia.martin910@example.com,United Airlines,UN2019,LAX,YYZ,2025-07-19 23:51:00,2025-07-22 23:51:00,24F,Economy,156.34,Pending
BK000911,William Thomas,william.thomas911@example.com,Singapore Airlines,SI8138,YYZ,LHR,2025-09-03 19:27:00,2026-02-06 19:27:00,51F,Premium Economy,621.97,Pending
BK000912,Ava White,ava.white912@example.com,British Airways,BR5553,YYZ,SFO,2025-10-17 18:59:00,2026-03-26 18:59:00,12C,Premium Economy,721.13,Confirmed
BK000913,Mia Thomas,mia.thomas913@example.com,British Airways,BR2143,SEA,LAX,2025-07-07 00:14:00,2025-07-09 00:14:00,56C,Business,1957.9,Cancelled
BK000914,Charlotte Johnson,charlotte.johnson914@example.com,Qatar Airways,QA4347,MIA,ATL,2025-02-11 07:07:00,2025-04-14 07:07:00,52D,Premium Economy,726.81,Cancelled
BK000915,Olivia Martin,olivia.martin915@example.com,Air Canada,AI2965,ORD,JFK,2025-12-18 13:11:00,2026-01-05 13:11:00,31C,Economy,479.43,Pending
BK000916,William Harris,william.harris916@example.com,Southwest Airlines,SO6606,MIA,SFO,2025-12-03 19:25:00,2026-04-08 19:25:00,39A,Economy,454.14,Confirmed
BK000917,Sophia White,sophia.white917@example.com,Qatar Airways,QA8385,LAX,LHR,2025-10-04 17:11:00,2026-02-04 17:11:00,20D,Business,2469.1,Cancelled
BK000918,Emma Johnson,emma.johnson918@example.com,American Airlines,AM7610,JFK,LHR,2025-02-24 22:10:00,2025-03-11 22:10:00,38F,Premium Economy,608.1,Pending
BK000919,Mia Jackson,mia.jackson919@example.com,Air Canada,AI979,DFW,SEA,2025-04-01 02:44:00,2025-08-19 02:44:00,53A,Economy,190.94,Cancelled
BK000920,Benjamin Johnson,benjamin.johnson920@example.com,Air Canada,AI7373,ORD,DFW,2025-12-07 16:26:00,2026-01-13 16:26:00,19D,First,2584.75,Cancelled
BK000921,John Jackson,john.jackson921@example.com,American Airlines,AM6809,DFW,LAX,2025-11-09 09:41:00,2026-04-24 09:41:00,25D,Premium Economy,545.02,Confirmed
BK000922,Noah Brown,noah.brown922@example.com,United Airlines,UN781,SFO,YYZ,2025-09-24 03:07:00,2026-02-23 03:07:00,29E,Economy,438.45,Cancelled
BK000923,William Jackson,william.jackson923@example.com,Delta Air Lines,DE1095,LAX,DFW,2025-04-15 19:02:00,2025-06-23 19:02:00,20C,Business,1684.93,Cancelled
BK000924,Ava Smith,ava.smith924@example.com,United Airlines,UN7704,LHR,ATL,2025-04-04 17:31:00,2025-05-09 17:31:00,3F,First,2333.08,Pending
BK000925,Sophia Jackson,sophia.jackson925@example.com,Lufthansa,LU6626,YYZ,LHR,2025-07-01 17:18:00,2025-10-12 17:18:00,23B,Business,2218.08,Pending
BK000926,Mia Harris,mia.harris926@example.com,Singapore Airlines,SI8226,YYZ,SFO,2025-06-03 22:31:00,2025-08-04 22:31:00,48F,First,2758.69,Cancelled
BK000927,Sophia Smith,sophia.smith927@example.com,United Airlines,UN4392,LHR,DFW,2025-01-19 01:15:00,2025-06-20 01:15:00,17D,Economy,301.77,Cancelled
BK000928,Benjamin Thomas,benjamin.thomas928@example.com,Qatar Airways,QA9448,JFK,DFW,2025-03-11 11:40:00,2025-04-23 11:40:00,56C,Economy,381.31,Cancelled
BK000929,Mia White,mia.white929@example.com,Singapore Airlines,SI8322,SEA,JFK,2025-11-23 08:50:00,2026-05-11 08:50:00,55F,First,2087.51,Pending
BK000930,John Smith,john.smith930@example.com,Southwest Airlines,SO2859,MIA,SFO,2025-08-22 08:10:00,2025-10-15 08:10:00,2E,Economy,268.7,Cancelled
BK000931,Noah Martin,noah.martin931@example.com,United Airlines,UN2310,MIA,LAX,2025-09-13 00:19:00,2025-09-23 00:19:00,40C,Economy,206.94,Cancelled
BK000932,Benjamin Harris,benjamin.harris932@example.com,British Airways,BR1397,LAX,ORD,2025-09-27 21:03:00,2025-10-22 21:03:00,9C,First,3809.7,Cancelled
BK000933,Olivia Anderson,olivia.anderson933@example.com,Singapore Airlines,SI2380,LHR,YYZ,2025-06-12 03:36:00,2025-09-27 03:36:00,32B,Business,1054.57,Cancelled
BK000934,Ava Jackson,ava.jackson934@example.com,American Airlines,AM5447,LAX,MIA,2025-11-27 03:39:00,2026-05-04 03:39:00,10E,Economy,157.22,Pending
BK000935,Mia Taylor,mia.taylor935@example.com,United Airlines,UN9637,ATL,SFO,2025-01-10 12:02:00,2025-02-16 12:02:00,42B,First,5301.82,Pending
BK000936,Mia Brown,mia.brown936@example.com,British Airways,BR6624,LAX,MIA,2025-01-10 00:32:00,2025-01-11 00:32:00,36D,Business,1922.65,Confirmed
BK000937,Noah Johnson,noah.johnson937@example.com,Emirates,EM4475,ORD,SEA,2025-05-21 11:04:00,2025-07-20 11:04:00,4C,First,2308.37,Confirmed
BK000938,William Anderson,william.anderson938@example.com,Emirates,EM3815,SFO,LAX,2025-02-05 18:27:00,2025-07-29 18:27:00,40C,Premium Economy,354.37,Confirmed
BK000939,John Anderson,john.anderson939@example.com,Qatar Airways,QA4735,MIA,LAX,2025-02-03 19:41:00,2025-07-06 19:41:00,16B,Premium Economy,463.72,Pending
BK000940,James White,james.white940@example.com,Delta Air Lines,DE1684,SFO,LHR,2025-07-13 01:06:00,2025-11-14 01:06:00,52F,Business,1428.68,Cancelled
BK000941,William Johnson,william.johnson941@example.com,Qatar Airways,QA4744,SEA,YYZ,2025-05-27 17:37:00,2025-10-17 17:37:00,53D,Business,1986.03,Pending
BK000942,Sophia Anderson,sophia.anderson942@example.com,Singapore Airlines,SI6602,JFK,SFO,2025-01-16 03:43:00,2025-04-26 03:43:00,34A,Business,1190.67,Confirmed
BK000943,Mia Brown,mia.brown943@example.com,Southwest Airlines,SO1283,LHR,YYZ,2025-12-16 01:15:00,2025-12-30 01:15:00,13F,Economy,466.89,Cancelled
BK000944,Charlotte Taylor,charlotte.taylor944@example.com,Lufthansa,LU9520,ATL,ORD,2025-07-08 17:59:00,2025-11-11 17:59:00,40E,Premium Economy,474.82,Confirmed
BK000945,Noah White,noah.white945@example.com,Lufthansa,LU8756,ORD,DFW,2025-07-31 19:40:00,2025-09-07 19:40:00,8E,Economy,214.72,Pending
BK000946,William Anderson,william.anderson946@example.com,Emirates,EM1907,LHR,MIA,2025-06-14 06:16:00,2025-07-01 06:16:00,50C,Business,1100.36,Confirmed
BK000947,Liam Martin,liam.martin947@example.com,Qatar Airways,QA5443,ATL,LAX,2025-11-06 23:13:00,2026-04-10 23:13:00,12B,First,2067.3,Pending
BK000948,Olivia Smith,olivia.smith948@example.com,American Airlines,AM7248,ORD,MIA,2025-10-14 10:18:00,2026-03-16 10:18:00,36F,Premium Economy,645.82,Cancelled
BK000949,James Smith,james.smith949@example.com,Lufthansa,LU5941,MIA,SEA,2025-02-17 11:20:00,2025-07-07 11:20:00,46D,Economy,241.67,Cancelled
BK000950,Charlotte Brown,charlotte.brown950@example.com,Lufthansa,LU348,JFK,ORD,2025-05-13 21:58:00,2025-06-24 21:58:00,32C,Premium Economy,695.02,Cancelled
BK000951,Sophia Martin,sophia.martin951@example.com,Singapore Airlines,SI3645,SEA,ATL,2025-11-19 21:20:00,2026-04-12 21:20:00,16D,First,3375.41,Pending
BK000952,Liam Smith,liam.smith952@example.com,Lufthansa,LU5206,YYZ,LHR,2025-06-09 01:22:00,2025-08-18 01:22:00,51B,Economy,496.86,Cancelled
BK000953,Ava Taylor,ava.taylor953@example.com,Air Canada,AI7281,YYZ,DFW,2025-04-17 17:28:00,2025-04-21 17:28:00,9C,Premium Economy,334.81,Pending
BK000954,Mia Smith,mia.smith954@example.com,United Airlines,UN3599,SFO,MIA,2025-08-22 05:53:00,2025-11-21 05:53:00,40C,Economy,224.71,Pending
BK000955,Emma Martin,emma.martin955@example.com,British Airways,BR7262,ORD,LAX,2025-08-03 10:53:00,2025-12-16 10:53:00,12F,First,2535.69,Pending
BK000956,Liam Harris,liam.harris956@example.com,British Airways,BR7311,YYZ,LHR,2025-09-07 06:38:00,2025-11-10 06:38:00,4E,First,4832.43,Confirmed
BK000957,James Thomas,james.thomas957@example.com,Lufthansa,LU542,ATL,JFK,2025-01-28 17:51:00,2025-07-06 17:51:00,18D,Business,1308.99,Cancelled
BK000958,Emma White,emma.white958@example.com,Southwest Airlines,SO7575,SEA,JFK,2025-05-15 09:35:00,2025-08-03 09:35:00,39C,Premium Economy,319.57,Cancelled
BK000959,Liam Thomas,liam.thomas959@example.com,Southwest Airlines,SO2479,LHR,YYZ,2025-02-21 03:16:00,2025-05-06 03:16:00,28D,Premium Economy,578.57,Cancelled
BK000960,William White,william.white960@example.com,Singapore Airlines,SI7840,MIA,LAX,2025-07-11 09:09:00,2025-12-04 09:09:00,27C,Business,1980.47,Pending
BK000961,Ava Brown,ava.brown961@example.com,Southwest Airlines,SO2324,SFO,DFW,2025-03-24 01:19:00,2025-04-28 01:19:00,50A,First,4266.68,Confirmed
BK000962,Ava Johnson,ava.johnson962@example.com,American Airlines,AM5330,DFW,JFK,2025-04-13 14:08:00,2025-07-18 14:08:00,46E,Premium Economy,531.23,Confirmed
BK000963,Liam Anderson,liam.anderson963@example.com,American Airlines,AM5498,LHR,MIA,2025-12-14 19:37:00,2026-01-21 19:37:00,59B,Economy,246.62,Pending
BK000964,William Johnson,william.johnson964@example.com,British Airways,BR8098,SEA,DFW,2025-10-01 15:47:00,2026-03-17 15:47:00,40F,Economy,230.06,Pending
BK000965,Mia White,mia.white965@example.com,Emirates,EM8470,YYZ,MIA,2025-03-15 15:16:00,2025-06-30 15:16:00,25E,First,3081.74,Confirmed
BK000966,Liam Johnson,liam.johnson966@example.com,Delta Air Lines,DE506,LHR,DFW,2025-06-11 11:02:00,2025-09-08 11:02:00,56F,Premium Economy,309.77,Cancelled
BK000967,Liam White,liam.white967@example.com,Emirates,EM9408,MIA,YYZ,2025-01-14 12:20:00,2025-04-29 12:20:00,53C,Economy,202.55,Confirmed
BK000968,Ava White,ava.white968@example.com,Emirates,EM826,SFO,LHR,2025-07-25 17:39:00,2025-08-06 17:39:00,56B,Premium Economy,494.01,Pending
BK000969,Liam Martin,liam.martin969@example.com,British Airways,BR2234,SFO,JFK,2025-06-14 15:09:00,2025-07-04 15:09:00,58D,Economy,169.52,Pending
BK000970,Noah Taylor,noah.taylor970@example.com,Singapore Airlines,SI6275,DFW,SEA,2025-08-20 05:34:00,2025-11-01 05:34:00,9C,Economy,388.53,Confirmed
BK000971,Noah Smith,noah.smith971@example.com,British Airways,BR5790,MIA,SEA,2025-12-26 05:48:00,2026-05-10 05:48:00,59A,Business,1921.14,Pending
BK000972,Mia Taylor,mia.taylor972@example.com,Air Canada,AI5723,DFW,JFK,2025-10-13 12:58:00,2025-12-05 12:58:00,47F,Business,1729.83,Pending
BK000973,William Taylor,william.taylor973@example.com,Air Canada,AI7371,SFO,ORD,2025-12-10 09:09:00,2026-05-14 09:09:00,24F,Economy,151.06,Pending
BK000974,Emma White,emma.white974@example.com,British Airways,BR9711,MIA,DFW,2025-02-26 23:06:00,2025-06-17 23:06:00,28C,Business,965.91,Confirmed
BK000975,Liam Smith,liam.smith975@example.com,Emirates,EM1327,LAX,SEA,2025-06-06 22:37:00,2025-06-28 22:37:00,57A,Premium Economy,745.22,Confirmed
BK000976,Noah Johnson,noah.johnson976@example.com,Southwest Airlines,SO4216,DFW,ORD,2025-06-22 18:09:00,2025-11-06 18:09:00,32A,Economy,311.62,Confirmed
BK000977,John Anderson,john.anderson977@example.com,Delta Air Lines,DE5176,MIA,SEA,2025-07-12 10:29:00,2025-07-16 10:29:00,22E,Business,1446.82,Pending
BK000978,James Johnson,james.johnson978@example.com,Air Canada,AI5423,ORD,LHR,2025-01-04 10:26:00,2025-03-30 10:26:00,22A,Premium Economy,504.57,Cancelled
BK000979,Noah Smith,noah.smith979@example.com,United Airlines,UN9879,SEA,ATL,2025-03-05 16:25:00,2025-08-19 16:25:00,59D,Premium Economy,731.12,Cancelled
BK000980,Noah Smith,noah.smith980@example.com,Air Canada,AI4942,ATL,DFW,2025-06-11 19:45:00,2025-09-12 19:45:00,60D,Economy,250.46,Cancelled
BK000981,Benjamin White,benjamin.white981@example.com,American Airlines,AM9054,LAX,SEA,2025-02-18 17:01:00,2025-08-11 17:01:00,12F,Business,1577.59,Cancelled
BK000982,Emma Thomas,emma.thomas982@example.com,Southwest Airlines,SO8066,JFK,LAX,2025-09-16 15:19:00,2025-09-28 15:19:00,43E,Economy,230.7,Confirmed
BK000983,Liam Smith,liam.smith983@example.com,Singapore Airlines,SI1661,SFO,ORD,2025-09-12 17:36:00,2025-09-27 17:36:00,31B,Business,1585.95,Confirmed
BK000984,John Thomas,john.thomas984@example.com,Singapore Airlines,SI149,SEA,ATL,2025-08-13 11:10:00,2025-09-15 11:10:00,7A,Premium Economy,627.09,Confirmed
BK000985,Noah Anderson,noah.anderson985@example.com,Air Canada,AI5859,ATL,ORD,2025-03-11 12:09:00,2025-03-20 12:09:00,23F,Economy,186.9,Cancelled
BK000986,James Taylor,james.taylor986@example.com,British Airways,BR7803,LHR,JFK,2025-06-04 07:38:00,2025-10-15 07:38:00,25C,Economy,204.53,Confirmed
BK000987,John Thomas,john.thomas987@example.com,Qatar Airways,QA5825,SEA,LHR,2025-11-06 03:59:00,2026-03-04 03:59:00,44C,Premium Economy,740.73,Cancelled
BK000988,John Thomas,john.thomas988@example.com,American Airlines,AM1937,SEA,SFO,2026-01-01 03:19:00,2026-02-24 03:19:00,23B,Premium Economy,533.15,Pending
BK000989,Liam Brown,liam.brown989@example.com,American Airlines,AM4434,SEA,MIA,2025-09-02 05:20:00,2025-09-20 05:20:00,19D,Business,1680.57,Pending
BK000990,Mia Harris,mia.harris990@example.com,British Airways,BR8754,MIA,SEA,2025-11-18 19:23:00,2026-05-17 19:23:00,16F,Premium Economy,317.3,Confirmed
BK000991,Liam Martin,liam.martin991@example.com,Lufthansa,LU7599,MIA,YYZ,2025-09-22 17:17:00,2026-01-08 17:17:00,19C,Economy,208.93,Confirmed
BK000992,Olivia Brown,olivia.brown992@example.com,Delta Air Lines,DE1041,DFW,SFO,2025-04-09 21:56:00,2025-06-24 21:56:00,21A,Economy,210.08,Cancelled
BK000993,Ava Thomas,ava.thomas993@example.com,Lufthansa,LU4508,ATL,JFK,2025-02-27 13:20:00,2025-04-22 13:20:00,22B,Business,1260.34,Confirmed
BK000994,John Taylor,john.taylor994@example.com,United Airlines,UN7674,SFO,DFW,2025-06-11 07:09:00,2025-11-20 07:09:00,4F,Business,2497.01,Cancelled
BK000995,Olivia Martin,olivia.martin995@example.com,British Airways,BR2591,LHR,DFW,2025-08-24 07:25:00,2025-12-29 07:25:00,29A,Business,2277.25,Pending
BK000996,Emma Harris,emma.harris996@example.com,United Airlines,UN3226,YYZ,ATL,2025-12-09 03:04:00,2026-01-30 03:04:00,49E,First,4377.72,Pending
BK000997,Noah Harris,noah.harris997@example.com,Southwest Airlines,SO5987,LAX,SFO,2025-09-28 20:14:00,2025-11-21 20:14:00,10A,First,2994.51,Pending
BK000998,John White,john.white998@example.com,Emirates,EM5890,ATL,LHR,2025-02-26 02:37:00,2025-05-11 02:37:00,21C,Business,1438.53,Confirmed
BK000999,Emma Martin,emma.martin999@example.com,Lufthansa,LU1980,SFO,YYZ,2025-03-01 07:03:00,2025-06-22 07:03:00,52A,Economy,391.18,Pending
BK001000,Charlotte White,charlotte.white1000@example.com,Air Canada,AI9437,ORD,DFW,2025-06-19 12:22:00,2025-10-01 12:22:00,2C,First,4395.56,Cancelled
