customer_id,customer_name,email,phone,city,rating,created_datetime,updated_datetime
1,Kimberly Strong,jade31@example.org,+1-912-702-5420x551,West Maryfort,4.46,2025-02-13 22:07:34,2025-04-09 22:07:34
2,Vanessa Cook,laura74@example.net,893-469-2456,South Hectorfurt,4.61,2026-03-23 05:13:00,2026-12-28 05:13:00
3,Lance Robinson,bowmandonald@example.org,001-227-574-7318x7518,New Jamesfurt,3.83,2026-06-16 02:15:53,2026-10-28 02:15:53
4,Nathan Wilson,millerrichard@example.org,841-464-7026,Port Michelle,4.52,2025-11-21 13:05:53,2027-07-02 13:05:53
5,James Schwartz,manuel50@example.net,(973)570-5148x38329,East Erica,3.63,2025-10-11 21:40:00,2027-01-16 21:40:00
6,William Allen,ldean@example.org,+1-400-250-4602x970,Port Isabelchester,3.55,2026-07-08 04:07:12,2026-11-10 04:07:12
7,Richard Parsons,collinslisa@example.com,771-396-7774,Port Kimberlyfurt,3.83,2024-10-29 03:46:18,2026-04-29 03:46:18
8,Ryan Dominguez,carrollsamantha@example.com,9144328004,Lake Kimberly,4.4,2024-10-12 06:11:58,2025-06-02 06:11:58
9,Michael Wright,fchavez@example.org,(976)698-6079x655,Madisonville,4.57,2024-06-19 12:35:46,2026-01-28 12:35:46
10,Marvin Sullivan,karenbrock@example.org,9017151501,Staceybury,4.13,2026-01-19 04:47:27,2027-05-23 04:47:27
11,Caleb Moreno,cindybailey@example.org,911-665-4243,Greeneshire,4.38,2025-09-17 19:00:20,2025-10-23 19:00:20
12,Lisa Garcia,mistymcdonald@example.org,(750)563-9103,Garciaside,4.64,2026-06-11 02:30:51,2026-12-21 02:30:51
13,Kristen Stewart,alison13@example.net,980-443-8259,West Jasonbury,4.55,2025-01-26 18:31:49,2026-02-08 18:31:49
14,Michael Harris,robert29@example.net,+1-975-715-6633x935,North Laurabury,3.92,2025-12-18 04:15:32,2026-08-25 04:15:32
15,Cathy Peters,fostereric@example.com,3289413728,West Karen,4.94,2025-04-05 20:56:29,2026-04-14 20:56:29
16,Matthew English,benjamin39@example.com,430.593.3442x9057,North Rachel,3.65,2025-09-16 21:44:10,2026-11-09 21:44:10
17,Lauren Ballard,jeffreymorales@example.net,(992)224-4674x0117,Hansenhaven,3.65,2025-01-18 10:28:39,2026-02-04 10:28:39
18,Drew Davis,emilybowman@example.org,001-960-268-0841x7651,Ruizfurt,4.41,2025-01-03 15:56:35,2025-03-18 15:56:35
19,Sarah Cooke,hawkinschelsea@example.org,+1-500-835-7038x050,Dawsonborough,4.59,2025-04-15 00:24:45,2026-11-15 00:24:45
20,Debra Neal,omoore@example.net,001-494-632-9155x93247,Shelleyburgh,3.69,2023-12-06 10:39:43,2025-01-26 10:39:43
21,Andrea Everett,sherrikoch@example.org,748.476.6229x3849,South Daltonton,3.62,2026-01-20 18:12:55,2026-12-16 18:12:55
22,Robert Long,claytonnatalie@example.com,001-479-215-9582,Olsonburgh,4.74,2025-12-09 16:33:16,2027-01-13 16:33:16
23,Sandra Smith,lsloan@example.com,+1-657-498-2819x8542,Carpenterport,4.37,2024-04-20 19:22:22,2024-07-30 19:22:22
24,Veronica Ferguson,diane27@example.com,529.510.5282x3733,Yangport,3.57,2023-10-04 15:08:31,2024-06-23 15:08:31
25,Cindy Leach,qroberts@example.org,606-444-8479x54276,Angelahaven,4.66,2025-01-12 04:18:06,2025-05-03 04:18:06
26,Elizabeth Davis,richard33@example.net,001-606-546-5564x5859,Martineztown,4.78,2024-06-03 04:57:48,2024-10-14 04:57:48
27,Michael Hayes,vnewman@example.net,313-893-6927,West Johnmouth,4.07,2025-09-08 08:35:14,2027-01-15 08:35:14
28,Sharon Rosario,stephanie05@example.net,7218052297,Michaelside,4.45,2025-05-19 05:50:08,2026-06-26 05:50:08
29,Abigail Abbott,curtiseric@example.com,(990)805-0918x79508,Robinsonland,3.74,2024-12-09 20:42:56,2026-01-06 20:42:56
30,Shannon Jones,lauraknight@example.com,001-469-447-2713x9038,North Lisa,3.81,2023-10-23 17:18:50,2024-08-21 17:18:50
31,Colin Hunter,qramos@example.net,(267)963-8695x69626,Wellsmouth,4.55,2024-04-13 16:37:08,2024-07-25 16:37:08
32,Elizabeth Hall,cynthiacook@example.net,(342)302-3930,Evanfurt,4.41,2025-10-15 04:58:55,2026-05-08 04:58:55
33,Bruce Hampton,nicholas02@example.com,(269)582-6280x40477,Marychester,4.3,2025-03-05 04:32:34,2025-12-10 04:32:34
34,Christopher Palmer,alvaradolucas@example.org,(358)674-2652,Cameronstad,3.75,2023-09-09 06:54:50,2024-10-31 06:54:50
35,Kevin Black,astephens@example.org,482.884.7003x9259,Wendystad,3.9,2024-07-01 04:47:50,2026-02-21 04:47:50
36,Jeff Malone,gmiller@example.net,(311)389-4508,Fosterville,3.83,2024-07-06 06:48:28,2025-07-03 06:48:28
37,Michael Lewis,barbarawarner@example.com,864.341.2264x7784,Davisport,4.76,2024-03-19 18:47:40,2024-06-14 18:47:40
38,David Underwood,khernandez@example.net,001-376-249-5465x3488,Tiffanyland,3.84,2026-07-08 03:48:50,2026-09-08 03:48:50
39,Abigail Gonzalez,leelisa@example.com,805.851.7407x456,Chanstad,4.71,2025-05-16 10:46:08,2026-07-30 10:46:08
40,Dr. Kyle Marshall,cturner@example.com,+1-499-315-5325x28481,Scottville,3.9,2025-05-05 00:49:39,2026-01-06 00:49:39
41,Elijah Cochran,lewissarah@example.net,7376897296,Stephanieburgh,4.87,2023-11-14 04:31:51,2024-10-31 04:31:51
42,Ariel Hill,nvargas@example.org,(918)511-5831,Port Alex,3.82,2024-08-06 19:30:37,2026-01-29 19:30:37
43,Ronald Thompson,reneeroth@example.org,850.301.6811,New Samuelburgh,4.09,2024-01-22 22:03:57,2025-06-04 22:03:57
44,James Mcdonald,nathanwest@example.com,+1-488-204-8745x36547,Hernandezburgh,3.71,2023-09-09 21:43:53,2024-02-28 21:43:53
45,Tiffany Cooper,umendoza@example.net,836-205-3805x81337,West Craigbury,3.87,2024-05-12 07:34:25,2025-12-14 07:34:25
46,Gregory Higgins,dylan98@example.com,(685)422-4717x319,Timothychester,3.89,2026-02-14 07:29:56,2027-05-28 07:29:56
47,Timothy Booth,robertphillips@example.net,372-217-3352x2905,South Juanport,4.85,2025-10-10 18:24:01,2026-12-22 18:24:01
48,Heather Cruz,mfarrell@example.org,711.725.5864x10318,Port Ashleyport,4.04,2025-10-02 15:18:59,2026-03-22 15:18:59
49,Dominique Barrera,robert38@example.net,261-367-3415x465,Roberttown,4.26,2024-08-21 05:49:07,2024-12-22 05:49:07
50,Tammy Mcdaniel,kweber@example.com,973-755-1570x255,North Brianville,4.63,2024-04-19 17:18:52,2024-09-08 17:18:52
51,Michael Cervantes,zdowns@example.org,(637)736-2863x693,East Sandra,3.73,2023-11-15 07:38:52,2024-05-26 07:38:52
52,Robert Owen,michelleramirez@example.net,001-714-418-7401,Lake Darryl,4.69,2025-03-31 03:54:39,2026-07-06 03:54:39
53,Trevor Beck,johnsonjonathan@example.com,384.344.5620,Nelsonhaven,4.39,2025-03-31 06:19:07,2026-05-29 06:19:07
54,Jennifer Berry,scott77@example.org,218-763-6910x5938,Lake James,4.07,2023-08-19 16:39:52,2025-01-09 16:39:52
55,Jason Robinson,matthewgolden@example.org,+1-426-243-2361x01496,East Katrinastad,4.29,2023-10-22 22:33:31,2025-06-09 22:33:31
56,Daniel Mcknight,robertsonrobert@example.com,633-832-0205,New Marioberg,4.79,2026-01-02 14:40:22,2026-02-12 14:40:22
57,Christopher Valenzuela,landerson@example.net,+1-850-399-7644x69978,East Benjaminshire,4.52,2025-08-22 10:02:42,2026-01-16 10:02:42
58,Kara Ford,ashleeyang@example.net,001-697-249-7722,Montoyaport,4.52,2024-12-14 19:31:35,2026-07-16 19:31:35
59,Carol Brown,oboyd@example.org,001-458-882-7114x11325,West Michaelberg,4.63,2024-12-05 07:04:51,2025-12-18 07:04:51
60,Tara Crane,suzannewilliams@example.com,+1-260-541-8081,Brittanybury,3.67,2024-05-12 21:34:31,2025-08-30 21:34:31
61,Phillip Martin,ramirezheather@example.org,943.204.4032,South Jerrybury,3.74,2024-11-09 10:02:09,2024-12-12 10:02:09
62,Jacob Elliott,hebertjasmine@example.com,206.595.6650,Williamsbury,4.93,2026-03-24 00:08:58,2027-01-17 00:08:58
63,Maria Martin,svalencia@example.com,459.850.8363x32961,Port Manuel,4.96,2025-06-13 20:17:48,2026-01-11 20:17:48
64,Anthony King,kaitlynwoodard@example.com,+1-230-266-1059x622,Port Jeffrey,4.26,2023-08-31 17:53:04,2024-01-16 17:53:04
65,Antonio Roberts,floresdavid@example.com,9233192795,Millerton,4.81,2023-08-19 10:12:13,2024-07-19 10:12:13
66,David Lynn,nicholaskelley@example.net,(502)233-1013x9103,New James,4.76,2025-05-06 18:21:46,2026-11-06 18:21:46
67,Sharon Howe,kimberlygreen@example.net,466.893.0196x02209,Lake Patriciatown,4.41,2026-03-03 10:46:40,2026-09-05 10:46:40
68,Keith Parks,gibsonhannah@example.net,(868)352-9882x294,Cooperstad,4.06,2024-01-25 12:12:18,2024-08-07 12:12:18
69,Christopher Roberts,frank36@example.org,001-602-649-5564x13728,South Claudia,4.31,2024-07-15 06:02:00,2026-02-08 06:02:00
70,Tyler Dean,david81@example.net,5874005749,East Emily,4.88,2024-05-04 20:38:50,2025-04-30 20:38:50
71,Jeffrey Vazquez,cbest@example.com,001-247-568-8154x938,South Lisatown,4.23,2025-10-28 09:06:50,2026-03-21 09:06:50
72,Andrew Guerrero,heather89@example.net,900.946.1264x09418,Port James,4.89,2025-10-16 06:21:58,2026-09-25 06:21:58
73,Timothy White,mariaclark@example.com,+1-813-887-6479x931,New Robertview,3.86,2025-02-21 03:07:18,2025-11-24 03:07:18
74,Rebecca Thompson,dmarshall@example.org,+1-723-500-3626x7578,Port William,4.82,2023-10-12 08:18:30,2024-01-30 08:18:30
75,Christina Hernandez,iosborn@example.com,(775)596-5276x787,Matthewberg,3.63,2025-07-25 13:57:34,2027-01-03 13:57:34
76,Katie Mitchell,banksdouglas@example.net,(424)287-5892,Marshallstad,4.72,2026-02-28 16:59:08,2027-09-26 16:59:08
77,Charles Kim,fellison@example.net,(666)257-4482,Lake Miguelland,4.65,2024-08-22 06:48:12,2025-01-30 06:48:12
78,Donald Tanner,elizabeth26@example.net,208.343.1927,East Latoya,4.49,2026-03-25 09:50:03,2027-11-07 09:50:03
79,Angela Richardson,hartchristy@example.org,5529757635,Andrewport,3.75,2024-09-30 04:00:31,2026-04-23 04:00:31
80,Michelle Miller,duncanalexander@example.net,001-747-607-3852,Port Lee,4.81,2026-01-17 18:10:55,2027-04-25 18:10:55
81,Justin Bray,ronaldholland@example.com,810-867-2873,Greenview,4.95,2024-11-18 08:52:10,2026-06-23 08:52:10
82,Johnathan Smith,smithcarlos@example.org,(235)773-3976x145,Pattersonton,4.63,2025-04-21 05:57:34,2025-12-12 05:57:34
83,Shelby Johnson,burnsmaria@example.org,677.663.3159,Lake Franktown,4.57,2025-10-19 14:08:59,2026-12-31 14:08:59
84,Brandon Garrett,brookskayla@example.org,593.546.9632x310,Baileychester,4.99,2024-12-31 17:09:52,2026-02-16 17:09:52
85,Tonya Green,wsingleton@example.com,(350)746-1533x1187,North Tammyburgh,4.16,2024-04-09 22:26:38,2025-10-20 22:26:38
86,Jerry Mitchell,howardralph@example.com,928.817.6441x7145,South Andreabury,4.18,2025-02-07 15:23:57,2025-11-17 15:23:57
87,Daniel Webb,smorris@example.org,(848)913-8035x3342,New Meganview,3.84,2025-11-22 23:43:06,2026-12-03 23:43:06
88,Theodore Baldwin,davidwilkins@example.org,(874)567-7959x08193,Grayfurt,3.53,2026-06-10 00:01:59,2028-01-28 00:01:59
89,Susan Snyder,lorimay@example.net,573-399-3631x28131,East Christopher,3.85,2025-03-07 15:37:02,2025-11-17 15:37:02
90,Tammy Gordon,lyoder@example.com,514-633-1012,Port Lindsaymouth,3.51,2024-06-22 08:00:59,2024-09-20 08:00:59
91,Kristi Patton,wadeheather@example.com,933.694.1800x64547,West Danielville,3.84,2026-02-24 01:57:51,2026-04-27 01:57:51
92,Cassandra Pierce DDS,whitneytimothy@example.net,696-734-4879x306,Navarroburgh,4.79,2024-04-19 05:15:22,2024-07-30 05:15:22
93,Elizabeth Yates,aaronhernandez@example.net,377-677-6632x40769,New Benjaminmouth,4.27,2025-06-19 18:46:46,2026-04-30 18:46:46
94,Tamara Murray,uparker@example.com,(328)828-0836,Teresaview,4.5,2025-02-04 07:23:19,2025-10-11 07:23:19
95,Elizabeth Flores,iboyd@example.com,+1-387-950-7350x7801,Johnland,4.31,2023-08-29 12:42:18,2025-01-24 12:42:18
96,Mr. Christian Foster MD,gibsonkristen@example.net,484-217-8044,South Nathan,3.86,2026-01-28 18:31:29,2027-06-26 18:31:29
97,Emily Brown,lauren37@example.org,001-452-896-7300x39526,Jonesshire,4.71,2025-09-04 05:43:53,2026-04-16 05:43:53
98,Jimmy Rocha,obrienjoseph@example.com,8938720037,South Martin,3.64,2024-10-05 00:54:00,2026-01-19 00:54:00
99,Brandon Vazquez,huffmelanie@example.net,512-499-5797x07991,Tammyborough,4.03,2024-06-10 15:23:41,2025-09-03 15:23:41
100,Laurie Hall,gonzalezwilliam@example.com,634.733.9801,Kimberlybury,4.2,2025-11-16 02:52:06,2026-02-09 02:52:06
101,Julie Meyer,ssingleton@example.net,+1-870-549-1337x08551,New Alyssa,4.51,2026-02-21 14:28:49,2026-07-01 14:28:49
102,James Andrade,nramsey@example.org,754-861-4468x7664,Frazierstad,3.59,2025-01-21 04:41:53,2026-02-02 04:41:53
103,Ryan Casey,holmesaustin@example.com,001-363-933-6186,Amberville,4.7,2024-01-04 16:35:58,2024-05-24 16:35:58
104,Emily Tanner,ethan97@example.org,356.444.1875,South Nicolechester,3.87,2024-10-30 00:35:33,2025-06-11 00:35:33
105,Danielle Jones,michelle89@example.net,+1-451-387-5117x6316,Kaylaport,4.3,2023-10-15 16:25:30,2024-04-05 16:25:30
106,Jeremiah Nelson,valdezalicia@example.net,001-605-884-1305x7611,East Victoriaview,4.13,2024-04-24 00:46:52,2025-03-05 00:46:52
107,Kimberly Russell,richard39@example.org,630.833.0015x9899,North Mariestad,4.19,2025-04-05 19:03:53,2025-07-21 19:03:53
108,Adam Harris,michaelhill@example.net,299-512-5069x5654,Carrollbury,4.16,2024-07-03 10:26:58,2026-02-16 10:26:58
109,Christopher Moore,wharris@example.org,410-353-1389x488,Tammybury,3.65,2026-05-22 15:26:40,2027-12-26 15:26:40
110,Andrew Rowland,kerryellis@example.org,+1-861-627-6604,South Edward,4.75,2025-10-17 00:20:22,2026-02-19 00:20:22
111,Edward Douglas,mitchellclark@example.com,916-380-0000x767,Loganstad,4.89,2025-01-23 03:09:04,2025-10-22 03:09:04
112,Heather Wilson,aprilcarpenter@example.com,748-386-7954x474,West Josephton,3.75,2024-02-18 16:31:44,2025-07-29 16:31:44
113,Sean Sanchez,owilson@example.net,001-366-698-6296x26013,Victoriamouth,4.22,2025-11-13 16:58:37,2027-01-27 16:58:37
114,Darlene Harvey,rlee@example.com,(901)773-0973x770,Hicksport,4.85,2025-07-15 17:48:12,2026-01-29 17:48:12
115,Craig Lewis,ypatel@example.com,+1-828-313-7947x161,Joneschester,4.07,2025-08-01 15:15:08,2026-10-04 15:15:08
116,Edward Chase,yesenia35@example.com,(243)767-2107,Lake Brian,3.9,2026-06-03 13:47:32,2027-10-11 13:47:32
117,Angela Ross,ygarrett@example.com,818-265-0105x06250,Scottfurt,3.93,2026-04-27 16:28:06,2027-12-17 16:28:06
118,Eric Tucker,gonzalezjennifer@example.org,3758744607,Markchester,4.49,2026-07-08 16:56:32,2027-12-18 16:56:32
119,Antonio Murphy,olivia22@example.net,830-802-6150x62238,Lake Alexis,3.73,2026-05-17 04:25:59,2027-04-15 04:25:59
120,Heidi Ho,colelogan@example.net,+1-399-554-3258,South Adam,3.83,2025-05-31 10:22:48,2025-08-28 10:22:48
121,Lori Abbott,rivaslisa@example.net,(353)631-3750,Smithfort,4.37,2026-06-05 18:18:16,2028-01-11 18:18:16
122,Austin Williams,adamsnicole@example.com,001-634-984-2738x526,Johnshire,3.59,2026-01-17 23:30:14,2027-01-03 23:30:14
123,Jordan Thompson,suareznathan@example.org,878.580.8792x0345,Millsburgh,3.59,2025-03-15 16:53:03,2026-08-15 16:53:03
124,Amy Green,porterjoseph@example.net,(960)269-2968x44010,West Melissa,4.25,2025-12-09 19:29:12,2027-07-05 19:29:12
125,Jason Houston,robinevans@example.org,(740)572-3183,Alitown,3.74,2026-01-11 02:37:56,2027-07-15 02:37:56
126,Joseph Diaz,sheltonmichael@example.org,(282)448-5339x0265,West Paulburgh,3.62,2023-09-26 01:26:15,2024-05-03 01:26:15
127,Beverly Martin,martinezsandra@example.net,001-583-289-2097x74915,Washingtonburgh,3.6,2025-02-10 01:28:36,2025-05-20 01:28:36
128,Beverly Fox,thomasmoreno@example.net,001-880-913-1991,Sonyaside,4.51,2023-11-04 20:38:44,2024-07-31 20:38:44
129,Jeremy Ryan,hesteramber@example.net,(282)259-2252x255,South Danielborough,4.11,2025-11-09 05:15:43,2026-08-18 05:15:43
130,Briana David,shelbyweaver@example.net,001-312-869-8403x8302,East Heidi,4.37,2025-08-02 19:58:53,2025-10-11 19:58:53
131,Jacob Zimmerman,meganmoore@example.org,8703207237,South Karenfurt,4.43,2024-10-22 08:18:17,2026-01-24 08:18:17
132,Mindy Blake,robertdillon@example.com,711-858-5234,Shellyton,4.49,2024-03-11 06:07:31,2025-09-27 06:07:31
133,Jennifer Roberts,nmarshall@example.com,(985)700-4889x28782,North Nicholas,3.97,2026-06-19 10:41:37,2027-04-12 10:41:37
134,Terrance Murray,hrodriguez@example.net,+1-808-376-9744x574,East Vincent,3.81,2026-04-23 01:42:34,2027-04-09 01:42:34
135,Mr. Mason Whitaker DDS,megan31@example.org,(395)528-9918,Brownberg,3.86,2024-05-19 16:40:29,2025-07-28 16:40:29
136,Tasha Rios,gbarry@example.com,6188782757,West Josephmouth,3.7,2025-02-09 00:05:41,2026-01-12 00:05:41
137,Justin Miller,jonbarnett@example.com,+1-453-307-8503x148,Homouth,4.19,2023-08-01 18:28:47,2023-11-13 18:28:47
138,Joseph Mcdowell,iellis@example.org,+1-374-647-7689x217,New Brianberg,3.51,2026-04-20 18:33:34,2026-08-30 18:33:34
139,Benjamin Smith,vtaylor@example.com,(956)367-9297x009,Jenniferland,3.61,2026-02-22 21:46:52,2026-10-28 21:46:52
140,Tami Marquez,braunpatricia@example.org,257.773.3674x1713,Jasonport,4.26,2024-03-10 07:29:22,2024-08-22 07:29:22
141,Lori Wilson,jerrybautista@example.net,001-882-383-8056x897,Phyllismouth,4.9,2025-06-21 23:11:11,2025-09-29 23:11:11
142,Anne Olson,andersoncristina@example.org,5148116294,Emilyfort,4.82,2024-12-20 06:55:03,2026-02-01 06:55:03
143,Bryan Scott,monica86@example.net,(308)310-9533x40900,Arthurhaven,3.93,2024-11-25 16:19:12,2026-03-18 16:19:12
144,David Ellis,vjackson@example.com,+1-513-998-4162x11347,Port Sherri,4.75,2023-12-07 16:23:47,2024-11-10 16:23:47
145,Adam Norris,paulyoung@example.org,9939384503,Kristyfort,4.42,2025-02-25 12:19:48,2026-09-19 12:19:48
146,Anthony Castillo,solomonshelby@example.com,749-888-3751,West Jay,3.51,2023-08-04 05:35:29,2025-03-23 05:35:29
147,Christina Davis,whitemichael@example.net,+1-354-528-0086x0410,East Erinstad,3.95,2025-01-15 17:06:08,2025-05-31 17:06:08
148,Kari Stewart,zavalakirsten@example.com,+1-916-879-0713,Williamsburgh,4.91,2024-06-22 03:32:55,2024-12-06 03:32:55
149,William Wagner,qbrown@example.org,+1-865-613-5202,Smithberg,3.9,2023-08-27 02:48:40,2024-01-13 02:48:40
150,Brandon Richardson,xsteele@example.com,+1-729-242-6953x582,North Aarontown,4.61,2025-10-04 15:39:16,2026-04-11 15:39:16
151,Melissa Green,jacobbrown@example.com,+1-771-745-2359x7324,East Lisaview,3.91,2026-06-30 07:18:10,2027-03-02 07:18:10
152,Barry Ryan,obrienmckenzie@example.org,+1-421-555-1609x127,West Jonathanland,4.58,2025-07-01 03:13:13,2026-02-24 03:13:13
153,Stephen Butler,kelli41@example.org,267.886.2264x3715,Port Brandon,4.53,2023-09-24 00:39:55,2024-07-20 00:39:55
154,Brenda Reed,veronica32@example.org,(871)484-1704,West Jessica,4.26,2025-02-20 18:51:19,2025-12-04 18:51:19
155,Jeffrey Ramirez,joseph88@example.com,+1-417-626-3136x17578,Jenningsfurt,4.86,2026-04-07 17:15:25,2026-06-28 17:15:25
156,Kimberly Lawrence,nwalls@example.net,379.606.8463x521,Castrofurt,3.64,2025-03-20 16:58:18,2026-06-26 16:58:18
157,Larry Hughes,elizabethrobles@example.net,4685592729,Lyonsborough,4.74,2025-02-02 11:11:21,2025-04-18 11:11:21
158,Miranda Williams DDS,traceypowell@example.com,9024691001,East Steven,3.51,2024-04-08 17:23:05,2024-09-18 17:23:05
159,Steven Morris,alanjohns@example.org,651-220-2645,Martinezchester,4.46,2025-08-01 13:22:41,2026-05-26 13:22:41
160,Randy Jones,wrighttodd@example.net,841-364-6118x225,Gallegosstad,3.74,2026-04-26 01:48:49,2027-08-21 01:48:49
161,Arthur Bates,melissadrake@example.org,272.261.2373x95056,Jamesview,4.33,2025-01-23 17:34:49,2026-05-05 17:34:49
162,Emily Chambers,bwang@example.net,001-380-603-6769x95657,North Carlmouth,4.34,2024-12-16 15:41:12,2025-05-09 15:41:12
163,David Lawrence,eric55@example.com,4657607070,Lake Amber,3.61,2025-08-12 06:28:09,2026-02-10 06:28:09
164,Lisa Bell,joycekoch@example.com,464-244-5189,Sheliatown,4.32,2025-07-21 14:32:20,2026-09-02 14:32:20
165,Heather Williams DVM,boydjonathan@example.net,231.924.1585x966,Phillipston,4.37,2024-04-13 15:53:52,2024-10-11 15:53:52
166,Lindsey Williams,chenjeffrey@example.net,2854559553,Dustinville,4.14,2024-03-12 16:12:27,2024-05-23 16:12:27
167,Aaron Collins,jamessavage@example.com,(741)430-4703x54595,Port Sandra,3.96,2023-09-08 20:29:40,2023-11-17 20:29:40
168,Natalie Thomas,petersonphillip@example.net,9632693213,West Darrentown,4.85,2025-10-19 07:40:14,2026-06-21 07:40:14
169,Sharon Kane,cameron69@example.org,001-416-785-1142,Nguyenberg,4.52,2026-01-19 00:09:27,2026-06-03 00:09:27
170,Melissa Garcia,sallen@example.com,748-453-0196x548,New Stephanie,4.03,2025-05-02 18:22:38,2026-07-22 18:22:38
171,Allison Anderson,zwade@example.net,001-343-376-5536x310,New Heatherview,4.96,2023-09-08 15:46:44,2024-03-14 15:46:44
172,Carol Davis,kimberly80@example.net,(689)982-7767x6027,South Lindamouth,4.89,2025-03-03 07:26:23,2025-11-30 07:26:23
173,Keith Wilson,frivera@example.net,001-576-454-0116x1785,South Allisonville,4.8,2025-10-10 03:11:56,2026-05-09 03:11:56
174,Lisa Snyder,evansandre@example.net,001-471-306-6482,Bakerland,4.82,2023-08-31 13:00:52,2023-10-25 13:00:52
175,Brandon Martinez,hlong@example.org,001-723-719-0197,Matthewsside,3.77,2023-07-30 13:46:02,2024-08-03 13:46:02
176,Catherine Carter,pbell@example.org,+1-218-513-4698x4779,New Sarah,4.67,2023-12-12 19:04:23,2025-03-07 19:04:23
177,Christina Duncan,daniel96@example.net,(989)573-5356x2965,Millerborough,4.7,2024-09-08 08:26:51,2025-06-19 08:26:51
178,Mary Harris,scotthubbard@example.net,836.701.4338,Mcdowellport,3.9,2024-09-07 00:57:42,2025-01-25 00:57:42
179,Dr. Susan Lee MD,jennifer43@example.net,856-447-1754x01943,New Derekland,4.07,2024-02-10 11:02:57,2024-04-19 11:02:57
180,Jacqueline Williams,joel83@example.com,001-315-537-7910x637,West Jasonburgh,4.79,2025-02-23 17:39:26,2025-11-07 17:39:26
181,Tracie Stevenson PhD,melissamccarthy@example.org,001-528-778-5318x01628,East Mary,3.8,2023-08-31 05:33:26,2025-01-13 05:33:26
182,Dr. Courtney Martinez,rhondabrown@example.com,404.761.6559x06851,Port Laura,4.02,2023-11-15 05:28:41,2024-08-04 05:28:41
183,April Stone,zpeterson@example.net,425.495.4537,West Tanya,3.83,2024-07-02 06:40:01,2025-02-14 06:40:01
184,Anna Hughes,timothy88@example.net,001-426-356-0208x52849,North Patriciaburgh,4.1,2025-07-09 00:13:11,2026-05-20 00:13:11
185,Jamie Smith,stephanie28@example.org,+1-413-498-3044x8577,Belltown,4.8,2023-08-14 17:15:19,2024-06-24 17:15:19
186,Angela Gordon,huffmanlaura@example.org,+1-292-587-0533x03559,West Stevenberg,4.03,2025-07-24 17:54:44,2027-01-26 17:54:44
187,Nicole Kline,michael15@example.com,+1-844-479-7384x05196,East Cameronfort,4.1,2024-03-04 14:25:06,2025-10-04 14:25:06
188,Donald Bates,julia49@example.com,001-954-752-8599x36736,South Rebeccastad,4.0,2025-12-06 00:58:48,2026-02-02 00:58:48
189,Christopher Hurst,cclark@example.org,+1-772-940-6443x0407,New Madelineshire,3.67,2023-08-19 17:21:55,2024-06-11 17:21:55
190,Richard Boyd,amandamerritt@example.com,+1-815-522-9137,East Christopher,3.77,2025-04-12 21:04:30,2026-02-07 21:04:30
191,Cathy Lopez,shannonsheppard@example.net,001-352-804-4642x088,Kathleentown,3.56,2023-10-28 10:57:26,2025-02-13 10:57:26
192,Craig Reeves,joseph24@example.net,721-548-4074,South Robert,4.02,2025-06-17 00:58:17,2026-06-03 00:58:17
193,Debra Baldwin,carriejohnson@example.com,(328)287-4323x414,Lake Joseph,4.15,2025-08-31 10:21:07,2027-03-07 10:21:07
194,Harry Riley,sandrasmith@example.net,434-386-0319x768,Harrisberg,3.67,2024-09-27 00:52:40,2025-05-09 00:52:40
195,Shannon Vargas,pricestephen@example.org,001-318-713-9362x84596,Lake Danielhaven,3.88,2023-11-04 21:53:42,2025-02-22 21:53:42
196,Eric Thompson,tlutz@example.net,662-913-4841x273,Amychester,3.5,2025-12-31 20:18:07,2027-08-04 20:18:07
197,Jacob King,ewells@example.org,001-703-364-4304,Lake Christopher,4.53,2024-04-01 02:25:03,2024-11-18 02:25:03
198,Selena Freeman,dylan24@example.org,950-692-5024,South Crystalmouth,4.05,2024-01-09 11:45:54,2024-04-19 11:45:54
199,Kelly Sutton,marcscott@example.com,403.561.3787x22753,Lopezside,4.92,2023-12-11 21:51:16,2024-12-13 21:51:16
200,Jordan Lynch,curryjohn@example.net,539.212.7035x790,North Lynn,4.43,2024-09-17 11:52:15,2025-02-21 11:52:15
201,Amber Curtis,william93@example.com,646.683.7525x096,Donnachester,4.58,2024-01-30 04:28:13,2025-01-01 04:28:13
202,Alan Taylor,anne89@example.net,(833)925-1685x14406,East Tammyborough,4.26,2026-03-10 03:01:24,2027-06-01 03:01:24
203,Melinda Riley,floresdan@example.com,282-844-0218x40454,North Emilymouth,3.99,2023-11-07 20:30:09,2024-10-04 20:30:09
204,William Wilson,vincentmiller@example.org,001-416-644-8598x922,Phillipsfurt,4.33,2023-08-22 17:29:43,2024-04-04 17:29:43
205,Ryan Romero,donnamitchell@example.org,(902)575-2174x256,Smithborough,4.13,2025-01-23 12:14:18,2026-03-17 12:14:18
206,Heather Duke,thomas90@example.net,5145733908,Justinfurt,4.52,2025-02-11 00:09:02,2025-09-07 00:09:02
207,Bradley Gaines,thomas09@example.net,(891)925-2753,New Taylor,4.42,2025-09-22 17:20:53,2026-08-26 17:20:53
208,Ruth Flores,allison78@example.com,784.255.4326x04776,South Brian,4.11,2026-01-28 07:37:37,2026-02-27 07:37:37
209,James Gray,bradleyjones@example.net,+1-506-732-1785x0214,North Jacobmouth,3.96,2024-11-11 06:21:18,2025-07-14 06:21:18
210,Jeremy Ellis,daniel13@example.com,+1-804-560-4620,East Jesse,4.14,2023-10-08 01:28:18,2024-10-01 01:28:18
211,Mr. Ronnie Ferguson DVM,adamgilmore@example.net,4645471048,East Zachary,4.2,2025-10-30 16:32:13,2027-02-24 16:32:13
212,Sara Thomas,reeveschristopher@example.com,+1-394-985-9733x932,Whitneyland,4.51,2025-10-17 09:53:04,2027-04-23 09:53:04
213,Thomas Vaughn,aarondavis@example.net,747-865-0205x720,Smithtown,4.21,2025-09-11 13:34:48,2026-04-02 13:34:48
214,Richard Hampton,ashley96@example.net,(222)905-8975x85792,Sharonport,4.49,2024-03-30 09:25:07,2025-02-13 09:25:07
215,Erin Malone,xgraham@example.com,(689)491-7950x43325,West Christianview,4.27,2026-04-25 13:16:43,2027-05-03 13:16:43
216,Audrey Alexander,isaiahtran@example.net,001-825-958-9674,Port Jasonborough,3.64,2025-03-06 00:12:22,2025-12-01 00:12:22
217,John Villarreal,james63@example.org,(347)513-4332x482,West Mariah,4.51,2026-04-26 17:02:42,2027-01-11 17:02:42
218,Shawn Shaffer,madisonreed@example.net,2544411278,Richardsonbury,4.71,2026-04-10 18:40:37,2026-10-07 18:40:37
219,James Ray,grossmark@example.org,9137384729,North Lucasshire,3.54,2023-11-18 11:11:38,2024-08-24 11:11:38
220,Sherry Rocha DDS,rileytravis@example.net,978.756.4540x5205,Courtneyborough,4.98,2024-03-08 02:01:07,2024-06-20 02:01:07
221,Katherine Taylor,bwolf@example.com,001-701-569-0643,Mendezmouth,4.18,2024-04-26 15:29:49,2024-12-11 15:29:49
222,Carrie Conley,jay64@example.org,704-729-6858x5084,West Molly,4.58,2026-04-04 20:25:53,2027-06-01 20:25:53
223,Joan Robinson,william28@example.com,001-722-337-2594x4486,North Jodi,4.24,2025-06-09 23:05:55,2026-03-15 23:05:55
224,Stephanie Diaz,greercarolyn@example.net,+1-769-258-3750x67523,South Jillianton,3.72,2025-03-25 14:42:06,2025-04-29 14:42:06
225,Andrea Rose,tiffanyallen@example.net,(760)892-1218x6437,Diaztown,4.84,2025-05-09 11:30:34,2025-09-25 11:30:34
226,Maria Pacheco,michellelopez@example.com,2214652820,East Sarahport,4.67,2025-02-22 18:51:03,2025-11-03 18:51:03
227,Mark Fisher,hstewart@example.net,+1-495-354-1499x16852,Smithmouth,3.76,2025-11-03 06:38:52,2027-05-17 06:38:52
228,Kelly Mahoney,tapiadeborah@example.org,955-596-1111,Lake Christophermouth,4.2,2024-04-05 11:15:44,2025-11-26 11:15:44
229,Kevin Burch,anna35@example.org,219.919.8975,Nelsonborough,3.87,2023-11-03 11:46:36,2024-04-05 11:46:36
230,Elizabeth Gallegos,qshelton@example.org,479-241-5209x8894,Traciemouth,4.18,2024-10-27 08:22:54,2026-03-16 08:22:54
231,Jared Green,gpruitt@example.net,(281)847-8452,Cindyborough,4.5,2024-03-20 00:14:59,2025-03-09 00:14:59
232,Tammy Boyd,ihudson@example.com,419.609.6248,New Jeremyborough,4.93,2023-12-28 09:41:33,2025-04-24 09:41:33
233,Tiffany Phillips,wilsonjennifer@example.org,388.577.0325,Port Kendraside,4.42,2025-03-05 08:50:07,2026-09-02 08:50:07
234,Janice Hunter,sarah54@example.com,272-327-5586x926,Thomasborough,4.14,2024-03-03 06:01:39,2025-10-15 06:01:39
235,James Mcmahon,bobbylane@example.net,001-572-599-6941x86335,New Marieland,4.17,2026-05-17 19:11:35,2026-11-25 19:11:35
236,Matthew Snyder,johnsonpaul@example.net,+1-710-499-6008x7298,East Melindaberg,4.62,2025-06-26 04:29:39,2026-11-24 04:29:39
237,Leslie Stephens,nfrost@example.net,(675)635-0920x7678,East Thomasville,4.18,2025-01-11 17:00:07,2025-10-21 17:00:07
238,Christopher Stephens,brianthomas@example.net,917.529.4132,New Nathanielbury,4.76,2025-03-08 11:37:46,2026-01-15 11:37:46
239,Christopher Randall,michelle78@example.com,001-346-912-2517x6014,Lake Evan,4.65,2026-07-19 15:13:53,2028-02-02 15:13:53
240,Chelsea Murray,hernandezbrooke@example.com,(777)690-4315x2911,North Angela,4.23,2024-11-23 16:14:07,2025-08-24 16:14:07
241,John Wilson,phillip74@example.net,557-445-6218x1059,Lake George,3.91,2026-02-27 09:10:34,2026-06-16 09:10:34
242,Judy Miller,smithjason@example.org,(713)206-4318x8550,New Veronicatown,4.57,2024-06-12 14:52:03,2025-03-09 14:52:03
243,Matthew Moore,jessicagarcia@example.com,(665)768-4998,Garciafurt,3.91,2025-03-29 19:48:20,2026-03-21 19:48:20
244,Mrs. Brittany Nguyen,margaret99@example.org,(990)384-7848,Anthonyfurt,4.84,2025-07-22 17:23:48,2025-11-11 17:23:48
245,Lauren Hunt,kcunningham@example.org,262-266-5632x7502,West Tinaville,3.71,2026-04-06 05:20:04,2026-12-28 05:20:04
246,Donald Bennett,roberta55@example.com,828.567.2766,West Rogerfort,4.07,2026-01-13 06:27:10,2026-07-18 06:27:10
247,Samuel Kelley,qsimpson@example.com,804-960-3978x3994,North Karenland,4.56,2024-06-12 07:31:22,2024-09-15 07:31:22
248,Courtney Shelton,sarahadkins@example.org,(428)762-1805x0980,Geraldburgh,4.12,2024-06-23 15:33:11,2025-06-26 15:33:11
249,Kristen Jackson,fmccarthy@example.com,225-760-0382x73986,Brianland,4.31,2025-12-09 16:35:02,2027-03-09 16:35:02
250,Miss Lisa George,lbrown@example.net,001-268-886-5350x053,Port Richard,3.59,2024-07-06 14:39:20,2025-10-09 14:39:20
251,Kimberly Alexander,david75@example.org,753.589.4874,New Sharonside,4.08,2024-09-11 05:48:21,2024-10-31 05:48:21
252,Andrew Porter,lopezthomas@example.com,705-941-1030,Gonzalezshire,4.79,2025-01-31 08:59:52,2026-03-26 08:59:52
253,David Owen,bmurphy@example.net,+1-929-516-5546x93435,Jordanside,4.22,2024-10-11 00:49:52,2025-11-05 00:49:52
254,Anthony Bell,brian12@example.net,001-681-765-5711x260,Kellyton,3.95,2025-01-25 01:26:54,2026-03-30 01:26:54
255,Kimberly Ellis,awalter@example.net,267-932-2890x601,Danaberg,4.78,2025-11-05 08:15:42,2027-02-07 08:15:42
256,Brad Williams,erikwhite@example.com,+1-711-800-9948x00815,Port Vincent,4.31,2025-08-25 00:21:35,2027-04-06 00:21:35
257,Rhonda Grimes,hmiller@example.org,001-277-961-2311x26872,Sextonborough,4.7,2023-11-21 20:12:28,2024-08-02 20:12:28
258,Thomas Jenkins,colegonzalez@example.org,569-382-0395x7617,South Kathleen,4.23,2026-07-15 08:11:37,2027-05-20 08:11:37
259,Shannon Rodriguez,uclark@example.org,893-285-3689x1302,Ruizmouth,4.15,2024-02-23 21:06:59,2024-04-22 21:06:59
260,William Evans,fmyers@example.net,471-567-9118x76375,Craigmouth,4.08,2024-09-03 08:21:50,2025-11-21 08:21:50
261,Christina Nichols,patrick22@example.com,3096819297,Lopezland,4.59,2025-12-11 17:47:23,2027-05-03 17:47:23
262,Maria Adams,jamesarmstrong@example.net,(642)662-6924,Bryanhaven,4.88,2024-09-17 01:36:03,2026-04-16 01:36:03
263,Rachel Miller,vhansen@example.com,(914)447-6971,New Kimberlymouth,3.54,2024-11-17 01:53:19,2026-01-24 01:53:19
264,Dean Parks,mooresue@example.net,612-728-6150,New Angela,4.39,2024-08-16 03:51:21,2024-10-12 03:51:21
265,Mark Reilly,jacksonmichael@example.org,(615)727-3484,New Jeffrey,3.63,2026-03-01 02:14:42,2027-06-12 02:14:42
266,Jamie Kennedy,stephaniegordon@example.net,818-831-1855x81299,New Kimberly,3.7,2025-05-09 11:38:56,2026-09-23 11:38:56
267,Garrett Byrd,ljones@example.net,+1-661-739-8068,Heatherville,3.77,2025-03-10 01:27:42,2025-12-31 01:27:42
268,Joshua Calderon,pattersonjennifer@example.org,805.209.7759,South Yvette,4.07,2025-04-01 14:40:36,2025-12-03 14:40:36
269,Daniel Davis,kellybryant@example.org,(627)610-7750x29048,New Ryanberg,4.18,2023-12-18 23:29:36,2024-12-27 23:29:36
270,Jennifer Hawkins,flucero@example.org,001-270-792-6606,Gamblestad,4.64,2025-01-19 15:47:04,2026-03-13 15:47:04
271,Lindsey Hamilton,miguel35@example.com,(972)224-9861x3749,West Sarah,3.92,2023-09-04 10:59:20,2024-12-08 10:59:20
272,Shane Thompson,marshalldeborah@example.net,367-839-4957,South Abigail,3.88,2023-11-28 14:12:20,2024-03-20 14:12:20
273,Jose Campbell,sonyabrown@example.net,741.251.4237,Petersonview,4.21,2024-06-20 20:43:20,2026-01-23 20:43:20
274,Kathleen Patton,adamskevin@example.net,439-374-6135,Cruzmouth,3.58,2023-09-18 02:32:33,2024-10-10 02:32:33
275,John Ward,john77@example.org,(858)763-7911,West William,3.84,2026-04-16 02:37:33,2026-07-25 02:37:33
276,Robert George,tyronenelson@example.net,873-253-1139x422,Lauramouth,4.67,2025-06-01 00:18:57,2025-08-11 00:18:57
277,Eric Jenkins,toddthomas@example.net,(339)615-4325,South Lisa,4.63,2023-11-01 10:50:22,2024-08-10 10:50:22
278,Jerry Powers,alan94@example.com,001-806-828-8849x581,Port Deborah,3.8,2024-12-01 02:43:38,2025-01-20 02:43:38
279,Walter Heath,annette04@example.net,(547)256-4911x79252,Valdezbury,4.43,2025-03-24 03:24:06,2025-12-23 03:24:06
280,Daniel Wright,morsedawn@example.com,+1-549-709-4994x643,Lake Rachelchester,3.69,2026-03-22 04:36:00,2026-08-16 04:36:00
281,Lisa Horne,marksanchez@example.net,+1-201-200-3551x2989,Scottberg,4.35,2023-08-30 23:53:09,2024-05-09 23:53:09
282,Robin Park,ashley32@example.net,(428)615-1711,East Jorge,4.2,2023-08-06 16:09:40,2024-05-24 16:09:40
283,Mathew Esparza,ann15@example.net,+1-450-679-6070x705,Philiphaven,4.65,2026-05-14 13:30:14,2026-12-01 13:30:14
284,Tara Daugherty,joshuawhite@example.net,3023176808,North Kathrynview,4.41,2025-06-11 10:04:36,2025-11-05 10:04:36
285,Gerald Velasquez,shunt@example.com,(558)730-5537x353,Williamston,4.67,2026-03-18 13:45:30,2026-10-01 13:45:30
286,Darrell Griffith,pearsonjamie@example.com,843-334-0230,Port Mark,4.95,2024-05-09 21:49:28,2024-09-26 21:49:28
287,Diane Garcia,michael31@example.org,404-312-7384,New Vincent,4.37,2024-11-12 19:19:05,2025-10-27 19:19:05
288,Darren Burke,timothypeck@example.net,385.648.7414x163,Tiffanyport,4.36,2025-05-09 20:11:03,2026-06-27 20:11:03
289,Carla Johnson,uwebb@example.org,+1-497-935-2487x601,North Hannah,4.09,2026-07-15 05:04:54,2027-03-05 05:04:54
290,Alexis Hernandez,dawn56@example.org,001-635-340-2926x2540,Beverlyview,3.61,2025-08-28 01:24:32,2026-06-02 01:24:32
291,Carlos Alexander,hensongregory@example.com,366.983.6123x491,Austinstad,3.65,2025-01-13 23:31:10,2025-12-17 23:31:10
292,Victor Duran,ksalazar@example.com,9649402262,Lake Dale,4.78,2023-11-17 07:51:23,2024-04-18 07:51:23
293,Edward Mckenzie Jr.,james48@example.org,+1-696-685-7436x117,North Nancyberg,4.69,2023-08-02 15:10:59,2023-10-13 15:10:59
294,Earl Coffey,brian35@example.com,001-300-728-6077x73196,Allenton,4.02,2025-09-18 00:20:19,2026-12-30 00:20:19
295,Stephen Keller,brendamayer@example.org,+1-246-991-3262x308,Nicoleburgh,4.49,2025-06-26 12:00:39,2025-10-04 12:00:39
296,Jared Moreno,cindyowens@example.com,294.669.5374x985,Wilsonstad,4.26,2025-06-01 02:50:29,2026-06-15 02:50:29
297,Kenneth Byrd,hayeschristina@example.org,876.274.9930x744,South Katherineberg,3.52,2026-04-02 10:19:00,2027-07-06 10:19:00
298,Candice Huber,justinbrown@example.com,+1-285-250-7939x911,West Robin,4.73,2025-08-31 00:27:30,2026-01-16 00:27:30
299,Sara Armstrong,jason38@example.com,001-612-538-0653x97626,Beardville,4.15,2024-07-06 20:18:05,2025-08-10 20:18:05
300,Terry Melendez,nancyle@example.com,397.338.4445x1678,Daltonstad,4.45,2024-11-29 14:02:22,2026-04-13 14:02:22
301,Erika Singh,davidsmith@example.org,266.461.5013x50909,Garrettfort,4.56,2026-03-14 23:29:22,2027-07-02 23:29:22
302,Larry Horn,riverabryan@example.com,(819)940-3533x666,Port Crystalfurt,3.76,2026-01-21 16:49:26,2027-08-08 16:49:26
303,Keith Johnston,wcastro@example.com,+1-616-621-9265,East Judithfort,4.95,2026-07-17 10:07:18,2027-05-19 10:07:18
304,Amy Rodriguez,chandlermichael@example.net,001-866-780-5398x681,Jonathanside,4.42,2024-04-12 11:39:22,2025-11-14 11:39:22
305,Dawn Allen,jjohnston@example.org,(343)935-3761x19900,West Mary,4.66,2025-02-06 21:42:30,2026-06-27 21:42:30
306,Sarah Hernandez,brianbennett@example.net,+1-998-557-8542x69303,Lake Lindseymouth,4.15,2026-01-28 19:10:27,2026-11-28 19:10:27
307,Jessica Garcia,baxterpaige@example.com,001-898-620-3753,Vaughntown,3.98,2024-10-22 20:46:24,2025-07-30 20:46:24
308,David Mendez,kristin99@example.com,7177196253,Jenniferfort,4.75,2024-04-26 23:53:24,2024-08-22 23:53:24
309,Kathleen Goodwin,eharris@example.com,+1-957-824-7235x560,Tracyport,3.92,2025-04-23 05:14:46,2026-08-27 05:14:46
310,Matthew Martin,cowanphyllis@example.org,8493911904,North Robertland,3.87,2025-07-28 23:28:35,2026-12-15 23:28:35
311,Virginia Hanson,vlewis@example.org,557.895.1188,West Carla,4.35,2024-02-24 12:20:38,2025-04-17 12:20:38
312,Gina Arellano,sharon00@example.net,9238319810,Lake Theresaville,4.0,2025-11-12 21:42:40,2027-05-02 21:42:40
313,Bill Pearson,shawnpham@example.org,749-310-1980x35926,Port Markhaven,4.78,2025-10-24 14:40:38,2026-05-28 14:40:38
314,Steven Fuentes,wedwards@example.com,573.805.4305,Bennettview,4.23,2023-08-17 22:24:45,2024-09-13 22:24:45
315,Carol Cunningham,zalvarez@example.org,(650)302-4113,Lake Johnland,4.7,2025-12-01 04:10:07,2026-12-14 04:10:07
316,Stephanie Martin,nbowers@example.org,485.402.4641x9303,West Tim,3.92,2023-10-05 11:19:23,2024-08-12 11:19:23
317,Raymond Young,kbaker@example.org,826.551.2792,Alexanderfurt,4.33,2026-03-07 23:18:58,2027-09-17 23:18:58
318,Maria Turner,radams@example.net,290-555-4141x857,Donnaton,4.92,2024-12-12 07:48:07,2025-04-08 07:48:07
319,Jose Davis,ellen75@example.net,559.456.3229x5002,Lewischester,3.86,2025-03-30 15:35:16,2026-06-19 15:35:16
320,William Reed,johnsonkrista@example.com,001-938-923-3247x96453,Heathertown,4.23,2026-03-25 17:37:11,2026-12-26 17:37:11
321,Karen Ruiz,holly37@example.com,489-254-5712,Ryanfurt,4.54,2023-12-11 21:00:17,2025-05-26 21:00:17
322,Patrick Poole,ztrujillo@example.net,482-926-9852,North Pamela,4.17,2023-09-23 23:43:33,2023-11-09 23:43:33
323,Derrick Cole,brittanytucker@example.com,001-613-675-7406,North Amberfort,3.64,2026-01-20 00:06:05,2026-10-03 00:06:05
324,Caitlin Harrington,johnsonjonathan@example.com,001-244-237-5557x9427,Ortizton,4.11,2025-10-19 22:39:35,2026-07-25 22:39:35
325,April Gonzalez,ecruz@example.net,(365)359-3926x09778,New Leslie,3.96,2023-11-02 22:50:48,2024-12-13 22:50:48
326,Michael Henry,jefferyclark@example.com,2883353068,Jessicaview,4.21,2025-08-19 23:51:28,2027-03-15 23:51:28
327,Crystal Smith,hayesjohn@example.net,(675)219-2256x467,Christineton,4.02,2024-06-18 21:31:58,2026-02-01 21:31:58
328,Stephen Burns,bmorales@example.com,368-256-4254,Tarastad,4.0,2026-06-05 04:02:50,2027-10-12 04:02:50
329,Tracy Smith,jacobhawkins@example.com,+1-330-692-9943,Michaelport,3.91,2026-06-09 10:48:40,2027-03-23 10:48:40
330,Kayla Ballard,johnsonjason@example.net,413-511-2117x785,Sueborough,3.85,2026-07-14 16:10:43,2027-02-26 16:10:43
331,Timothy Brewer,richard93@example.net,606-708-6581x901,Anneborough,3.97,2024-05-06 21:29:18,2025-12-05 21:29:18
332,Eric Dawson,alexanderhartman@example.net,(312)923-7161,North Michaelfurt,4.93,2025-06-23 12:40:32,2026-01-28 12:40:32
333,Paul Cooley,jimenezmelody@example.com,502-203-6903,Lake Bradport,3.79,2025-08-30 06:57:57,2027-02-06 06:57:57
334,Joseph Thompson,erin40@example.net,+1-953-500-7616,Taylorport,3.91,2026-07-13 05:38:44,2028-01-31 05:38:44
335,Elizabeth Henson PhD,williamskimberly@example.org,001-336-686-7395,Gomezstad,4.4,2026-06-20 09:17:40,2026-10-30 09:17:40
336,Jose Jones,herrerajodi@example.org,(784)404-1243,Amandashire,4.75,2024-10-12 16:05:53,2025-09-10 16:05:53
337,Sarah Saunders,richard40@example.net,(649)983-5938x9356,Danaton,3.84,2025-03-19 07:59:39,2025-10-18 07:59:39
338,Benjamin Rowland,caldwelllinda@example.com,5366128411,Jimenezshire,3.95,2025-12-08 10:17:19,2027-07-07 10:17:19
339,Erin Stevenson,robinsonalexander@example.org,429.406.3659x04326,Pettystad,3.69,2023-12-17 16:01:33,2024-03-02 16:01:33
340,Margaret Donaldson,bradleywilson@example.org,280.376.5416,New Patrick,4.96,2026-03-12 14:21:39,2027-10-29 14:21:39
341,Diane Miller,lewisdavid@example.com,497-589-5158x5793,New Leemouth,3.94,2025-06-22 14:02:09,2025-11-28 14:02:09
342,Kevin Chen,marystanton@example.net,209-529-5404x12092,North Jeffrey,4.46,2025-12-06 16:19:49,2027-05-22 16:19:49
343,Miguel Hardy MD,hollyvang@example.net,(947)440-3570,Monicafort,3.65,2025-07-15 00:54:36,2025-08-26 00:54:36
344,Karen Willis,iferguson@example.net,001-637-360-7186x78572,South Hannahchester,4.36,2024-01-14 00:56:47,2025-06-07 00:56:47
345,Danielle Thompson,ssanchez@example.net,001-854-324-1991x47425,Deniseport,4.22,2026-05-24 11:37:41,2027-06-06 11:37:41
346,Aaron Barker,williamanderson@example.org,001-789-649-0295x58409,Tracyshire,3.78,2025-11-11 23:04:04,2026-02-01 23:04:04
347,Kimberly Howard,uhansen@example.com,+1-986-445-0335,Stephenschester,3.88,2025-01-12 15:24:15,2026-06-15 15:24:15
348,Michael Sanchez,williamtaylor@example.com,522-968-8840x76125,Port Dawn,3.67,2025-03-23 21:28:37,2025-06-27 21:28:37
349,Vernon Rodriguez,fellis@example.org,(657)947-2287,Patriciastad,4.1,2026-07-15 13:01:08,2026-10-28 13:01:08
350,Justin Mccoy,ldavis@example.org,(698)385-1675x8813,East Christina,4.37,2026-03-06 01:51:46,2026-05-29 01:51:46
351,Charles Lee,joneskathleen@example.com,707.507.9647x67078,Brookehaven,3.73,2025-02-21 15:35:18,2026-01-28 15:35:18
352,Maria Larson,jackie71@example.com,+1-724-574-3023,Campbellshire,3.63,2026-01-12 00:45:20,2026-10-23 00:45:20
353,Evan Smith,cassandra77@example.com,(495)768-7576x96310,Hansenfurt,3.68,2024-05-14 01:30:42,2025-08-13 01:30:42
354,Bryan Powers,ugood@example.org,001-672-807-9203,Donnashire,4.41,2025-03-04 07:29:45,2025-11-20 07:29:45
355,Karen Brown,deanjones@example.net,(950)807-2013x1225,Campbellfurt,4.66,2024-11-06 16:18:38,2025-12-30 16:18:38
356,Jennifer Smith,pcook@example.net,441.548.9183,East Tyler,4.18,2025-09-24 06:17:42,2027-01-20 06:17:42
357,Jacqueline Reynolds,erice@example.net,(775)711-0670x227,Donaldside,3.95,2024-02-09 20:03:05,2025-05-23 20:03:05
358,Hayley Holt,beardchristina@example.org,940.577.8871,Raymondmouth,3.96,2024-05-11 13:32:51,2024-08-10 13:32:51
359,Kayla Walters,lauralane@example.com,841.249.0518x43464,East Sharonview,4.41,2023-09-23 12:57:07,2024-02-01 12:57:07
360,Joseph Thomas,xjones@example.net,547-555-1163,Port Taylor,4.92,2026-01-10 17:33:37,2026-09-09 17:33:37
361,Steven Reed,allison71@example.org,+1-752-866-3765x026,Rodriguezborough,4.44,2025-04-21 12:25:44,2026-02-15 12:25:44
362,Lisa Leonard,martinjames@example.com,343.368.2412x3227,Port Brendachester,4.49,2025-12-20 19:53:03,2026-06-28 19:53:03
363,Shelly Grant,christine64@example.net,001-281-556-1555,Robertston,3.86,2026-06-01 03:08:28,2028-01-17 03:08:28
364,Stephanie Hansen,juliedean@example.com,459-989-7814,Lake Jessicachester,3.61,2025-01-15 18:13:09,2025-02-16 18:13:09
365,Victor Schmidt,ronnie58@example.org,9914216418,North Christina,4.11,2025-10-16 13:38:41,2027-03-11 13:38:41
366,Jorge Myers,matthew46@example.org,+1-653-280-9753x656,Pamelatown,3.94,2025-04-27 14:12:19,2026-01-19 14:12:19
367,Andrew Allen,garysullivan@example.net,+1-791-288-7379x9086,Port Monicahaven,3.93,2025-10-05 06:56:15,2026-08-20 06:56:15
368,Brittany Jackson,amy27@example.com,001-607-773-3018x66186,North Ashley,4.55,2026-03-26 14:11:58,2027-08-02 14:11:58
369,Brandon Anderson,jonathan61@example.com,514.691.7283,Lopezhaven,3.61,2023-11-26 23:24:05,2024-08-21 23:24:05
370,Laura Salinas,combsann@example.org,(956)610-3535,Aliciabury,4.89,2023-10-03 15:09:06,2024-05-22 15:09:06
371,Amanda Jones,alexispowers@example.com,249.800.5966,Meyerborough,4.14,2024-04-17 21:05:07,2025-11-25 21:05:07
372,Steven Gomez,davidroach@example.org,(996)476-0669x5285,Randyburgh,3.84,2025-11-03 07:08:51,2026-05-04 07:08:51
373,Tyrone Williams,dawsonvicki@example.net,(207)811-8701x01156,West Katherine,4.86,2024-12-05 18:05:43,2025-05-29 18:05:43
374,Mr. Joshua Zimmerman,williammarshall@example.org,001-877-542-4993x1881,East Charles,3.61,2024-08-05 11:57:14,2025-02-20 11:57:14
375,Lauren Holland,martinezrobin@example.com,(508)757-4984,West Garyland,4.69,2026-05-27 03:46:46,2027-04-17 03:46:46
376,Elaine Lopez,ncarter@example.com,(477)825-3472x5858,Blairbury,4.16,2025-01-22 15:29:40,2026-06-15 15:29:40
377,Rebecca Fisher,fostercrystal@example.com,550.492.0211,Stephanieshire,4.53,2026-03-05 07:34:17,2027-05-21 07:34:17
378,Katherine Woodard,sarahkemp@example.org,554-592-8537x374,Leonardtown,4.91,2025-11-09 15:46:33,2027-05-05 15:46:33
379,Gail Fields,dperkins@example.org,+1-598-783-1999x84159,Gatesberg,4.31,2023-12-31 09:57:21,2025-04-22 09:57:21
380,Kevin Gordon,michaelboyd@example.com,(534)665-0153,West Carlosberg,3.62,2025-01-29 15:37:51,2025-04-09 15:37:51
381,Angel Ramos,kimberly23@example.com,499-218-9986x92279,Huntfort,4.83,2024-08-04 03:47:33,2025-07-30 03:47:33
382,Matthew Baldwin,jay55@example.org,(960)650-1689,New Charles,4.41,2023-11-27 05:55:14,2024-01-22 05:55:14
383,Gregory Smith,hooperkathleen@example.com,(215)486-0349x57466,New Whitneybury,3.64,2025-05-22 14:11:46,2025-07-12 14:11:46
384,Michelle Maldonado,fsanchez@example.com,+1-821-690-2453x40002,West Monicaton,5.0,2024-03-29 08:27:59,2025-01-28 08:27:59
385,Robert Singleton,watkinssamantha@example.com,+1-594-252-4124x803,Matthewview,4.36,2026-03-07 15:14:41,2026-10-02 15:14:41
386,Jessica Robinson,jonathan44@example.org,+1-409-867-8108x3068,Tracyfurt,4.21,2024-09-17 19:55:37,2026-01-12 19:55:37
387,Peter Murphy,christinemorales@example.org,+1-756-445-0654,Johnfort,4.87,2025-04-20 05:36:15,2025-11-21 05:36:15
388,Crystal Pennington,kimmedina@example.com,(668)581-0751,South Chadmouth,5.0,2026-02-18 16:58:10,2027-06-09 16:58:10
389,Jordan Jones,martinheidi@example.com,+1-709-765-5572x441,Lake Luis,4.45,2025-01-04 23:50:28,2026-06-21 23:50:28
390,Jill Dodson,martinezjessica@example.net,001-918-488-3218x105,Myerstown,4.95,2025-01-25 10:46:54,2026-06-20 10:46:54
391,Ian Burton IV,markskathryn@example.com,(217)965-4658x6129,Jamesfort,4.02,2025-09-13 07:46:28,2026-09-19 07:46:28
392,Scott Smith,katherine65@example.net,(325)868-4820x9778,New Caseyberg,3.98,2024-10-04 12:43:54,2025-02-18 12:43:54
393,Kyle Mckee,rharris@example.org,703-831-5105x642,New Erika,4.79,2026-06-13 22:22:42,2027-06-15 22:22:42
394,Kevin Mcgee,elliottcolleen@example.com,001-634-200-6113x2154,Port Christopher,4.12,2026-03-11 10:39:05,2027-08-30 10:39:05
395,David Todd,cindyroberts@example.com,(641)851-5380x30444,South Suzanne,3.93,2026-06-24 05:37:16,2027-09-07 05:37:16
396,Steven Young,april81@example.net,(309)912-7552,Hartmanchester,4.72,2024-01-20 16:52:23,2025-09-04 16:52:23
397,Carolyn Frazier,rodriguezscott@example.org,(629)385-2280,South Briana,3.56,2025-07-21 04:07:31,2025-11-18 04:07:31
398,George Smith,acoleman@example.org,9256937755,South Davidton,3.97,2025-09-03 13:19:44,2026-08-30 13:19:44
399,Christopher Rogers,phillipjohnston@example.org,(814)573-4318,New Andrewfurt,3.67,2024-11-19 04:34:54,2026-02-05 04:34:54
400,Johnny Carter,melanie59@example.com,771.595.4299,Port Michael,4.8,2025-04-08 16:25:50,2025-05-09 16:25:50
401,Adam Pugh,ycarter@example.net,(673)810-8574x27944,East Theresaberg,4.49,2024-04-14 07:24:20,2025-11-20 07:24:20
402,Karen Villanueva,michael84@example.com,(807)545-6297,East Danaborough,4.19,2024-07-14 14:03:25,2024-10-07 14:03:25
403,Emma Mitchell,hfrank@example.net,6729392030,Jenniferland,3.78,2024-10-24 06:44:01,2025-11-28 06:44:01
404,Monica Obrien,mccannrobert@example.org,+1-549-560-3525,Travisfurt,4.43,2024-06-16 19:33:08,2025-12-08 19:33:08
405,Ryan Griffin,nfletcher@example.com,371.919.1737,Port Matthew,4.44,2025-12-21 20:29:46,2026-03-13 20:29:46
406,Brian Copeland,morgansteven@example.net,809-649-6416x03274,Lawrenceton,3.81,2025-10-30 03:34:28,2027-06-14 03:34:28
407,Donna Robertson,stewartjulie@example.org,+1-406-883-5342x43922,West Benjaminstad,3.7,2025-03-27 14:17:22,2026-02-14 14:17:22
408,Steven Dixon,ithompson@example.net,854-614-9528,South Hannah,4.16,2026-03-02 00:45:59,2027-08-10 00:45:59
409,Justin Montgomery,gracetodd@example.com,275-475-7165,Lake Valerie,3.68,2023-10-01 09:05:29,2024-07-02 09:05:29
410,Joanna Harrison,rwhite@example.com,8665775828,Haroldton,4.56,2026-06-09 14:12:10,2027-05-23 14:12:10
411,David Mills,david28@example.net,569-747-6055,North Juliahaven,4.33,2024-11-30 03:43:54,2026-07-18 03:43:54
412,Renee Humphrey MD,sarahsmith@example.net,(308)911-0241,Brianside,4.11,2024-11-27 18:13:42,2025-08-14 18:13:42
413,Michael Hogan,kfletcher@example.com,001-660-847-4662x245,Anthonyhaven,4.99,2024-05-04 18:55:47,2024-09-27 18:55:47
414,Jacob Davis,brandonbaker@example.net,+1-687-317-4270,North Danielburgh,4.19,2025-07-22 00:00:24,2025-12-19 00:00:24
415,Jon Robinson,ecross@example.net,+1-921-380-1324x299,Jacobbury,4.47,2025-11-02 14:50:39,2026-05-08 14:50:39
416,Denise Barron,sgalvan@example.org,4369987848,Emmastad,4.25,2025-02-27 01:21:28,2026-01-21 01:21:28
417,Tammie Allen,mmaynard@example.org,001-678-516-9958x0748,New Heathertown,4.26,2024-09-14 12:40:54,2025-07-20 12:40:54
418,Kevin Keller,jeffreymyers@example.com,+1-421-552-4016x895,North Johnview,4.12,2026-04-04 18:26:53,2027-09-10 18:26:53
419,Monica Harrison,sgallagher@example.net,+1-866-969-6930x88301,South Sean,4.97,2025-04-09 20:26:41,2026-01-13 20:26:41
420,Michelle Carroll,douglas52@example.net,(294)968-7994x610,South Isabella,4.19,2025-09-29 11:37:07,2026-03-26 11:37:07
421,Thomas Porter,jenniferjimenez@example.net,001-498-560-9640x23200,Cannonport,4.08,2025-09-19 20:50:39,2027-03-23 20:50:39
422,Nicole Flores,awilliams@example.org,(519)362-3303x98512,Lake Christopher,4.62,2025-07-20 23:00:16,2026-01-05 23:00:16
423,Cynthia Thomas,huffderek@example.org,+1-719-935-0925x26984,Hartton,4.8,2026-06-18 22:13:20,2027-04-26 22:13:20
424,Frank Williams,frank10@example.org,+1-310-500-1910x93420,Lake Sarahhaven,4.66,2024-07-05 22:16:06,2025-10-02 22:16:06
425,Sean Anthony,gregorymoses@example.com,+1-349-223-0076,Gillville,4.01,2023-10-23 07:30:51,2025-04-24 07:30:51
426,Deanna Figueroa,rodriguezmichael@example.org,7293234088,East Cassidy,3.9,2025-09-26 16:20:38,2025-10-28 16:20:38
427,Dylan Perez,jacqueline49@example.net,635-541-9159x6270,North Angela,3.92,2024-08-25 16:57:58,2025-07-26 16:57:58
428,Grace Jensen,murphyjonathan@example.net,001-754-460-5413,Joshuabury,4.76,2025-07-16 23:39:24,2026-12-29 23:39:24
429,Jason Hanson,kimberly90@example.org,(447)441-4208,Kathyberg,4.8,2026-04-14 05:48:32,2027-08-14 05:48:32
430,Travis Williams,qgreen@example.com,702-807-1820,Jackborough,4.31,2024-06-16 15:50:04,2025-07-04 15:50:04
431,Victoria Davis,michelle20@example.org,001-365-813-3534x31978,North Nancy,4.0,2025-10-23 14:30:05,2027-06-01 14:30:05
432,Brittany Shelton,sullivansamuel@example.net,597-930-0025x64032,West Anna,4.07,2024-04-21 14:51:14,2025-04-15 14:51:14
433,Nicole Russo,heather41@example.org,528-846-1045,Leeton,4.8,2024-07-29 01:27:39,2025-04-29 01:27:39
434,Matthew Rose,jennifer75@example.org,+1-648-856-9380x236,Traciefurt,4.36,2024-05-06 17:37:36,2025-01-30 17:37:36
435,Judy Johnson,leemelanie@example.com,+1-557-807-1333x2170,Port Marilynhaven,4.78,2025-07-22 07:18:24,2026-10-15 07:18:24
436,Olivia Washington,thomas97@example.net,5325149907,East Teresa,3.57,2024-01-24 07:47:39,2025-06-21 07:47:39
437,Joseph Jenkins,emiller@example.net,359.590.7890,Morrisfort,4.56,2023-12-16 01:23:51,2025-02-08 01:23:51
438,Samantha Garcia,cartervictoria@example.com,830-386-3454x451,Matthewville,4.08,2025-05-28 20:42:05,2025-11-29 20:42:05
439,Jesse Cherry,douglas53@example.net,315-895-7566,Lake Jessica,4.24,2025-09-25 23:31:36,2025-12-01 23:31:36
440,Elizabeth Solomon,twells@example.org,001-269-291-7561,Ericmouth,3.69,2025-11-10 17:52:48,2026-11-14 17:52:48
441,James Casey,elizabeth59@example.net,(565)904-2276x68866,Averychester,4.8,2024-08-10 14:18:28,2025-12-03 14:18:28
442,Miranda Howard,hjohnson@example.org,439-557-9453,Port Eric,3.65,2024-11-17 19:12:46,2026-03-29 19:12:46
443,Richard Smith,patrickcarter@example.net,7734631973,Milesport,3.52,2023-10-10 13:26:35,2024-04-04 13:26:35
444,Danielle Dickson,william96@example.com,597-914-8753x938,Clarkeland,4.11,2024-04-04 22:46:18,2024-10-09 22:46:18
445,Katie Hall,zfrazier@example.com,9052044168,Greenehaven,3.61,2024-12-08 04:41:31,2025-10-05 04:41:31
446,Calvin Henderson III,watsonkatherine@example.net,5018394395,Port Sarashire,4.01,2025-02-22 06:18:36,2026-05-05 06:18:36
447,Kristina Singh,justin15@example.org,230-705-4764x716,Mitchellport,4.47,2026-06-19 17:59:32,2027-06-20 17:59:32
448,Misty Newton,vcooper@example.com,405-980-3598x399,Christophermouth,4.78,2024-10-17 19:34:03,2026-05-16 19:34:03
449,Lauren Washington,wjones@example.net,+1-627-481-0221x8637,North Mollyburgh,4.07,2025-06-07 14:17:59,2026-05-27 14:17:59
450,Beth Walker,sheri26@example.org,+1-816-538-2012x63495,Charlottefurt,4.44,2026-01-20 06:40:18,2027-07-03 06:40:18
451,Jessica Brown,evanskim@example.com,+1-343-698-6495x6263,Johnsonstad,4.81,2024-08-12 09:06:17,2024-10-17 09:06:17
452,Victoria Ware,smedina@example.com,(309)755-1085,Andersonmouth,4.43,2023-12-29 17:12:03,2024-09-24 17:12:03
453,Amanda Yang,newtonshelby@example.com,+1-696-348-5679x0231,Blackfort,4.45,2024-06-30 15:29:26,2025-05-20 15:29:26
454,Christopher Jimenez,lori38@example.com,(706)324-6896x848,Robertaburgh,5.0,2025-08-16 07:49:07,2025-12-16 07:49:07
455,David Ramos,dennis01@example.net,760.979.1317x686,Donnafurt,4.15,2025-09-10 19:53:01,2026-01-18 19:53:01
456,Scott Cox,rhondascott@example.com,001-317-403-4740x598,West Stephanie,4.64,2025-07-15 13:40:24,2025-11-24 13:40:24
457,Robert Gonzalez,alvaradoshirley@example.com,818-983-3678,Figueroaview,4.17,2024-12-24 03:49:36,2025-11-25 03:49:36
458,Kari Green,miguel24@example.org,5196514846,West Aliciamouth,4.86,2025-09-19 23:36:45,2025-12-05 23:36:45
459,Jeremy Wilson,mallen@example.org,459.633.8615x7123,Lake Vanessatown,3.99,2023-11-08 18:50:48,2024-02-03 18:50:48
460,John Wood,hughesdeanna@example.org,001-821-763-5660x11516,South Robertburgh,3.94,2025-01-09 22:40:31,2026-02-26 22:40:31
461,Kristin Cisneros,adamgutierrez@example.org,(607)705-9937,Wilsonside,4.15,2024-06-02 06:13:42,2025-03-09 06:13:42
462,Jennifer Peters,matthewlawrence@example.com,810.526.1565,South Laura,4.3,2024-01-04 07:22:37,2024-08-05 07:22:37
463,Anthony Jones,brian14@example.net,(391)794-9750,Priceberg,3.75,2024-04-27 00:03:03,2024-08-15 00:03:03
464,Christopher Collins,laneisaac@example.net,001-998-983-6541,Lisaview,4.41,2024-12-21 01:33:40,2026-02-15 01:33:40
465,Madeline Welch,aallen@example.org,4202289517,Hughesbury,4.43,2025-05-07 05:39:51,2026-02-07 05:39:51
466,Christopher Archer,tmeyer@example.org,001-271-573-7627x6154,South Lisahaven,4.25,2026-03-02 22:52:05,2026-08-25 22:52:05
467,Peter Miller,prosales@example.org,001-469-741-4131x50955,Port Nichole,3.85,2025-09-12 02:26:13,2026-06-29 02:26:13
468,Pamela Pham,andre43@example.net,+1-799-474-1291x20410,Lake Jenniferborough,4.19,2025-11-15 15:12:17,2025-12-24 15:12:17
469,Mrs. Lauren Wallace,angela31@example.org,(555)774-8206,Garciaside,4.85,2024-11-11 02:00:26,2026-04-01 02:00:26
470,Tamara Fisher,timothy27@example.net,7088539714,Weisstown,4.85,2025-10-21 19:44:58,2027-06-02 19:44:58
471,Heather Navarro,tamara41@example.org,390-993-7459,Townsendhaven,3.74,2025-04-09 01:50:24,2026-08-04 01:50:24
472,Jennifer Bailey,kevin79@example.org,(573)490-7084x13981,New Pamelashire,4.92,2025-08-10 00:44:54,2026-07-12 00:44:54
473,Emily Turner,shawn74@example.net,817-515-1819x729,Holmesmouth,4.46,2025-04-11 15:14:02,2026-07-19 15:14:02
474,Sarah Wolfe,ljones@example.net,001-886-262-5182,South Jessica,4.54,2024-02-24 22:03:12,2025-07-05 22:03:12
475,Susan Kelly,angelabullock@example.org,826.422.8776,Simonborough,4.77,2024-12-05 13:56:48,2025-07-26 13:56:48
476,Mrs. Ashley Henderson,dalton09@example.com,289-534-2488x475,North Logan,5.0,2024-07-31 12:03:34,2026-01-06 12:03:34
477,Carol Williams,sbeasley@example.org,001-685-501-9956x906,West Brianmouth,3.66,2025-02-18 10:03:06,2026-04-14 10:03:06
478,Renee Adams,payneolivia@example.com,944.546.6648x2434,Thomasfurt,4.36,2023-09-10 10:16:03,2024-08-07 10:16:03
479,Charles Morales,billygray@example.net,001-750-293-4195x73656,Saraview,4.99,2025-01-04 08:29:07,2025-12-02 08:29:07
480,Michelle Brewer,markbrooks@example.com,609.987.3264x8869,North David,3.53,2026-05-01 15:33:20,2027-07-10 15:33:20
481,Nicholas Clark,xhancock@example.org,+1-919-622-9014x584,Stewarthaven,3.91,2026-07-06 11:59:07,2026-09-24 11:59:07
482,Michael Roy,kathryn64@example.com,001-830-477-5396x14696,Lake Chadland,4.87,2025-04-15 19:50:48,2026-10-05 19:50:48
483,Jeanne Thomas,christopherquinn@example.net,(781)875-0267x5422,North Colleenton,4.75,2023-12-07 20:02:37,2024-10-25 20:02:37
484,Natasha Todd,glong@example.net,001-651-821-5389,Bruceview,4.66,2025-07-08 12:07:49,2026-03-30 12:07:49
485,Richard Johnson,margaret30@example.org,+1-880-327-9466x70577,Donnaport,4.41,2025-03-31 03:35:20,2026-04-25 03:35:20
486,Christopher Hill,kingjessica@example.org,(461)771-3654x633,North Christinahaven,3.83,2025-07-18 11:13:16,2026-02-27 11:13:16
487,Mr. Ryan Wise DDS,lisa02@example.org,+1-662-580-8506,West Ryan,4.43,2025-06-02 05:33:59,2025-11-19 05:33:59
488,Helen Brooks,qoconnor@example.net,476-246-1934x2333,Orrborough,4.44,2025-01-23 02:03:18,2025-04-03 02:03:18
489,Melissa Austin,markcarter@example.net,001-490-977-6381x4117,Lake Jessicaburgh,3.96,2023-09-24 09:09:33,2025-01-17 09:09:33
490,Joe Hickman,andrea86@example.com,652-433-5439,Mathewbury,3.55,2026-01-15 09:31:23,2027-02-22 09:31:23
491,Valerie Rubio,paulsnyder@example.net,(854)775-5511,Williambury,4.6,2023-12-06 18:05:22,2024-04-06 18:05:22
492,Mrs. Gina Ingram,sjones@example.net,(762)635-3866x74473,Rhodesside,4.86,2024-04-28 06:03:29,2025-04-27 06:03:29
493,Rachel Wood,ywilkins@example.org,242.731.6056,Sandersfurt,4.62,2026-03-03 01:10:05,2026-09-28 01:10:05
494,Aimee Santos,allenbreanna@example.net,974.630.9369,Davidtown,3.8,2025-08-27 00:01:59,2027-04-01 00:01:59
495,Paul Howard,kimberly49@example.org,376.253.1699x884,Freemanland,4.81,2024-09-17 01:22:00,2025-10-26 01:22:00
496,Patricia Kidd,johnbaker@example.net,(626)377-2831,South Victoria,4.3,2024-11-30 02:36:45,2025-10-05 02:36:45
497,Jennifer Castro,dianesmith@example.org,851.515.8325,South Jimmy,4.75,2024-03-29 01:44:21,2025-01-16 01:44:21
498,Lori Garcia,samuelreese@example.com,905-635-2434,Lake Cindy,4.87,2024-02-24 12:57:16,2025-07-31 12:57:16
499,Stephanie Hayes,larabeth@example.org,(503)370-3761x3321,South Erika,4.95,2026-05-15 11:53:00,2027-04-12 11:53:00
500,Randy Sharp,aford@example.com,293-487-5213x261,East Jason,4.62,2024-05-20 19:44:40,2025-05-31 19:44:40
501,Jacob Smith,nelsonbarbara@example.com,(886)334-3261,Gallegostown,4.71,2025-11-21 19:28:33,2027-04-14 19:28:33
502,Eric Turner,monique44@example.net,682-296-6734x635,New Paulland,4.94,2025-04-19 11:06:42,2025-10-10 11:06:42
503,Joseph Tyler,ptyler@example.com,740.518.9833,Port Matthewland,4.63,2024-01-22 19:06:30,2024-10-09 19:06:30
504,Roberta Brown,omontoya@example.org,+1-880-438-1831x522,Andrewhaven,4.79,2026-07-06 05:15:48,2027-09-15 05:15:48
505,Melissa Shepard,zacharyfernandez@example.net,363-472-8363x24566,Kevinfort,4.95,2026-05-02 09:50:51,2027-12-23 09:50:51
506,Cynthia Marks,shelbycook@example.org,913-479-7118x740,North Dawn,4.05,2025-03-21 16:29:24,2026-05-29 16:29:24
507,Sarah Vazquez,iedwards@example.org,+1-780-637-6581x1023,West Tony,3.52,2023-09-01 05:01:26,2025-04-02 05:01:26
508,Glenn Cook,oweeks@example.org,783.547.0361,Emilyside,3.69,2023-10-15 01:13:43,2024-11-25 01:13:43
509,Eugene Hernandez,michaelgallegos@example.org,+1-455-745-4320,South John,4.51,2026-01-26 11:02:46,2026-11-20 11:02:46
510,Robert Nelson,salinassarah@example.net,+1-827-474-8106x5411,Marktown,4.38,2024-11-16 16:43:12,2025-12-31 16:43:12
511,Cody Stanley,donald89@example.com,001-622-595-9135x281,West Steve,3.66,2024-10-28 18:22:01,2025-07-24 18:22:01
512,Valerie Porter,stephanie02@example.net,677-206-8815x9307,Timothyfort,4.21,2026-07-11 23:52:03,2027-07-11 23:52:03
513,Leonard Nguyen,rwright@example.com,8395672390,New Heatherborough,4.87,2026-05-01 22:23:50,2027-01-12 22:23:50
514,Brenda Daugherty,jodylee@example.org,001-692-664-7225x1750,Port Tristan,4.47,2025-08-21 20:49:42,2027-01-08 20:49:42
515,Karen Spence,cpierce@example.com,637.435.7586x09338,Tammyview,4.86,2023-08-05 09:15:58,2024-07-09 09:15:58
516,Lauren Roman,grayphilip@example.com,(477)713-6047,Murrayville,4.47,2023-10-15 04:17:48,2024-03-12 04:17:48
517,Steven Aguilar,smithkenneth@example.com,001-920-819-7056,Dennisberg,3.71,2025-12-09 15:41:21,2026-02-15 15:41:21
518,Sheila Estrada,xrivera@example.net,234.524.8759x98150,Traceymouth,3.96,2025-07-14 00:35:57,2026-12-30 00:35:57
519,Victor Blair,denisestevens@example.com,263.307.7695,East Melissabury,3.67,2023-08-29 15:54:44,2024-05-25 15:54:44
520,Christy Ball,vfrye@example.org,+1-609-687-2793x92379,Davidtown,4.83,2025-09-10 10:31:28,2026-02-25 10:31:28
521,Emily Kim,gsharp@example.com,+1-308-706-5802,Lake Heathertown,4.08,2024-04-30 19:40:51,2025-06-13 19:40:51
522,Nicholas Davis,brenda17@example.net,001-533-578-0117x87366,Jamesburgh,4.51,2026-01-24 02:51:45,2027-08-30 02:51:45
523,Christina Martinez,kathynash@example.com,2319634894,Tylertown,4.13,2025-09-02 18:22:43,2026-03-09 18:22:43
524,Mr. Keith Harris MD,zbridges@example.org,(924)507-9045,Johnsonland,4.83,2024-01-15 10:06:02,2024-05-25 10:06:02
525,Christopher Malone,charles40@example.org,423-354-5847x008,Martinborough,4.75,2024-11-14 04:17:30,2026-02-04 04:17:30
526,Katie Brown,smithapril@example.com,6829964018,Geraldbury,4.91,2024-08-13 16:12:17,2025-06-25 16:12:17
527,Tommy George,whitejoyce@example.net,372-439-1712x7616,West Jasonburgh,3.55,2024-12-17 06:23:18,2026-01-30 06:23:18
528,Rodney Martinez,ryanjohnson@example.net,(674)620-4494x413,Daniellemouth,3.83,2024-07-30 18:58:21,2025-11-27 18:58:21
529,Dean Holder,derrickhuffman@example.org,955-956-4426x2089,Crystalberg,4.93,2026-07-07 23:10:42,2027-08-12 23:10:42
530,Eric Mcclain,jaygalloway@example.com,(612)353-4581,Emilyberg,3.65,2024-11-05 11:25:05,2025-12-16 11:25:05
531,Spencer Beasley,joshuasanders@example.net,(848)499-5460,East Javiertown,4.32,2024-11-18 20:11:47,2025-12-20 20:11:47
532,Daniel Pierce,cooperchristopher@example.net,001-721-671-7020x39913,New Kevin,3.59,2025-12-28 20:27:11,2026-11-05 20:27:11
533,Rodney Nichols,cmalone@example.com,001-822-863-5566x190,New Williammouth,3.78,2024-09-28 10:08:51,2025-03-02 10:08:51
534,Kimberly Wilson,andersonkimberly@example.org,740-850-7208,Leefort,4.92,2024-09-25 23:37:31,2026-02-02 23:37:31
535,Hayley Glover,shafferjason@example.net,6222068216,South Allison,3.64,2026-06-22 13:19:54,2027-02-24 13:19:54
536,Christine May,melanieperez@example.org,(230)361-7829x8035,Bradleyville,4.46,2024-04-05 17:46:40,2024-05-26 17:46:40
537,Kevin James,kathy41@example.org,563.279.2088,West Amytown,3.58,2024-09-10 01:49:10,2025-09-16 01:49:10
538,Robert Cowan,nhuerta@example.com,+1-709-237-1956x34116,Julieland,3.87,2023-08-26 01:00:41,2024-01-31 01:00:41
539,Stephanie Cardenas,jessicaberry@example.net,717.944.9838,Erinberg,4.68,2024-02-04 09:40:29,2024-10-01 09:40:29
540,Jennifer Mooney,bautistamichael@example.net,(672)225-2936x709,Jesusborough,3.6,2026-02-21 02:07:38,2027-10-11 02:07:38
541,Alex Thomas,parkssherry@example.org,(480)705-0985,Pattersonview,3.81,2025-04-20 20:48:55,2025-12-27 20:48:55
542,Nathaniel Roberts,andrew02@example.org,352.314.3632x41440,Smithside,4.72,2025-06-27 14:46:32,2026-03-22 14:46:32
543,Timothy Perez,wendy24@example.net,766.857.7628x108,Susanhaven,3.99,2024-11-25 02:18:51,2025-05-25 02:18:51
544,Justin Martinez,dustinphillips@example.com,378-252-2764x0482,Scottchester,4.68,2026-04-07 00:06:38,2026-05-09 00:06:38
545,Alexis Love,rodriguezgregory@example.com,(651)303-6797x25901,Elliottbury,3.92,2025-12-14 19:46:34,2026-06-10 19:46:34
546,Daniel Wallace,ofigueroa@example.com,205.571.0579,North Sara,4.98,2024-01-04 21:03:19,2025-08-09 21:03:19
547,Keith Harris,jillian17@example.org,(801)539-2640x55889,Christinehaven,3.88,2025-04-29 08:06:29,2025-11-23 08:06:29
548,Rachel Goodwin,dawn73@example.net,346-892-8200,Heidiberg,3.66,2024-06-05 01:20:54,2024-07-31 01:20:54
549,Jessica Cobb,vincentkim@example.com,001-585-611-8114,Phillipsbury,3.7,2025-05-28 05:29:04,2026-06-28 05:29:04
550,Kimberly Johnson,dannypeterson@example.com,(693)381-6469x836,Dillonview,4.68,2026-05-22 00:46:15,2027-02-19 00:46:15
551,Brandon Morrison,jgonzalez@example.net,420-973-1584,South Dennisville,4.38,2023-11-24 15:57:12,2024-01-09 15:57:12
552,Kathy Wilson,robertblack@example.com,(340)736-1540,Nelsonburgh,3.76,2024-07-17 06:34:28,2024-10-08 06:34:28
553,Patricia Mitchell,craigsoto@example.com,387-425-9279x7438,East Cherylville,3.69,2023-08-28 08:06:03,2024-12-01 08:06:03
554,Nicholas Whitehead,lsullivan@example.org,(335)491-6120x6310,Stephanieside,4.29,2025-03-08 21:23:27,2025-06-11 21:23:27
555,David Bennett,nancy03@example.com,+1-425-465-4713,South Lisa,4.21,2024-02-10 07:06:37,2025-03-16 07:06:37
556,Andrew Gilbert,megan10@example.net,(860)784-2883x9579,Port Nicoleberg,4.27,2024-06-30 04:09:07,2024-11-18 04:09:07
557,Carrie Sims,christopherpatton@example.com,001-845-955-9003x10911,Humphreyport,4.18,2024-05-13 09:26:49,2025-01-24 09:26:49
558,Christine Williams,smithmonica@example.org,+1-568-343-5503x502,West Rayshire,4.92,2026-06-16 00:40:27,2026-08-29 00:40:27
559,Casey Davenport,martinvictoria@example.net,526.229.7529x376,Fishermouth,4.59,2026-06-17 07:01:59,2028-01-01 07:01:59
560,Shari Johnson,zpierce@example.com,899.851.1288x17921,New Lisa,3.95,2023-09-15 14:22:31,2023-11-15 14:22:31
561,Mr. Michael Allen,shelly65@example.net,3998519791,Port Jenniferville,3.59,2024-04-30 15:41:34,2025-10-02 15:41:34
562,Christina Rogers,ygilbert@example.net,245.376.8532x50413,Michaelton,4.77,2024-05-28 22:42:01,2025-09-06 22:42:01
563,Roberto Martinez,daniel98@example.org,874-403-8280,South Katieport,4.53,2026-06-12 06:36:30,2027-11-26 06:36:30
564,Ricky Wood,mariowallace@example.com,415-686-0706,Mccoystad,4.57,2023-10-01 11:30:35,2025-01-27 11:30:35
565,Michael Keith,cunninghamjessica@example.net,521-454-6046,West James,3.61,2024-08-06 21:13:42,2024-11-26 21:13:42
566,Tanya Booker,millertammy@example.net,001-941-345-4029,North Eric,3.98,2025-02-06 05:54:14,2025-08-06 05:54:14
567,Toni Campbell,william45@example.com,001-779-273-7835x612,Stevenbury,3.6,2025-12-25 23:36:15,2026-11-01 23:36:15
568,Teresa Moreno,johngonzalez@example.com,001-288-341-5028x219,Lunaton,4.44,2023-09-07 04:48:19,2025-04-20 04:48:19
569,Jessica Lowery,rose73@example.org,(761)403-3550x442,Alextown,4.57,2024-06-05 15:32:42,2025-07-30 15:32:42
570,John Brown,andrewstheodore@example.com,001-481-440-7764x9881,West Nicholas,4.99,2023-11-23 21:30:08,2025-06-18 21:30:08
571,Jennifer Shepherd,pparker@example.org,(970)222-0479x9628,Kimberg,3.94,2023-12-22 19:25:33,2025-06-21 19:25:33
572,Cheryl Bentley,hernandezjohn@example.org,001-279-493-6054x11843,Harriston,4.41,2024-07-17 16:45:23,2024-11-25 16:45:23
573,Justin Wiley,barbara16@example.com,(945)618-5135x882,Jacksonfort,4.69,2026-01-08 10:06:56,2026-06-04 10:06:56
574,Jamie Hernandez,michael76@example.org,869-823-3386x4640,Martinezland,4.78,2023-08-29 18:55:43,2025-04-14 18:55:43
575,Leah Payne,shall@example.net,890.455.3968,Port Lancemouth,4.58,2023-10-09 23:35:11,2024-06-15 23:35:11
576,Alexandria Stephens,nicole33@example.com,708.899.5674x86691,New Stephanieview,4.15,2024-10-01 03:03:51,2025-06-21 03:03:51
577,Jasmine Nelson,joseph46@example.net,+1-582-561-2670x58027,East Gabriel,4.12,2025-08-04 06:17:36,2026-12-11 06:17:36
578,Ruben Moore,kurtwilliams@example.com,+1-289-910-7356x7200,Stephenmouth,4.1,2025-11-15 10:05:33,2026-03-22 10:05:33
579,Alexander Marquez,joneswilliam@example.org,9982188147,Christopherfurt,3.97,2025-09-23 03:23:18,2026-09-08 03:23:18
580,Paul Ryan II,xlopez@example.net,+1-752-279-0620x02118,Claudiabury,4.5,2026-07-07 10:19:31,2027-08-24 10:19:31
581,Andrew Thomas,webbtammy@example.com,+1-910-403-3530x212,Barbaraside,4.93,2025-12-16 18:19:08,2027-05-15 18:19:08
582,Daniel Pittman,valerie28@example.org,+1-783-645-0001x680,Garciamouth,3.6,2024-11-01 01:11:50,2025-02-26 01:11:50
583,Nicholas Carrillo,michael12@example.org,375.388.0431x639,Liuton,3.64,2025-12-21 17:55:44,2026-04-28 17:55:44
584,Shawn Mckenzie,cruzsydney@example.net,(528)545-5218,South Jessica,4.62,2026-01-30 04:58:41,2027-03-17 04:58:41
585,Shelby Miller,kiddtina@example.com,(532)994-9774x722,South Anthony,4.72,2023-08-24 23:05:40,2025-04-14 23:05:40
586,Jodi Gallagher,ghernandez@example.com,001-716-527-2023x49091,Mooreport,3.59,2024-05-31 18:48:42,2025-06-02 18:48:42
587,Angela Abbott,daniel97@example.org,442.960.9484x0023,Port Patrick,4.51,2024-02-02 20:08:40,2025-04-27 20:08:40
588,Dr. James Dixon,kaylagray@example.org,+1-570-955-4968x99729,Melissaberg,4.03,2024-12-03 06:56:54,2026-03-11 06:56:54
589,James Carter,kerrygrant@example.net,746.538.6800x744,Markfurt,4.8,2024-01-06 16:46:48,2024-03-28 16:46:48
590,Katherine Dixon,bfoster@example.net,931.215.0454,Morrowberg,4.95,2023-10-05 10:34:57,2024-09-18 10:34:57
591,David Matthews,larrycollins@example.org,+1-757-702-5924x4408,North Michelle,4.03,2025-02-26 14:52:56,2026-08-29 14:52:56
592,Kristen Tyler,ireynolds@example.com,772.215.6071x1645,Atkinsonmouth,3.82,2026-01-15 02:28:12,2027-06-22 02:28:12
593,Christopher Todd,keith44@example.net,001-346-928-9189x028,Jameschester,3.84,2025-11-14 17:36:37,2026-04-03 17:36:37
594,Kevin Simmons,scott04@example.net,+1-569-998-1990x4570,East Erika,4.03,2024-11-25 23:28:59,2026-07-17 23:28:59
595,Jenna Olson,denisemartin@example.net,001-887-904-4527x72583,North Thomasshire,4.05,2026-05-12 03:18:29,2027-03-23 03:18:29
596,Christopher Reed,mckinneylaura@example.net,226.639.0866x54329,South Justin,4.36,2024-02-08 04:38:05,2025-05-22 04:38:05
597,Hailey Lopez,kjimenez@example.com,561-544-9986x07670,West Lauriechester,4.77,2025-09-10 23:10:52,2027-05-03 23:10:52
598,Heather Odom,plopez@example.org,684.511.9108x39957,West Ryanmouth,3.54,2025-05-15 20:25:31,2026-03-14 20:25:31
599,Lisa Calderon,kerryvincent@example.com,4968476852,North Tina,3.54,2026-03-20 12:22:21,2027-01-23 12:22:21
600,Kenneth Lara MD,alexandra84@example.org,8127808680,East Kirstenview,4.55,2024-10-06 14:57:07,2025-09-17 14:57:07
601,Sydney Benson,twilliamson@example.org,+1-712-431-4577x6643,Port Reginaldchester,4.88,2023-09-14 02:20:08,2024-10-07 02:20:08
602,Jeff Jones,qrichardson@example.org,001-712-654-6266x8278,Louistown,3.51,2024-10-06 01:00:46,2025-03-31 01:00:46
603,Chad Preston,brian67@example.net,221-431-2575,East Jason,4.35,2026-06-12 05:32:01,2027-08-26 05:32:01
604,James Gonzalez,mking@example.org,357.546.3617,North Juliastad,3.6,2026-06-17 16:29:33,2026-08-17 16:29:33
605,Terrence Rodriguez,tonyagriffin@example.com,+1-260-492-7291x31035,Cynthialand,3.64,2024-07-04 23:46:21,2026-01-28 23:46:21
606,Jasmin Bray,mmendoza@example.org,985.531.8626x132,West Kevinfort,3.82,2024-04-13 09:10:41,2025-07-16 09:10:41
607,Gina Keith,ijohnson@example.net,868.264.0980x15315,East Mackenzieside,4.18,2024-07-11 21:09:19,2025-01-18 21:09:19
608,Linda Phillips,alex59@example.org,431-728-8986,West Jonathan,4.06,2026-02-24 13:56:53,2027-02-21 13:56:53
609,Wendy May,shelbywiley@example.com,888-848-0296,Lake Kellyburgh,4.67,2025-04-19 02:03:55,2025-08-13 02:03:55
610,Valerie Bryant,melissa08@example.net,(430)880-2358x476,Samuelberg,4.83,2024-09-02 06:28:10,2025-03-10 06:28:10
611,Brandon Rodriguez,ijones@example.org,(420)941-6889,Christopherfurt,3.74,2024-06-07 22:38:01,2024-08-26 22:38:01
612,Tara Martin,angelahansen@example.org,8876832925,West Tiffanyville,4.51,2023-07-22 06:08:17,2024-05-25 06:08:17
613,Joe Foster,lauraarnold@example.com,+1-629-243-9995x81403,Calvinberg,4.16,2023-11-02 02:12:37,2025-02-08 02:12:37
614,Jack Adams,iberry@example.org,001-894-527-4445x88949,West Michael,4.23,2023-09-12 08:03:31,2025-01-06 08:03:31
615,Danielle Miller,hmckenzie@example.com,898.994.7075,West Jessica,4.12,2026-03-21 08:37:16,2026-11-26 08:37:16
616,Theodore Pierce,kevinbrown@example.com,929-786-9788x8150,Port Elizabethbury,4.63,2024-09-30 21:15:24,2025-02-23 21:15:24
617,Whitney Lopez,lindajacobs@example.org,5812188480,Andrewland,4.02,2024-05-21 11:53:50,2024-10-11 11:53:50
618,James Hatfield,urodriguez@example.com,(916)233-1195,Meadowsburgh,3.92,2023-09-09 21:36:50,2025-02-18 21:36:50
619,Matthew Smith,christophermiller@example.net,834-835-4506x11147,South Stevenfurt,4.29,2026-03-03 11:05:23,2027-02-11 11:05:23
620,Nicholas Morales,kurt55@example.net,(852)758-8578x04869,Morrisside,3.57,2024-02-11 18:06:24,2025-04-20 18:06:24
621,Olivia Sutton,patriciajohnson@example.net,001-648-318-6602x4719,South Charles,4.98,2026-05-30 16:43:19,2026-08-24 16:43:19
622,Drew Valdez,william27@example.net,711.712.7924x97671,Davismouth,3.51,2025-12-06 02:19:58,2026-11-09 02:19:58
623,Mark Mcintosh,dosborn@example.net,+1-429-639-3577x01784,East Nicholas,4.92,2026-05-31 18:19:25,2026-11-17 18:19:25
624,Angela Contreras,vargasmark@example.net,001-814-722-2817x7606,New Cliffordton,4.65,2025-04-04 10:58:14,2026-02-24 10:58:14
625,Jordan Reyes,raymondmclaughlin@example.com,001-622-773-1037x26884,East Jennybury,3.99,2023-12-07 21:10:44,2024-01-13 21:10:44
626,Allison Nicholson,amandakim@example.org,751-378-4986x210,Mooreview,4.25,2023-07-23 19:14:47,2024-11-04 19:14:47
627,David Foster,tylererin@example.org,(393)667-2378,Coxport,3.76,2025-11-04 19:50:25,2026-12-28 19:50:25
628,Eileen Perry,diana14@example.org,(948)684-2787x865,Kirkstad,4.3,2024-10-21 17:58:40,2025-07-13 17:58:40
629,Belinda Allen,carly39@example.net,001-555-678-8155,Lisastad,4.25,2023-12-21 08:50:27,2025-01-16 08:50:27
630,Amanda Sandoval,juliemckenzie@example.net,979.718.3022x892,Robertshire,3.61,2025-12-23 02:04:20,2026-03-06 02:04:20
631,Heather Cohen,austin59@example.net,898.640.4186x2995,New Denise,4.15,2024-10-10 14:40:17,2026-02-22 14:40:17
632,Joshua Ward,ryananderson@example.net,+1-267-210-0660,Smithhaven,4.88,2024-05-22 15:33:19,2025-05-07 15:33:19
633,Sara Johnson,angela35@example.org,+1-277-946-3179,South Jose,4.36,2023-07-31 01:05:37,2024-10-17 01:05:37
634,Charles Johnson,kschwartz@example.com,(207)954-9853,Michaelshire,4.56,2024-09-29 19:24:01,2025-12-30 19:24:01
635,Mary Schmidt,kharris@example.com,001-863-574-9627x2437,Christinechester,3.93,2026-04-08 15:32:51,2027-06-26 15:32:51
636,Kristen Jones,kristen61@example.com,647-967-0867x4537,East Johnview,3.53,2023-09-03 16:40:59,2024-08-30 16:40:59
637,Maurice Mcclure,wirwin@example.org,2554207452,Mooreview,3.76,2023-10-03 01:22:44,2025-02-15 01:22:44
638,Jessica Allen,danielreed@example.net,+1-664-661-9575,Mcdowellbury,4.75,2025-07-15 09:01:37,2026-08-19 09:01:37
639,David Kelly,albert85@example.com,811.428.4193x519,Lake Stephen,3.63,2025-02-07 22:46:33,2025-06-25 22:46:33
640,Sarah Floyd,lwhite@example.org,001-445-230-4308x097,Port Isaac,3.86,2024-01-20 09:29:32,2025-04-04 09:29:32
641,Amanda Crosby,westcharles@example.com,849.595.5839,Donaldburgh,4.29,2025-09-09 00:30:00,2026-11-18 00:30:00
642,Daniel Wagner,onealcourtney@example.org,271-917-6657x306,Port Benjamin,4.81,2026-07-09 17:58:05,2027-07-21 17:58:05
643,Justin Smith,jasoncline@example.net,365.957.8136,Harveybury,3.83,2025-05-10 09:16:39,2025-11-28 09:16:39
644,Michael Beck,chughes@example.org,238-884-8370x474,Hartmanchester,3.61,2026-05-05 13:08:35,2026-09-28 13:08:35
645,Jacob Holland,johnmorgan@example.net,(811)326-9749x13096,South Jennifer,4.3,2025-03-29 17:28:15,2025-11-12 17:28:15
646,Emily Smith,gregg87@example.net,(779)780-7336,Lake Stephanieside,4.86,2024-02-26 02:40:09,2025-03-19 02:40:09
647,Kristi Carpenter,smithlaura@example.org,281.594.5468x036,Annaberg,4.03,2026-06-11 05:02:32,2026-12-09 05:02:32
648,Timothy Miller,zwallace@example.org,9069915867,New Kristahaven,3.85,2024-09-26 00:57:17,2025-03-24 00:57:17
649,Dr. Zachary Russell,floresnicholas@example.org,+1-671-641-6623x00407,East Leslieberg,3.88,2025-11-05 07:11:08,2026-05-31 07:11:08
650,Lisa Harris,brandonlopez@example.com,001-535-610-9668,Larsonmouth,4.4,2025-04-20 14:31:08,2025-08-05 14:31:08
651,Shannon Williams DVM,hayesjeffery@example.net,+1-318-627-1645x47483,North Stevenburgh,3.77,2024-09-26 14:44:22,2026-03-15 14:44:22
652,Andrea Smith,brendamoore@example.org,249.316.5125x178,South Stephen,4.2,2025-11-22 16:31:28,2027-03-26 16:31:28
653,Bruce Morgan,ryantanya@example.com,766-968-6443x01270,Lake Susanville,4.52,2024-02-01 04:30:55,2025-01-26 04:30:55
654,Dawn Johnson,ssullivan@example.net,+1-773-552-8597,Josephton,4.8,2024-08-28 21:49:13,2025-08-16 21:49:13
655,Lisa Dunn,qgray@example.org,(627)396-2235x358,Paulport,3.73,2023-09-10 13:40:51,2023-12-18 13:40:51
656,Stephanie Shea,gregorycruz@example.net,565.866.6174,Robinsonville,4.2,2025-11-17 08:26:53,2026-10-23 08:26:53
657,Danielle Gilbert,ronaldsparks@example.net,001-865-525-7828x99477,East Kristybury,4.69,2025-09-19 12:05:08,2025-12-15 12:05:08
658,Madison Ward,douglasandrea@example.org,(485)601-5241x254,Stephensshire,4.03,2026-07-12 10:26:00,2026-10-25 10:26:00
659,Jesus Allen,jacobsjason@example.com,5833080648,South Anthony,3.97,2023-10-21 23:59:58,2025-02-24 23:59:58
660,Sharon Peck,whiteronald@example.net,832.425.4958x79303,West Warren,3.56,2023-08-13 07:45:53,2024-09-23 07:45:53
661,Amber Johnson,cquinn@example.com,+1-224-218-1518x76334,Lake Scottburgh,4.75,2025-11-27 19:15:24,2026-03-15 19:15:24
662,Amanda Sanders,michaelcox@example.org,415.459.0607x15963,Letown,4.47,2024-02-27 19:30:15,2024-06-28 19:30:15
663,Daniel Johnson,matthew99@example.com,001-316-753-5126x139,Lake Debbieberg,4.42,2024-09-28 23:11:04,2026-03-31 23:11:04
664,Heidi Riley,uknox@example.com,001-866-975-9305x49059,South Rachel,4.08,2026-06-27 09:30:48,2028-02-14 09:30:48
665,Ronald Martinez,douglas40@example.org,001-222-610-2297x3240,North Christophermouth,4.93,2024-11-01 05:41:10,2025-01-12 05:41:10
666,Jennifer Moore,josephwest@example.com,206-701-5169,Kelseyland,4.17,2024-09-13 02:13:17,2025-04-23 02:13:17
667,Diana Avila,robertflores@example.net,001-444-680-0143x321,East Annborough,3.98,2025-05-05 19:23:34,2026-10-04 19:23:34
668,Rebekah Ramirez,jasonmyers@example.net,572.940.3276x859,South Victoriatown,4.25,2023-09-06 10:23:21,2023-12-08 10:23:21
669,Jesse Joseph,pgaines@example.com,670.667.8174,Clarkview,4.18,2023-12-29 03:41:38,2025-01-13 03:41:38
670,Crystal Grant,michelemiller@example.com,332.982.7775x566,West Brianfurt,4.97,2023-09-29 13:14:38,2024-01-23 13:14:38
671,Scott Adams,rossbrittany@example.com,755-274-3666x21829,Lake Michelleshire,4.26,2024-01-23 23:23:12,2024-08-16 23:23:12
672,Erika Keith,aclark@example.net,001-448-839-6803x635,Johnmouth,3.56,2026-05-02 09:06:22,2027-08-23 09:06:22
673,Karen Ingram,alex61@example.org,433-599-9096,Gomezport,4.99,2023-11-09 21:54:59,2025-05-28 21:54:59
674,Todd Cameron,christopher55@example.com,(377)742-0262x283,Michaelhaven,4.28,2024-10-22 10:27:45,2025-05-02 10:27:45
675,Melanie Jimenez,robin00@example.org,(470)530-4357,New Alexander,4.05,2026-04-19 22:00:38,2027-03-04 22:00:38
676,Melissa Peters,angelacooke@example.com,(986)387-0868,Ortizside,4.08,2023-08-25 10:06:08,2024-09-04 10:06:08
677,Amanda Willis,whitecatherine@example.org,658-737-2111,Helenside,4.52,2026-04-20 09:25:33,2026-07-12 09:25:33
678,John Bradford,williamsangela@example.org,491.867.1933x8241,Jacobville,4.68,2025-03-23 17:22:55,2026-03-30 17:22:55
679,Jessica Martin,bwalker@example.org,431-604-9590x381,South Scott,3.6,2026-04-25 09:11:52,2026-08-29 09:11:52
680,Devin Miller,ecole@example.net,+1-272-794-6939x36189,Nicholsview,4.34,2025-11-22 17:18:52,2027-01-21 17:18:52
681,Michael Cole,kathrynhawkins@example.org,001-607-971-2282,West Joshua,3.93,2025-05-17 18:29:05,2025-11-16 18:29:05
682,Amanda Baird,meredith31@example.org,(650)313-5643x792,Jonesstad,4.0,2025-06-07 12:31:03,2025-11-28 12:31:03
683,Lisa Wright,crowe@example.org,(426)869-5871x325,Lake Renee,4.88,2025-05-03 07:21:33,2026-04-15 07:21:33
684,Samantha Carrillo,carlos40@example.com,9644716181,Lake Andrewbury,4.95,2025-08-03 11:42:59,2026-10-08 11:42:59
685,Anthony Day,wmclaughlin@example.net,7749305889,Schmidtmouth,3.69,2024-10-08 10:54:31,2025-02-01 10:54:31
686,Rebecca West,patrickwatts@example.com,(946)829-1605,Port Jessicastad,3.96,2026-05-30 23:27:02,2027-07-19 23:27:02
687,Mitchell Woods,seth16@example.com,668-630-2953,Port Carolyn,4.47,2025-01-05 16:08:48,2026-01-06 16:08:48
688,Jeffrey Ramos,tina45@example.com,+1-884-512-3945x09284,Chambersview,4.72,2025-02-05 16:50:47,2026-08-28 16:50:47
689,Christopher Curtis,haynesleslie@example.net,001-923-556-6294,East Julie,3.64,2025-11-03 19:20:53,2027-02-09 19:20:53
690,Cathy Gonzalez,rcraig@example.net,969-537-2605,Gonzalesmouth,4.26,2025-06-25 15:55:33,2025-08-12 15:55:33
691,John Jones,scottmitchell@example.org,445.710.4280,Wadeborough,4.04,2025-08-16 09:46:15,2026-03-18 09:46:15
692,Nicole Farrell,kdavis@example.net,+1-280-661-2100x58093,Lake Tylerland,4.93,2026-04-24 20:29:37,2027-05-08 20:29:37
693,Kristin Adams,cwhite@example.net,359-630-9534x3601,Port Tanya,4.92,2024-12-21 14:52:18,2026-06-01 14:52:18
694,Christopher Boyer,mariah72@example.net,(283)840-1478x9101,New Deanchester,3.79,2024-06-16 23:53:23,2024-12-03 23:53:23
695,Elizabeth Hernandez,joshuadavis@example.com,(640)352-3145,East Lisa,3.73,2023-11-08 03:13:21,2024-10-05 03:13:21
696,Tina Hernandez,tayala@example.org,344.394.5647x15809,Garciaport,4.77,2024-03-14 12:08:20,2024-07-25 12:08:20
697,Eric Romero,leonkevin@example.org,+1-924-941-0736x210,East Randall,4.26,2024-01-08 00:59:39,2025-08-12 00:59:39
698,Stephanie Shepherd,buchananbrian@example.com,325-286-7503,Lake Ryanfurt,4.75,2025-06-18 17:51:26,2027-01-08 17:51:26
699,Danielle Conway,vrobinson@example.net,899.919.8515x57699,East Nicholasmouth,3.56,2024-06-24 18:29:30,2025-07-03 18:29:30
700,Angela Rios,victorjensen@example.com,222.409.0331x12848,Danielburgh,4.81,2026-04-11 14:09:29,2026-09-22 14:09:29
701,Mckenzie Padilla,zimmermanjennifer@example.com,6338296861,East Carolberg,4.4,2024-10-20 09:49:21,2025-04-25 09:49:21
702,James Anderson,megan96@example.net,+1-736-276-3249x84328,Petersmouth,3.74,2023-11-23 14:06:32,2024-06-09 14:06:32
703,Ms. Grace Weeks,christopherhull@example.net,001-875-664-9979x5694,South Corey,4.58,2025-05-11 19:46:53,2025-07-24 19:46:53
704,Meagan Garcia,fhebert@example.com,778-748-3266,East Clarencemouth,4.12,2024-12-30 00:41:36,2025-09-29 00:41:36
705,Rebecca Hale,shawnarnold@example.org,2729632666,Fishermouth,4.95,2024-07-14 03:07:39,2025-05-31 03:07:39
706,Scott Mckinney,bradshawnathan@example.net,(452)620-9419x92581,North Juantown,4.63,2026-05-24 11:28:04,2027-09-25 11:28:04
707,Selena Garcia,morrisdavid@example.net,854-477-1275,Ronaldport,3.85,2025-04-06 07:04:38,2026-01-05 07:04:38
708,Amber Todd,victoria55@example.org,(355)260-7820x6647,Caitlinbury,3.96,2026-03-31 00:19:03,2027-08-23 00:19:03
709,Angela Snyder,elizabeth30@example.net,508-471-9745,Alexandriachester,4.86,2023-08-10 03:30:36,2024-03-25 03:30:36
710,Lynn Jacobs,patrickthomas@example.com,(560)278-6544,Emilystad,4.05,2025-12-09 17:26:37,2027-04-04 17:26:37
711,Carolyn Pace,dickersonpatricia@example.org,346-203-6127x72872,Jeffreyview,4.19,2024-01-24 18:27:19,2024-12-07 18:27:19
712,Frank Williams,dunnjorge@example.net,001-784-454-3075x5781,New Michele,4.67,2025-11-24 07:32:36,2027-05-22 07:32:36
713,Rachel Ramirez,andrew18@example.com,+1-861-368-8833x2188,Owensborough,4.29,2026-02-07 03:06:19,2026-08-21 03:06:19
714,Jeremy Spears,donna56@example.org,893-797-6857,Port Kaitlynbury,4.73,2024-06-02 00:39:56,2024-11-20 00:39:56
715,Jessica Davis,perezlauren@example.net,614-474-3244,Karenmouth,4.81,2026-02-20 00:50:50,2026-05-14 00:50:50
716,Kellie Pierce,amanda55@example.org,001-622-200-8434x298,Collinstown,4.46,2026-05-11 07:53:02,2027-06-25 07:53:02
717,Lisa Morton,jeffrey70@example.org,248-283-9303,Dukeville,4.33,2025-10-04 17:32:55,2026-02-16 17:32:55
718,Nicole Mccall,harriskirsten@example.net,+1-822-739-8021,North Kiaraville,4.57,2025-01-27 08:34:30,2026-08-08 08:34:30
719,Brittany Curry,joanna73@example.com,001-248-977-3515x334,New Nicoleshire,4.78,2024-08-17 12:15:36,2025-07-04 12:15:36
720,Autumn Riley,elizabethhart@example.org,8662627364,South Christianview,3.63,2026-01-13 19:48:00,2026-07-26 19:48:00
721,Courtney Hall,sergio77@example.net,(811)338-0652,Josephmouth,3.91,2025-11-16 18:54:12,2027-05-25 18:54:12
722,Kelly Harris,kaitlyn44@example.com,948-699-3833x7868,West Brad,3.72,2026-02-27 22:46:17,2027-06-19 22:46:17
723,Stephen Taylor MD,kendraroth@example.com,237.487.4843,Port Kimberlytown,3.64,2026-01-17 19:00:49,2026-10-01 19:00:49
724,Connie Gray,griffithjessica@example.org,697-424-5390,Estradamouth,4.73,2024-10-12 10:44:19,2025-11-03 10:44:19
725,Charles Church,cwelch@example.net,(665)946-8605x800,East Jeanette,4.9,2026-03-27 17:53:20,2027-06-24 17:53:20
726,Keith Gomez,martinchase@example.org,794.310.8048x1578,East Heather,3.58,2025-07-13 21:10:42,2027-01-08 21:10:42
727,Shannon Jones,laurieserrano@example.com,637.564.1651,North Brian,4.06,2024-08-08 02:32:15,2025-10-07 02:32:15
728,Aaron Pugh,stephanie95@example.com,001-840-247-5210x220,Murrayberg,4.99,2025-01-07 12:50:47,2026-02-24 12:50:47
729,Melissa Terry,lisawright@example.com,001-867-742-6189x05438,West Thomaston,3.84,2025-10-02 04:04:38,2026-09-23 04:04:38
730,Susan Young,patrickrivera@example.org,001-757-890-2392x69013,North Anthonystad,4.9,2026-02-27 17:34:19,2027-03-07 17:34:19
731,Kelly Daniel,vchaney@example.net,+1-293-569-2567x33885,West Stacy,4.69,2025-02-22 08:45:51,2025-08-11 08:45:51
732,Renee Flores,jdurham@example.org,9526886969,Lake Ashleyland,3.56,2025-05-10 13:59:38,2026-10-05 13:59:38
733,Brandon Jones,tjensen@example.net,+1-630-600-7749x9751,Lake Tiffany,4.54,2025-02-08 03:44:43,2025-07-30 03:44:43
734,William Melendez,heathermartin@example.net,001-541-524-3603,Harmonton,4.64,2023-12-26 04:00:35,2025-05-19 04:00:35
735,Erik Bennett,mark53@example.org,673-418-7492x89628,Lake Meganburgh,4.17,2025-04-04 07:54:45,2025-05-09 07:54:45
736,Dana Baird,johnadkins@example.net,724-782-5970,East Elizabethhaven,4.86,2024-12-10 17:11:21,2025-01-28 17:11:21
737,Shelby Tucker,ghenderson@example.net,760.950.7666x633,Jessicaton,3.88,2023-12-05 15:14:56,2024-06-05 15:14:56
738,Jennifer Weaver,abigail15@example.com,492-655-4283x772,Sandraside,4.32,2026-02-03 23:35:14,2027-08-27 23:35:14
739,Jessica Kramer,frenchlinda@example.org,360-263-0916x5070,New Eric,4.13,2025-06-07 09:44:46,2026-04-28 09:44:46
740,Matthew Jenkins,jennifer73@example.com,838.428.5481,East Normanshire,3.86,2026-07-06 09:58:32,2026-12-07 09:58:32
741,Mr. Michael Fernandez,cynthia18@example.org,789.751.3614x30949,New Anthonyfurt,3.57,2023-10-20 01:21:04,2025-01-21 01:21:04
742,Heather Bullock,nicholechavez@example.com,+1-992-449-8116x20471,Andrewview,4.46,2024-01-02 17:04:33,2025-05-14 17:04:33
743,Colton Yu,hollyflores@example.net,940-687-8026x6047,Port Marilynview,3.59,2024-03-18 21:18:38,2025-09-10 21:18:38
744,Sarah Stephens,nicole41@example.net,408.822.4518x40071,Hornside,4.4,2025-10-02 20:04:18,2025-11-17 20:04:18
745,Melanie Martin,grantmoore@example.net,2416370817,Scottshire,4.45,2025-10-03 21:09:05,2026-07-07 21:09:05
746,Craig Cowan,ehowe@example.org,6098447038,North Logan,4.58,2026-03-03 10:32:46,2027-01-25 10:32:46
747,Jesse Smith,tjohnson@example.com,+1-850-458-4184x19863,North Robertshire,4.14,2024-07-02 18:41:23,2025-07-28 18:41:23
748,Destiny Taylor,loridavis@example.com,996-850-1513,North Casey,3.86,2024-03-02 15:01:27,2025-06-01 15:01:27
749,Scott Leach,akoch@example.com,200.730.7567x277,Victoriafort,3.78,2025-12-06 17:31:12,2026-04-02 17:31:12
750,Jessica Nguyen,alicia47@example.com,001-465-748-4201,Lisaborough,4.29,2024-10-13 08:43:04,2025-11-16 08:43:04
751,Carmen Alvarado,becktina@example.com,727-348-5402,Pamelaview,3.6,2025-05-19 23:57:27,2026-12-08 23:57:27
752,Robert Jackson,brooksandrew@example.org,001-258-641-7182x6014,West Amber,4.32,2024-01-31 18:29:08,2025-08-02 18:29:08
753,Erica Schmidt,tvasquez@example.net,001-283-274-0731x065,New Anthony,4.33,2026-05-31 11:27:46,2027-08-03 11:27:46
754,Kari Avery,sandy28@example.org,496.552.5754x68348,West Juan,4.81,2024-05-07 14:03:32,2024-07-20 14:03:32
755,Jessica Mejia,derrick13@example.org,225.331.5814,Jessicamouth,4.45,2026-01-15 06:50:39,2027-03-03 06:50:39
756,Jennifer Blair,dominique19@example.net,283-785-8450x12439,Port Wendy,3.88,2026-06-14 20:57:41,2026-07-30 20:57:41
757,Marcus Ware,robert18@example.org,+1-210-503-2885x8832,Port Blake,4.04,2026-06-16 20:58:13,2026-09-23 20:58:13
758,Jacqueline Carr,gomeznicole@example.com,(434)476-7088x2394,Raymondport,4.02,2026-02-13 16:20:20,2026-06-29 16:20:20
759,Patricia Parker,sjohnson@example.org,558-883-5946x783,East Tammy,4.66,2025-01-18 01:10:23,2026-01-23 01:10:23
760,Gregory Buchanan,sarahlee@example.org,001-565-373-4851,West Jenniferfurt,3.7,2024-02-04 21:16:44,2025-02-28 21:16:44
761,Joel Adams,snichols@example.com,948.648.9143,Meganberg,4.32,2025-08-30 11:50:32,2026-03-27 11:50:32
762,Wendy Johnston,danielwilliams@example.net,+1-971-550-9113x96768,East Joshuachester,4.75,2024-12-04 01:26:57,2026-04-23 01:26:57
763,Cynthia Dean,powellapril@example.org,393.756.1286x96479,Danielberg,4.97,2023-09-22 06:34:04,2025-02-23 06:34:04
764,Cheryl Glover,stephaniedixon@example.com,+1-628-531-6542x50951,Crosston,4.45,2025-06-25 03:27:01,2025-12-10 03:27:01
765,Lisa Wheeler,hnguyen@example.com,806.850.6287x213,East Maryhaven,3.59,2023-12-13 22:18:18,2025-04-24 22:18:18
766,Wanda Clark,christophercarlson@example.net,534-929-8537,Sarahtown,3.56,2025-05-25 05:26:27,2026-01-16 05:26:27
767,Brenda Beck,michaelcabrera@example.net,001-872-305-9072x9993,Randymouth,3.57,2025-03-16 13:43:22,2025-11-05 13:43:22
768,Luke Martinez,susanhopkins@example.org,421.735.2889,New Michael,4.83,2024-12-13 23:06:54,2025-12-01 23:06:54
769,Timothy Cervantes,ubarton@example.org,(733)726-1038x95040,East Melvinport,4.9,2024-06-02 20:18:27,2025-12-11 20:18:27
770,Jesus Nguyen,richardstevenson@example.com,2028925954,South Williamhaven,4.1,2025-06-21 23:57:38,2027-01-28 23:57:38
771,Timothy Munoz,hsherman@example.com,8167022347,New Stephentown,4.21,2026-07-08 05:23:09,2026-09-13 05:23:09
772,Angela Wilcox,andrea19@example.org,001-686-513-0711x517,New Ambermouth,4.63,2024-10-17 11:19:36,2025-05-30 11:19:36
773,John Richardson,charlesbates@example.net,585-557-3622,New John,3.93,2024-05-07 06:55:48,2024-07-24 06:55:48
774,Laura Myers,rogerware@example.org,777.705.9003x579,Anthonyland,4.8,2024-06-17 03:04:03,2025-06-21 03:04:03
775,Charles King,fosterdana@example.com,690.841.6649,Beverlymouth,3.91,2024-02-08 00:17:15,2025-03-20 00:17:15
776,Bradley Washington,erin12@example.net,2549201005,Michaelburgh,4.16,2024-10-06 23:27:36,2025-12-19 23:27:36
777,James Brown,mary71@example.org,(815)738-1482x096,Briggsmouth,4.61,2025-05-18 20:34:15,2026-07-17 20:34:15
778,Edward Hall,deckerjacob@example.com,539-820-6061x449,Michaelport,4.01,2024-05-29 15:18:15,2025-01-05 15:18:15
779,Andrew Tucker,johnrodriguez@example.com,(379)394-3207x6209,New Richardhaven,4.24,2025-08-14 22:09:06,2027-02-04 22:09:06
780,Tammy Sandoval,alexanderdaniel@example.org,001-636-954-2558,East Patricia,4.05,2023-12-30 03:17:58,2025-07-13 03:17:58
781,Mr. Kevin Rogers,edelgado@example.net,(488)772-6630,Sydneymouth,3.9,2024-03-15 23:16:52,2024-07-07 23:16:52
782,Charles Rice,robert25@example.com,+1-404-998-3016x44499,East Davidton,4.59,2023-08-11 07:35:23,2023-11-29 07:35:23
783,Stephen Shelton,christina35@example.com,(973)250-0341x37453,New Danielmouth,4.15,2026-01-03 18:14:40,2026-08-05 18:14:40
784,Jennifer Zimmerman,kimberlyhernandez@example.org,471-495-5760x08905,East Emilyhaven,4.32,2025-11-01 23:01:20,2026-10-25 23:01:20
785,Kimberly Schwartz,jason71@example.net,+1-450-964-2818x70696,Christopherchester,3.65,2026-02-13 19:51:47,2027-02-13 19:51:47
786,Carlos Williams,steelechristopher@example.org,242.712.9122x02381,Hernandezville,4.49,2025-11-28 16:32:49,2026-11-06 16:32:49
787,Jesse Barker,maria93@example.org,787.767.3261x58117,New Dennisfurt,4.17,2024-08-18 09:48:44,2025-11-27 09:48:44
788,Megan Weber,zhart@example.net,(866)793-8194x42968,Alexatown,3.75,2024-04-02 14:19:38,2025-07-30 14:19:38
789,John Shaw,fmedina@example.org,747.475.0997x061,Arellanoport,4.03,2024-09-07 08:09:11,2024-11-19 08:09:11
790,Michael Hubbard,robertslisa@example.net,240.675.5256x3964,Port Eric,4.59,2023-08-08 17:29:24,2024-09-02 17:29:24
791,Jennifer Thompson,castillokaren@example.net,(493)804-7379,Lake Erinmouth,4.42,2025-01-10 09:14:05,2026-04-30 09:14:05
792,Sharon Graves,michele70@example.net,7696917113,West Rachel,3.91,2024-08-07 22:07:02,2024-11-03 22:07:02
793,Dawn Jenkins,fcisneros@example.org,+1-363-898-5024x656,North Robertburgh,3.61,2025-09-19 21:58:33,2026-12-08 21:58:33
794,Sean Sanchez,michaelmcintosh@example.com,(728)772-4219x0756,Thomasborough,4.04,2023-11-01 22:21:13,2024-05-12 22:21:13
795,Kimberly Roman,malloryedwards@example.net,001-552-864-4073x5090,North John,4.93,2025-08-12 14:14:21,2026-02-04 14:14:21
796,Miguel Brooks,brandy47@example.com,467.324.0626x71951,Lake Karen,4.77,2024-08-30 13:23:28,2025-12-21 13:23:28
797,Jennifer Gutierrez,alyssa54@example.org,370-605-2751x41496,South Troy,3.55,2025-01-15 02:04:49,2025-04-23 02:04:49
798,Wesley Mathews,fred73@example.org,773-303-3272,Frankport,3.85,2026-02-04 16:15:27,2027-03-16 16:15:27
799,Jared Lopez,aspencer@example.net,562.958.2707x188,Fosterland,4.04,2024-08-02 22:16:37,2024-10-04 22:16:37
800,Katie Jones,kimberlypowell@example.com,208.913.4193x3632,West Andrew,4.41,2023-09-04 05:56:11,2025-01-06 05:56:11
801,Amber Ward,tamara04@example.net,001-769-586-3271x70698,Lawsonbury,4.92,2025-10-10 14:51:26,2026-11-24 14:51:26
802,Gina Powell DDS,kiarareed@example.org,250-955-0923,Port Shawnville,4.17,2024-04-17 20:57:01,2024-08-03 20:57:01
803,Gregory Hopkins,pamelapayne@example.net,643-462-0161x99857,South Danaview,4.36,2026-06-20 15:39:10,2028-01-13 15:39:10
804,Alex Waters,fholmes@example.com,(479)282-1045x96356,East Mary,4.05,2024-12-15 15:03:16,2025-12-01 15:03:16
805,Jessica Melendez,jasonbrown@example.org,001-529-832-0965x18114,Lake Natasha,4.47,2026-02-01 10:08:06,2026-11-13 10:08:06
806,Pamela Schmidt,ianfaulkner@example.com,8033327844,Lake Noah,4.94,2023-12-23 19:50:15,2024-02-17 19:50:15
807,Jared Hines,zvalencia@example.com,+1-241-772-2638x13082,North Christina,4.6,2023-10-21 06:00:46,2025-04-14 06:00:46
808,Jasmine Henry,johnpatel@example.net,225-769-8327x65085,Lake Juanton,4.28,2023-09-14 01:56:27,2024-02-11 01:56:27
809,Jordan Webb,susancoleman@example.org,685.601.3648,New Kyle,3.89,2026-04-20 01:57:32,2027-02-10 01:57:32
810,Jennifer Park,christopherfuller@example.net,974-674-3807x988,Quinnbury,4.56,2024-01-23 21:55:20,2024-09-28 21:55:20
811,Lisa Barnett,lallen@example.org,001-585-421-9762x052,Harmonshire,4.99,2024-02-08 15:12:52,2024-12-26 15:12:52
812,Anthony Love,victoriacameron@example.com,918.559.7827x300,West Brianfurt,4.54,2025-02-20 20:32:35,2026-08-06 20:32:35
813,Shawna Perkins,clarkthomas@example.com,926-313-9066,Port Heather,3.8,2025-04-16 00:37:34,2025-10-01 00:37:34
814,Elizabeth Joyce,taylorjordan@example.net,+1-957-575-9749x96742,Brianstad,4.78,2024-08-22 16:37:17,2025-12-27 16:37:17
815,Cassandra Gomez,isabel89@example.net,+1-322-646-4205x9409,Mistyborough,3.76,2025-03-25 01:12:04,2026-07-23 01:12:04
816,Susan Ayala,keithmccarthy@example.com,001-219-366-5792x855,East Ryan,5.0,2023-10-14 22:21:30,2024-10-05 22:21:30
817,George Snow,heatherharrington@example.org,4918435157,Ritaton,4.5,2024-08-06 00:35:47,2024-11-10 00:35:47
818,Robert Wagner,cynthia35@example.net,7849510032,Vanessachester,4.32,2024-01-16 08:04:41,2024-12-08 08:04:41
819,Stephanie Harris,sheppardmatthew@example.net,+1-591-582-1715,Andrewborough,4.84,2024-08-18 01:19:00,2025-02-25 01:19:00
820,Kimberly Maldonado,timothy26@example.org,(694)377-1036x332,Jonesbury,4.57,2025-09-22 16:59:56,2026-04-18 16:59:56
821,Kristi Smith,lauren74@example.org,+1-618-561-7666x8631,Maryhaven,4.69,2024-09-04 00:22:42,2026-03-08 00:22:42
822,Claudia Mckinney,smithmaureen@example.net,+1-494-204-4434,Christinaside,3.84,2025-03-10 03:44:27,2025-10-31 03:44:27
823,Mario Chang,jason54@example.com,4614701204,Lake Devinland,4.69,2026-02-08 15:20:37,2026-11-07 15:20:37
824,Joshua Little,ortizjavier@example.net,934-643-1125x1685,Port Reginaview,4.69,2024-10-12 23:02:27,2024-12-07 23:02:27
825,Lindsey Shepherd,obryant@example.com,001-491-640-5001,Anthonyton,4.04,2025-01-14 10:06:12,2026-02-25 10:06:12
826,Yolanda Mckenzie,parrishkerry@example.org,+1-328-502-2653x9282,New Kevinburgh,4.2,2026-02-05 23:06:01,2027-09-22 23:06:01
827,Stephanie Young,amcgrath@example.net,222-435-0573,North Rubenfort,3.69,2024-01-03 19:10:05,2024-04-30 19:10:05
828,Tara Long,lawsondavid@example.com,001-608-479-1857x356,Michaelfort,3.6,2024-09-27 20:45:48,2025-12-08 20:45:48
829,Charlene Collins,linda92@example.net,001-269-836-1548x4714,West Spencer,5.0,2024-08-11 12:55:30,2026-01-13 12:55:30
830,Andrea Ewing MD,williamsjulian@example.org,+1-266-653-6658,Fergusonville,4.29,2024-05-22 23:36:36,2025-08-14 23:36:36
831,Andrea Butler,ralph48@example.com,+1-235-306-5708,East Jeanetteton,4.74,2024-10-05 21:11:08,2025-01-18 21:11:08
832,Mark Gomez,samantha04@example.com,(323)537-8406,New Robert,3.69,2024-01-15 14:36:53,2025-01-03 14:36:53
833,Kimberly Cruz,ufischer@example.net,(477)980-1199x60125,North Darryl,4.46,2026-07-12 03:32:14,2027-11-14 03:32:14
834,Jacob Shaw,cameronsean@example.com,6124019463,Adamsfurt,4.2,2025-03-22 09:28:43,2026-10-02 09:28:43
835,Ronnie Wang,paulburton@example.net,8774487389,Danielstad,4.02,2024-11-18 16:14:34,2026-07-05 16:14:34
836,Cory King,ariasmadison@example.com,311.491.8804x047,Parkshaven,4.46,2026-01-22 13:31:16,2026-08-26 13:31:16
837,Melanie Frank,qpotter@example.net,550.951.7368x879,Flowersburgh,4.65,2024-06-07 18:40:56,2024-11-16 18:40:56
838,Angela Kelley,yadams@example.com,729.732.4144x3762,North Kimberly,4.15,2026-06-06 03:34:32,2026-08-31 03:34:32
839,Rebecca Franklin,xgreen@example.net,313-805-2940,Lake Courtney,4.75,2024-06-11 10:38:06,2025-12-23 10:38:06
840,Ruth Perry,qbennett@example.net,575.896.7475x806,Charlesborough,3.73,2023-12-27 19:59:45,2024-07-12 19:59:45
841,John Powell,barbara95@example.org,+1-752-765-7521x6040,West Adrianton,3.74,2026-01-16 21:25:58,2026-10-03 21:25:58
842,Jesse Escobar,ramirezkathryn@example.com,366.275.8918x334,Stephaniechester,4.02,2025-06-26 22:05:49,2027-01-08 22:05:49
843,Kevin Hale,xcrawford@example.net,001-904-354-5238x2802,South Heather,4.84,2025-07-19 08:49:36,2025-11-06 08:49:36
844,Jacqueline Hernandez,rboyd@example.com,+1-667-549-0287x4004,Castroview,3.88,2026-04-11 01:49:40,2027-11-26 01:49:40
845,Andrea Hoffman,jessica41@example.org,3229593855,Allenton,3.91,2023-12-07 15:47:34,2024-11-11 15:47:34
846,Christy Andrade,paulelizabeth@example.com,8422276785,South Shawn,4.42,2024-12-12 23:38:29,2025-04-16 23:38:29
847,Debbie Kerr,asims@example.org,(911)649-7266x0338,Hammondstad,4.25,2026-04-27 00:00:19,2026-11-15 00:00:19
848,Gary English,nicholas15@example.net,661.530.1902,New Josephmouth,4.39,2025-10-14 15:30:24,2026-04-19 15:30:24
849,Dominique Wilson,markbishop@example.org,610-678-3205,New Reneeburgh,3.76,2025-08-07 23:45:32,2026-08-17 23:45:32
850,Jesse Riley,omoon@example.com,6964742298,Michellechester,4.76,2025-06-04 23:20:11,2025-08-15 23:20:11
851,Larry Turner,pfranco@example.org,280.481.5641x1032,West Robert,4.74,2023-09-15 11:37:34,2023-11-13 11:37:34
852,Andrea Parker,darrenrodriguez@example.org,(866)838-3037x252,Josephside,3.62,2023-10-06 15:11:57,2024-08-02 15:11:57
853,Jillian Kirk,ygriffin@example.com,001-729-819-1376,North Kimberlymouth,4.48,2024-01-05 12:13:47,2025-04-05 12:13:47
854,Norma Morrison,nancysmith@example.com,001-436-472-6450,Michaeltown,4.43,2024-04-21 18:05:34,2024-06-21 18:05:34
855,Margaret Hammond,donnayoung@example.org,001-489-620-8385x5009,Port Johnburgh,4.25,2024-11-21 23:42:05,2026-07-02 23:42:05
856,Joseph Gilbert,mreyes@example.com,5755945676,South Kaitlinton,3.93,2026-07-14 14:56:47,2027-06-18 14:56:47
857,Troy Thomas,stevenedwards@example.net,772-906-9847x096,Michaelshire,4.22,2026-05-27 00:48:46,2027-08-15 00:48:46
858,Joel Ortiz,dmiller@example.org,001-425-476-7466x7873,Lewisborough,3.95,2026-06-21 23:28:49,2026-10-03 23:28:49
859,Jaclyn Young,ralph26@example.org,244-912-9997x528,East Kimberly,4.53,2024-03-09 03:05:02,2024-09-16 03:05:02
860,Katherine Hernandez,coxbrad@example.com,001-604-490-8440x568,Clinefurt,4.16,2024-03-14 11:13:04,2025-08-21 11:13:04
861,Megan Smith,lisa77@example.com,400-982-3598x663,Timothybury,4.2,2025-08-27 02:41:08,2026-09-09 02:41:08
862,Dr. Brittany Valentine,tcruz@example.net,905-212-0998x488,East Michele,4.41,2025-02-03 14:08:23,2026-01-19 14:08:23
863,Teresa Collins,carlosestes@example.com,(281)742-8376,Watsonfurt,4.79,2023-09-29 18:06:31,2024-09-19 18:06:31
864,Matthew Johnson,ccook@example.net,001-752-265-6235x66864,New Tina,4.6,2024-08-18 10:48:22,2025-09-05 10:48:22
865,Daniel Ruiz,jacksonjennifer@example.com,601-301-8128,Lake Megantown,4.96,2026-01-09 13:16:46,2026-06-21 13:16:46
866,Megan Mcbride,candace50@example.org,8918399216,West Brianbury,4.64,2026-01-30 07:04:58,2027-08-10 07:04:58
867,Lindsay Rogers,wangamy@example.org,941.437.4992,New Bianca,4.34,2024-07-06 19:36:46,2025-06-27 19:36:46
868,Michael Jones,veronicaarnold@example.com,331-674-3526x09071,New Andrewmouth,3.86,2026-04-08 22:43:22,2026-09-10 22:43:22
869,Mark Chaney,clarkgregory@example.net,(362)823-6163x9361,Manuelborough,3.9,2025-09-16 08:26:04,2026-06-26 08:26:04
870,Ruth Barrett,jennifercurry@example.net,001-862-406-7966x69368,East Timothy,3.71,2025-03-28 09:41:38,2025-06-17 09:41:38
871,Hannah Griffin,ksmith@example.com,(773)840-6403,Lake Karenfort,3.94,2025-10-23 15:41:28,2026-12-20 15:41:28
872,Michael Owens,garciabethany@example.net,797.580.3409,South Robertberg,4.8,2023-08-30 16:23:02,2024-11-30 16:23:02
873,Brandon Booth,scalhoun@example.org,462-513-5572x5295,Cookland,3.87,2023-08-29 22:27:35,2024-03-09 22:27:35
874,Travis Peterson,mckenzieadrian@example.org,790-735-4167x6776,Port Kelly,4.72,2023-09-01 12:23:49,2024-08-16 12:23:49
875,Sara Hernandez,johnsonmatthew@example.net,(747)366-6509,Jameschester,3.78,2023-12-20 22:12:50,2024-06-30 22:12:50
876,Brandy Nelson,randalljones@example.net,7297470840,East David,4.25,2026-06-02 18:08:05,2027-12-11 18:08:05
877,Molly Garcia MD,fyoung@example.org,365.403.0746,Lake Susanville,4.2,2026-06-25 17:48:28,2027-06-05 17:48:28
878,Christopher Owens,jasminhunt@example.com,843.630.7351x2032,West Erika,4.25,2024-08-17 05:44:42,2024-12-17 05:44:42
879,Joe Lyons,melissavelez@example.org,001-750-397-2439x0970,Elizabethfort,4.92,2025-06-23 06:05:58,2026-12-22 06:05:58
880,Suzanne Chavez,calebjohnson@example.net,001-259-953-0861,Bernardhaven,4.19,2026-03-12 10:11:16,2026-12-13 10:11:16
881,Joseph Allen,middletoncarly@example.net,8172631896,Cheryltown,3.82,2023-10-02 00:58:16,2024-10-27 00:58:16
882,Sarah Griffin,shannonrichard@example.net,6193432230,Port Kathryn,3.57,2023-10-28 22:47:24,2024-09-10 22:47:24
883,Tracey Jackson,christina81@example.org,+1-941-588-3263x84786,West Alejandraville,4.24,2026-06-26 06:38:32,2027-11-19 06:38:32
884,Riley Lee,joannalambert@example.com,560.491.8551,New Chadberg,3.93,2024-05-12 02:24:38,2024-06-19 02:24:38
885,Katherine Smith,grantcampbell@example.net,8333690073,Paulaburgh,4.77,2023-08-31 13:32:30,2024-12-14 13:32:30
886,Lindsey Hernandez,mathewclay@example.net,+1-690-474-7062x884,Alvaradostad,3.7,2026-03-20 18:22:21,2027-01-14 18:22:21
887,Miss Bethany Brown PhD,teresafisher@example.net,930.634.2570x456,New Kaylaville,4.59,2023-07-30 23:35:52,2024-10-14 23:35:52
888,William Green,kellyjessica@example.net,001-548-259-0299x71033,Bradleymouth,4.05,2026-04-16 09:02:30,2027-06-30 09:02:30
889,David Cain,kellyian@example.org,231.908.0250x241,New Kevinstad,3.58,2025-10-05 04:19:54,2026-05-22 04:19:54
890,Molly Mejia,darleneashley@example.org,+1-717-427-2550x71733,South Michaelside,4.04,2024-01-08 18:23:03,2024-11-28 18:23:03
891,James Garcia,davidfarley@example.net,001-422-931-2586x9666,North Catherineport,3.61,2025-12-04 18:10:25,2027-06-03 18:10:25
892,Katrina Haas,iray@example.com,8088806242,Wilsonmouth,4.18,2025-02-03 04:23:31,2026-09-19 04:23:31
893,Philip Henderson,watsonmichael@example.net,(846)575-5876x833,Lake Joanna,3.92,2024-10-28 04:29:54,2025-03-28 04:29:54
894,Heather Ryan,larsonmichelle@example.com,502.622.1992x569,Edwinberg,3.69,2024-10-02 06:47:45,2025-02-08 06:47:45
895,Brandon Bailey,carterdiane@example.org,(823)545-9598,Larsenmouth,4.09,2024-12-30 02:10:24,2026-01-11 02:10:24
896,Michele Baker,elizabeth42@example.com,405-521-6195,North Lucas,4.34,2024-03-14 07:27:11,2025-04-22 07:27:11
897,Kelly Church,morriserin@example.net,743-366-0684x84446,Ritatown,4.63,2026-01-14 02:18:43,2026-09-04 02:18:43
898,Nicole Miller,nancysimmons@example.com,+1-608-324-7190x8803,Victoriahaven,4.4,2024-11-29 17:31:16,2026-02-13 17:31:16
899,Philip Valdez,william45@example.org,+1-493-806-3608,Lake Heatherfurt,4.25,2024-01-13 11:55:14,2024-03-29 11:55:14
900,Sarah Weber,mcdanieljeffrey@example.com,001-613-705-5042x086,West Christopher,3.56,2023-08-30 23:40:23,2024-09-04 23:40:23
901,Dennis Benson,uberry@example.org,277-857-7007x60719,South Krystal,4.71,2024-04-29 06:22:22,2025-11-11 06:22:22
902,Justin Cordova DDS,markmitchell@example.net,681-635-1117,Anneton,4.19,2024-05-19 17:07:21,2025-11-27 17:07:21
903,Margaret Clark,katherinelopez@example.com,543.473.5829x98160,New Sherryshire,3.71,2023-11-25 12:44:13,2024-11-15 12:44:13
904,Jesus Perez,brandon49@example.com,(419)337-9472,Davismouth,3.74,2023-11-22 21:33:49,2024-10-23 21:33:49
905,Timothy Garrison,parsonsandrew@example.net,861.203.7557,Turnerland,4.39,2025-12-29 20:36:30,2027-07-01 20:36:30
906,Jonathan Morgan,iharding@example.net,989.816.3934x5341,Tanyafurt,4.74,2026-05-16 02:35:05,2027-12-12 02:35:05
907,Kelly Howell,lcampbell@example.com,(247)423-9647x34414,South Ernest,4.23,2025-05-07 18:48:01,2026-04-08 18:48:01
908,Michael Chase,owhite@example.net,948-756-0284x98871,Melissaland,4.21,2025-05-27 10:32:42,2025-07-13 10:32:42
909,Jonathan Cole,courtneyross@example.com,(465)386-5522x64775,Jonesview,4.05,2025-08-24 14:04:10,2026-01-13 14:04:10
910,James Fox,abigailgonzalez@example.com,(699)551-5355x15840,Lake Brendanborough,4.97,2023-09-08 06:56:31,2024-08-18 06:56:31
911,Jill Morales,mcdonaldrhonda@example.net,926.917.0030x712,Smithberg,4.7,2025-10-16 15:45:09,2025-12-12 15:45:09
912,Richard Carroll,dpeterson@example.org,+1-496-602-5918,Ericburgh,4.4,2026-03-17 11:55:53,2027-01-12 11:55:53
913,Mary Yates,shelleystewart@example.com,+1-334-436-1316x4395,Lake David,4.95,2025-04-22 16:47:08,2026-01-10 16:47:08
914,Marvin Blackburn,uharrington@example.com,+1-829-588-0997,Jacquelinemouth,4.58,2024-04-11 01:32:49,2025-09-14 01:32:49
915,Donald Preston,uzavala@example.net,852.559.1338,Floresberg,3.76,2025-02-21 14:27:52,2026-04-16 14:27:52
916,Alicia Gonzalez,staceyhudson@example.net,001-896-707-1244x9532,Websterview,3.72,2026-06-20 22:47:22,2027-03-25 22:47:22
917,Timothy Nielsen,butlerchris@example.net,617-462-1636,North Matthew,3.55,2025-02-12 07:53:12,2025-07-04 07:53:12
918,Brandon Caldwell,bautistasonya@example.net,708-437-8209,Blackburnville,3.79,2025-10-08 03:26:54,2027-02-01 03:26:54
919,Diane Cooper,lisa02@example.com,918.748.3599,East Kellyshire,3.97,2025-09-10 01:49:38,2026-03-14 01:49:38
920,Spencer Waller,wendybarnes@example.org,633.502.5278,New Jennaborough,4.12,2025-03-30 23:42:59,2025-11-23 23:42:59
921,Stephen Castro,maurice66@example.org,958-977-3920,Richardsonfurt,4.12,2024-11-11 21:27:00,2026-04-07 21:27:00
922,Michael Davis,matthew88@example.com,621.603.7621,Averychester,4.81,2025-01-16 22:56:17,2025-04-19 22:56:17
923,Kristin Jones,heatherwong@example.org,(917)708-1516,Batesburgh,4.56,2025-06-27 15:10:33,2027-01-09 15:10:33
924,Thomas Williams,joshua13@example.net,6952376710,West Masonstad,3.81,2023-11-19 05:07:42,2024-11-15 05:07:42
925,Dana Gonzales,zjohnson@example.org,(402)815-5542x0927,Peggychester,5.0,2025-04-06 05:41:55,2026-09-07 05:41:55
926,Victoria Brewer,andrea41@example.com,579.843.6483,East Juan,4.29,2026-06-18 06:53:30,2027-06-04 06:53:30
927,Jennifer Nielsen,traci95@example.org,+1-723-508-9436x0788,North Dustinville,4.94,2025-08-03 17:50:22,2026-12-16 17:50:22
928,David Johns,bryanking@example.net,001-534-286-3808x413,Herreraview,4.87,2024-07-29 21:28:51,2025-08-13 21:28:51
929,Julia Walker,thomas16@example.org,776-985-4573x672,Smithfort,4.32,2025-08-25 12:40:20,2026-06-21 12:40:20
930,Rachel Parker,cfarmer@example.org,961.544.9146x5644,West Earl,4.42,2024-08-23 01:36:25,2025-04-06 01:36:25
931,Martha Clark,barbara85@example.net,618-695-8431x25190,New Desireestad,4.94,2025-07-06 17:44:16,2026-05-17 17:44:16
932,Gina Owen,sean76@example.org,001-238-426-7788x506,East Kenneth,4.34,2024-08-28 15:11:47,2025-05-15 15:11:47
933,John Alvarez,peter16@example.com,554.751.3632,Mccarthybury,4.91,2024-04-16 22:56:08,2025-03-16 22:56:08
934,Megan Cortez,luis73@example.net,916-210-9410,Danieltown,4.66,2024-03-01 03:55:50,2024-10-29 03:55:50
935,Terri Johnson,james19@example.com,684.785.3762x361,South Denise,4.54,2023-10-24 22:00:55,2025-04-06 22:00:55
936,Lauren Rangel,cjackson@example.com,001-879-752-5025x9271,South Devin,3.98,2025-12-16 04:15:29,2027-01-07 04:15:29
937,Matthew Robinson,krista04@example.com,449.983.4323x414,Ellisstad,4.34,2025-12-15 13:50:22,2026-10-21 13:50:22
938,Austin Adams,ramosjacob@example.com,(741)495-5992x29241,Kylestad,3.93,2024-02-24 07:52:41,2025-10-02 07:52:41
939,Elizabeth Conner,amanda74@example.net,6513191887,East Robert,4.07,2026-02-06 02:36:03,2027-04-16 02:36:03
940,Penny Yates,butlerjacqueline@example.net,2194757864,North Briannaport,4.73,2023-08-30 21:08:51,2024-02-25 21:08:51
941,Stephanie Wallace,eyork@example.org,638-558-0966x866,Daychester,3.94,2024-10-24 04:34:17,2025-09-13 04:34:17
942,William Herman,lindawilliams@example.net,904-696-1027x263,Fosterville,4.93,2024-04-24 21:59:19,2024-08-12 21:59:19
943,Jack Dennis,kimberly17@example.org,264-651-9766x6644,Lake Denisestad,4.02,2023-08-19 19:30:35,2024-12-13 19:30:35
944,Joseph Ruiz,michael41@example.com,(771)501-3769x60039,Justinview,4.48,2024-11-27 00:40:46,2026-05-01 00:40:46
945,Shelly Torres,thomas94@example.com,001-454-444-2746,Andersonmouth,3.82,2025-10-09 05:46:54,2027-05-13 05:46:54
946,Jenna Mora,websterkara@example.org,399.328.2564x0263,Garymouth,3.91,2024-05-05 08:33:43,2025-03-09 08:33:43
947,Jeffrey Myers,hunterlinda@example.net,606-304-2759x143,East Jacquelinebury,3.71,2026-07-14 15:03:46,2027-04-15 15:03:46
948,Dawn Davis,adamsjames@example.com,+1-882-294-4622x128,South Jonathanhaven,3.86,2024-08-17 12:36:52,2026-03-13 12:36:52
949,Kristen Brady MD,robertsonwilliam@example.org,(727)975-5840,East Breannaborough,3.84,2026-07-12 13:44:07,2027-04-06 13:44:07
950,Rodney Waters,vickie96@example.org,(385)280-3974x18658,East William,3.58,2024-07-01 07:41:50,2025-09-27 07:41:50
951,John Elliott,lgoodman@example.org,2308665228,South Jaredview,4.0,2025-06-17 00:16:21,2026-11-12 00:16:21
952,Joseph Hughes,xsaunders@example.com,327-712-1204x843,Lake Angelica,3.65,2025-02-10 06:14:14,2025-07-30 06:14:14
953,William Hansen,mcgeejohn@example.org,624-417-1354x516,Brooksfurt,3.51,2024-06-21 23:29:08,2026-02-04 23:29:08
954,Michael Johnson,comptonmargaret@example.com,736.921.6844,West Collin,4.97,2026-02-03 17:16:19,2026-08-13 17:16:19
955,Patrick Alvarez,angelamiles@example.com,720.433.1941x411,South Krystalbury,4.11,2023-08-14 22:27:00,2025-01-12 22:27:00
956,Jacob Taylor,iward@example.com,863-474-9626x313,New Justin,4.22,2023-12-09 03:09:13,2024-07-30 03:09:13
957,Jacob Gonzalez,wellssonya@example.org,+1-507-418-9675x8749,Angelaborough,4.63,2025-11-15 06:56:22,2026-10-05 06:56:22
958,Thomas Martinez,nicholas29@example.org,2983126486,Port Ryanberg,3.98,2024-05-08 08:49:27,2024-08-06 08:49:27
959,Kathleen Rice,allenterri@example.org,(958)461-7211x18445,Martinberg,4.86,2023-11-21 09:16:04,2024-03-21 09:16:04
960,Mary Reynolds,zalvarez@example.com,9424234489,Harrisfurt,4.48,2024-10-30 15:56:47,2025-07-24 15:56:47
961,Scott Morgan,piercetrevor@example.net,+1-689-644-2917x036,Adamsfurt,4.3,2026-04-05 06:02:42,2026-06-12 06:02:42
962,Amanda Berg,wolfkatherine@example.net,+1-884-547-8055x6197,Lihaven,4.87,2024-03-12 23:23:47,2024-10-07 23:23:47
963,Brian Wolfe,brownross@example.org,001-693-847-6506,South Kelseyside,4.13,2023-12-22 11:20:51,2024-07-19 11:20:51
964,Tonya Mcdowell,bradleysmith@example.org,557.826.9388,Gonzaleshaven,4.9,2024-01-08 15:06:33,2024-03-15 15:06:33
965,Stephen Kim,olsonamanda@example.com,+1-400-901-8024x294,Carrburgh,5.0,2026-03-04 14:15:39,2027-05-14 14:15:39
966,Christopher Clark,jessemarshall@example.com,513-504-4003x538,Malikbury,4.68,2024-09-24 18:28:29,2025-05-02 18:28:29
967,Samantha Joseph,austin37@example.net,001-203-208-3297x4995,West Christine,4.9,2025-01-06 20:11:37,2025-11-28 20:11:37
968,Andrew Smith,jrodriguez@example.com,(430)523-1621,Davisside,4.82,2024-05-16 21:54:55,2024-06-24 21:54:55
969,Christine Perkins,jamesperry@example.com,001-541-832-0920x18251,North Monica,3.95,2025-04-27 00:20:46,2025-09-13 00:20:46
970,Elizabeth Boyd,westbenjamin@example.org,(818)834-0811,Jaimeshire,4.89,2026-06-20 03:04:03,2027-06-28 03:04:03
971,Angela Ford,kim81@example.com,928-708-0257x95609,Russellland,3.93,2025-06-15 09:09:02,2027-01-22 09:09:02
972,Alexander Barber,lopezmark@example.net,(718)299-7322,Flowersport,4.29,2024-01-02 00:17:27,2024-06-17 00:17:27
973,Amanda Moore,smithjustin@example.org,230-202-4067x957,Lake Donaldport,4.78,2023-09-03 09:25:12,2025-01-24 09:25:12
974,Sandra Porter,johnarmstrong@example.com,001-576-852-8582x259,Port Michael,3.91,2026-01-11 23:53:17,2026-06-05 23:53:17
975,Sarah Compton,cisnerosmelanie@example.org,472-584-6608,Oconnellberg,4.0,2026-04-06 08:09:09,2027-08-18 08:09:09
976,Douglas Murphy,fcabrera@example.net,332.547.8674,East Brian,4.47,2024-01-24 00:54:24,2024-08-31 00:54:24
977,Gerald Scott,stoutkimberly@example.com,001-549-921-0021x55417,East Kristinaport,3.52,2023-08-04 16:08:25,2024-08-13 16:08:25
978,Amanda Sexton,alyssacooper@example.com,(858)938-3160,New Jonathan,4.69,2025-07-25 04:48:48,2026-03-09 04:48:48
979,Paul Rivera,grayian@example.com,001-253-284-9832x3320,Hollandbury,3.76,2023-10-11 16:20:00,2024-12-29 16:20:00
980,Joshua Reid,gnguyen@example.net,001-500-486-7605,Shepardport,4.74,2024-03-10 06:35:33,2025-09-18 06:35:33
981,Madison Lopez,sarahstanley@example.org,(516)770-3147,Mayberg,3.99,2026-02-16 08:16:46,2027-05-02 08:16:46
982,Evelyn Cohen,joelopez@example.org,+1-313-982-3538x19974,Villarrealbury,4.5,2025-07-23 07:18:03,2026-02-27 07:18:03
983,Jennifer Thomas,ricecharles@example.com,908.375.2041,Murphyville,4.97,2024-03-23 08:13:51,2025-08-23 08:13:51
984,Beverly Smith,jonespaul@example.net,895-852-2873x962,South Marie,3.99,2025-11-09 08:45:30,2026-08-20 08:45:30
985,Grant Thomas,ijackson@example.com,316-462-3535x337,West Traceychester,3.51,2024-01-13 03:09:31,2025-03-10 03:09:31
986,Ricardo Buchanan,jeffrey16@example.org,770-772-5543x8755,Port Charles,3.85,2023-08-23 20:21:58,2024-06-21 20:21:58
987,Brandon Gonzales,jessetaylor@example.org,883-359-6820x90278,East Jimmyside,4.93,2024-12-02 07:05:32,2025-11-06 07:05:32
988,Erik Hernandez,freemanalexander@example.org,742-626-4741x43614,East Sharonmouth,4.37,2026-05-22 21:56:27,2026-07-02 21:56:27
989,Tony Miller,jonathan64@example.com,(234)271-5209,Lake Sarahborough,3.89,2025-06-24 08:05:51,2026-07-27 08:05:51
990,Joseph Joyce,williamhernandez@example.com,395-270-5675,Youngburgh,4.54,2024-12-17 18:54:20,2025-03-20 18:54:20
991,Christian Calhoun,garciabrian@example.com,(637)684-1083x942,Bradleyview,4.5,2025-05-30 23:49:59,2026-10-18 23:49:59
992,Matthew Whitaker,fisherbrian@example.net,312-250-0737,Walkertown,3.96,2023-09-13 18:15:41,2024-12-01 18:15:41
993,Peggy Estrada,amorgan@example.com,804.467.5748,North Cheryl,4.53,2025-11-24 13:42:00,2026-11-07 13:42:00
994,Todd Wright,eroberts@example.org,780-829-2590,New Glenn,4.54,2025-02-06 13:56:28,2026-01-04 13:56:28
995,Joshua Johnson,tschneider@example.org,721-610-4726,Phillipston,4.05,2025-01-17 06:46:41,2025-09-30 06:46:41
996,Mark Gibson,joshua04@example.org,823-702-4467x90537,Toddtown,3.83,2026-02-22 05:55:30,2026-08-07 05:55:30
997,Michael Garcia,duncanmelissa@example.net,(857)271-4386,Jamesside,4.22,2023-09-17 22:04:48,2025-01-24 22:04:48
998,Sandra Goodman,zcox@example.org,001-469-605-9806x921,Hamptonton,4.62,2024-07-15 06:16:42,2025-08-31 06:16:42
999,Elizabeth Wilson,ugriffin@example.net,(646)210-7612x838,Tracybury,4.12,2024-09-05 06:03:29,2026-04-20 06:03:29
1000,Jermaine Monroe,zlambert@example.com,290.265.5791x975,South Adamshire,4.87,2026-06-09 12:55:18,2028-01-10 12:55:18
