payment_id,trip_id,payment_method,payment_amount,payment_status,created_datetime,updated_datetime
1,1,Apple Pay,46.87,Success,2025-12-24 12:15:15,2025-12-26 12:15:15
2,2,Apple Pay,48.65,Success,2025-08-24 06:24:08,2025-08-28 06:24:08
3,3,Debit Card,61.68,Success,2026-05-01 04:01:34,2026-05-28 04:01:34
4,4,Google Pay,48.87,Success,2026-01-10 00:13:06,2026-01-19 00:13:06
5,5,Cash,103.96,Success,2026-04-20 09:38:42,2026-05-20 09:38:42
6,6,Google Pay,75.21,Success,2026-06-01 11:21:08,2026-06-17 11:21:08
7,7,Credit Card,59.42,Success,2026-06-09 16:52:11,2026-06-28 16:52:11
8,8,Cash,79.6,Success,2026-05-21 16:25:08,2026-06-04 16:25:08
9,9,Cash,17.55,Success,2026-02-06 07:00:42,2026-02-19 07:00:42
10,10,Google Pay,47.59,Success,2025-09-08 10:00:10,2025-09-17 10:00:10
11,11,Debit Card,33.09,Success,2025-12-08 18:31:33,2026-01-03 18:31:33
12,12,Cash,59.65,Success,2025-10-14 11:35:06,2025-10-27 11:35:06
13,13,Credit Card,3.6,Success,2025-12-20 16:39:58,2026-01-03 16:39:58
14,14,Google Pay,12.01,Success,2026-01-19 07:26:21,2026-01-30 07:26:21
15,15,Apple Pay,129.58,Success,2026-07-11 15:57:43,2026-07-26 15:57:43
16,16,Google Pay,58.48,Success,2026-04-22 10:03:42,2026-05-12 10:03:42
17,17,Debit Card,82.99,Success,2025-11-23 02:41:36,2025-12-17 02:41:36
18,18,Cash,16.41,Success,2025-09-18 03:00:11,2025-10-08 03:00:11
19,19,Cash,35.49,Success,2025-09-01 20:09:42,2025-09-27 20:09:42
20,20,Google Pay,13.64,Success,2026-02-04 20:38:31,2026-02-11 20:38:31
21,21,Debit Card,71.78,Success,2026-04-18 12:29:06,2026-05-09 12:29:06
22,22,Credit Card,11.78,Success,2025-11-17 22:15:17,2025-12-15 22:15:17
23,23,Google Pay,37.27,Success,2026-01-24 20:42:37,2026-02-12 20:42:37
24,24,Debit Card,10.22,Success,2026-04-02 05:00:12,2026-04-15 05:00:12
25,25,Debit Card,76.12,Success,2025-08-17 03:01:34,2025-09-12 03:01:34
26,26,Apple Pay,76.94,Success,2026-01-02 21:47:29,2026-01-06 21:47:29
27,27,Apple Pay,86.77,Success,2025-09-17 16:27:47,2025-10-16 16:27:47
28,28,Debit Card,67.93,Success,2025-09-29 23:11:36,2025-10-27 23:11:36
29,29,Apple Pay,17.15,Success,2026-01-30 13:46:47,2026-02-17 13:46:47
30,30,Apple Pay,13.51,Success,2025-11-08 15:24:17,2025-12-02 15:24:17
31,31,Credit Card,18.21,Success,2026-01-05 21:50:38,2026-01-27 21:50:38
32,32,Apple Pay,11.47,Success,2025-11-05 07:23:25,2025-11-08 07:23:25
33,33,Credit Card,56.06,Success,2026-03-15 18:21:25,2026-04-02 18:21:25
34,34,Cash,9.7,Success,2026-03-16 22:02:19,2026-04-03 22:02:19
35,35,Credit Card,39.04,Success,2026-02-11 20:29:35,2026-02-26 20:29:35
36,36,Apple Pay,31.75,Success,2025-09-17 13:14:53,2025-10-13 13:14:53
37,37,Debit Card,45.75,Success,2026-07-02 12:16:10,2026-07-04 12:16:10
38,38,Apple Pay,44.65,Success,2026-07-07 12:15:29,2026-07-18 12:15:29
39,39,Cash,43.78,Success,2025-08-21 01:08:21,2025-09-03 01:08:21
40,40,Apple Pay,95.46,Success,2026-03-04 10:15:49,2026-03-17 10:15:49
41,41,Apple Pay,66.8,Success,2026-07-15 19:10:15,2026-08-08 19:10:15
42,42,Apple Pay,60.65,Success,2026-04-03 23:14:45,2026-04-10 23:14:45
43,43,Credit Card,25.12,Success,2026-06-07 13:34:04,2026-06-14 13:34:04
44,44,Debit Card,51.21,Success,2025-10-16 18:53:26,2025-11-11 18:53:26
45,45,Debit Card,66.8,Success,2026-06-20 01:38:15,2026-06-27 01:38:15
46,46,Cash,58.33,Success,2026-03-13 10:41:48,2026-04-07 10:41:48
47,47,Credit Card,54.7,Success,2026-07-05 03:14:44,2026-07-07 03:14:44
48,48,Apple Pay,52.55,Success,2025-08-28 13:36:25,2025-09-17 13:36:25
49,49,Google Pay,57.69,Success,2025-11-16 09:16:49,2025-12-13 09:16:49
50,50,Credit Card,124.17,Success,2026-06-28 03:58:51,2026-07-08 03:58:51
51,51,Apple Pay,26.14,Success,2025-10-14 12:09:35,2025-11-02 12:09:35
52,52,Apple Pay,102.15,Success,2026-05-27 14:44:09,2026-06-20 14:44:09
53,53,Credit Card,68.39,Success,2025-11-22 21:13:49,2025-11-28 21:13:49
54,54,Debit Card,82.72,Success,2025-09-23 23:57:01,2025-10-04 23:57:01
55,55,Google Pay,67.58,Success,2026-06-20 06:10:29,2026-07-16 06:10:29
56,56,Apple Pay,43.57,Success,2025-10-18 16:30:18,2025-11-08 16:30:18
57,57,Cash,12.13,Success,2025-07-31 03:12:23,2025-08-20 03:12:23
58,58,Credit Card,94.37,Success,2026-06-16 13:38:56,2026-06-22 13:38:56
59,59,Debit Card,112.27,Success,2026-01-21 01:03:42,2026-02-09 01:03:42
60,60,Debit Card,81.07,Success,2026-07-04 05:32:01,2026-07-24 05:32:01
61,61,Credit Card,49.89,Success,2025-09-10 01:56:29,2025-09-13 01:56:29
62,62,Debit Card,42.09,Success,2025-09-05 04:16:27,2025-09-20 04:16:27
63,63,Cash,31.46,Success,2026-07-13 05:48:03,2026-07-24 05:48:03
64,64,Cash,30.42,Success,2026-03-13 10:20:59,2026-04-05 10:20:59
65,65,Google Pay,124.18,Success,2025-09-08 09:16:23,2025-10-07 09:16:23
66,66,Credit Card,31.49,Success,2025-11-05 12:55:40,2025-12-05 12:55:40
67,67,Cash,57.87,Success,2025-08-15 08:57:18,2025-09-04 08:57:18
68,68,Credit Card,64.78,Success,2026-05-10 17:55:36,2026-05-18 17:55:36
69,69,Debit Card,70.52,Success,2025-12-08 01:28:51,2025-12-26 01:28:51
70,70,Debit Card,86.76,Success,2025-09-22 12:03:01,2025-10-20 12:03:01
71,71,Google Pay,39.1,Success,2025-12-23 16:29:04,2026-01-06 16:29:04
72,72,Google Pay,21.36,Success,2025-10-15 00:06:43,2025-10-23 00:06:43
73,73,Debit Card,42.64,Success,2025-12-06 01:33:37,2025-12-31 01:33:37
74,74,Google Pay,42.25,Success,2026-01-29 21:27:48,2026-02-06 21:27:48
75,75,Debit Card,64.62,Success,2025-09-11 13:04:44,2025-09-29 13:04:44
76,76,Credit Card,33.34,Success,2026-01-12 19:13:44,2026-02-04 19:13:44
77,77,Debit Card,74.77,Success,2026-07-16 04:59:16,2026-08-03 04:59:16
78,78,Debit Card,5.65,Success,2025-07-25 05:18:15,2025-08-24 05:18:15
79,79,Apple Pay,50.76,Success,2026-07-13 11:19:17,2026-08-06 11:19:17
80,80,Apple Pay,28.17,Success,2026-02-06 02:09:41,2026-02-09 02:09:41
81,81,Credit Card,29.28,Success,2026-06-10 17:53:06,2026-06-20 17:53:06
82,82,Apple Pay,16.95,Success,2025-11-11 15:12:55,2025-11-14 15:12:55
83,83,Cash,28.21,Success,2026-04-09 01:55:56,2026-05-08 01:55:56
84,84,Apple Pay,40.78,Success,2026-01-15 06:18:27,2026-01-18 06:18:27
85,85,Google Pay,54.71,Success,2026-01-07 20:29:51,2026-01-11 20:29:51
86,86,Credit Card,35.97,Success,2025-08-26 04:38:06,2025-09-16 04:38:06
87,87,Credit Card,20.07,Success,2026-06-13 00:02:48,2026-06-26 00:02:48
88,88,Google Pay,9.33,Success,2026-04-08 15:18:10,2026-04-18 15:18:10
89,89,Google Pay,40.73,Success,2025-12-06 03:44:36,2025-12-12 03:44:36
90,90,Debit Card,39.0,Success,2026-01-17 16:10:46,2026-01-20 16:10:46
91,91,Apple Pay,90.1,Success,2025-12-24 13:06:45,2026-01-17 13:06:45
92,92,Google Pay,51.81,Success,2026-06-23 07:02:49,2026-07-16 07:02:49
93,93,Google Pay,64.98,Success,2026-02-19 16:55:37,2026-03-10 16:55:37
94,94,Debit Card,112.45,Success,2025-08-24 03:57:12,2025-08-26 03:57:12
95,95,Credit Card,17.68,Success,2025-09-03 20:29:45,2025-09-25 20:29:45
96,96,Google Pay,56.61,Success,2026-04-20 13:05:58,2026-05-16 13:05:58
97,97,Credit Card,14.49,Success,2026-05-22 06:28:51,2026-06-21 06:28:51
98,98,Apple Pay,96.73,Success,2025-09-06 10:49:10,2025-09-12 10:49:10
99,99,Debit Card,13.24,Success,2026-01-02 05:15:07,2026-01-26 05:15:07
100,100,Apple Pay,16.75,Success,2026-02-09 16:50:21,2026-02-19 16:50:21
101,101,Google Pay,75.97,Success,2026-07-08 03:54:03,2026-07-16 03:54:03
102,102,Credit Card,96.4,Success,2025-07-23 16:12:12,2025-08-12 16:12:12
103,103,Cash,29.59,Success,2026-03-24 22:22:42,2026-03-28 22:22:42
104,104,Google Pay,64.14,Success,2026-02-19 13:31:54,2026-03-09 13:31:54
105,105,Cash,36.13,Success,2025-08-21 15:11:42,2025-09-15 15:11:42
106,106,Cash,23.43,Success,2026-03-11 19:00:16,2026-03-16 19:00:16
107,107,Debit Card,79.17,Success,2026-03-01 09:53:19,2026-03-17 09:53:19
108,108,Debit Card,109.25,Success,2026-04-27 04:30:42,2026-05-06 04:30:42
109,109,Cash,35.74,Success,2025-10-25 20:39:44,2025-10-28 20:39:44
110,110,Google Pay,32.96,Success,2025-10-04 06:33:11,2025-10-15 06:33:11
111,111,Cash,82.38,Success,2026-05-04 08:52:02,2026-05-20 08:52:02
112,112,Credit Card,26.29,Success,2025-11-04 22:53:09,2025-11-09 22:53:09
113,113,Google Pay,107.01,Success,2026-02-05 20:22:58,2026-02-10 20:22:58
114,114,Debit Card,40.99,Success,2026-06-27 07:02:49,2026-06-30 07:02:49
115,115,Google Pay,42.34,Success,2026-03-13 21:43:12,2026-03-16 21:43:12
116,116,Apple Pay,31.61,Success,2026-06-08 15:27:37,2026-07-08 15:27:37
117,117,Google Pay,79.7,Success,2026-02-27 05:54:43,2026-03-27 05:54:43
118,118,Credit Card,89.4,Success,2026-05-18 18:24:47,2026-05-28 18:24:47
119,119,Google Pay,20.66,Success,2026-07-12 13:02:32,2026-07-27 13:02:32
120,120,Debit Card,62.38,Success,2025-12-27 07:02:31,2026-01-26 07:02:31
121,121,Cash,90.13,Success,2026-02-02 05:34:23,2026-03-03 05:34:23
122,122,Credit Card,67.75,Success,2025-08-29 23:49:49,2025-09-20 23:49:49
123,123,Cash,119.1,Success,2026-07-05 20:39:36,2026-07-10 20:39:36
124,124,Credit Card,51.69,Success,2025-11-11 16:16:19,2025-11-22 16:16:19
125,125,Apple Pay,52.82,Success,2026-06-26 02:45:03,2026-07-03 02:45:03
126,126,Credit Card,62.91,Success,2026-05-30 06:55:10,2026-06-29 06:55:10
127,127,Debit Card,14.42,Success,2026-04-18 00:04:33,2026-05-02 00:04:33
128,128,Cash,91.36,Success,2026-01-21 12:03:53,2026-01-31 12:03:53
129,129,Google Pay,24.27,Success,2026-03-13 18:15:04,2026-03-28 18:15:04
130,130,Apple Pay,109.96,Success,2025-10-27 15:30:06,2025-11-23 15:30:06
131,131,Google Pay,23.49,Success,2026-03-21 15:49:52,2026-04-04 15:49:52
132,132,Apple Pay,81.72,Success,2025-11-19 01:43:14,2025-12-19 01:43:14
133,133,Google Pay,26.65,Success,2026-02-27 11:24:12,2026-03-14 11:24:12
134,134,Google Pay,6.53,Success,2025-09-09 12:12:25,2025-09-23 12:12:25
135,135,Credit Card,10.9,Success,2026-01-23 22:51:30,2026-02-02 22:51:30
136,136,Google Pay,36.05,Success,2025-11-24 12:56:34,2025-12-10 12:56:34
137,137,Google Pay,27.24,Success,2025-12-02 01:24:49,2025-12-23 01:24:49
138,138,Credit Card,81.24,Success,2025-10-26 11:53:49,2025-10-29 11:53:49
139,139,Credit Card,83.01,Success,2026-03-25 14:35:24,2026-03-27 14:35:24
140,140,Google Pay,77.16,Success,2025-09-14 00:39:11,2025-10-08 00:39:11
141,141,Cash,79.61,Success,2026-03-11 07:32:24,2026-04-10 07:32:24
142,142,Debit Card,107.21,Success,2026-05-14 03:23:14,2026-05-21 03:23:14
143,143,Apple Pay,15.32,Success,2026-05-21 20:22:44,2026-06-02 20:22:44
144,144,Credit Card,39.97,Success,2026-06-08 13:35:25,2026-06-24 13:35:25
145,145,Google Pay,51.9,Success,2025-11-03 20:18:26,2025-11-09 20:18:26
146,146,Credit Card,102.04,Success,2026-03-05 02:37:56,2026-03-16 02:37:56
147,147,Google Pay,45.93,Success,2026-03-20 15:36:32,2026-04-06 15:36:32
148,148,Credit Card,9.19,Success,2026-01-02 00:00:10,2026-01-12 00:00:10
149,149,Apple Pay,18.55,Success,2025-08-10 20:43:16,2025-08-11 20:43:16
150,150,Cash,61.51,Success,2025-09-23 21:16:31,2025-10-07 21:16:31
151,151,Credit Card,11.99,Success,2025-11-01 01:10:56,2025-11-13 01:10:56
152,152,Google Pay,16.6,Success,2026-05-23 22:57:31,2026-06-02 22:57:31
153,153,Cash,41.42,Success,2025-10-03 20:12:46,2025-10-25 20:12:46
154,154,Apple Pay,48.51,Success,2026-07-13 00:26:08,2026-08-06 00:26:08
155,155,Cash,21.51,Success,2026-05-26 21:43:47,2026-05-31 21:43:47
156,156,Cash,60.03,Success,2026-04-19 15:08:09,2026-05-05 15:08:09
157,157,Credit Card,87.94,Success,2025-10-22 03:11:31,2025-11-20 03:11:31
158,158,Apple Pay,87.23,Success,2025-11-10 05:19:23,2025-11-28 05:19:23
159,159,Apple Pay,40.91,Success,2026-06-18 11:57:53,2026-06-29 11:57:53
160,160,Apple Pay,60.34,Success,2025-07-21 11:24:56,2025-07-29 11:24:56
161,161,Debit Card,60.52,Success,2025-11-18 22:36:45,2025-12-16 22:36:45
162,162,Cash,71.21,Success,2026-05-05 15:23:20,2026-05-15 15:23:20
163,163,Debit Card,12.85,Success,2025-12-26 05:42:44,2026-01-03 05:42:44
164,164,Cash,13.24,Success,2026-06-06 05:28:52,2026-06-24 05:28:52
165,165,Debit Card,50.03,Success,2026-04-28 04:01:41,2026-05-20 04:01:41
166,166,Credit Card,76.2,Success,2025-12-03 06:38:12,2025-12-10 06:38:12
167,167,Apple Pay,97.35,Success,2025-07-29 06:59:34,2025-07-30 06:59:34
168,168,Debit Card,10.31,Success,2025-12-31 10:40:43,2026-01-08 10:40:43
169,169,Cash,38.6,Success,2025-09-14 19:16:07,2025-10-02 19:16:07
170,170,Debit Card,61.06,Success,2025-10-22 03:45:48,2025-11-02 03:45:48
171,171,Apple Pay,15.55,Success,2026-04-23 01:26:14,2026-04-29 01:26:14
172,172,Cash,49.36,Success,2026-05-31 16:14:55,2026-06-22 16:14:55
173,173,Cash,72.5,Success,2026-06-28 15:12:57,2026-07-14 15:12:57
174,174,Google Pay,13.42,Success,2026-04-08 05:02:14,2026-05-06 05:02:14
175,175,Debit Card,52.87,Success,2026-03-31 16:14:47,2026-04-06 16:14:47
176,176,Apple Pay,31.44,Success,2026-02-05 15:41:34,2026-03-05 15:41:34
177,177,Cash,70.81,Success,2026-01-19 06:08:27,2026-01-23 06:08:27
178,178,Credit Card,85.48,Success,2026-02-20 16:25:11,2026-03-02 16:25:11
179,179,Cash,21.33,Success,2025-11-24 06:45:30,2025-12-21 06:45:30
180,180,Debit Card,25.69,Success,2026-07-07 02:35:08,2026-08-02 02:35:08
181,181,Google Pay,94.31,Success,2025-11-08 14:46:50,2025-12-08 14:46:50
182,182,Google Pay,14.63,Success,2026-06-07 23:59:38,2026-06-26 23:59:38
183,183,Cash,47.63,Success,2026-03-06 03:07:59,2026-04-02 03:07:59
184,184,Cash,60.86,Success,2026-07-16 12:18:24,2026-07-31 12:18:24
185,185,Apple Pay,2.79,Success,2025-08-01 00:07:09,2025-08-22 00:07:09
186,186,Debit Card,54.37,Success,2026-05-21 13:04:38,2026-05-28 13:04:38
187,187,Credit Card,62.77,Success,2025-07-25 10:31:16,2025-08-03 10:31:16
188,188,Debit Card,60.28,Success,2025-12-09 13:33:43,2026-01-07 13:33:43
189,189,Cash,65.36,Success,2026-02-14 07:52:36,2026-03-04 07:52:36
190,190,Google Pay,7.16,Success,2026-06-23 01:00:36,2026-06-27 01:00:36
191,191,Google Pay,34.82,Success,2026-06-17 21:43:13,2026-06-29 21:43:13
192,192,Cash,42.16,Success,2026-03-05 05:48:32,2026-03-06 05:48:32
193,193,Debit Card,75.75,Success,2025-08-07 12:11:35,2025-08-27 12:11:35
194,194,Cash,104.48,Success,2026-06-15 00:14:21,2026-07-12 00:14:21
195,195,Credit Card,25.21,Success,2025-12-19 03:42:21,2026-01-12 03:42:21
196,196,Google Pay,76.72,Success,2025-09-16 18:38:31,2025-09-25 18:38:31
197,197,Credit Card,15.45,Success,2025-10-29 01:09:52,2025-11-17 01:09:52
198,198,Debit Card,33.84,Success,2026-04-12 17:03:18,2026-04-27 17:03:18
199,199,Debit Card,68.88,Success,2025-08-04 17:27:26,2025-08-11 17:27:26
200,200,Debit Card,48.88,Success,2026-01-22 11:41:33,2026-02-18 11:41:33
201,201,Debit Card,92.36,Success,2025-10-14 21:39:50,2025-11-06 21:39:50
202,202,Apple Pay,64.11,Success,2025-12-23 10:13:33,2026-01-16 10:13:33
203,203,Cash,61.5,Success,2025-09-06 11:31:36,2025-09-19 11:31:36
204,204,Cash,34.56,Success,2026-01-04 01:58:17,2026-02-01 01:58:17
205,205,Debit Card,9.96,Success,2026-07-14 03:04:35,2026-08-12 03:04:35
206,206,Credit Card,11.56,Success,2026-04-03 03:09:14,2026-04-24 03:09:14
207,207,Credit Card,65.29,Success,2026-03-18 03:38:37,2026-03-30 03:38:37
208,208,Google Pay,33.1,Success,2026-04-21 20:15:15,2026-05-14 20:15:15
209,209,Apple Pay,56.58,Success,2026-01-18 04:34:41,2026-02-14 04:34:41
210,210,Debit Card,71.92,Success,2026-07-03 21:37:19,2026-07-18 21:37:19
211,211,Cash,47.76,Success,2026-07-10 13:19:30,2026-07-13 13:19:30
212,212,Debit Card,11.51,Success,2025-09-23 20:35:43,2025-10-18 20:35:43
213,213,Apple Pay,45.43,Success,2026-03-14 10:41:09,2026-03-25 10:41:09
214,214,Google Pay,28.01,Success,2025-08-17 08:21:33,2025-08-24 08:21:33
215,215,Google Pay,48.2,Success,2026-05-27 09:07:57,2026-05-31 09:07:57
216,216,Apple Pay,91.06,Success,2026-04-14 18:01:24,2026-04-18 18:01:24
217,217,Credit Card,20.87,Success,2025-08-18 14:20:01,2025-08-22 14:20:01
218,218,Credit Card,71.62,Success,2026-04-05 08:39:47,2026-04-29 08:39:47
219,219,Google Pay,30.54,Success,2026-02-01 04:50:33,2026-03-02 04:50:33
220,220,Debit Card,98.2,Success,2026-02-19 14:12:20,2026-02-28 14:12:20
221,221,Credit Card,44.85,Success,2025-10-31 06:39:02,2025-11-15 06:39:02
222,222,Credit Card,29.27,Success,2026-02-24 06:31:57,2026-03-22 06:31:57
223,223,Credit Card,55.47,Success,2026-02-15 04:59:10,2026-02-19 04:59:10
224,224,Google Pay,9.87,Success,2026-04-05 18:25:04,2026-04-29 18:25:04
225,225,Credit Card,114.86,Success,2026-06-11 15:41:44,2026-07-09 15:41:44
226,226,Debit Card,60.57,Success,2026-06-29 00:50:28,2026-07-09 00:50:28
227,227,Google Pay,91.63,Success,2026-03-08 03:44:35,2026-03-22 03:44:35
228,228,Debit Card,43.85,Success,2026-01-28 23:06:28,2026-02-01 23:06:28
229,229,Cash,66.22,Success,2026-03-07 19:48:31,2026-03-15 19:48:31
230,230,Google Pay,31.96,Success,2025-09-09 02:53:12,2025-10-05 02:53:12
231,231,Cash,25.87,Success,2026-03-14 16:16:15,2026-03-21 16:16:15
232,232,Apple Pay,117.81,Success,2026-02-07 04:42:09,2026-02-18 04:42:09
233,233,Google Pay,67.65,Success,2026-05-24 18:50:55,2026-06-06 18:50:55
234,234,Debit Card,104.52,Success,2026-07-17 10:41:22,2026-08-16 10:41:22
235,235,Cash,3.59,Success,2026-06-25 05:32:47,2026-06-26 05:32:47
236,236,Credit Card,87.89,Success,2025-10-16 04:40:22,2025-10-21 04:40:22
237,237,Google Pay,57.42,Success,2026-06-10 00:48:53,2026-06-17 00:48:53
238,238,Cash,37.41,Success,2026-03-13 01:43:53,2026-04-10 01:43:53
239,239,Credit Card,39.0,Success,2026-02-15 18:00:58,2026-03-05 18:00:58
240,240,Cash,26.11,Success,2026-06-12 00:05:16,2026-06-14 00:05:16
241,241,Debit Card,29.4,Success,2025-09-26 10:44:12,2025-10-01 10:44:12
242,242,Apple Pay,77.34,Success,2025-11-15 14:55:54,2025-12-09 14:55:54
243,243,Credit Card,76.4,Success,2025-11-10 02:53:48,2025-12-02 02:53:48
244,244,Google Pay,86.56,Success,2026-03-06 00:43:57,2026-03-22 00:43:57
245,245,Apple Pay,53.15,Success,2026-05-17 03:44:28,2026-06-09 03:44:28
246,246,Cash,47.12,Success,2026-06-07 03:07:20,2026-07-05 03:07:20
247,247,Debit Card,45.2,Success,2025-12-11 09:45:35,2025-12-23 09:45:35
248,248,Google Pay,10.96,Success,2026-06-30 17:11:46,2026-07-30 17:11:46
249,249,Debit Card,39.33,Success,2025-12-16 10:23:43,2026-01-11 10:23:43
250,250,Cash,52.1,Success,2026-02-12 13:31:13,2026-02-18 13:31:13
251,251,Cash,80.51,Success,2025-09-03 23:00:50,2025-09-22 23:00:50
252,252,Google Pay,84.48,Success,2026-06-25 09:51:20,2026-07-18 09:51:20
253,253,Cash,21.25,Success,2025-07-24 23:53:15,2025-07-27 23:53:15
254,254,Debit Card,65.74,Success,2025-10-10 15:43:23,2025-11-08 15:43:23
255,255,Cash,55.01,Success,2026-02-25 03:12:41,2026-03-13 03:12:41
256,256,Google Pay,34.7,Success,2026-03-22 11:41:20,2026-04-21 11:41:20
257,257,Apple Pay,39.36,Success,2026-01-18 12:06:27,2026-02-08 12:06:27
258,258,Apple Pay,42.0,Success,2025-07-28 05:43:41,2025-08-17 05:43:41
259,259,Google Pay,76.09,Success,2026-02-01 17:16:10,2026-02-23 17:16:10
260,260,Credit Card,74.74,Success,2026-03-19 17:15:51,2026-03-31 17:15:51
261,261,Credit Card,123.99,Success,2026-05-27 18:14:25,2026-06-23 18:14:25
262,262,Apple Pay,57.46,Success,2026-02-26 03:18:21,2026-02-27 03:18:21
263,263,Cash,37.12,Success,2025-09-14 06:36:01,2025-10-12 06:36:01
264,264,Debit Card,109.07,Success,2025-10-27 15:37:53,2025-10-28 15:37:53
265,265,Debit Card,32.03,Success,2025-11-25 20:25:46,2025-12-04 20:25:46
266,266,Cash,109.32,Success,2026-03-12 01:56:23,2026-03-30 01:56:23
267,267,Cash,11.37,Success,2026-06-29 07:48:27,2026-07-28 07:48:27
268,268,Google Pay,51.38,Success,2026-05-27 08:19:32,2026-06-26 08:19:32
269,269,Debit Card,26.07,Success,2025-07-30 08:14:27,2025-08-22 08:14:27
270,270,Google Pay,52.48,Success,2026-05-14 01:54:27,2026-05-30 01:54:27
271,271,Cash,67.52,Success,2025-08-16 07:56:35,2025-08-24 07:56:35
272,272,Apple Pay,112.36,Success,2025-08-18 12:52:50,2025-09-17 12:52:50
273,273,Credit Card,67.8,Success,2026-04-03 21:15:35,2026-04-12 21:15:35
274,274,Debit Card,38.66,Success,2026-02-01 23:11:33,2026-02-21 23:11:33
275,275,Debit Card,10.75,Success,2026-04-14 00:07:53,2026-04-15 00:07:53
276,276,Google Pay,31.31,Success,2025-12-22 20:39:30,2025-12-26 20:39:30
277,277,Debit Card,38.44,Success,2026-06-27 20:03:38,2026-07-17 20:03:38
278,278,Credit Card,42.01,Success,2026-02-21 02:36:49,2026-02-25 02:36:49
279,279,Credit Card,80.63,Success,2026-01-06 23:42:50,2026-01-22 23:42:50
280,280,Cash,64.32,Success,2025-08-17 15:55:27,2025-09-05 15:55:27
281,281,Google Pay,32.44,Success,2026-05-26 22:50:01,2026-06-21 22:50:01
282,282,Debit Card,6.51,Success,2026-07-13 04:56:05,2026-07-16 04:56:05
283,283,Debit Card,70.35,Success,2026-03-31 08:14:34,2026-04-09 08:14:34
284,284,Cash,14.06,Success,2026-07-02 05:45:59,2026-07-26 05:45:59
285,285,Debit Card,18.16,Success,2025-09-05 08:36:31,2025-09-07 08:36:31
286,286,Debit Card,112.5,Success,2026-04-19 22:49:23,2026-04-29 22:49:23
287,287,Apple Pay,115.37,Success,2026-01-28 11:48:11,2026-02-08 11:48:11
288,288,Credit Card,36.44,Success,2025-12-01 13:21:39,2025-12-27 13:21:39
289,289,Debit Card,17.49,Success,2026-04-01 03:56:38,2026-04-30 03:56:38
290,290,Google Pay,46.65,Success,2025-11-27 07:46:59,2025-12-02 07:46:59
291,291,Google Pay,96.11,Success,2026-04-25 13:05:37,2026-05-13 13:05:37
292,292,Apple Pay,40.46,Success,2026-04-22 05:58:22,2026-04-25 05:58:22
293,293,Apple Pay,49.14,Success,2025-11-16 07:08:57,2025-12-07 07:08:57
294,294,Google Pay,24.16,Success,2026-02-08 20:23:38,2026-03-09 20:23:38
295,295,Google Pay,32.65,Success,2025-10-26 05:02:01,2025-11-13 05:02:01
296,296,Apple Pay,50.41,Success,2025-07-26 22:40:37,2025-08-03 22:40:37
297,297,Apple Pay,60.41,Success,2025-07-29 11:13:48,2025-08-02 11:13:48
298,298,Apple Pay,75.88,Success,2026-07-09 04:12:16,2026-07-17 04:12:16
299,299,Cash,120.9,Success,2026-05-28 05:13:24,2026-06-07 05:13:24
300,300,Google Pay,24.55,Success,2026-06-10 06:42:33,2026-06-20 06:42:33
301,301,Google Pay,47.33,Success,2026-05-09 19:07:18,2026-06-05 19:07:18
302,302,Debit Card,18.18,Success,2025-09-10 06:57:47,2025-10-05 06:57:47
303,303,Apple Pay,95.65,Success,2025-08-08 00:51:34,2025-08-14 00:51:34
304,304,Debit Card,25.18,Success,2026-06-24 01:36:52,2026-07-22 01:36:52
305,305,Debit Card,12.67,Success,2026-02-04 01:33:32,2026-02-21 01:33:32
306,306,Debit Card,82.02,Success,2025-08-11 19:56:02,2025-09-05 19:56:02
307,307,Apple Pay,53.1,Success,2026-07-08 10:34:46,2026-07-10 10:34:46
308,308,Google Pay,13.52,Success,2025-10-03 15:38:55,2025-10-12 15:38:55
309,309,Debit Card,66.78,Success,2025-10-17 20:18:29,2025-11-02 20:18:29
310,310,Credit Card,94.67,Success,2025-10-11 07:54:07,2025-10-17 07:54:07
311,311,Cash,41.47,Success,2025-11-22 08:34:46,2025-12-03 08:34:46
312,312,Cash,66.12,Success,2025-11-03 06:07:39,2025-11-23 06:07:39
313,313,Cash,76.85,Success,2025-09-24 01:35:19,2025-10-06 01:35:19
314,314,Credit Card,67.29,Success,2026-04-13 04:32:46,2026-04-19 04:32:46
315,315,Debit Card,129.46,Success,2026-03-27 13:11:43,2026-03-31 13:11:43
316,316,Google Pay,21.41,Success,2025-11-02 09:04:23,2025-11-06 09:04:23
317,317,Cash,70.42,Success,2025-08-30 22:23:37,2025-09-20 22:23:37
318,318,Google Pay,53.47,Success,2026-02-20 19:09:25,2026-03-16 19:09:25
319,319,Cash,36.24,Success,2026-02-22 19:35:04,2026-03-18 19:35:04
320,320,Cash,94.13,Success,2025-07-25 09:02:11,2025-08-02 09:02:11
321,321,Google Pay,52.51,Success,2025-11-18 04:04:06,2025-12-11 04:04:06
322,322,Apple Pay,103.45,Success,2025-12-19 03:20:56,2025-12-27 03:20:56
323,323,Cash,1.59,Success,2025-08-06 05:11:04,2025-09-04 05:11:04
324,324,Credit Card,4.37,Success,2025-10-06 05:27:15,2025-10-25 05:27:15
325,325,Cash,118.84,Success,2025-11-13 23:23:48,2025-12-05 23:23:48
326,326,Apple Pay,11.08,Success,2026-05-05 11:31:02,2026-05-08 11:31:02
327,327,Credit Card,21.61,Success,2026-01-05 01:39:45,2026-01-29 01:39:45
328,328,Debit Card,87.35,Success,2025-12-19 20:28:01,2025-12-29 20:28:01
329,329,Apple Pay,89.18,Success,2026-06-20 10:57:32,2026-06-25 10:57:32
330,330,Cash,73.62,Success,2025-10-22 16:50:52,2025-11-05 16:50:52
331,331,Debit Card,83.64,Success,2026-03-31 15:20:23,2026-04-07 15:20:23
332,332,Cash,96.48,Success,2026-04-04 09:20:59,2026-04-19 09:20:59
333,333,Debit Card,7.93,Success,2025-12-04 17:05:39,2025-12-20 17:05:39
334,334,Debit Card,50.96,Success,2025-09-24 22:28:59,2025-10-22 22:28:59
335,335,Cash,60.75,Success,2026-06-11 08:55:47,2026-06-23 08:55:47
336,336,Debit Card,10.26,Success,2025-12-29 17:37:33,2026-01-08 17:37:33
337,337,Credit Card,10.82,Success,2025-11-20 04:38:39,2025-12-19 04:38:39
338,338,Credit Card,56.47,Success,2026-01-11 00:51:25,2026-02-08 00:51:25
339,339,Apple Pay,42.57,Success,2026-04-19 03:19:37,2026-05-04 03:19:37
340,340,Google Pay,12.77,Success,2025-11-09 13:21:36,2025-11-11 13:21:36
341,341,Cash,37.41,Success,2026-04-04 15:53:53,2026-04-23 15:53:53
342,342,Debit Card,94.47,Success,2026-03-04 18:29:15,2026-03-29 18:29:15
343,343,Google Pay,19.76,Success,2026-02-06 19:57:06,2026-03-05 19:57:06
344,344,Apple Pay,10.64,Success,2025-12-28 17:37:19,2026-01-09 17:37:19
345,345,Google Pay,4.45,Success,2026-01-31 16:54:46,2026-02-21 16:54:46
346,346,Credit Card,23.57,Success,2026-07-07 19:32:18,2026-07-28 19:32:18
347,347,Credit Card,58.72,Success,2025-11-11 14:02:51,2025-11-30 14:02:51
348,348,Google Pay,67.11,Success,2026-04-08 05:25:15,2026-05-03 05:25:15
349,349,Apple Pay,86.95,Success,2025-08-31 07:57:31,2025-09-09 07:57:31
350,350,Apple Pay,33.01,Success,2025-12-09 02:49:22,2025-12-18 02:49:22
351,351,Apple Pay,5.63,Success,2026-07-01 06:14:49,2026-07-13 06:14:49
352,352,Google Pay,66.42,Success,2026-01-29 13:51:16,2026-02-03 13:51:16
353,353,Credit Card,20.69,Success,2025-08-15 09:27:12,2025-08-31 09:27:12
354,354,Debit Card,27.25,Success,2025-10-19 06:54:10,2025-10-27 06:54:10
355,355,Debit Card,32.0,Success,2026-01-12 18:44:52,2026-01-26 18:44:52
356,356,Debit Card,89.87,Success,2026-01-20 19:19:25,2026-02-01 19:19:25
357,357,Apple Pay,128.52,Success,2025-11-24 05:01:07,2025-11-28 05:01:07
358,358,Credit Card,18.79,Success,2026-04-11 05:30:27,2026-04-21 05:30:27
359,359,Debit Card,64.83,Success,2026-05-10 23:37:55,2026-05-12 23:37:55
360,360,Credit Card,35.77,Success,2025-09-30 09:21:59,2025-10-21 09:21:59
361,361,Google Pay,103.85,Success,2025-12-13 23:00:20,2025-12-24 23:00:20
362,362,Debit Card,58.96,Success,2025-11-12 18:24:01,2025-12-08 18:24:01
363,363,Cash,34.98,Success,2026-06-10 14:11:56,2026-06-16 14:11:56
364,364,Apple Pay,104.31,Success,2026-06-20 19:37:19,2026-06-27 19:37:19
365,365,Debit Card,38.38,Success,2025-07-31 14:14:14,2025-08-03 14:14:14
366,366,Debit Card,13.0,Success,2026-03-14 08:42:28,2026-03-27 08:42:28
367,367,Cash,30.05,Success,2025-08-30 04:16:46,2025-09-15 04:16:46
368,368,Apple Pay,43.17,Success,2026-03-12 20:08:35,2026-03-21 20:08:35
369,369,Google Pay,64.67,Success,2026-03-08 15:14:11,2026-03-15 15:14:11
370,370,Apple Pay,13.36,Success,2026-06-13 21:55:22,2026-06-29 21:55:22
371,371,Cash,27.52,Success,2026-01-27 08:51:54,2026-02-01 08:51:54
372,372,Apple Pay,86.35,Success,2025-09-07 02:44:34,2025-09-08 02:44:34
373,373,Debit Card,26.59,Success,2025-09-26 04:50:53,2025-10-06 04:50:53
374,374,Debit Card,74.18,Success,2026-06-27 03:38:49,2026-07-27 03:38:49
375,375,Google Pay,80.53,Success,2026-06-25 17:24:03,2026-07-10 17:24:03
376,376,Credit Card,48.64,Success,2025-10-20 07:24:09,2025-11-09 07:24:09
377,377,Google Pay,40.92,Success,2025-11-06 03:27:48,2025-11-13 03:27:48
378,378,Google Pay,80.63,Success,2026-06-17 12:00:01,2026-07-10 12:00:01
379,379,Cash,37.76,Success,2026-01-22 12:28:22,2026-02-07 12:28:22
380,380,Debit Card,16.54,Success,2025-10-26 22:44:07,2025-11-07 22:44:07
381,381,Google Pay,41.14,Success,2025-07-22 12:07:04,2025-08-14 12:07:04
382,382,Apple Pay,59.52,Success,2025-11-09 12:01:31,2025-11-15 12:01:31
383,383,Cash,21.95,Success,2026-05-18 18:49:54,2026-05-28 18:49:54
384,384,Apple Pay,12.62,Success,2025-10-04 23:17:41,2025-10-09 23:17:41
385,385,Apple Pay,35.66,Success,2026-04-12 00:53:29,2026-05-10 00:53:29
386,386,Google Pay,48.1,Success,2025-09-09 11:46:18,2025-09-27 11:46:18
387,387,Debit Card,36.79,Success,2026-03-26 07:16:40,2026-04-25 07:16:40
388,388,Apple Pay,9.84,Success,2026-05-30 10:35:06,2026-06-01 10:35:06
389,389,Debit Card,60.65,Success,2026-04-07 08:09:33,2026-04-21 08:09:33
390,390,Google Pay,27.53,Success,2026-01-19 02:54:21,2026-01-22 02:54:21
391,391,Apple Pay,48.54,Success,2026-03-22 13:13:29,2026-04-06 13:13:29
392,392,Debit Card,53.02,Success,2026-05-19 08:58:33,2026-06-14 08:58:33
393,393,Credit Card,97.21,Success,2025-08-04 11:41:21,2025-08-27 11:41:21
394,394,Apple Pay,6.79,Success,2026-02-23 15:25:02,2026-03-07 15:25:02
395,395,Cash,75.24,Success,2026-07-09 16:16:59,2026-08-04 16:16:59
396,396,Cash,79.3,Success,2025-10-17 08:41:24,2025-10-26 08:41:24
397,397,Apple Pay,99.53,Success,2025-10-15 11:15:10,2025-11-08 11:15:10
398,398,Credit Card,18.54,Success,2026-06-28 10:44:39,2026-07-23 10:44:39
399,399,Cash,14.79,Success,2025-12-22 01:39:19,2025-12-30 01:39:19
400,400,Apple Pay,57.14,Success,2026-05-01 02:52:14,2026-05-25 02:52:14
401,401,Google Pay,52.77,Success,2026-04-05 05:54:04,2026-05-01 05:54:04
402,402,Google Pay,62.22,Success,2025-10-27 02:31:42,2025-10-31 02:31:42
403,403,Debit Card,69.69,Success,2025-10-24 05:45:46,2025-11-08 05:45:46
404,404,Debit Card,44.07,Success,2026-03-29 19:43:01,2026-04-24 19:43:01
405,405,Debit Card,6.09,Success,2026-05-04 08:08:08,2026-05-23 08:08:08
406,406,Credit Card,56.07,Success,2025-08-14 20:24:41,2025-09-08 20:24:41
407,407,Debit Card,53.4,Success,2026-01-02 20:34:37,2026-01-04 20:34:37
408,408,Apple Pay,121.63,Success,2025-09-03 03:53:50,2025-09-22 03:53:50
409,409,Debit Card,48.22,Success,2025-10-21 05:54:26,2025-10-28 05:54:26
410,410,Google Pay,61.25,Success,2025-12-07 21:49:04,2025-12-26 21:49:04
411,411,Apple Pay,59.94,Success,2025-09-11 23:27:08,2025-09-28 23:27:08
412,412,Debit Card,34.82,Success,2025-09-24 00:31:09,2025-10-16 00:31:09
413,413,Apple Pay,50.87,Success,2026-05-13 03:17:52,2026-05-21 03:17:52
414,414,Debit Card,40.01,Success,2026-01-17 05:58:11,2026-01-20 05:58:11
415,415,Google Pay,66.69,Success,2025-11-27 01:56:24,2025-12-12 01:56:24
416,416,Credit Card,14.29,Success,2025-12-01 14:11:06,2025-12-25 14:11:06
417,417,Debit Card,39.74,Success,2026-05-14 04:46:29,2026-05-27 04:46:29
418,418,Google Pay,28.38,Success,2026-01-31 16:13:03,2026-02-16 16:13:03
419,419,Debit Card,109.76,Success,2026-03-03 17:36:24,2026-03-14 17:36:24
420,420,Credit Card,110.05,Success,2025-09-25 19:41:00,2025-10-07 19:41:00
421,421,Apple Pay,70.77,Success,2025-11-30 22:38:27,2025-12-07 22:38:27
422,422,Cash,107.38,Success,2025-09-06 11:26:17,2025-10-01 11:26:17
423,423,Google Pay,15.22,Success,2026-07-13 05:00:00,2026-07-24 05:00:00
424,424,Credit Card,49.76,Success,2026-03-15 23:47:44,2026-04-04 23:47:44
425,425,Apple Pay,88.51,Success,2026-06-11 20:15:28,2026-07-01 20:15:28
426,426,Apple Pay,100.5,Success,2026-07-18 15:52:11,2026-08-12 15:52:11
427,427,Debit Card,39.18,Success,2025-09-20 05:27:26,2025-10-09 05:27:26
428,428,Apple Pay,43.16,Success,2025-10-06 08:17:21,2025-10-31 08:17:21
429,429,Apple Pay,58.0,Success,2026-03-10 00:31:07,2026-04-07 00:31:07
430,430,Debit Card,93.49,Success,2026-04-29 11:27:43,2026-05-29 11:27:43
431,431,Credit Card,32.19,Success,2026-06-04 16:51:58,2026-06-22 16:51:58
432,432,Google Pay,13.58,Success,2026-07-04 01:51:24,2026-08-02 01:51:24
433,433,Google Pay,93.55,Success,2025-12-10 00:53:25,2025-12-23 00:53:25
434,434,Apple Pay,75.41,Success,2026-04-21 09:24:43,2026-04-29 09:24:43
435,435,Apple Pay,24.63,Success,2026-02-22 04:13:35,2026-03-09 04:13:35
436,436,Debit Card,74.31,Success,2025-10-04 10:33:07,2025-10-24 10:33:07
437,437,Apple Pay,62.78,Success,2026-04-08 22:59:54,2026-04-16 22:59:54
438,438,Debit Card,48.1,Success,2026-04-15 19:59:24,2026-05-01 19:59:24
439,439,Apple Pay,7.93,Success,2026-06-26 00:38:38,2026-06-27 00:38:38
440,440,Apple Pay,19.09,Success,2026-07-15 06:53:58,2026-07-27 06:53:58
441,441,Credit Card,66.31,Success,2026-05-25 02:02:30,2026-06-03 02:02:30
442,442,Google Pay,28.85,Success,2026-01-07 11:08:57,2026-01-16 11:08:57
443,443,Debit Card,53.63,Success,2026-04-03 04:41:50,2026-04-20 04:41:50
444,444,Google Pay,26.85,Success,2026-05-27 12:07:19,2026-06-15 12:07:19
445,445,Credit Card,70.17,Success,2025-10-06 22:42:37,2025-10-09 22:42:37
446,446,Cash,107.6,Success,2025-08-02 22:02:02,2025-09-01 22:02:02
447,447,Google Pay,12.09,Success,2026-06-15 08:17:32,2026-07-06 08:17:32
448,448,Credit Card,24.71,Success,2025-09-21 16:05:28,2025-10-17 16:05:28
449,449,Google Pay,43.62,Success,2026-04-20 00:54:23,2026-04-21 00:54:23
450,450,Apple Pay,64.62,Success,2025-08-18 16:36:06,2025-09-15 16:36:06
451,451,Google Pay,11.33,Success,2026-01-13 19:06:35,2026-02-06 19:06:35
452,452,Apple Pay,67.35,Success,2026-03-07 13:53:53,2026-03-11 13:53:53
453,453,Debit Card,66.07,Success,2026-01-15 10:39:40,2026-01-27 10:39:40
454,454,Credit Card,17.06,Success,2025-12-25 00:25:18,2026-01-08 00:25:18
455,455,Cash,61.06,Success,2025-10-30 21:42:09,2025-11-01 21:42:09
456,456,Google Pay,47.01,Success,2026-01-26 15:14:27,2026-02-16 15:14:27
457,457,Debit Card,19.76,Success,2025-09-18 06:45:11,2025-10-17 06:45:11
458,458,Credit Card,102.39,Success,2026-03-04 17:18:09,2026-03-09 17:18:09
459,459,Debit Card,31.22,Success,2025-11-22 05:24:44,2025-12-14 05:24:44
460,460,Cash,86.29,Success,2026-05-08 17:00:49,2026-06-04 17:00:49
461,461,Apple Pay,3.64,Success,2026-05-21 16:10:42,2026-05-24 16:10:42
462,462,Cash,63.93,Success,2025-07-26 23:25:33,2025-07-29 23:25:33
463,463,Cash,76.25,Success,2026-07-08 20:20:29,2026-07-26 20:20:29
464,464,Apple Pay,57.97,Success,2026-03-31 20:49:33,2026-04-14 20:49:33
465,465,Apple Pay,68.28,Success,2025-10-08 10:04:02,2025-10-20 10:04:02
466,466,Credit Card,48.71,Success,2026-01-22 13:56:31,2026-02-01 13:56:31
467,467,Google Pay,119.09,Success,2025-11-24 09:20:37,2025-12-20 09:20:37
468,468,Debit Card,89.3,Success,2026-06-08 11:48:30,2026-06-15 11:48:30
469,469,Debit Card,12.17,Success,2025-10-16 14:44:21,2025-10-23 14:44:21
470,470,Cash,34.92,Success,2026-07-11 07:21:01,2026-07-12 07:21:01
471,471,Google Pay,51.3,Success,2026-02-14 13:29:57,2026-03-09 13:29:57
472,472,Debit Card,108.69,Success,2026-05-19 01:17:32,2026-06-13 01:17:32
473,473,Google Pay,62.17,Success,2026-04-21 04:05:07,2026-04-24 04:05:07
474,474,Apple Pay,135.26,Success,2025-08-17 11:57:17,2025-09-11 11:57:17
475,475,Google Pay,70.61,Success,2025-12-30 08:30:58,2026-01-17 08:30:58
476,476,Apple Pay,19.97,Success,2026-05-03 12:05:14,2026-05-18 12:05:14
477,477,Debit Card,52.9,Success,2025-11-03 11:06:20,2025-11-18 11:06:20
478,478,Cash,127.04,Success,2026-07-05 08:28:20,2026-07-24 08:28:20
479,479,Cash,28.78,Success,2025-10-24 10:50:34,2025-10-26 10:50:34
480,480,Credit Card,33.89,Success,2025-09-09 21:51:51,2025-10-03 21:51:51
481,481,Cash,88.24,Success,2025-12-28 06:23:46,2026-01-12 06:23:46
482,482,Credit Card,28.6,Success,2025-12-30 15:47:40,2026-01-24 15:47:40
483,483,Debit Card,93.39,Success,2025-08-24 16:19:22,2025-09-07 16:19:22
484,484,Apple Pay,40.79,Success,2026-02-17 22:49:21,2026-03-12 22:49:21
485,485,Debit Card,50.96,Success,2026-01-15 18:40:27,2026-02-03 18:40:27
486,486,Apple Pay,19.76,Success,2025-12-19 02:44:47,2026-01-11 02:44:47
487,487,Cash,105.78,Success,2025-10-08 07:27:08,2025-11-06 07:27:08
488,488,Credit Card,49.78,Success,2026-07-10 16:30:36,2026-07-27 16:30:36
489,489,Credit Card,95.02,Success,2025-10-08 03:47:18,2025-10-31 03:47:18
490,490,Apple Pay,26.48,Success,2025-09-25 00:14:18,2025-10-13 00:14:18
491,491,Apple Pay,89.45,Success,2026-01-17 10:11:17,2026-01-25 10:11:17
492,492,Credit Card,64.62,Success,2026-01-16 16:54:33,2026-01-17 16:54:33
493,493,Apple Pay,77.66,Success,2026-01-12 11:09:39,2026-01-31 11:09:39
494,494,Apple Pay,46.05,Success,2026-04-17 18:58:20,2026-04-30 18:58:20
495,495,Credit Card,26.53,Success,2025-09-16 05:07:24,2025-09-18 05:07:24
496,496,Debit Card,10.15,Success,2025-12-12 08:32:50,2025-12-13 08:32:50
497,497,Debit Card,18.94,Success,2025-08-19 19:00:21,2025-09-11 19:00:21
498,498,Cash,93.65,Success,2025-12-31 15:12:19,2026-01-25 15:12:19
499,499,Debit Card,45.35,Success,2025-08-10 03:14:25,2025-08-27 03:14:25
500,500,Debit Card,22.26,Success,2025-12-04 17:43:05,2025-12-12 17:43:05
501,501,Cash,76.21,Success,2025-11-26 10:11:14,2025-12-02 10:11:14
502,502,Credit Card,111.43,Success,2025-10-08 23:43:50,2025-10-28 23:43:50
503,503,Credit Card,102.14,Success,2026-02-20 04:51:55,2026-02-26 04:51:55
504,504,Cash,109.28,Success,2026-04-18 06:05:02,2026-05-09 06:05:02
505,505,Debit Card,68.9,Success,2026-02-13 01:13:47,2026-03-06 01:13:47
506,506,Debit Card,3.71,Success,2025-12-20 10:22:43,2026-01-13 10:22:43
507,507,Debit Card,46.71,Success,2026-03-01 11:21:58,2026-03-13 11:21:58
508,508,Credit Card,3.93,Success,2026-04-05 11:09:03,2026-04-24 11:09:03
509,509,Credit Card,92.07,Success,2026-04-13 11:21:19,2026-04-16 11:21:19
510,510,Google Pay,18.11,Success,2026-04-12 00:56:37,2026-05-08 00:56:37
511,511,Cash,64.72,Success,2026-03-28 22:28:45,2026-04-06 22:28:45
512,512,Debit Card,11.23,Success,2026-01-18 06:10:13,2026-01-29 06:10:13
513,513,Credit Card,34.6,Success,2026-06-12 22:06:50,2026-06-27 22:06:50
514,514,Cash,63.18,Success,2025-09-23 23:36:41,2025-10-07 23:36:41
515,515,Google Pay,113.11,Success,2025-10-17 19:56:45,2025-10-25 19:56:45
516,516,Cash,47.77,Success,2025-07-21 06:25:11,2025-08-18 06:25:11
517,517,Cash,12.62,Success,2025-11-07 22:48:11,2025-11-08 22:48:11
518,518,Debit Card,28.24,Success,2025-12-22 19:25:35,2026-01-05 19:25:35
519,519,Google Pay,88.05,Success,2025-07-26 09:24:13,2025-08-25 09:24:13
520,520,Apple Pay,6.28,Success,2025-09-02 00:51:16,2025-09-14 00:51:16
521,521,Debit Card,53.67,Success,2026-02-03 21:08:20,2026-02-05 21:08:20
522,522,Credit Card,66.07,Success,2026-04-15 09:29:55,2026-04-25 09:29:55
523,523,Credit Card,4.59,Success,2026-02-23 16:43:02,2026-03-08 16:43:02
524,524,Cash,69.21,Success,2025-08-25 03:23:52,2025-09-02 03:23:52
525,525,Google Pay,107.02,Success,2026-07-11 19:16:41,2026-07-28 19:16:41
526,526,Google Pay,52.58,Success,2026-04-02 21:09:48,2026-04-21 21:09:48
527,527,Cash,21.74,Success,2025-09-20 23:46:28,2025-10-05 23:46:28
528,528,Google Pay,59.47,Success,2025-08-03 00:43:52,2025-08-25 00:43:52
529,529,Credit Card,82.2,Success,2026-03-10 18:59:04,2026-03-24 18:59:04
530,530,Google Pay,24.14,Success,2026-02-25 13:13:41,2026-03-21 13:13:41
531,531,Credit Card,78.23,Success,2026-02-25 09:22:14,2026-03-15 09:22:14
532,532,Debit Card,17.15,Success,2026-04-15 16:13:36,2026-04-23 16:13:36
533,533,Credit Card,28.89,Success,2026-03-25 11:08:28,2026-03-27 11:08:28
534,534,Cash,22.32,Success,2025-09-29 05:48:59,2025-10-18 05:48:59
535,535,Apple Pay,80.35,Success,2026-01-02 12:53:39,2026-01-06 12:53:39
536,536,Debit Card,45.34,Success,2025-08-19 12:14:05,2025-09-10 12:14:05
537,537,Cash,16.8,Success,2025-11-22 02:27:19,2025-12-06 02:27:19
538,538,Google Pay,70.47,Success,2025-08-23 10:34:08,2025-08-25 10:34:08
539,539,Google Pay,14.04,Success,2025-10-04 01:44:40,2025-11-02 01:44:40
540,540,Apple Pay,69.24,Success,2025-10-27 03:00:31,2025-11-13 03:00:31
541,541,Google Pay,36.59,Success,2026-03-03 01:41:46,2026-04-02 01:41:46
542,542,Debit Card,84.15,Success,2026-06-27 10:23:31,2026-07-17 10:23:31
543,543,Debit Card,48.58,Success,2025-11-19 07:57:54,2025-12-10 07:57:54
544,544,Apple Pay,12.0,Success,2025-12-20 15:25:21,2026-01-09 15:25:21
545,545,Cash,32.64,Success,2025-11-09 03:20:15,2025-11-16 03:20:15
546,546,Apple Pay,41.58,Success,2025-08-17 12:50:24,2025-08-28 12:50:24
547,547,Google Pay,4.7,Success,2026-01-12 01:08:02,2026-02-04 01:08:02
548,548,Cash,71.26,Success,2025-10-09 17:23:03,2025-10-16 17:23:03
549,549,Debit Card,12.36,Success,2026-05-05 06:17:50,2026-06-01 06:17:50
550,550,Apple Pay,39.08,Success,2026-04-25 03:57:01,2026-05-16 03:57:01
551,551,Debit Card,13.57,Success,2026-05-07 02:56:03,2026-05-26 02:56:03
552,552,Apple Pay,24.37,Success,2026-06-28 11:38:32,2026-07-05 11:38:32
553,553,Google Pay,42.76,Success,2026-03-20 19:08:20,2026-03-21 19:08:20
554,554,Cash,13.89,Success,2026-04-05 19:12:02,2026-05-04 19:12:02
555,555,Cash,80.74,Success,2025-08-13 23:49:19,2025-09-04 23:49:19
556,556,Debit Card,30.03,Success,2026-02-22 06:46:13,2026-03-15 06:46:13
557,557,Google Pay,35.75,Success,2026-06-17 04:54:20,2026-07-16 04:54:20
558,558,Cash,70.43,Success,2025-08-03 03:42:48,2025-08-07 03:42:48
559,559,Cash,118.06,Success,2026-06-21 02:58:58,2026-07-16 02:58:58
560,560,Debit Card,10.06,Success,2025-07-30 03:30:57,2025-08-26 03:30:57
561,561,Credit Card,12.81,Success,2026-01-01 11:46:29,2026-01-03 11:46:29
562,562,Apple Pay,58.93,Success,2026-02-13 20:18:33,2026-02-25 20:18:33
563,563,Apple Pay,45.59,Success,2026-03-03 12:53:52,2026-03-09 12:53:52
564,564,Debit Card,5.77,Success,2025-07-30 22:55:03,2025-08-08 22:55:03
565,565,Apple Pay,66.27,Success,2026-06-21 21:17:28,2026-07-08 21:17:28
566,566,Google Pay,56.3,Success,2026-01-29 00:40:38,2026-02-06 00:40:38
567,567,Debit Card,39.87,Success,2026-02-23 03:05:51,2026-03-24 03:05:51
568,568,Credit Card,61.05,Success,2025-12-26 22:48:35,2026-01-24 22:48:35
569,569,Apple Pay,59.55,Success,2026-03-18 09:17:41,2026-04-08 09:17:41
570,570,Apple Pay,58.28,Success,2025-07-29 08:42:51,2025-08-13 08:42:51
571,571,Apple Pay,40.73,Success,2026-02-11 12:37:46,2026-02-19 12:37:46
572,572,Cash,70.29,Success,2026-04-16 17:05:30,2026-04-19 17:05:30
573,573,Credit Card,8.9,Success,2026-02-27 22:10:56,2026-03-10 22:10:56
574,574,Credit Card,24.39,Success,2025-10-01 22:37:06,2025-10-16 22:37:06
575,575,Credit Card,41.25,Success,2026-06-23 20:36:45,2026-06-29 20:36:45
576,576,Debit Card,17.73,Success,2025-10-10 21:38:47,2025-10-15 21:38:47
577,577,Google Pay,97.46,Success,2026-04-29 02:03:49,2026-05-14 02:03:49
578,578,Debit Card,53.01,Success,2025-10-26 06:43:14,2025-11-04 06:43:14
579,579,Apple Pay,69.37,Success,2026-04-19 17:25:41,2026-04-23 17:25:41
580,580,Cash,4.84,Success,2026-05-19 11:44:46,2026-05-21 11:44:46
581,581,Cash,40.64,Success,2026-03-19 23:28:11,2026-04-09 23:28:11
582,582,Credit Card,27.08,Success,2026-05-06 06:39:52,2026-05-08 06:39:52
583,583,Apple Pay,26.65,Success,2026-06-19 17:44:12,2026-07-06 17:44:12
584,584,Credit Card,106.26,Success,2026-03-31 15:01:24,2026-04-28 15:01:24
585,585,Debit Card,96.85,Success,2026-02-16 04:00:02,2026-03-04 04:00:02
586,586,Cash,43.47,Success,2025-12-13 15:48:40,2025-12-15 15:48:40
587,587,Google Pay,12.24,Success,2025-12-27 20:00:58,2026-01-23 20:00:58
588,588,Cash,85.38,Success,2025-07-23 12:56:08,2025-08-01 12:56:08
589,589,Debit Card,27.75,Success,2025-08-07 21:18:47,2025-09-01 21:18:47
590,590,Apple Pay,34.13,Success,2025-08-18 09:48:28,2025-08-25 09:48:28
591,591,Credit Card,57.6,Success,2026-06-13 18:29:26,2026-07-09 18:29:26
592,592,Credit Card,16.54,Success,2025-11-05 18:45:24,2025-12-05 18:45:24
593,593,Google Pay,40.71,Success,2025-12-21 22:46:03,2025-12-26 22:46:03
594,594,Google Pay,80.08,Success,2026-05-15 04:06:38,2026-06-01 04:06:38
595,595,Credit Card,56.53,Success,2026-04-02 02:13:52,2026-04-21 02:13:52
596,596,Debit Card,62.02,Success,2025-10-26 03:52:52,2025-10-29 03:52:52
597,597,Debit Card,11.47,Success,2026-02-16 19:19:39,2026-03-17 19:19:39
598,598,Credit Card,6.04,Success,2025-08-26 23:34:05,2025-09-04 23:34:05
599,599,Credit Card,77.22,Success,2025-09-30 08:27:16,2025-10-07 08:27:16
600,600,Apple Pay,42.52,Success,2026-07-01 08:46:30,2026-07-02 08:46:30
601,601,Debit Card,38.89,Success,2025-07-24 13:47:06,2025-08-13 13:47:06
602,602,Debit Card,36.63,Success,2026-01-31 18:11:14,2026-02-02 18:11:14
603,603,Debit Card,23.81,Success,2026-05-24 20:56:47,2026-06-10 20:56:47
604,604,Debit Card,95.0,Success,2026-07-14 02:08:45,2026-08-08 02:08:45
605,605,Cash,75.41,Success,2026-04-26 11:43:46,2026-04-30 11:43:46
606,606,Google Pay,41.83,Success,2025-09-07 20:18:19,2025-09-19 20:18:19
607,607,Google Pay,73.62,Success,2025-09-12 21:56:18,2025-09-27 21:56:18
608,608,Google Pay,9.89,Success,2026-06-30 03:43:25,2026-07-24 03:43:25
609,609,Cash,31.78,Success,2025-11-24 04:06:00,2025-12-12 04:06:00
610,610,Apple Pay,4.27,Success,2026-06-02 20:36:27,2026-06-22 20:36:27
611,611,Credit Card,71.81,Success,2026-07-16 09:55:59,2026-07-29 09:55:59
612,612,Debit Card,19.4,Success,2025-10-28 03:29:37,2025-11-13 03:29:37
613,613,Apple Pay,45.45,Success,2026-05-14 13:09:43,2026-05-21 13:09:43
614,614,Google Pay,61.85,Success,2026-07-01 00:33:27,2026-07-31 00:33:27
615,615,Apple Pay,85.73,Success,2026-03-23 20:36:51,2026-04-17 20:36:51
616,616,Apple Pay,78.7,Success,2026-02-05 04:00:17,2026-03-07 04:00:17
617,617,Debit Card,75.67,Success,2026-07-07 13:40:52,2026-07-24 13:40:52
618,618,Apple Pay,63.86,Success,2026-06-03 11:24:26,2026-06-23 11:24:26
619,619,Cash,116.17,Success,2026-05-16 01:39:14,2026-06-11 01:39:14
620,620,Credit Card,65.33,Success,2026-01-08 21:20:22,2026-01-12 21:20:22
621,621,Google Pay,31.34,Success,2026-03-27 13:56:10,2026-04-21 13:56:10
622,622,Debit Card,38.65,Success,2026-06-21 21:51:56,2026-06-24 21:51:56
623,623,Credit Card,22.71,Success,2025-10-28 23:00:38,2025-11-08 23:00:38
624,624,Apple Pay,109.11,Success,2025-11-14 13:48:34,2025-11-30 13:48:34
625,625,Cash,62.39,Success,2025-09-02 22:03:37,2025-09-22 22:03:37
626,626,Credit Card,47.4,Success,2025-08-17 21:01:55,2025-08-24 21:01:55
627,627,Credit Card,28.81,Success,2026-02-20 09:28:00,2026-02-24 09:28:00
628,628,Google Pay,23.68,Success,2025-08-23 04:18:18,2025-08-28 04:18:18
629,629,Google Pay,72.75,Success,2025-09-10 13:19:40,2025-09-13 13:19:40
630,630,Cash,91.81,Success,2025-08-08 17:53:35,2025-08-14 17:53:35
631,631,Google Pay,10.43,Success,2025-11-20 00:24:21,2025-12-11 00:24:21
632,632,Debit Card,7.84,Success,2026-04-05 22:35:22,2026-04-14 22:35:22
633,633,Google Pay,52.94,Success,2026-05-08 01:42:30,2026-05-21 01:42:30
634,634,Cash,68.02,Success,2026-05-13 23:19:07,2026-05-23 23:19:07
635,635,Credit Card,51.25,Success,2025-12-24 07:42:35,2026-01-19 07:42:35
636,636,Cash,5.12,Success,2025-12-16 16:47:59,2025-12-27 16:47:59
637,637,Google Pay,29.89,Success,2025-10-26 06:23:34,2025-11-12 06:23:34
638,638,Google Pay,72.77,Success,2026-02-25 18:33:01,2026-03-14 18:33:01
639,639,Apple Pay,71.55,Success,2026-01-11 10:33:08,2026-01-30 10:33:08
640,640,Cash,73.33,Success,2025-11-20 03:26:33,2025-11-28 03:26:33
641,641,Google Pay,40.48,Success,2026-06-02 11:07:15,2026-06-18 11:07:15
642,642,Google Pay,83.78,Success,2026-06-12 00:51:44,2026-06-30 00:51:44
643,643,Google Pay,43.6,Success,2026-03-05 21:21:18,2026-03-24 21:21:18
644,644,Google Pay,10.51,Success,2026-03-29 15:37:43,2026-04-19 15:37:43
645,645,Cash,29.81,Success,2026-01-17 02:06:39,2026-02-11 02:06:39
646,646,Credit Card,28.04,Success,2025-09-07 03:19:39,2025-09-20 03:19:39
647,647,Debit Card,91.39,Success,2025-10-22 13:46:04,2025-11-17 13:46:04
648,648,Google Pay,83.07,Success,2025-08-15 05:17:50,2025-09-09 05:17:50
649,649,Google Pay,55.29,Success,2026-05-06 08:36:43,2026-05-27 08:36:43
650,650,Google Pay,67.18,Success,2026-07-04 15:29:49,2026-07-14 15:29:49
651,651,Cash,65.11,Success,2026-07-06 14:48:52,2026-07-28 14:48:52
652,652,Credit Card,19.48,Success,2026-01-12 08:22:55,2026-01-31 08:22:55
653,653,Google Pay,112.6,Success,2025-07-26 09:48:25,2025-08-15 09:48:25
654,654,Debit Card,59.16,Success,2025-11-22 23:50:28,2025-12-22 23:50:28
655,655,Apple Pay,83.13,Success,2025-09-11 22:01:48,2025-09-26 22:01:48
656,656,Debit Card,34.36,Success,2026-02-10 13:08:12,2026-02-12 13:08:12
657,657,Google Pay,97.41,Success,2026-05-22 16:30:17,2026-06-20 16:30:17
658,658,Cash,84.27,Success,2026-02-25 16:45:43,2026-03-05 16:45:43
659,659,Debit Card,104.34,Success,2025-12-05 18:25:41,2025-12-24 18:25:41
660,660,Debit Card,6.35,Success,2025-07-30 11:42:56,2025-08-06 11:42:56
661,661,Apple Pay,98.39,Success,2025-11-08 04:16:27,2025-11-23 04:16:27
662,662,Cash,82.1,Success,2025-10-18 08:59:57,2025-10-23 08:59:57
663,663,Apple Pay,54.81,Success,2026-06-21 19:40:58,2026-07-10 19:40:58
664,664,Cash,68.04,Success,2025-08-09 00:17:42,2025-08-17 00:17:42
665,665,Cash,69.15,Success,2026-06-23 10:25:16,2026-06-27 10:25:16
666,666,Apple Pay,30.77,Success,2025-09-05 03:53:19,2025-09-24 03:53:19
667,667,Debit Card,50.75,Success,2025-10-16 03:32:22,2025-10-21 03:32:22
668,668,Debit Card,11.87,Success,2026-05-01 12:44:48,2026-05-31 12:44:48
669,669,Debit Card,52.4,Success,2025-09-15 21:58:17,2025-10-08 21:58:17
670,670,Google Pay,35.71,Success,2026-07-08 14:13:19,2026-08-02 14:13:19
671,671,Google Pay,35.37,Success,2026-02-09 21:14:17,2026-03-07 21:14:17
672,672,Credit Card,36.93,Success,2026-04-22 04:18:49,2026-05-02 04:18:49
673,673,Apple Pay,16.28,Success,2025-12-18 22:18:27,2025-12-24 22:18:27
674,674,Cash,55.85,Success,2026-04-09 17:48:40,2026-04-15 17:48:40
675,675,Credit Card,54.58,Success,2025-08-15 13:41:55,2025-08-20 13:41:55
676,676,Credit Card,44.44,Success,2026-07-15 16:47:53,2026-08-08 16:47:53
677,677,Cash,7.03,Success,2026-04-01 00:07:31,2026-04-22 00:07:31
678,678,Cash,54.54,Success,2026-02-05 00:31:09,2026-02-26 00:31:09
679,679,Cash,103.97,Success,2025-10-27 23:02:48,2025-10-28 23:02:48
680,680,Cash,4.48,Success,2026-01-23 12:31:33,2026-02-17 12:31:33
681,681,Credit Card,63.91,Success,2026-06-07 13:17:10,2026-06-08 13:17:10
682,682,Apple Pay,41.77,Success,2026-03-14 17:46:01,2026-04-10 17:46:01
683,683,Credit Card,12.6,Success,2025-07-23 02:21:51,2025-08-21 02:21:51
684,684,Apple Pay,32.78,Success,2025-07-26 12:51:45,2025-07-30 12:51:45
685,685,Apple Pay,18.25,Success,2025-09-19 06:27:09,2025-10-05 06:27:09
686,686,Apple Pay,39.71,Success,2025-12-20 19:54:18,2025-12-28 19:54:18
687,687,Google Pay,50.89,Success,2026-04-11 09:35:24,2026-05-02 09:35:24
688,688,Credit Card,40.39,Success,2026-03-10 14:38:55,2026-04-02 14:38:55
689,689,Apple Pay,46.33,Success,2026-05-14 14:32:10,2026-05-15 14:32:10
690,690,Debit Card,58.4,Success,2025-08-23 00:46:36,2025-09-20 00:46:36
691,691,Debit Card,61.06,Success,2026-03-16 06:54:06,2026-03-18 06:54:06
692,692,Credit Card,123.72,Success,2025-11-30 06:03:25,2025-12-08 06:03:25
693,693,Cash,72.25,Success,2026-01-24 22:38:13,2026-01-25 22:38:13
694,694,Cash,52.09,Success,2026-04-24 20:30:29,2026-05-24 20:30:29
695,695,Credit Card,9.99,Success,2026-06-04 16:41:31,2026-06-10 16:41:31
696,696,Apple Pay,60.02,Success,2026-03-09 00:23:01,2026-03-27 00:23:01
697,697,Apple Pay,54.23,Success,2025-12-31 17:11:06,2026-01-23 17:11:06
698,698,Cash,35.68,Success,2025-09-09 22:05:12,2025-09-16 22:05:12
699,699,Credit Card,55.12,Success,2026-03-15 17:01:18,2026-03-24 17:01:18
700,700,Cash,77.01,Success,2025-11-03 23:47:04,2025-11-30 23:47:04
701,701,Credit Card,43.86,Success,2025-07-30 22:03:52,2025-08-05 22:03:52
702,702,Credit Card,81.33,Success,2025-08-26 10:54:11,2025-09-04 10:54:11
703,703,Credit Card,7.63,Success,2025-08-11 04:09:25,2025-09-10 04:09:25
704,704,Google Pay,134.71,Success,2026-04-07 21:00:22,2026-04-21 21:00:22
705,705,Apple Pay,5.56,Success,2026-01-13 16:16:26,2026-01-27 16:16:26
706,706,Apple Pay,53.16,Success,2025-12-31 15:00:48,2026-01-12 15:00:48
707,707,Cash,69.4,Success,2025-11-10 18:47:36,2025-11-23 18:47:36
708,708,Google Pay,38.69,Success,2026-02-05 21:07:12,2026-03-02 21:07:12
709,709,Apple Pay,110.94,Success,2026-05-05 21:04:29,2026-05-13 21:04:29
710,710,Debit Card,75.28,Success,2026-07-01 12:13:22,2026-07-03 12:13:22
711,711,Cash,46.44,Success,2025-11-20 02:41:54,2025-12-07 02:41:54
712,712,Apple Pay,61.47,Success,2025-08-09 07:51:59,2025-08-26 07:51:59
713,713,Debit Card,35.34,Success,2026-01-30 13:48:03,2026-02-02 13:48:03
714,714,Google Pay,5.73,Success,2025-08-25 06:51:58,2025-09-16 06:51:58
715,715,Credit Card,109.92,Success,2025-08-28 02:08:05,2025-09-20 02:08:05
716,716,Apple Pay,14.78,Success,2026-07-06 05:35:41,2026-08-02 05:35:41
717,717,Credit Card,63.58,Success,2026-02-16 11:20:34,2026-03-13 11:20:34
718,718,Apple Pay,28.51,Success,2026-01-22 10:13:15,2026-01-26 10:13:15
719,719,Apple Pay,5.75,Success,2025-09-24 20:18:50,2025-10-23 20:18:50
720,720,Debit Card,60.81,Success,2025-11-01 02:08:41,2025-11-17 02:08:41
721,721,Google Pay,63.81,Success,2025-08-14 08:23:27,2025-08-19 08:23:27
722,722,Apple Pay,60.8,Success,2025-10-01 23:17:37,2025-10-16 23:17:37
723,723,Debit Card,44.61,Success,2026-01-13 21:52:55,2026-01-16 21:52:55
724,724,Apple Pay,5.2,Success,2026-02-26 19:00:25,2026-03-07 19:00:25
725,725,Cash,27.23,Success,2026-01-11 22:24:29,2026-02-05 22:24:29
726,726,Google Pay,22.48,Success,2025-09-01 22:33:46,2025-09-27 22:33:46
727,727,Debit Card,14.15,Success,2025-11-13 04:27:20,2025-11-21 04:27:20
728,728,Cash,54.43,Success,2026-03-31 14:09:53,2026-04-21 14:09:53
729,729,Google Pay,41.81,Success,2026-07-13 19:30:29,2026-07-27 19:30:29
730,730,Apple Pay,39.09,Success,2025-08-30 01:31:43,2025-09-27 01:31:43
731,731,Apple Pay,72.45,Success,2025-09-16 18:49:40,2025-10-08 18:49:40
732,732,Debit Card,95.28,Success,2025-11-11 02:43:44,2025-11-16 02:43:44
733,733,Apple Pay,12.69,Success,2026-02-17 04:26:15,2026-02-23 04:26:15
734,734,Google Pay,86.11,Success,2025-10-27 06:24:40,2025-11-19 06:24:40
735,735,Google Pay,53.0,Success,2025-10-12 19:12:31,2025-10-18 19:12:31
736,736,Debit Card,72.3,Success,2025-11-26 08:55:44,2025-12-04 08:55:44
737,737,Cash,72.48,Success,2026-03-15 16:36:27,2026-03-16 16:36:27
738,738,Credit Card,50.12,Success,2025-10-07 13:54:49,2025-10-24 13:54:49
739,739,Google Pay,57.8,Success,2026-01-18 15:47:40,2026-02-08 15:47:40
740,740,Apple Pay,15.29,Success,2025-09-24 19:11:46,2025-09-25 19:11:46
741,741,Apple Pay,33.02,Success,2026-06-16 01:39:24,2026-07-05 01:39:24
742,742,Apple Pay,90.59,Success,2026-02-05 13:11:11,2026-02-14 13:11:11
743,743,Credit Card,86.61,Success,2025-11-04 04:37:04,2025-12-04 04:37:04
744,744,Apple Pay,34.53,Success,2025-10-08 06:40:29,2025-10-28 06:40:29
745,745,Google Pay,5.57,Success,2026-01-08 02:04:47,2026-01-14 02:04:47
746,746,Credit Card,62.47,Success,2026-03-21 15:13:42,2026-04-20 15:13:42
747,747,Google Pay,30.92,Success,2025-09-05 03:16:34,2025-09-09 03:16:34
748,748,Cash,71.26,Success,2025-12-02 08:05:28,2025-12-10 08:05:28
749,749,Credit Card,21.86,Success,2026-06-19 20:20:12,2026-06-24 20:20:12
750,750,Google Pay,15.98,Success,2026-01-12 11:36:28,2026-02-11 11:36:28
751,751,Debit Card,63.23,Success,2026-01-13 20:48:06,2026-01-24 20:48:06
752,752,Debit Card,65.49,Success,2026-07-14 11:05:26,2026-07-17 11:05:26
753,753,Apple Pay,73.78,Success,2026-02-01 03:42:22,2026-02-10 03:42:22
754,754,Apple Pay,83.61,Success,2026-05-03 06:42:04,2026-05-05 06:42:04
755,755,Cash,43.84,Success,2025-12-03 01:34:35,2025-12-05 01:34:35
756,756,Debit Card,45.5,Success,2026-01-04 23:43:08,2026-01-13 23:43:08
757,757,Cash,100.45,Success,2025-10-04 21:29:38,2025-10-09 21:29:38
758,758,Cash,37.85,Success,2026-07-14 22:12:06,2026-07-27 22:12:06
759,759,Apple Pay,66.84,Success,2025-11-20 01:21:30,2025-11-23 01:21:30
760,760,Credit Card,10.75,Success,2025-12-13 15:18:29,2025-12-22 15:18:29
761,761,Cash,108.19,Success,2026-01-05 12:19:09,2026-01-13 12:19:09
762,762,Credit Card,88.64,Success,2025-12-18 15:52:02,2026-01-02 15:52:02
763,763,Cash,86.54,Success,2025-09-20 22:18:03,2025-10-05 22:18:03
764,764,Apple Pay,25.82,Success,2025-12-15 07:28:01,2026-01-07 07:28:01
765,765,Cash,94.28,Success,2026-06-26 08:17:10,2026-07-21 08:17:10
766,766,Credit Card,94.99,Success,2025-12-15 04:07:29,2026-01-11 04:07:29
767,767,Google Pay,59.94,Success,2025-08-03 01:31:46,2025-08-26 01:31:46
768,768,Google Pay,106.94,Success,2025-11-18 08:15:08,2025-11-25 08:15:08
769,769,Cash,82.89,Success,2025-09-03 09:31:29,2025-09-19 09:31:29
770,770,Apple Pay,45.76,Success,2025-11-08 20:45:45,2025-12-04 20:45:45
771,771,Debit Card,24.95,Success,2026-05-17 19:33:18,2026-06-02 19:33:18
772,772,Apple Pay,61.69,Success,2026-02-13 04:19:03,2026-03-15 04:19:03
773,773,Cash,9.7,Success,2026-07-19 08:46:40,2026-08-13 08:46:40
774,774,Cash,20.78,Success,2026-05-07 00:55:29,2026-05-13 00:55:29
775,775,Google Pay,39.69,Success,2025-09-22 03:51:57,2025-10-02 03:51:57
776,776,Debit Card,23.56,Success,2026-01-01 21:19:16,2026-01-29 21:19:16
777,777,Apple Pay,63.11,Success,2026-01-28 11:15:40,2026-02-18 11:15:40
778,778,Credit Card,10.26,Success,2026-06-04 14:04:13,2026-06-09 14:04:13
779,779,Debit Card,8.98,Success,2026-07-09 16:27:43,2026-07-23 16:27:43
780,780,Debit Card,56.76,Success,2025-08-02 12:09:19,2025-08-11 12:09:19
781,781,Google Pay,28.95,Success,2025-09-11 01:22:35,2025-10-09 01:22:35
782,782,Apple Pay,67.73,Success,2025-10-19 21:08:01,2025-11-03 21:08:01
783,783,Google Pay,76.51,Success,2025-08-28 17:05:35,2025-09-17 17:05:35
784,784,Google Pay,18.28,Success,2025-10-05 04:26:04,2025-10-08 04:26:04
785,785,Cash,52.32,Success,2026-04-21 06:42:03,2026-05-14 06:42:03
786,786,Apple Pay,28.75,Success,2026-02-12 04:04:05,2026-03-07 04:04:05
787,787,Credit Card,44.5,Success,2026-03-22 19:42:35,2026-03-28 19:42:35
788,788,Cash,8.6,Success,2026-07-17 20:50:25,2026-07-30 20:50:25
789,789,Credit Card,8.01,Success,2025-11-12 16:11:07,2025-11-22 16:11:07
790,790,Google Pay,64.71,Success,2026-07-18 04:29:10,2026-08-01 04:29:10
791,791,Debit Card,98.87,Success,2026-03-13 12:59:00,2026-03-18 12:59:00
792,792,Google Pay,37.14,Success,2026-05-25 06:25:00,2026-06-24 06:25:00
793,793,Google Pay,42.44,Success,2026-04-14 16:15:18,2026-04-23 16:15:18
794,794,Credit Card,25.59,Success,2026-06-28 14:03:49,2026-06-29 14:03:49
795,795,Debit Card,11.24,Success,2025-10-30 17:36:17,2025-11-08 17:36:17
796,796,Credit Card,57.6,Success,2026-05-17 04:27:01,2026-05-30 04:27:01
797,797,Apple Pay,47.99,Success,2025-09-01 17:58:14,2025-09-21 17:58:14
798,798,Google Pay,122.63,Success,2026-04-10 15:19:05,2026-05-04 15:19:05
799,799,Cash,17.6,Success,2025-10-04 02:05:31,2025-10-07 02:05:31
800,800,Credit Card,58.24,Success,2026-03-25 16:39:50,2026-04-05 16:39:50
801,801,Credit Card,58.92,Success,2026-06-02 06:50:34,2026-06-14 06:50:34
802,802,Google Pay,11.79,Success,2026-01-24 15:28:17,2026-01-25 15:28:17
803,803,Google Pay,20.15,Success,2026-05-29 20:02:53,2026-06-12 20:02:53
804,804,Apple Pay,29.53,Success,2025-08-31 10:20:47,2025-09-25 10:20:47
805,805,Credit Card,81.61,Success,2026-03-24 11:18:45,2026-03-28 11:18:45
806,806,Google Pay,77.12,Success,2026-03-11 20:16:04,2026-03-24 20:16:04
807,807,Credit Card,50.11,Success,2026-01-28 05:08:02,2026-02-26 05:08:02
808,808,Debit Card,42.4,Success,2026-01-17 04:58:25,2026-01-24 04:58:25
809,809,Debit Card,22.63,Success,2026-06-26 15:00:05,2026-07-12 15:00:05
810,810,Apple Pay,8.15,Success,2025-08-16 03:19:19,2025-08-28 03:19:19
811,811,Google Pay,36.41,Success,2025-10-17 20:06:43,2025-10-20 20:06:43
812,812,Apple Pay,37.74,Success,2026-05-26 03:38:36,2026-06-13 03:38:36
813,813,Cash,62.63,Success,2025-12-18 22:07:29,2025-12-31 22:07:29
814,814,Debit Card,63.06,Success,2026-01-15 10:44:36,2026-01-26 10:44:36
815,815,Debit Card,88.11,Success,2026-05-16 14:08:31,2026-05-28 14:08:31
816,816,Debit Card,26.54,Success,2025-12-26 06:42:29,2026-01-14 06:42:29
817,817,Cash,15.74,Success,2025-12-22 19:11:59,2026-01-03 19:11:59
818,818,Google Pay,55.99,Success,2026-06-13 19:19:52,2026-07-09 19:19:52
819,819,Debit Card,71.68,Success,2026-06-06 15:30:45,2026-06-29 15:30:45
820,820,Cash,21.56,Success,2025-11-25 19:52:47,2025-12-22 19:52:47
821,821,Cash,5.98,Success,2025-09-29 23:01:54,2025-10-04 23:01:54
822,822,Credit Card,70.25,Success,2026-07-02 03:20:14,2026-07-13 03:20:14
823,823,Credit Card,5.53,Success,2026-04-04 12:41:48,2026-04-13 12:41:48
824,824,Credit Card,60.42,Success,2025-08-06 17:48:21,2025-08-30 17:48:21
825,825,Apple Pay,15.56,Success,2025-10-17 15:34:34,2025-11-07 15:34:34
826,826,Apple Pay,56.27,Success,2026-07-19 11:53:22,2026-07-20 11:53:22
827,827,Google Pay,100.47,Success,2026-03-10 01:38:06,2026-03-27 01:38:06
828,828,Google Pay,42.29,Success,2025-10-18 12:11:46,2025-10-29 12:11:46
829,829,Debit Card,77.31,Success,2025-11-08 18:38:37,2025-11-29 18:38:37
830,830,Debit Card,69.7,Success,2025-12-05 14:41:26,2025-12-24 14:41:26
831,831,Credit Card,13.04,Success,2025-07-30 05:43:42,2025-08-10 05:43:42
832,832,Google Pay,23.14,Success,2025-11-17 16:53:09,2025-11-25 16:53:09
833,833,Debit Card,33.63,Success,2026-07-13 01:08:58,2026-07-25 01:08:58
834,834,Credit Card,31.48,Success,2025-08-02 09:13:42,2025-08-08 09:13:42
835,835,Credit Card,100.47,Success,2026-04-29 01:05:30,2026-05-13 01:05:30
836,836,Apple Pay,65.61,Success,2026-03-05 22:55:26,2026-03-18 22:55:26
837,837,Debit Card,98.62,Success,2026-07-11 12:51:25,2026-08-07 12:51:25
838,838,Google Pay,32.07,Success,2026-02-25 23:07:04,2026-03-19 23:07:04
839,839,Google Pay,51.11,Success,2026-05-05 01:36:51,2026-06-03 01:36:51
840,840,Cash,29.14,Success,2026-01-31 00:26:16,2026-02-20 00:26:16
841,841,Google Pay,80.37,Success,2026-01-21 00:22:31,2026-02-03 00:22:31
842,842,Apple Pay,63.18,Success,2025-12-27 13:22:05,2026-01-24 13:22:05
843,843,Credit Card,105.72,Success,2026-03-03 07:29:41,2026-03-30 07:29:41
844,844,Google Pay,53.3,Success,2026-04-17 23:23:07,2026-04-21 23:23:07
845,845,Cash,70.34,Success,2025-07-24 00:19:06,2025-08-15 00:19:06
846,846,Debit Card,9.78,Success,2025-11-16 15:21:40,2025-11-29 15:21:40
847,847,Credit Card,60.29,Success,2025-09-11 19:10:45,2025-09-22 19:10:45
848,848,Google Pay,43.69,Success,2026-07-08 19:57:45,2026-07-16 19:57:45
849,849,Apple Pay,76.3,Success,2026-02-11 03:42:06,2026-02-24 03:42:06
850,850,Cash,33.44,Success,2026-01-24 19:58:24,2026-02-12 19:58:24
851,851,Cash,69.13,Success,2025-07-23 14:45:40,2025-08-07 14:45:40
852,852,Debit Card,2.27,Success,2026-05-22 07:43:49,2026-05-24 07:43:49
853,853,Cash,28.22,Success,2025-12-18 01:23:12,2026-01-08 01:23:12
854,854,Apple Pay,22.5,Success,2025-10-01 11:03:41,2025-10-16 11:03:41
855,855,Cash,6.0,Success,2026-07-18 21:02:59,2026-08-13 21:02:59
856,856,Apple Pay,66.54,Success,2025-11-07 16:06:34,2025-11-21 16:06:34
857,857,Credit Card,16.84,Success,2025-08-31 16:03:15,2025-09-25 16:03:15
858,858,Cash,32.21,Success,2026-05-28 03:31:00,2026-06-10 03:31:00
859,859,Credit Card,103.09,Success,2025-08-11 15:51:47,2025-09-09 15:51:47
860,860,Credit Card,8.55,Success,2026-02-20 06:31:54,2026-03-12 06:31:54
861,861,Cash,9.73,Success,2026-04-13 03:01:43,2026-05-05 03:01:43
862,862,Cash,106.76,Success,2025-09-20 15:36:16,2025-10-05 15:36:16
863,863,Apple Pay,48.51,Success,2026-06-16 20:35:22,2026-07-14 20:35:22
864,864,Apple Pay,5.09,Success,2026-01-06 01:50:53,2026-01-07 01:50:53
865,865,Apple Pay,77.4,Success,2026-01-23 09:47:44,2026-02-22 09:47:44
866,866,Debit Card,46.09,Success,2026-07-13 07:21:00,2026-08-04 07:21:00
867,867,Apple Pay,10.12,Success,2025-09-10 05:32:03,2025-10-08 05:32:03
868,868,Cash,64.56,Success,2026-06-08 23:09:48,2026-07-02 23:09:48
869,869,Debit Card,28.5,Success,2026-07-10 06:40:03,2026-07-11 06:40:03
870,870,Cash,44.32,Success,2026-02-01 08:37:06,2026-03-03 08:37:06
871,871,Credit Card,33.01,Success,2025-12-19 07:04:29,2025-12-24 07:04:29
872,872,Google Pay,40.61,Success,2026-06-08 09:13:03,2026-06-24 09:13:03
873,873,Apple Pay,36.96,Success,2026-04-21 14:35:17,2026-04-28 14:35:17
874,874,Credit Card,17.66,Success,2026-06-26 16:27:13,2026-07-23 16:27:13
875,875,Google Pay,74.79,Success,2026-01-16 05:59:25,2026-01-30 05:59:25
876,876,Google Pay,96.91,Success,2026-02-19 17:40:17,2026-03-01 17:40:17
877,877,Cash,50.28,Success,2026-05-10 22:03:01,2026-06-05 22:03:01
878,878,Credit Card,15.59,Success,2025-07-29 11:51:37,2025-08-14 11:51:37
879,879,Cash,74.11,Success,2026-01-19 05:33:06,2026-02-09 05:33:06
880,880,Cash,24.92,Success,2026-05-11 00:07:11,2026-05-29 00:07:11
881,881,Google Pay,19.08,Success,2025-12-24 16:12:43,2026-01-11 16:12:43
882,882,Debit Card,77.32,Success,2025-10-04 05:07:48,2025-10-30 05:07:48
883,883,Apple Pay,28.6,Success,2025-10-08 21:04:46,2025-10-26 21:04:46
884,884,Cash,57.5,Success,2026-02-25 15:22:56,2026-03-24 15:22:56
885,885,Google Pay,19.13,Success,2025-10-10 01:59:46,2025-10-11 01:59:46
886,886,Google Pay,111.73,Success,2025-08-03 01:01:47,2025-08-12 01:01:47
887,887,Cash,13.54,Success,2025-08-30 23:54:48,2025-09-11 23:54:48
888,888,Google Pay,55.55,Success,2026-04-08 22:54:42,2026-04-20 22:54:42
889,889,Apple Pay,86.94,Success,2025-10-23 21:20:39,2025-10-30 21:20:39
890,890,Credit Card,68.11,Success,2025-12-09 00:21:18,2025-12-20 00:21:18
891,891,Apple Pay,53.01,Success,2026-06-18 05:25:41,2026-07-07 05:25:41
892,892,Apple Pay,79.77,Success,2025-10-11 09:02:33,2025-11-01 09:02:33
893,893,Google Pay,36.68,Success,2026-02-12 09:39:26,2026-02-15 09:39:26
894,894,Apple Pay,22.71,Success,2025-07-31 19:38:46,2025-08-03 19:38:46
895,895,Credit Card,31.75,Success,2026-05-11 09:36:08,2026-05-16 09:36:08
896,896,Debit Card,33.92,Success,2025-10-03 23:15:15,2025-10-29 23:15:15
897,897,Apple Pay,18.05,Success,2025-07-31 15:54:09,2025-08-07 15:54:09
898,898,Credit Card,75.54,Success,2026-01-05 12:10:11,2026-01-18 12:10:11
899,899,Cash,23.04,Success,2025-09-23 21:12:17,2025-10-18 21:12:17
900,900,Apple Pay,39.96,Success,2025-12-06 02:03:24,2025-12-13 02:03:24
901,901,Apple Pay,63.91,Success,2026-01-24 20:19:29,2026-02-06 20:19:29
902,902,Apple Pay,99.24,Success,2025-08-07 23:10:21,2025-08-29 23:10:21
903,903,Cash,72.78,Success,2026-01-11 22:31:16,2026-01-30 22:31:16
904,904,Cash,49.02,Success,2025-10-28 15:44:29,2025-11-25 15:44:29
905,905,Credit Card,29.53,Success,2025-08-14 10:51:02,2025-09-01 10:51:02
906,906,Apple Pay,89.97,Success,2026-02-16 09:58:22,2026-02-28 09:58:22
907,907,Cash,25.33,Success,2025-11-03 20:31:00,2025-11-05 20:31:00
908,908,Apple Pay,51.24,Success,2026-01-03 16:59:28,2026-01-07 16:59:28
909,909,Google Pay,57.73,Success,2026-07-13 09:49:56,2026-07-28 09:49:56
910,910,Credit Card,91.83,Success,2025-11-08 15:13:50,2025-11-11 15:13:50
911,911,Cash,36.2,Success,2025-11-24 06:28:37,2025-12-08 06:28:37
912,912,Cash,69.17,Success,2026-06-18 16:21:32,2026-07-15 16:21:32
913,913,Credit Card,61.84,Success,2026-04-02 08:53:37,2026-04-16 08:53:37
914,914,Debit Card,107.01,Success,2026-05-06 11:31:18,2026-05-10 11:31:18
915,915,Google Pay,25.0,Success,2026-05-09 03:56:36,2026-05-13 03:56:36
916,916,Debit Card,83.01,Success,2026-05-26 12:46:11,2026-06-09 12:46:11
917,917,Apple Pay,41.9,Success,2026-07-17 00:08:49,2026-08-06 00:08:49
918,918,Apple Pay,56.54,Success,2026-04-22 01:38:46,2026-04-28 01:38:46
919,919,Google Pay,53.48,Success,2026-05-20 11:48:40,2026-06-12 11:48:40
920,920,Debit Card,93.09,Success,2025-12-04 03:22:30,2025-12-10 03:22:30
921,921,Apple Pay,26.17,Success,2026-02-09 10:50:54,2026-03-11 10:50:54
922,922,Apple Pay,8.02,Success,2025-10-09 06:24:06,2025-10-16 06:24:06
923,923,Google Pay,85.42,Success,2026-04-10 10:13:52,2026-04-24 10:13:52
924,924,Debit Card,85.31,Success,2025-09-18 00:41:00,2025-09-28 00:41:00
925,925,Apple Pay,77.72,Success,2025-10-31 11:30:32,2025-11-19 11:30:32
926,926,Credit Card,71.5,Success,2026-03-01 02:24:46,2026-03-26 02:24:46
927,927,Credit Card,55.45,Success,2026-04-01 11:22:19,2026-04-03 11:22:19
928,928,Apple Pay,62.25,Success,2025-09-30 02:23:35,2025-10-18 02:23:35
929,929,Apple Pay,84.63,Success,2026-07-02 06:10:30,2026-07-08 06:10:30
930,930,Apple Pay,76.42,Success,2026-07-09 18:17:15,2026-07-13 18:17:15
931,931,Apple Pay,14.45,Success,2025-08-15 12:45:02,2025-09-03 12:45:02
932,932,Cash,41.58,Success,2025-07-21 18:46:39,2025-08-14 18:46:39
933,933,Credit Card,31.43,Success,2026-05-07 16:25:00,2026-05-10 16:25:00
934,934,Google Pay,31.62,Success,2025-10-21 13:34:08,2025-11-17 13:34:08
935,935,Debit Card,39.85,Success,2025-12-24 07:26:55,2026-01-15 07:26:55
936,936,Cash,13.83,Success,2026-05-22 22:36:48,2026-06-13 22:36:48
937,937,Cash,2.95,Success,2026-04-24 16:31:01,2026-04-27 16:31:01
938,938,Cash,91.84,Success,2025-11-19 02:46:49,2025-12-02 02:46:49
939,939,Apple Pay,60.43,Success,2026-06-25 20:26:13,2026-07-17 20:26:13
940,940,Cash,49.4,Success,2026-07-07 13:51:09,2026-07-09 13:51:09
941,941,Apple Pay,30.86,Success,2026-02-09 22:01:53,2026-03-02 22:01:53
942,942,Cash,94.38,Success,2026-04-26 23:58:57,2026-05-26 23:58:57
943,943,Google Pay,94.97,Success,2025-10-21 07:13:55,2025-11-01 07:13:55
944,944,Credit Card,70.39,Success,2025-12-09 18:12:03,2025-12-11 18:12:03
945,945,Cash,38.66,Success,2025-09-23 04:43:29,2025-10-05 04:43:29
946,946,Google Pay,4.44,Success,2026-04-23 18:23:16,2026-05-22 18:23:16
947,947,Google Pay,54.84,Success,2025-08-20 00:22:31,2025-09-17 00:22:31
948,948,Google Pay,51.69,Success,2026-02-07 15:48:39,2026-02-13 15:48:39
949,949,Debit Card,46.49,Success,2026-03-07 11:56:01,2026-04-04 11:56:01
950,950,Credit Card,54.09,Success,2026-05-27 09:22:58,2026-05-28 09:22:58
951,951,Cash,88.3,Success,2026-01-16 00:35:00,2026-02-09 00:35:00
952,952,Apple Pay,66.03,Success,2025-10-04 21:58:25,2025-10-25 21:58:25
953,953,Cash,83.13,Success,2025-07-27 17:49:22,2025-08-17 17:49:22
954,954,Cash,38.83,Success,2025-11-24 02:16:42,2025-12-03 02:16:42
955,955,Credit Card,32.68,Success,2025-08-10 03:59:58,2025-08-13 03:59:58
956,956,Credit Card,99.78,Success,2026-04-14 12:45:28,2026-04-21 12:45:28
957,957,Debit Card,33.03,Success,2026-02-04 19:26:49,2026-02-05 19:26:49
958,958,Google Pay,98.14,Success,2026-04-16 00:56:39,2026-05-01 00:56:39
959,959,Credit Card,14.52,Success,2025-10-30 19:34:51,2025-11-29 19:34:51
960,960,Credit Card,54.75,Success,2026-02-21 01:11:35,2026-03-02 01:11:35
961,961,Apple Pay,41.64,Success,2025-08-08 08:12:00,2025-08-25 08:12:00
962,962,Credit Card,134.02,Success,2025-08-27 01:12:40,2025-09-18 01:12:40
963,963,Credit Card,61.1,Success,2026-02-01 05:48:50,2026-02-27 05:48:50
964,964,Google Pay,14.02,Success,2025-10-11 15:23:02,2025-10-24 15:23:02
965,965,Credit Card,80.66,Success,2025-08-29 16:54:37,2025-09-01 16:54:37
966,966,Apple Pay,84.53,Success,2025-08-20 04:29:26,2025-08-24 04:29:26
967,967,Debit Card,58.63,Success,2025-09-02 12:49:43,2025-09-04 12:49:43
968,968,Apple Pay,72.34,Success,2026-03-18 20:36:01,2026-04-10 20:36:01
969,969,Google Pay,57.2,Success,2025-10-14 18:48:07,2025-10-22 18:48:07
970,970,Cash,31.62,Success,2025-10-04 15:36:16,2025-10-24 15:36:16
971,971,Google Pay,28.76,Success,2025-10-21 06:09:01,2025-10-22 06:09:01
972,972,Apple Pay,36.02,Success,2026-02-21 10:28:15,2026-03-15 10:28:15
973,973,Cash,33.81,Success,2026-04-22 20:03:51,2026-05-10 20:03:51
974,974,Debit Card,42.13,Success,2025-10-07 12:17:31,2025-10-21 12:17:31
975,975,Debit Card,107.8,Success,2025-08-24 09:59:03,2025-08-30 09:59:03
976,976,Credit Card,78.9,Success,2026-01-04 10:04:05,2026-01-22 10:04:05
977,977,Credit Card,7.35,Success,2026-04-02 22:13:09,2026-04-24 22:13:09
978,978,Debit Card,52.93,Success,2025-09-11 13:44:06,2025-09-15 13:44:06
979,979,Credit Card,83.32,Success,2025-08-05 00:24:43,2025-08-28 00:24:43
980,980,Credit Card,87.11,Success,2026-01-27 00:59:29,2026-02-24 00:59:29
981,981,Apple Pay,39.84,Success,2026-06-16 00:21:46,2026-07-13 00:21:46
982,982,Google Pay,43.94,Success,2026-06-21 18:33:05,2026-07-10 18:33:05
983,983,Apple Pay,55.46,Success,2026-04-19 09:59:59,2026-05-07 09:59:59
984,984,Cash,68.49,Success,2025-12-18 00:48:50,2026-01-04 00:48:50
985,985,Credit Card,34.96,Success,2025-09-13 10:04:52,2025-10-06 10:04:52
986,986,Apple Pay,72.83,Success,2026-04-03 11:02:23,2026-04-04 11:02:23
987,987,Debit Card,14.76,Success,2026-03-29 15:18:21,2026-04-07 15:18:21
988,988,Cash,58.13,Success,2025-10-08 17:17:34,2025-10-09 17:17:34
989,989,Google Pay,61.79,Success,2026-07-16 20:26:24,2026-08-08 20:26:24
990,990,Debit Card,14.59,Success,2026-04-28 01:43:27,2026-05-08 01:43:27
991,991,Cash,5.47,Success,2025-12-18 16:26:15,2026-01-13 16:26:15
992,992,Apple Pay,2.78,Success,2026-05-01 19:49:45,2026-05-28 19:49:45
993,993,Apple Pay,12.16,Success,2026-04-25 20:47:45,2026-05-09 20:47:45
994,994,Credit Card,91.38,Success,2026-06-16 03:12:31,2026-07-13 03:12:31
995,995,Apple Pay,124.98,Success,2025-10-17 00:47:56,2025-10-23 00:47:56
996,996,Debit Card,25.44,Success,2026-05-18 00:17:12,2026-05-24 00:17:12
997,997,Google Pay,54.51,Success,2025-07-22 01:34:13,2025-08-21 01:34:13
998,998,Google Pay,79.23,Success,2026-01-02 17:42:33,2026-01-14 17:42:33
999,999,Credit Card,42.06,Success,2025-08-22 05:29:05,2025-09-21 05:29:05
1000,1000,Apple Pay,28.92,Success,2026-04-06 05:03:28,2026-05-02 05:03:28
1001,1001,Credit Card,23.95,Success,2026-06-26 19:13:13,2026-06-28 19:13:13
1002,1002,Debit Card,56.73,Success,2026-07-06 06:43:24,2026-08-01 06:43:24
1003,1003,Apple Pay,126.93,Success,2026-02-07 02:04:27,2026-02-18 02:04:27
1004,1004,Credit Card,15.38,Success,2025-08-03 03:44:16,2025-08-21 03:44:16
1005,1005,Debit Card,36.31,Success,2025-11-16 08:56:48,2025-11-29 08:56:48
1006,1006,Credit Card,96.13,Success,2026-02-20 10:45:52,2026-03-20 10:45:52
1007,1007,Credit Card,43.89,Success,2025-10-26 10:35:40,2025-11-19 10:35:40
1008,1008,Google Pay,17.82,Success,2025-09-13 17:52:17,2025-09-21 17:52:17
1009,1009,Google Pay,59.95,Success,2025-12-04 15:27:10,2025-12-11 15:27:10
1010,1010,Google Pay,10.27,Success,2025-11-20 07:47:17,2025-11-21 07:47:17
1011,1011,Cash,90.76,Success,2025-08-06 07:07:53,2025-08-27 07:07:53
1012,1012,Credit Card,58.88,Success,2026-06-15 03:08:28,2026-06-28 03:08:28
1013,1013,Debit Card,68.32,Success,2025-11-01 19:11:29,2025-11-21 19:11:29
1014,1014,Google Pay,9.23,Success,2025-10-04 01:20:36,2025-10-12 01:20:36
1015,1015,Cash,52.04,Success,2026-01-05 00:11:46,2026-01-10 00:11:46
1016,1016,Credit Card,63.1,Success,2025-09-20 04:00:11,2025-10-08 04:00:11
1017,1017,Google Pay,30.04,Success,2025-12-29 11:08:23,2025-12-31 11:08:23
1018,1018,Debit Card,47.56,Success,2025-11-14 10:00:01,2025-11-30 10:00:01
1019,1019,Credit Card,22.48,Success,2025-11-06 01:27:52,2025-11-09 01:27:52
1020,1020,Apple Pay,43.83,Success,2025-12-23 14:36:21,2026-01-21 14:36:21
1021,1021,Cash,51.59,Success,2026-02-20 08:53:02,2026-03-20 08:53:02
1022,1022,Apple Pay,64.58,Success,2025-08-10 13:23:49,2025-09-09 13:23:49
1023,1023,Debit Card,85.05,Success,2026-03-14 22:32:49,2026-03-23 22:32:49
1024,1024,Debit Card,29.06,Success,2026-07-01 12:09:24,2026-07-18 12:09:24
1025,1025,Cash,61.62,Success,2025-12-12 20:56:16,2026-01-05 20:56:16
1026,1026,Debit Card,48.65,Success,2026-07-11 16:23:43,2026-08-08 16:23:43
1027,1027,Cash,41.53,Success,2026-04-16 00:53:32,2026-04-20 00:53:32
1028,1028,Credit Card,78.67,Success,2026-01-20 17:04:13,2026-02-11 17:04:13
1029,1029,Cash,103.67,Success,2025-12-08 16:21:28,2026-01-03 16:21:28
1030,1030,Google Pay,18.39,Success,2026-05-29 15:30:34,2026-06-19 15:30:34
1031,1031,Debit Card,89.68,Success,2026-06-19 04:09:40,2026-06-25 04:09:40
1032,1032,Google Pay,95.44,Success,2026-05-31 23:12:47,2026-06-06 23:12:47
1033,1033,Cash,113.36,Success,2026-04-20 05:05:04,2026-05-16 05:05:04
1034,1034,Credit Card,14.12,Success,2026-01-20 03:59:16,2026-02-12 03:59:16
1035,1035,Apple Pay,58.07,Success,2025-08-20 04:03:59,2025-09-19 04:03:59
1036,1036,Cash,44.74,Success,2025-09-28 12:19:49,2025-10-17 12:19:49
1037,1037,Debit Card,81.52,Success,2025-08-17 03:09:06,2025-08-22 03:09:06
1038,1038,Google Pay,59.15,Success,2026-01-23 05:53:11,2026-02-08 05:53:11
1039,1039,Cash,68.23,Success,2026-04-14 15:31:47,2026-05-11 15:31:47
1040,1040,Apple Pay,34.93,Success,2026-05-10 15:01:15,2026-05-13 15:01:15
1041,1041,Debit Card,59.57,Success,2026-05-08 23:58:33,2026-06-01 23:58:33
1042,1042,Debit Card,59.85,Success,2025-07-31 19:12:44,2025-08-12 19:12:44
1043,1043,Google Pay,68.49,Success,2025-08-07 02:46:30,2025-08-11 02:46:30
1044,1044,Debit Card,88.83,Success,2026-04-03 22:38:15,2026-04-09 22:38:15
1045,1045,Credit Card,21.72,Success,2025-11-30 02:01:05,2025-12-23 02:01:05
1046,1046,Debit Card,10.19,Success,2026-03-14 11:06:58,2026-03-23 11:06:58
1047,1047,Apple Pay,53.71,Success,2025-12-20 09:09:40,2026-01-13 09:09:40
1048,1048,Cash,59.33,Success,2026-01-20 05:57:38,2026-01-23 05:57:38
1049,1049,Debit Card,31.95,Success,2026-03-26 06:02:01,2026-03-28 06:02:01
1050,1050,Credit Card,127.59,Success,2025-12-07 08:46:27,2025-12-25 08:46:27
1051,1051,Credit Card,42.66,Success,2026-05-29 10:27:26,2026-06-24 10:27:26
1052,1052,Google Pay,16.61,Success,2026-05-05 04:08:25,2026-05-06 04:08:25
1053,1053,Apple Pay,69.01,Success,2026-06-10 11:07:48,2026-07-10 11:07:48
1054,1054,Debit Card,27.66,Success,2026-02-14 11:39:09,2026-02-25 11:39:09
1055,1055,Google Pay,35.94,Success,2026-06-25 19:01:37,2026-07-18 19:01:37
1056,1056,Apple Pay,19.1,Success,2026-06-29 04:23:00,2026-07-27 04:23:00
1057,1057,Debit Card,31.39,Success,2026-04-25 21:28:39,2026-05-04 21:28:39
1058,1058,Credit Card,7.03,Success,2026-01-27 14:49:34,2026-02-25 14:49:34
1059,1059,Apple Pay,57.8,Success,2026-04-25 21:51:20,2026-04-27 21:51:20
1060,1060,Apple Pay,14.89,Success,2026-07-03 01:54:56,2026-07-15 01:54:56
1061,1061,Cash,68.69,Success,2025-12-28 06:17:14,2026-01-16 06:17:14
1062,1062,Cash,51.41,Success,2025-10-05 21:13:25,2025-10-21 21:13:25
1063,1063,Apple Pay,81.31,Success,2025-10-06 18:04:52,2025-10-30 18:04:52
1064,1064,Apple Pay,43.13,Success,2025-08-31 06:15:49,2025-09-27 06:15:49
1065,1065,Debit Card,44.83,Success,2025-08-08 04:51:57,2025-08-28 04:51:57
1066,1066,Cash,47.56,Success,2025-11-26 19:29:55,2025-12-19 19:29:55
1067,1067,Google Pay,58.09,Success,2025-10-21 13:05:21,2025-11-14 13:05:21
1068,1068,Google Pay,44.82,Success,2026-04-13 23:35:48,2026-05-08 23:35:48
1069,1069,Credit Card,96.95,Success,2025-09-01 12:51:08,2025-09-25 12:51:08
1070,1070,Debit Card,43.17,Success,2026-03-01 19:50:49,2026-03-31 19:50:49
1071,1071,Debit Card,42.57,Success,2026-02-12 08:52:38,2026-02-28 08:52:38
1072,1072,Debit Card,8.91,Success,2025-08-13 16:16:46,2025-09-05 16:16:46
1073,1073,Credit Card,92.2,Success,2026-04-02 09:05:35,2026-04-15 09:05:35
1074,1074,Credit Card,103.21,Success,2025-11-29 17:29:38,2025-12-12 17:29:38
1075,1075,Debit Card,88.11,Success,2025-12-31 13:42:27,2026-01-27 13:42:27
1076,1076,Credit Card,89.5,Success,2026-05-27 23:01:37,2026-06-01 23:01:37
1077,1077,Cash,84.67,Success,2025-08-10 17:30:03,2025-08-13 17:30:03
1078,1078,Debit Card,17.47,Success,2026-04-18 10:47:54,2026-05-02 10:47:54
1079,1079,Credit Card,37.41,Success,2026-03-09 13:50:06,2026-03-10 13:50:06
1080,1080,Debit Card,107.06,Success,2026-04-08 16:32:14,2026-04-09 16:32:14
1081,1081,Debit Card,17.05,Success,2026-03-13 03:17:57,2026-04-09 03:17:57
1082,1082,Credit Card,127.3,Success,2026-05-30 09:51:56,2026-06-24 09:51:56
1083,1083,Credit Card,114.47,Success,2025-08-02 04:18:44,2025-08-12 04:18:44
1084,1084,Credit Card,21.67,Success,2026-04-12 01:55:28,2026-05-09 01:55:28
1085,1085,Debit Card,3.19,Success,2026-07-03 08:14:56,2026-07-21 08:14:56
1086,1086,Credit Card,56.61,Success,2025-07-25 17:33:16,2025-08-20 17:33:16
1087,1087,Debit Card,43.53,Success,2026-05-28 13:13:45,2026-05-31 13:13:45
1088,1088,Google Pay,40.04,Success,2025-09-17 13:04:10,2025-10-07 13:04:10
1089,1089,Debit Card,45.56,Success,2026-03-05 11:24:35,2026-03-07 11:24:35
1090,1090,Debit Card,21.4,Success,2025-11-25 15:51:10,2025-11-28 15:51:10
1091,1091,Google Pay,91.64,Success,2025-08-30 05:07:14,2025-09-14 05:07:14
1092,1092,Google Pay,50.0,Success,2026-01-06 06:09:34,2026-01-24 06:09:34
1093,1093,Apple Pay,72.28,Success,2026-01-26 07:47:54,2026-02-22 07:47:54
1094,1094,Google Pay,20.94,Success,2026-01-25 07:18:52,2026-02-09 07:18:52
1095,1095,Credit Card,4.39,Success,2026-02-24 22:57:54,2026-03-03 22:57:54
1096,1096,Cash,70.49,Success,2026-05-08 11:16:09,2026-05-13 11:16:09
1097,1097,Google Pay,19.24,Success,2026-03-06 20:49:16,2026-03-22 20:49:16
1098,1098,Google Pay,121.05,Success,2025-12-05 16:03:25,2026-01-03 16:03:25
1099,1099,Google Pay,89.07,Success,2025-11-28 04:24:11,2025-11-29 04:24:11
1100,1100,Apple Pay,106.52,Success,2026-01-09 12:32:45,2026-02-05 12:32:45
1101,1101,Google Pay,8.7,Success,2025-08-11 09:56:14,2025-08-25 09:56:14
1102,1102,Debit Card,7.29,Success,2025-12-12 22:21:54,2026-01-04 22:21:54
1103,1103,Apple Pay,22.7,Success,2026-06-06 11:32:17,2026-06-30 11:32:17
1104,1104,Google Pay,11.78,Success,2026-02-09 00:19:35,2026-03-10 00:19:35
1105,1105,Google Pay,66.92,Success,2026-06-17 18:36:53,2026-07-13 18:36:53
1106,1106,Debit Card,24.99,Success,2025-09-24 04:09:10,2025-10-06 04:09:10
1107,1107,Google Pay,32.01,Success,2026-01-01 02:30:17,2026-01-21 02:30:17
1108,1108,Debit Card,74.86,Success,2026-02-15 05:57:23,2026-03-17 05:57:23
1109,1109,Cash,48.52,Success,2026-03-21 04:58:02,2026-04-18 04:58:02
1110,1110,Credit Card,62.69,Success,2026-04-06 01:45:26,2026-04-14 01:45:26
1111,1111,Apple Pay,62.01,Success,2025-12-08 05:18:49,2025-12-29 05:18:49
1112,1112,Cash,42.4,Success,2025-10-10 20:51:08,2025-10-28 20:51:08
1113,1113,Credit Card,14.0,Success,2025-08-25 11:39:15,2025-09-20 11:39:15
1114,1114,Cash,89.1,Success,2025-11-25 06:49:39,2025-12-04 06:49:39
1115,1115,Debit Card,13.24,Success,2025-12-11 18:22:03,2026-01-02 18:22:03
1116,1116,Debit Card,4.99,Success,2026-01-07 20:16:57,2026-01-16 20:16:57
1117,1117,Credit Card,11.61,Success,2025-09-03 13:36:10,2025-09-09 13:36:10
1118,1118,Google Pay,55.01,Success,2025-10-24 15:10:15,2025-11-14 15:10:15
1119,1119,Cash,52.31,Success,2026-06-16 12:33:01,2026-07-12 12:33:01
1120,1120,Credit Card,62.54,Success,2025-10-29 03:37:02,2025-10-30 03:37:02
1121,1121,Google Pay,60.73,Success,2025-07-25 15:21:28,2025-08-14 15:21:28
1122,1122,Credit Card,19.94,Success,2026-03-01 18:31:41,2026-03-16 18:31:41
1123,1123,Credit Card,87.78,Success,2026-01-10 05:36:01,2026-02-08 05:36:01
1124,1124,Apple Pay,10.41,Success,2026-03-08 00:25:34,2026-03-17 00:25:34
1125,1125,Cash,39.44,Success,2026-04-11 05:39:32,2026-04-19 05:39:32
1126,1126,Cash,19.97,Success,2025-08-17 22:15:15,2025-09-06 22:15:15
1127,1127,Apple Pay,103.31,Success,2025-11-04 19:42:34,2025-11-14 19:42:34
1128,1128,Credit Card,100.13,Success,2026-03-03 05:47:50,2026-03-21 05:47:50
1129,1129,Debit Card,83.93,Success,2026-04-11 21:33:11,2026-05-08 21:33:11
1130,1130,Cash,46.99,Success,2025-11-27 22:03:20,2025-12-13 22:03:20
1131,1131,Apple Pay,82.21,Success,2026-07-03 16:53:16,2026-07-14 16:53:16
1132,1132,Google Pay,32.2,Success,2025-08-12 19:04:54,2025-09-06 19:04:54
1133,1133,Credit Card,60.77,Success,2025-12-31 05:09:07,2026-01-24 05:09:07
1134,1134,Apple Pay,25.44,Success,2026-04-26 18:40:51,2026-05-14 18:40:51
1135,1135,Cash,14.89,Success,2025-10-07 11:19:25,2025-10-14 11:19:25
1136,1136,Cash,12.54,Success,2026-07-17 06:11:35,2026-08-02 06:11:35
1137,1137,Credit Card,24.26,Success,2025-11-25 09:58:27,2025-12-21 09:58:27
1138,1138,Credit Card,18.7,Success,2026-01-25 02:23:37,2026-02-22 02:23:37
1139,1139,Apple Pay,48.45,Success,2025-07-27 22:14:26,2025-08-01 22:14:26
1140,1140,Google Pay,57.21,Success,2026-05-14 17:19:55,2026-05-31 17:19:55
1141,1141,Apple Pay,69.36,Success,2026-01-05 10:18:51,2026-01-14 10:18:51
1142,1142,Apple Pay,29.57,Success,2025-07-28 12:06:09,2025-08-16 12:06:09
1143,1143,Credit Card,16.36,Success,2026-02-03 13:39:17,2026-02-17 13:39:17
1144,1144,Credit Card,22.34,Success,2025-11-06 16:47:24,2025-12-02 16:47:24
1145,1145,Credit Card,52.33,Success,2025-10-31 07:04:34,2025-11-13 07:04:34
1146,1146,Google Pay,33.31,Success,2025-12-13 07:26:07,2025-12-17 07:26:07
1147,1147,Credit Card,50.44,Success,2025-12-04 03:38:52,2025-12-20 03:38:52
1148,1148,Cash,38.45,Success,2025-07-23 04:54:01,2025-08-21 04:54:01
1149,1149,Cash,76.44,Success,2026-03-11 06:24:03,2026-03-15 06:24:03
1150,1150,Apple Pay,90.24,Success,2026-06-13 16:15:17,2026-06-23 16:15:17
1151,1151,Debit Card,3.64,Success,2026-03-09 14:56:12,2026-03-17 14:56:12
1152,1152,Apple Pay,47.76,Success,2025-10-06 07:55:51,2025-10-29 07:55:51
1153,1153,Credit Card,80.49,Success,2026-02-15 00:10:43,2026-03-15 00:10:43
1154,1154,Credit Card,68.21,Success,2025-11-30 14:02:05,2025-12-04 14:02:05
1155,1155,Cash,69.23,Success,2025-10-04 17:23:43,2025-10-30 17:23:43
1156,1156,Cash,43.22,Success,2025-07-30 08:21:40,2025-08-05 08:21:40
1157,1157,Debit Card,42.59,Success,2025-12-12 18:03:21,2025-12-21 18:03:21
1158,1158,Apple Pay,87.71,Success,2026-05-08 14:12:42,2026-05-12 14:12:42
1159,1159,Debit Card,37.04,Success,2025-08-23 06:09:38,2025-08-25 06:09:38
1160,1160,Cash,48.2,Success,2025-12-18 08:55:47,2026-01-14 08:55:47
1161,1161,Debit Card,87.38,Success,2026-05-08 19:48:43,2026-05-31 19:48:43
1162,1162,Credit Card,29.22,Success,2026-06-25 18:53:19,2026-07-20 18:53:19
1163,1163,Apple Pay,85.58,Success,2026-06-28 23:41:55,2026-07-10 23:41:55
1164,1164,Cash,58.1,Success,2026-03-23 00:00:32,2026-04-10 00:00:32
1165,1165,Google Pay,12.96,Success,2025-10-07 16:05:56,2025-10-14 16:05:56
1166,1166,Cash,75.26,Success,2026-06-24 20:30:54,2026-07-01 20:30:54
1167,1167,Google Pay,37.08,Success,2025-11-06 19:37:03,2025-12-06 19:37:03
1168,1168,Credit Card,23.1,Success,2026-04-02 06:48:18,2026-04-10 06:48:18
1169,1169,Debit Card,4.49,Success,2026-07-20 13:11:10,2026-07-23 13:11:10
1170,1170,Google Pay,111.33,Success,2025-08-17 00:07:56,2025-08-29 00:07:56
1171,1171,Debit Card,19.53,Success,2026-06-23 01:16:53,2026-06-28 01:16:53
1172,1172,Debit Card,48.72,Success,2025-09-23 13:54:32,2025-10-02 13:54:32
1173,1173,Google Pay,105.99,Success,2025-09-02 21:09:09,2025-09-10 21:09:09
1174,1174,Cash,60.85,Success,2026-01-22 22:24:58,2026-01-26 22:24:58
1175,1175,Google Pay,8.66,Success,2026-07-03 03:39:46,2026-07-19 03:39:46
1176,1176,Google Pay,31.02,Success,2026-02-17 15:30:16,2026-03-15 15:30:16
1177,1177,Apple Pay,15.84,Success,2025-11-05 03:15:39,2025-12-01 03:15:39
1178,1178,Apple Pay,60.51,Success,2026-01-31 10:56:03,2026-02-26 10:56:03
1179,1179,Credit Card,57.34,Success,2025-10-09 12:26:32,2025-10-19 12:26:32
1180,1180,Google Pay,25.83,Success,2026-05-19 14:21:25,2026-06-04 14:21:25
1181,1181,Google Pay,11.11,Success,2025-10-09 15:52:18,2025-10-26 15:52:18
1182,1182,Cash,18.35,Success,2025-12-08 23:34:11,2025-12-13 23:34:11
1183,1183,Credit Card,22.2,Success,2026-01-26 19:27:03,2026-02-19 19:27:03
1184,1184,Google Pay,19.37,Success,2025-12-07 01:05:13,2025-12-21 01:05:13
1185,1185,Apple Pay,99.48,Success,2026-05-07 10:59:49,2026-05-17 10:59:49
1186,1186,Cash,43.97,Success,2025-09-01 14:53:16,2025-09-25 14:53:16
1187,1187,Google Pay,7.49,Success,2025-09-16 19:55:22,2025-10-14 19:55:22
1188,1188,Google Pay,7.07,Success,2026-01-29 23:14:38,2026-02-07 23:14:38
1189,1189,Debit Card,65.46,Success,2025-12-03 01:03:29,2025-12-12 01:03:29
1190,1190,Apple Pay,49.3,Success,2025-10-30 02:28:19,2025-11-29 02:28:19
1191,1191,Apple Pay,51.81,Success,2025-10-10 19:46:52,2025-10-20 19:46:52
1192,1192,Cash,136.41,Success,2026-03-27 08:27:31,2026-04-26 08:27:31
1193,1193,Credit Card,129.64,Success,2025-09-22 16:20:22,2025-10-06 16:20:22
1194,1194,Google Pay,46.43,Success,2025-07-31 17:14:05,2025-08-20 17:14:05
1195,1195,Cash,53.95,Success,2026-03-02 18:47:05,2026-03-07 18:47:05
1196,1196,Debit Card,122.65,Success,2025-12-11 10:33:19,2025-12-17 10:33:19
1197,1197,Debit Card,92.29,Success,2026-05-13 16:50:37,2026-05-26 16:50:37
1198,1198,Debit Card,41.35,Success,2025-10-10 14:26:37,2025-10-11 14:26:37
1199,1199,Credit Card,59.56,Success,2026-05-17 03:19:05,2026-05-20 03:19:05
1200,1200,Google Pay,9.79,Success,2025-10-19 21:09:12,2025-11-04 21:09:12
1201,1201,Credit Card,41.2,Success,2025-11-02 00:25:15,2025-11-23 00:25:15
1202,1202,Google Pay,27.71,Success,2026-06-18 17:40:33,2026-07-06 17:40:33
1203,1203,Credit Card,68.04,Success,2026-03-01 12:10:37,2026-03-31 12:10:37
1204,1204,Credit Card,53.39,Success,2026-04-27 16:05:30,2026-05-20 16:05:30
1205,1205,Cash,10.06,Success,2025-11-24 17:28:18,2025-12-08 17:28:18
1206,1206,Apple Pay,43.0,Success,2025-11-18 03:26:17,2025-12-17 03:26:17
1207,1207,Debit Card,93.32,Success,2026-02-15 20:20:25,2026-03-05 20:20:25
1208,1208,Credit Card,56.26,Success,2026-02-26 21:17:55,2026-03-12 21:17:55
1209,1209,Credit Card,16.31,Success,2026-07-19 07:21:15,2026-08-06 07:21:15
1210,1210,Credit Card,21.03,Success,2025-09-29 10:58:13,2025-10-18 10:58:13
1211,1211,Debit Card,4.26,Success,2025-07-31 19:47:14,2025-08-27 19:47:14
1212,1212,Cash,53.77,Success,2025-08-23 21:42:48,2025-08-25 21:42:48
1213,1213,Google Pay,45.22,Success,2026-02-24 03:47:18,2026-03-07 03:47:18
1214,1214,Credit Card,41.14,Success,2025-11-11 07:28:17,2025-12-07 07:28:17
1215,1215,Credit Card,133.91,Success,2026-02-03 14:26:23,2026-02-20 14:26:23
1216,1216,Credit Card,9.3,Success,2025-07-27 19:33:57,2025-08-06 19:33:57
1217,1217,Apple Pay,47.22,Success,2026-04-25 03:53:42,2026-05-03 03:53:42
1218,1218,Credit Card,85.7,Success,2025-08-07 00:58:04,2025-08-15 00:58:04
1219,1219,Google Pay,57.63,Success,2026-03-29 01:31:53,2026-04-24 01:31:53
1220,1220,Cash,46.46,Success,2025-10-03 18:24:55,2025-10-22 18:24:55
1221,1221,Cash,89.77,Success,2026-01-20 00:12:10,2026-01-23 00:12:10
1222,1222,Debit Card,37.26,Success,2026-01-25 22:52:10,2026-01-31 22:52:10
1223,1223,Google Pay,95.81,Success,2026-06-18 21:49:52,2026-06-29 21:49:52
1224,1224,Apple Pay,56.51,Success,2026-03-06 21:15:53,2026-04-03 21:15:53
1225,1225,Debit Card,83.12,Success,2026-04-08 07:53:38,2026-04-22 07:53:38
1226,1226,Credit Card,91.95,Success,2025-10-15 03:26:10,2025-11-11 03:26:10
1227,1227,Debit Card,38.92,Success,2026-01-17 18:30:01,2026-01-28 18:30:01
1228,1228,Credit Card,85.24,Success,2026-07-15 18:40:47,2026-07-31 18:40:47
1229,1229,Debit Card,2.92,Success,2025-08-24 06:55:54,2025-09-22 06:55:54
1230,1230,Credit Card,35.96,Success,2026-03-01 22:09:40,2026-03-29 22:09:40
1231,1231,Debit Card,84.1,Success,2026-03-12 07:51:30,2026-03-30 07:51:30
1232,1232,Credit Card,103.15,Success,2025-09-10 08:09:54,2025-09-18 08:09:54
1233,1233,Cash,35.95,Success,2025-08-18 20:43:38,2025-08-21 20:43:38
1234,1234,Debit Card,85.65,Success,2026-02-24 17:32:16,2026-03-11 17:32:16
1235,1235,Google Pay,35.72,Success,2026-05-07 09:34:19,2026-05-08 09:34:19
1236,1236,Google Pay,10.3,Success,2025-10-19 04:37:59,2025-10-22 04:37:59
1237,1237,Apple Pay,116.67,Success,2025-12-02 20:50:53,2025-12-30 20:50:53
1238,1238,Apple Pay,3.05,Success,2026-02-06 02:57:01,2026-02-28 02:57:01
1239,1239,Cash,76.47,Success,2026-04-13 14:14:04,2026-04-26 14:14:04
1240,1240,Debit Card,108.96,Success,2025-07-22 20:56:32,2025-08-20 20:56:32
1241,1241,Credit Card,32.34,Success,2026-01-21 20:41:54,2026-02-09 20:41:54
1242,1242,Apple Pay,87.51,Success,2025-09-27 13:11:41,2025-10-16 13:11:41
1243,1243,Apple Pay,68.86,Success,2026-02-10 16:38:17,2026-02-27 16:38:17
1244,1244,Cash,10.7,Success,2026-06-29 11:16:01,2026-07-23 11:16:01
1245,1245,Debit Card,47.94,Success,2025-08-10 06:11:52,2025-08-19 06:11:52
1246,1246,Cash,13.23,Success,2026-02-04 02:04:35,2026-02-15 02:04:35
1247,1247,Debit Card,61.75,Success,2026-02-01 19:11:56,2026-02-21 19:11:56
1248,1248,Cash,73.84,Success,2025-11-23 18:34:47,2025-12-06 18:34:47
1249,1249,Apple Pay,54.21,Success,2026-03-02 23:30:54,2026-03-09 23:30:54
1250,1250,Debit Card,70.03,Success,2025-07-26 19:14:46,2025-08-25 19:14:46
1251,1251,Credit Card,22.44,Success,2026-04-28 04:46:06,2026-05-06 04:46:06
1252,1252,Cash,28.28,Success,2026-06-06 14:28:32,2026-06-21 14:28:32
1253,1253,Apple Pay,83.89,Success,2025-11-13 11:46:00,2025-12-05 11:46:00
1254,1254,Debit Card,51.36,Success,2026-03-04 11:42:22,2026-03-12 11:42:22
1255,1255,Debit Card,91.03,Success,2025-08-16 12:05:16,2025-08-28 12:05:16
1256,1256,Credit Card,65.58,Success,2025-08-04 09:20:26,2025-08-08 09:20:26
1257,1257,Google Pay,83.17,Success,2025-10-02 15:48:51,2025-10-28 15:48:51
1258,1258,Google Pay,58.21,Success,2025-12-10 17:24:19,2025-12-20 17:24:19
1259,1259,Credit Card,6.44,Success,2026-01-14 06:13:27,2026-01-18 06:13:27
1260,1260,Debit Card,39.26,Success,2026-06-15 19:14:19,2026-07-04 19:14:19
1261,1261,Debit Card,4.04,Success,2025-10-26 09:16:16,2025-10-28 09:16:16
1262,1262,Google Pay,10.78,Success,2026-02-22 06:15:33,2026-02-26 06:15:33
1263,1263,Apple Pay,20.42,Success,2026-04-29 00:08:54,2026-05-23 00:08:54
1264,1264,Credit Card,94.57,Success,2026-01-14 13:52:58,2026-01-24 13:52:58
1265,1265,Cash,10.3,Success,2025-09-04 19:07:35,2025-09-18 19:07:35
1266,1266,Debit Card,12.88,Success,2026-01-08 23:01:23,2026-01-23 23:01:23
1267,1267,Apple Pay,25.53,Success,2026-01-02 17:33:58,2026-01-04 17:33:58
1268,1268,Debit Card,13.59,Success,2025-12-16 18:46:36,2026-01-06 18:46:36
1269,1269,Debit Card,2.81,Success,2026-03-18 10:43:00,2026-04-12 10:43:00
1270,1270,Cash,38.49,Success,2026-05-03 00:19:30,2026-05-06 00:19:30
1271,1271,Debit Card,7.06,Success,2026-03-20 10:49:53,2026-04-01 10:49:53
1272,1272,Cash,59.86,Success,2026-05-29 03:05:33,2026-06-10 03:05:33
1273,1273,Apple Pay,35.99,Success,2026-04-28 07:05:22,2026-05-22 07:05:22
1274,1274,Debit Card,117.11,Success,2025-09-26 11:46:36,2025-10-01 11:46:36
1275,1275,Cash,3.41,Success,2026-06-25 03:55:36,2026-07-10 03:55:36
1276,1276,Apple Pay,65.97,Success,2026-07-11 18:22:21,2026-07-13 18:22:21
1277,1277,Google Pay,50.88,Success,2025-10-08 14:25:07,2025-10-24 14:25:07
1278,1278,Google Pay,56.23,Success,2026-03-28 02:00:23,2026-03-29 02:00:23
1279,1279,Credit Card,85.81,Success,2025-11-02 14:18:00,2025-11-23 14:18:00
1280,1280,Apple Pay,41.32,Success,2026-02-07 12:11:16,2026-02-11 12:11:16
1281,1281,Debit Card,89.97,Success,2026-02-22 20:05:58,2026-03-06 20:05:58
1282,1282,Credit Card,66.44,Success,2026-02-07 20:27:11,2026-02-19 20:27:11
1283,1283,Cash,19.89,Success,2025-07-23 04:16:18,2025-07-27 04:16:18
1284,1284,Cash,98.78,Success,2025-09-21 10:54:11,2025-10-11 10:54:11
1285,1285,Credit Card,63.04,Success,2025-07-28 19:18:40,2025-07-30 19:18:40
1286,1286,Google Pay,14.24,Success,2026-03-03 12:29:01,2026-03-23 12:29:01
1287,1287,Cash,104.16,Success,2026-07-08 00:02:08,2026-07-22 00:02:08
1288,1288,Google Pay,68.83,Success,2026-05-25 12:38:23,2026-06-03 12:38:23
1289,1289,Google Pay,48.03,Success,2026-01-05 02:10:26,2026-01-17 02:10:26
1290,1290,Cash,94.47,Success,2025-10-11 23:53:52,2025-10-31 23:53:52
1291,1291,Apple Pay,59.55,Success,2025-12-25 19:08:13,2026-01-18 19:08:13
1292,1292,Apple Pay,64.49,Success,2026-07-01 23:51:34,2026-07-16 23:51:34
1293,1293,Cash,32.12,Success,2026-05-02 18:18:03,2026-05-16 18:18:03
1294,1294,Debit Card,19.72,Success,2026-03-28 22:42:42,2026-04-05 22:42:42
1295,1295,Credit Card,28.75,Success,2026-05-06 21:35:07,2026-05-08 21:35:07
1296,1296,Cash,51.26,Success,2025-09-13 02:25:36,2025-09-18 02:25:36
1297,1297,Google Pay,4.82,Success,2025-09-05 21:13:34,2025-09-06 21:13:34
1298,1298,Credit Card,26.94,Success,2025-07-27 06:50:42,2025-08-17 06:50:42
1299,1299,Cash,96.53,Success,2025-12-23 08:50:32,2025-12-24 08:50:32
1300,1300,Apple Pay,30.23,Success,2026-01-09 07:52:47,2026-01-15 07:52:47
1301,1301,Cash,59.85,Success,2026-07-04 01:11:22,2026-07-10 01:11:22
1302,1302,Credit Card,21.96,Success,2026-04-30 04:06:13,2026-05-05 04:06:13
1303,1303,Apple Pay,9.96,Success,2026-03-26 22:36:01,2026-03-31 22:36:01
1304,1304,Credit Card,65.13,Success,2025-09-20 05:44:56,2025-10-09 05:44:56
1305,1305,Debit Card,58.79,Success,2026-03-09 03:01:45,2026-03-18 03:01:45
1306,1306,Debit Card,80.48,Success,2026-04-26 23:26:25,2026-04-27 23:26:25
1307,1307,Debit Card,11.34,Success,2026-04-22 09:59:48,2026-05-02 09:59:48
1308,1308,Google Pay,103.2,Success,2025-12-06 06:04:48,2025-12-24 06:04:48
1309,1309,Apple Pay,3.37,Success,2026-03-04 04:24:53,2026-03-19 04:24:53
1310,1310,Apple Pay,113.74,Success,2025-09-22 14:19:29,2025-09-29 14:19:29
1311,1311,Credit Card,45.32,Success,2026-05-16 18:12:31,2026-06-07 18:12:31
1312,1312,Apple Pay,40.61,Success,2025-12-13 12:09:03,2025-12-18 12:09:03
1313,1313,Credit Card,56.69,Success,2026-03-16 10:40:37,2026-04-08 10:40:37
1314,1314,Debit Card,90.61,Success,2026-04-19 09:57:25,2026-04-30 09:57:25
1315,1315,Credit Card,80.22,Success,2025-10-24 14:57:58,2025-11-14 14:57:58
1316,1316,Apple Pay,22.42,Success,2025-11-06 20:06:16,2025-11-30 20:06:16
1317,1317,Google Pay,84.32,Success,2026-07-11 02:09:32,2026-07-26 02:09:32
1318,1318,Cash,58.74,Success,2025-07-21 16:29:44,2025-08-09 16:29:44
1319,1319,Google Pay,41.56,Success,2025-12-04 00:04:11,2026-01-03 00:04:11
1320,1320,Cash,36.18,Success,2026-05-30 13:16:33,2026-06-06 13:16:33
1321,1321,Debit Card,2.65,Success,2026-06-16 07:05:47,2026-06-27 07:05:47
1322,1322,Cash,108.3,Success,2025-11-10 07:24:55,2025-12-08 07:24:55
1323,1323,Cash,111.76,Success,2026-06-04 15:06:45,2026-06-15 15:06:45
1324,1324,Google Pay,19.3,Success,2025-10-01 15:30:31,2025-10-12 15:30:31
1325,1325,Cash,36.91,Success,2026-02-22 16:14:12,2026-03-03 16:14:12
1326,1326,Cash,44.84,Success,2025-12-26 03:53:41,2026-01-03 03:53:41
1327,1327,Credit Card,19.52,Success,2026-06-20 13:01:36,2026-06-30 13:01:36
1328,1328,Google Pay,27.0,Success,2026-04-30 09:56:29,2026-05-16 09:56:29
1329,1329,Cash,99.81,Success,2025-11-21 18:26:25,2025-11-29 18:26:25
1330,1330,Google Pay,59.27,Success,2026-01-25 15:21:59,2026-02-11 15:21:59
1331,1331,Google Pay,93.27,Success,2026-01-17 09:59:38,2026-02-11 09:59:38
1332,1332,Credit Card,7.93,Success,2026-02-23 01:40:57,2026-03-09 01:40:57
1333,1333,Credit Card,42.63,Success,2026-06-18 21:22:19,2026-07-18 21:22:19
1334,1334,Cash,59.49,Success,2026-01-11 14:14:59,2026-02-04 14:14:59
1335,1335,Cash,67.38,Success,2025-10-01 20:40:05,2025-10-25 20:40:05
1336,1336,Google Pay,23.74,Success,2025-09-14 23:25:50,2025-10-12 23:25:50
1337,1337,Google Pay,10.05,Success,2026-03-12 09:19:44,2026-03-19 09:19:44
1338,1338,Apple Pay,16.09,Success,2025-10-24 06:17:46,2025-11-04 06:17:46
1339,1339,Google Pay,46.96,Success,2026-01-03 14:31:24,2026-01-25 14:31:24
1340,1340,Credit Card,89.07,Success,2025-11-20 23:07:17,2025-12-01 23:07:17
1341,1341,Credit Card,89.7,Success,2025-09-15 05:18:37,2025-10-02 05:18:37
1342,1342,Credit Card,47.29,Success,2026-03-07 11:16:53,2026-04-04 11:16:53
1343,1343,Debit Card,105.02,Success,2026-05-23 19:41:46,2026-06-11 19:41:46
1344,1344,Google Pay,94.36,Success,2025-09-09 19:37:17,2025-09-19 19:37:17
1345,1345,Cash,92.67,Success,2026-01-11 12:16:48,2026-01-23 12:16:48
1346,1346,Cash,40.71,Success,2026-05-11 23:09:02,2026-06-09 23:09:02
1347,1347,Google Pay,61.72,Success,2026-04-26 12:30:14,2026-05-09 12:30:14
1348,1348,Debit Card,27.34,Success,2025-10-01 10:07:38,2025-10-17 10:07:38
1349,1349,Cash,35.74,Success,2025-12-05 11:36:04,2025-12-21 11:36:04
1350,1350,Google Pay,93.9,Success,2026-03-07 08:48:46,2026-04-05 08:48:46
1351,1351,Google Pay,66.12,Success,2026-03-13 16:48:35,2026-03-31 16:48:35
1352,1352,Apple Pay,38.85,Success,2025-10-01 20:27:20,2025-10-19 20:27:20
1353,1353,Cash,60.87,Success,2026-03-25 21:12:33,2026-03-27 21:12:33
1354,1354,Credit Card,60.58,Success,2026-01-27 15:02:54,2026-02-23 15:02:54
1355,1355,Debit Card,70.81,Success,2025-12-22 23:27:58,2025-12-31 23:27:58
1356,1356,Credit Card,13.0,Success,2025-08-08 05:42:23,2025-08-14 05:42:23
1357,1357,Cash,26.63,Success,2026-03-02 16:24:03,2026-03-14 16:24:03
1358,1358,Apple Pay,17.31,Success,2025-08-25 02:31:51,2025-09-16 02:31:51
1359,1359,Credit Card,113.66,Success,2026-03-23 03:56:55,2026-04-22 03:56:55
1360,1360,Debit Card,71.33,Success,2025-09-08 12:19:49,2025-10-07 12:19:49
1361,1361,Cash,56.01,Success,2025-11-20 18:50:11,2025-11-21 18:50:11
1362,1362,Debit Card,79.31,Success,2026-01-22 03:32:02,2026-02-05 03:32:02
1363,1363,Debit Card,42.94,Success,2025-09-01 13:16:28,2025-09-14 13:16:28
1364,1364,Debit Card,70.9,Success,2025-10-30 15:10:19,2025-11-09 15:10:19
1365,1365,Debit Card,6.67,Success,2026-01-27 16:00:30,2026-02-25 16:00:30
1366,1366,Credit Card,34.79,Success,2025-10-27 07:47:48,2025-10-28 07:47:48
1367,1367,Cash,97.9,Success,2026-07-20 12:30:18,2026-07-30 12:30:18
1368,1368,Google Pay,56.88,Success,2026-01-13 16:47:31,2026-01-15 16:47:31
1369,1369,Apple Pay,10.43,Success,2026-07-08 23:30:46,2026-07-09 23:30:46
1370,1370,Cash,12.41,Success,2025-09-25 02:48:15,2025-10-02 02:48:15
1371,1371,Google Pay,52.88,Success,2026-03-15 03:57:52,2026-03-22 03:57:52
1372,1372,Google Pay,31.39,Success,2025-10-12 07:27:08,2025-10-26 07:27:08
1373,1373,Apple Pay,43.3,Success,2025-10-10 15:37:39,2025-11-09 15:37:39
1374,1374,Cash,65.13,Success,2026-03-17 22:08:18,2026-04-06 22:08:18
1375,1375,Apple Pay,41.43,Success,2025-09-15 14:19:27,2025-09-28 14:19:27
1376,1376,Cash,6.34,Success,2025-10-08 10:20:45,2025-11-01 10:20:45
1377,1377,Apple Pay,59.43,Success,2025-09-24 03:18:22,2025-10-09 03:18:22
1378,1378,Google Pay,86.15,Success,2025-10-22 23:51:34,2025-10-24 23:51:34
1379,1379,Cash,100.19,Success,2025-09-12 17:42:36,2025-09-23 17:42:36
1380,1380,Debit Card,49.89,Success,2026-07-17 02:25:44,2026-07-31 02:25:44
1381,1381,Debit Card,60.13,Success,2026-02-19 17:32:51,2026-02-26 17:32:51
1382,1382,Google Pay,6.22,Success,2026-04-11 23:04:36,2026-05-02 23:04:36
1383,1383,Credit Card,42.49,Success,2026-06-10 23:24:04,2026-07-03 23:24:04
1384,1384,Credit Card,17.07,Success,2025-08-02 15:01:57,2025-08-25 15:01:57
1385,1385,Google Pay,87.9,Success,2025-08-18 05:36:10,2025-08-22 05:36:10
1386,1386,Credit Card,26.91,Success,2025-08-27 20:11:11,2025-09-03 20:11:11
1387,1387,Apple Pay,84.17,Success,2026-05-08 18:30:31,2026-05-24 18:30:31
1388,1388,Google Pay,5.19,Success,2026-06-09 19:37:08,2026-06-10 19:37:08
1389,1389,Apple Pay,80.35,Success,2025-12-19 13:57:06,2026-01-12 13:57:06
1390,1390,Google Pay,9.54,Success,2025-12-26 23:13:33,2026-01-15 23:13:33
1391,1391,Credit Card,65.69,Success,2025-10-22 22:31:45,2025-11-19 22:31:45
1392,1392,Apple Pay,115.44,Success,2026-06-23 14:49:07,2026-07-11 14:49:07
1393,1393,Credit Card,34.71,Success,2025-11-07 14:52:56,2025-11-30 14:52:56
1394,1394,Apple Pay,94.12,Success,2025-08-28 15:02:34,2025-09-11 15:02:34
1395,1395,Google Pay,29.81,Success,2026-04-09 00:11:10,2026-04-19 00:11:10
1396,1396,Debit Card,22.6,Success,2026-02-04 21:55:46,2026-02-07 21:55:46
1397,1397,Cash,5.81,Success,2026-03-23 11:33:00,2026-03-25 11:33:00
1398,1398,Google Pay,62.58,Success,2025-07-29 21:42:04,2025-08-05 21:42:04
1399,1399,Google Pay,38.02,Success,2026-01-07 22:41:19,2026-01-10 22:41:19
1400,1400,Apple Pay,61.41,Success,2025-09-17 22:35:08,2025-09-22 22:35:08
1401,1401,Google Pay,109.8,Success,2025-07-24 16:37:43,2025-08-17 16:37:43
1402,1402,Credit Card,58.73,Success,2026-05-11 09:01:38,2026-06-08 09:01:38
1403,1403,Credit Card,106.55,Success,2026-02-01 15:59:58,2026-02-13 15:59:58
1404,1404,Debit Card,76.88,Success,2026-03-09 19:07:42,2026-03-29 19:07:42
1405,1405,Cash,51.51,Success,2026-07-01 05:28:43,2026-07-14 05:28:43
1406,1406,Google Pay,100.75,Success,2026-05-11 10:41:07,2026-05-31 10:41:07
1407,1407,Cash,63.65,Success,2025-11-23 13:11:51,2025-12-09 13:11:51
1408,1408,Google Pay,44.76,Success,2026-01-22 20:56:29,2026-02-20 20:56:29
1409,1409,Debit Card,88.54,Success,2026-06-08 07:05:15,2026-06-27 07:05:15
1410,1410,Debit Card,21.03,Success,2026-04-22 10:40:36,2026-05-20 10:40:36
1411,1411,Debit Card,95.14,Success,2025-10-08 05:22:54,2025-10-20 05:22:54
1412,1412,Credit Card,77.21,Success,2025-08-25 14:07:06,2025-08-28 14:07:06
1413,1413,Debit Card,24.29,Success,2026-05-25 21:49:04,2026-06-16 21:49:04
1414,1414,Google Pay,45.89,Success,2026-02-01 03:43:16,2026-02-11 03:43:16
1415,1415,Apple Pay,7.17,Success,2026-01-24 17:13:42,2026-01-29 17:13:42
1416,1416,Credit Card,46.99,Success,2025-11-15 15:19:22,2025-11-22 15:19:22
1417,1417,Debit Card,108.6,Success,2025-12-04 18:19:16,2025-12-06 18:19:16
1418,1418,Credit Card,13.22,Success,2026-06-10 22:31:07,2026-06-14 22:31:07
1419,1419,Debit Card,73.4,Success,2026-02-08 18:58:02,2026-02-21 18:58:02
1420,1420,Apple Pay,14.17,Success,2026-05-22 07:12:00,2026-05-24 07:12:00
1421,1421,Apple Pay,52.84,Success,2026-03-14 11:42:39,2026-03-22 11:42:39
1422,1422,Cash,22.21,Success,2025-09-28 10:01:51,2025-10-09 10:01:51
1423,1423,Cash,38.73,Success,2025-11-15 05:56:33,2025-11-27 05:56:33
1424,1424,Cash,85.02,Success,2026-05-03 21:41:39,2026-05-07 21:41:39
1425,1425,Credit Card,86.02,Success,2026-02-13 03:55:30,2026-03-12 03:55:30
1426,1426,Apple Pay,54.67,Success,2026-04-03 12:41:53,2026-05-03 12:41:53
1427,1427,Cash,87.04,Success,2026-06-16 12:53:15,2026-06-22 12:53:15
1428,1428,Apple Pay,37.1,Success,2025-12-19 02:04:03,2025-12-24 02:04:03
1429,1429,Cash,31.81,Success,2026-06-02 03:41:19,2026-06-10 03:41:19
1430,1430,Apple Pay,66.99,Success,2026-07-13 11:06:56,2026-07-29 11:06:56
1431,1431,Cash,37.79,Success,2026-04-07 11:10:10,2026-04-28 11:10:10
1432,1432,Credit Card,62.06,Success,2025-11-24 16:16:48,2025-11-25 16:16:48
1433,1433,Credit Card,35.01,Success,2025-10-15 20:01:15,2025-10-17 20:01:15
1434,1434,Apple Pay,69.95,Success,2026-04-19 03:35:52,2026-05-18 03:35:52
1435,1435,Google Pay,64.87,Success,2025-09-21 20:07:43,2025-09-25 20:07:43
1436,1436,Cash,2.79,Success,2026-06-24 19:09:57,2026-07-16 19:09:57
1437,1437,Apple Pay,52.53,Success,2026-04-24 22:57:21,2026-05-03 22:57:21
1438,1438,Google Pay,69.9,Success,2025-08-16 11:46:48,2025-08-28 11:46:48
1439,1439,Cash,34.15,Success,2025-12-10 03:58:12,2025-12-15 03:58:12
1440,1440,Debit Card,118.68,Success,2025-08-14 15:33:17,2025-08-30 15:33:17
1441,1441,Debit Card,12.96,Success,2025-10-05 17:53:02,2025-10-08 17:53:02
1442,1442,Apple Pay,70.88,Success,2026-03-01 16:12:15,2026-03-26 16:12:15
1443,1443,Credit Card,78.28,Success,2025-12-31 07:09:53,2026-01-01 07:09:53
1444,1444,Debit Card,54.09,Success,2026-01-23 07:07:29,2026-02-07 07:07:29
1445,1445,Cash,55.77,Success,2026-04-09 05:03:36,2026-04-23 05:03:36
1446,1446,Apple Pay,37.58,Success,2026-05-22 18:40:14,2026-05-30 18:40:14
1447,1447,Apple Pay,27.51,Success,2025-11-26 12:31:01,2025-12-03 12:31:01
1448,1448,Debit Card,123.6,Success,2026-05-03 20:53:50,2026-05-31 20:53:50
1449,1449,Google Pay,75.14,Success,2025-11-27 00:04:19,2025-12-15 00:04:19
1450,1450,Credit Card,38.91,Success,2025-10-11 18:10:41,2025-10-31 18:10:41
1451,1451,Credit Card,101.78,Success,2026-04-23 18:21:24,2026-05-18 18:21:24
1452,1452,Credit Card,101.46,Success,2026-02-27 16:46:45,2026-03-05 16:46:45
1453,1453,Debit Card,41.55,Success,2025-11-12 00:06:31,2025-11-13 00:06:31
1454,1454,Debit Card,40.72,Success,2025-09-29 18:32:37,2025-10-14 18:32:37
1455,1455,Apple Pay,62.38,Success,2025-08-15 22:16:14,2025-09-10 22:16:14
1456,1456,Apple Pay,88.69,Success,2025-11-16 15:03:07,2025-11-29 15:03:07
1457,1457,Cash,93.07,Success,2026-02-14 10:08:46,2026-03-08 10:08:46
1458,1458,Cash,7.07,Success,2026-04-21 18:02:34,2026-05-16 18:02:34
1459,1459,Google Pay,44.85,Success,2026-03-07 17:58:51,2026-03-23 17:58:51
1460,1460,Cash,14.32,Success,2025-08-05 14:45:55,2025-08-09 14:45:55
1461,1461,Debit Card,92.67,Success,2026-05-15 09:55:35,2026-06-08 09:55:35
1462,1462,Cash,77.44,Success,2026-02-06 09:27:17,2026-02-23 09:27:17
1463,1463,Debit Card,37.3,Success,2026-03-17 04:51:30,2026-03-20 04:51:30
1464,1464,Debit Card,122.4,Success,2026-02-05 10:28:24,2026-03-03 10:28:24
1465,1465,Cash,43.61,Success,2026-02-26 18:36:36,2026-03-23 18:36:36
1466,1466,Credit Card,42.23,Success,2026-01-22 22:32:37,2026-02-14 22:32:37
1467,1467,Cash,112.11,Success,2025-09-10 12:47:35,2025-09-12 12:47:35
1468,1468,Apple Pay,68.93,Success,2026-06-15 23:55:36,2026-07-03 23:55:36
1469,1469,Credit Card,126.97,Success,2025-09-19 16:12:45,2025-09-26 16:12:45
1470,1470,Apple Pay,25.02,Success,2026-03-06 12:02:15,2026-03-10 12:02:15
1471,1471,Credit Card,33.43,Success,2025-08-31 14:41:45,2025-09-21 14:41:45
1472,1472,Google Pay,93.76,Success,2026-01-30 21:55:57,2026-02-09 21:55:57
1473,1473,Google Pay,30.07,Success,2026-04-12 04:29:34,2026-05-03 04:29:34
1474,1474,Google Pay,63.45,Success,2025-09-09 17:50:30,2025-09-30 17:50:30
1475,1475,Debit Card,33.88,Success,2025-09-13 21:12:47,2025-09-26 21:12:47
1476,1476,Google Pay,44.91,Success,2026-06-17 12:40:53,2026-07-10 12:40:53
1477,1477,Apple Pay,103.53,Success,2026-05-18 05:37:20,2026-06-16 05:37:20
1478,1478,Cash,4.11,Success,2026-06-02 18:08:56,2026-06-05 18:08:56
1479,1479,Cash,50.22,Success,2026-01-04 01:58:39,2026-01-25 01:58:39
1480,1480,Credit Card,125.21,Success,2026-06-07 07:57:52,2026-06-26 07:57:52
1481,1481,Debit Card,16.39,Success,2025-11-15 11:48:46,2025-12-13 11:48:46
1482,1482,Debit Card,3.71,Success,2026-05-04 04:34:26,2026-06-02 04:34:26
1483,1483,Google Pay,36.11,Success,2026-07-04 12:09:35,2026-08-03 12:09:35
1484,1484,Apple Pay,21.78,Success,2026-05-13 23:26:53,2026-05-15 23:26:53
1485,1485,Google Pay,18.24,Success,2026-07-15 07:41:15,2026-07-21 07:41:15
1486,1486,Debit Card,88.2,Success,2025-07-30 19:04:41,2025-08-29 19:04:41
1487,1487,Google Pay,44.35,Success,2026-03-26 02:40:50,2026-04-07 02:40:50
1488,1488,Apple Pay,52.3,Success,2026-04-05 00:03:57,2026-04-07 00:03:57
1489,1489,Google Pay,22.27,Success,2025-08-19 15:57:48,2025-09-03 15:57:48
1490,1490,Cash,20.84,Success,2025-09-25 10:57:31,2025-10-05 10:57:31
1491,1491,Apple Pay,93.42,Success,2026-02-03 14:18:19,2026-03-04 14:18:19
1492,1492,Cash,36.71,Success,2025-08-20 03:54:46,2025-09-02 03:54:46
1493,1493,Apple Pay,89.56,Success,2026-03-06 09:36:21,2026-03-15 09:36:21
1494,1494,Apple Pay,56.44,Success,2025-11-26 12:57:56,2025-12-24 12:57:56
1495,1495,Google Pay,24.55,Success,2026-04-22 12:07:33,2026-04-26 12:07:33
1496,1496,Credit Card,61.27,Success,2026-01-29 00:48:17,2026-02-01 00:48:17
1497,1497,Credit Card,61.99,Success,2025-10-23 06:52:51,2025-11-17 06:52:51
1498,1498,Debit Card,35.62,Success,2026-03-18 18:48:04,2026-04-14 18:48:04
1499,1499,Credit Card,94.07,Success,2025-12-06 15:20:10,2026-01-03 15:20:10
1500,1500,Credit Card,39.54,Success,2025-10-24 22:27:47,2025-11-05 22:27:47
1501,1501,Cash,86.84,Success,2025-11-26 19:27:51,2025-12-14 19:27:51
1502,1502,Credit Card,37.09,Success,2025-11-25 05:33:49,2025-12-01 05:33:49
1503,1503,Apple Pay,88.48,Success,2026-01-19 00:13:45,2026-02-14 00:13:45
1504,1504,Google Pay,81.98,Success,2025-11-12 12:30:59,2025-11-26 12:30:59
1505,1505,Credit Card,105.46,Success,2025-08-31 05:41:15,2025-09-17 05:41:15
1506,1506,Debit Card,47.0,Success,2026-05-09 13:08:36,2026-05-17 13:08:36
1507,1507,Debit Card,41.94,Success,2025-08-23 16:33:20,2025-09-04 16:33:20
1508,1508,Credit Card,93.23,Success,2025-10-29 03:12:26,2025-11-06 03:12:26
1509,1509,Cash,3.22,Success,2026-03-05 01:46:44,2026-03-28 01:46:44
1510,1510,Debit Card,53.84,Success,2026-03-03 02:33:23,2026-03-14 02:33:23
1511,1511,Google Pay,68.22,Success,2025-12-28 07:33:12,2026-01-19 07:33:12
1512,1512,Cash,22.08,Success,2025-08-08 22:24:16,2025-08-23 22:24:16
1513,1513,Debit Card,52.13,Success,2026-03-30 12:59:25,2026-04-02 12:59:25
1514,1514,Apple Pay,63.68,Success,2025-07-28 04:23:49,2025-08-15 04:23:49
1515,1515,Credit Card,17.53,Success,2025-10-02 07:08:04,2025-10-29 07:08:04
1516,1516,Debit Card,59.25,Success,2026-06-27 09:45:37,2026-07-24 09:45:37
1517,1517,Cash,115.11,Success,2025-10-30 02:21:15,2025-11-15 02:21:15
1518,1518,Apple Pay,2.16,Success,2025-08-22 03:07:32,2025-08-29 03:07:32
1519,1519,Google Pay,16.15,Success,2025-12-18 08:17:55,2025-12-22 08:17:55
1520,1520,Credit Card,49.87,Success,2025-09-14 23:50:09,2025-09-23 23:50:09
1521,1521,Debit Card,14.6,Success,2025-09-06 05:58:58,2025-09-21 05:58:58
1522,1522,Apple Pay,33.48,Success,2025-09-15 04:12:29,2025-09-24 04:12:29
1523,1523,Cash,129.74,Success,2025-08-29 09:52:01,2025-09-25 09:52:01
1524,1524,Credit Card,56.7,Success,2026-06-18 07:40:55,2026-07-03 07:40:55
1525,1525,Debit Card,49.05,Success,2026-03-25 05:19:32,2026-03-26 05:19:32
1526,1526,Apple Pay,34.02,Success,2025-07-26 12:18:38,2025-08-06 12:18:38
1527,1527,Google Pay,29.58,Success,2025-07-29 15:40:27,2025-08-13 15:40:27
1528,1528,Cash,22.98,Success,2025-12-09 09:45:04,2025-12-24 09:45:04
1529,1529,Credit Card,31.45,Success,2025-09-28 22:09:36,2025-10-25 22:09:36
1530,1530,Google Pay,57.71,Success,2025-07-29 14:55:26,2025-08-01 14:55:26
1531,1531,Apple Pay,106.83,Success,2025-12-16 16:34:32,2026-01-15 16:34:32
1532,1532,Cash,49.23,Success,2025-09-09 06:43:25,2025-09-30 06:43:25
1533,1533,Apple Pay,3.88,Success,2026-06-28 07:22:11,2026-07-03 07:22:11
1534,1534,Apple Pay,61.66,Success,2026-02-11 06:33:21,2026-02-20 06:33:21
1535,1535,Credit Card,42.01,Success,2026-07-18 12:57:16,2026-08-12 12:57:16
1536,1536,Apple Pay,78.98,Success,2025-11-17 16:36:14,2025-11-19 16:36:14
1537,1537,Apple Pay,66.2,Success,2025-08-05 12:49:49,2025-09-02 12:49:49
1538,1538,Cash,86.9,Success,2025-11-13 11:55:53,2025-11-29 11:55:53
1539,1539,Debit Card,83.05,Success,2025-11-28 02:47:20,2025-12-25 02:47:20
1540,1540,Google Pay,22.29,Success,2025-12-31 23:20:17,2026-01-26 23:20:17
1541,1541,Cash,50.74,Success,2026-06-24 06:21:20,2026-07-01 06:21:20
1542,1542,Google Pay,66.99,Success,2026-06-21 06:38:59,2026-07-04 06:38:59
1543,1543,Credit Card,13.58,Success,2025-11-10 19:42:43,2025-11-23 19:42:43
1544,1544,Cash,11.56,Success,2025-10-09 04:07:40,2025-11-07 04:07:40
1545,1545,Google Pay,79.95,Success,2025-10-14 19:14:15,2025-11-05 19:14:15
1546,1546,Cash,89.73,Success,2026-01-31 04:46:59,2026-02-09 04:46:59
1547,1547,Credit Card,31.25,Success,2026-05-17 23:07:58,2026-06-03 23:07:58
1548,1548,Debit Card,16.53,Success,2025-09-07 06:40:35,2025-09-24 06:40:35
1549,1549,Google Pay,51.8,Success,2026-05-16 13:13:17,2026-05-25 13:13:17
1550,1550,Credit Card,52.62,Success,2025-09-24 02:04:47,2025-10-19 02:04:47
1551,1551,Google Pay,26.78,Success,2026-05-25 04:39:55,2026-06-07 04:39:55
1552,1552,Google Pay,26.35,Success,2025-08-30 05:21:19,2025-09-18 05:21:19
1553,1553,Google Pay,13.83,Success,2025-09-29 21:29:20,2025-10-14 21:29:20
1554,1554,Google Pay,58.45,Success,2026-06-02 20:21:33,2026-06-28 20:21:33
1555,1555,Apple Pay,64.75,Success,2025-11-26 01:20:33,2025-12-07 01:20:33
1556,1556,Credit Card,49.53,Success,2026-06-29 00:25:39,2026-07-07 00:25:39
1557,1557,Credit Card,67.88,Success,2025-09-11 23:23:08,2025-09-29 23:23:08
1558,1558,Credit Card,72.13,Success,2025-09-20 07:31:13,2025-10-18 07:31:13
1559,1559,Apple Pay,72.22,Success,2025-09-09 06:10:30,2025-09-26 06:10:30
1560,1560,Cash,45.63,Success,2026-05-25 18:06:12,2026-06-09 18:06:12
1561,1561,Google Pay,125.63,Success,2026-06-29 12:29:31,2026-07-29 12:29:31
1562,1562,Apple Pay,25.89,Success,2026-06-23 13:13:08,2026-07-21 13:13:08
1563,1563,Credit Card,130.82,Success,2025-09-01 04:41:15,2025-09-15 04:41:15
1564,1564,Apple Pay,13.15,Success,2026-05-29 02:27:57,2026-06-14 02:27:57
1565,1565,Google Pay,95.79,Success,2026-02-02 08:25:22,2026-02-19 08:25:22
1566,1566,Apple Pay,22.04,Success,2025-08-08 06:14:11,2025-08-24 06:14:11
1567,1567,Google Pay,15.01,Success,2026-01-27 06:30:03,2026-02-07 06:30:03
1568,1568,Apple Pay,38.29,Success,2026-01-28 10:34:42,2026-02-15 10:34:42
1569,1569,Credit Card,93.95,Success,2025-10-21 08:25:44,2025-10-28 08:25:44
1570,1570,Cash,52.04,Success,2026-02-18 13:57:29,2026-02-23 13:57:29
1571,1571,Cash,102.7,Success,2026-02-09 12:45:16,2026-02-24 12:45:16
1572,1572,Cash,26.88,Success,2026-07-19 09:44:09,2026-08-14 09:44:09
1573,1573,Credit Card,26.22,Success,2026-04-14 22:25:13,2026-05-12 22:25:13
1574,1574,Cash,90.1,Success,2025-08-18 14:51:47,2025-09-17 14:51:47
1575,1575,Cash,11.99,Success,2026-03-25 08:35:52,2026-03-26 08:35:52
1576,1576,Google Pay,62.34,Success,2026-06-07 12:58:26,2026-07-03 12:58:26
1577,1577,Google Pay,8.06,Success,2026-04-04 05:39:19,2026-04-15 05:39:19
1578,1578,Credit Card,81.5,Success,2026-02-19 18:12:43,2026-03-09 18:12:43
1579,1579,Credit Card,107.63,Success,2025-09-13 19:13:02,2025-09-16 19:13:02
1580,1580,Apple Pay,38.5,Success,2025-08-06 00:13:54,2025-09-03 00:13:54
1581,1581,Apple Pay,65.45,Success,2026-01-20 03:27:33,2026-01-27 03:27:33
1582,1582,Google Pay,77.51,Success,2026-03-26 09:13:48,2026-03-28 09:13:48
1583,1583,Cash,48.76,Success,2026-06-14 20:25:57,2026-06-18 20:25:57
1584,1584,Google Pay,45.48,Success,2026-01-15 22:29:02,2026-02-13 22:29:02
1585,1585,Apple Pay,45.52,Success,2026-06-10 20:31:48,2026-06-25 20:31:48
1586,1586,Apple Pay,5.96,Success,2025-09-13 08:50:33,2025-10-05 08:50:33
1587,1587,Apple Pay,102.5,Success,2026-03-03 10:03:54,2026-03-22 10:03:54
1588,1588,Cash,85.19,Success,2026-06-19 06:31:04,2026-06-20 06:31:04
1589,1589,Debit Card,37.87,Success,2026-04-30 13:46:37,2026-05-04 13:46:37
1590,1590,Cash,59.54,Success,2025-11-08 17:23:22,2025-11-14 17:23:22
1591,1591,Google Pay,60.66,Success,2026-03-02 06:09:13,2026-03-09 06:09:13
1592,1592,Apple Pay,33.15,Success,2025-09-13 19:51:54,2025-10-02 19:51:54
1593,1593,Cash,31.21,Success,2026-07-20 16:00:08,2026-08-04 16:00:08
1594,1594,Debit Card,55.65,Success,2025-09-03 04:43:02,2025-09-30 04:43:02
1595,1595,Cash,70.87,Success,2026-04-26 11:32:39,2026-05-11 11:32:39
1596,1596,Credit Card,86.41,Success,2026-07-12 04:51:26,2026-07-16 04:51:26
1597,1597,Google Pay,17.13,Success,2025-09-23 12:07:43,2025-10-03 12:07:43
1598,1598,Credit Card,32.56,Success,2025-12-23 09:43:03,2026-01-13 09:43:03
1599,1599,Debit Card,33.73,Success,2025-10-24 02:18:29,2025-11-17 02:18:29
1600,1600,Credit Card,30.82,Success,2026-01-04 09:51:42,2026-01-10 09:51:42
1601,1601,Google Pay,88.65,Success,2026-04-06 16:28:43,2026-05-01 16:28:43
1602,1602,Google Pay,26.05,Success,2025-09-18 06:02:34,2025-10-08 06:02:34
1603,1603,Credit Card,35.76,Success,2026-03-25 00:14:42,2026-04-01 00:14:42
1604,1604,Credit Card,31.48,Success,2026-07-18 07:23:38,2026-08-16 07:23:38
1605,1605,Apple Pay,34.66,Success,2026-05-11 22:56:11,2026-05-24 22:56:11
1606,1606,Cash,80.28,Success,2025-08-15 23:55:06,2025-08-16 23:55:06
1607,1607,Apple Pay,107.03,Success,2026-05-12 10:22:05,2026-06-09 10:22:05
1608,1608,Apple Pay,32.09,Success,2025-11-16 01:36:22,2025-11-21 01:36:22
1609,1609,Debit Card,46.52,Success,2025-11-13 11:32:57,2025-11-18 11:32:57
1610,1610,Google Pay,62.65,Success,2026-03-16 18:31:12,2026-04-11 18:31:12
1611,1611,Debit Card,16.67,Success,2025-10-05 03:00:22,2025-10-20 03:00:22
1612,1612,Debit Card,104.84,Success,2026-04-12 20:01:48,2026-04-16 20:01:48
1613,1613,Google Pay,101.87,Success,2025-08-08 16:30:06,2025-08-26 16:30:06
1614,1614,Debit Card,36.13,Success,2026-03-10 08:29:55,2026-03-16 08:29:55
1615,1615,Debit Card,65.58,Success,2026-06-19 08:52:33,2026-07-04 08:52:33
1616,1616,Credit Card,49.28,Success,2025-10-08 10:00:46,2025-10-22 10:00:46
1617,1617,Apple Pay,16.47,Success,2026-05-21 14:47:39,2026-06-02 14:47:39
1618,1618,Google Pay,25.59,Success,2025-10-16 23:26:44,2025-11-06 23:26:44
1619,1619,Cash,13.04,Success,2026-03-22 11:52:48,2026-04-10 11:52:48
1620,1620,Debit Card,72.27,Success,2025-12-17 11:32:37,2025-12-18 11:32:37
1621,1621,Apple Pay,56.7,Success,2026-01-20 15:50:39,2026-01-31 15:50:39
1622,1622,Apple Pay,99.58,Success,2026-07-18 10:11:42,2026-08-12 10:11:42
1623,1623,Cash,55.53,Success,2026-01-22 15:40:13,2026-02-17 15:40:13
1624,1624,Google Pay,28.35,Success,2026-07-20 09:38:58,2026-08-14 09:38:58
1625,1625,Debit Card,28.58,Success,2026-03-14 14:04:33,2026-03-15 14:04:33
1626,1626,Google Pay,80.82,Success,2025-10-30 15:21:33,2025-11-26 15:21:33
1627,1627,Google Pay,31.06,Success,2026-02-20 18:20:19,2026-03-01 18:20:19
1628,1628,Credit Card,42.79,Success,2025-10-01 19:48:34,2025-10-29 19:48:34
1629,1629,Credit Card,125.28,Success,2026-01-20 14:25:49,2026-01-29 14:25:49
1630,1630,Apple Pay,115.95,Success,2026-07-11 20:27:46,2026-07-27 20:27:46
1631,1631,Google Pay,103.06,Success,2026-01-04 19:29:09,2026-01-14 19:29:09
1632,1632,Apple Pay,102.53,Success,2025-10-29 23:37:01,2025-11-22 23:37:01
1633,1633,Credit Card,102.66,Success,2025-12-02 11:33:58,2026-01-01 11:33:58
1634,1634,Credit Card,43.01,Success,2025-09-18 21:51:14,2025-10-02 21:51:14
1635,1635,Apple Pay,24.45,Success,2025-09-26 05:15:51,2025-10-19 05:15:51
1636,1636,Google Pay,91.47,Success,2026-01-28 20:51:38,2026-02-22 20:51:38
1637,1637,Credit Card,37.41,Success,2026-01-05 05:37:18,2026-01-14 05:37:18
1638,1638,Debit Card,33.13,Success,2026-06-22 14:09:47,2026-06-23 14:09:47
1639,1639,Google Pay,37.99,Success,2025-12-13 19:18:54,2026-01-12 19:18:54
1640,1640,Google Pay,49.31,Success,2026-07-01 00:03:09,2026-07-24 00:03:09
1641,1641,Debit Card,69.52,Success,2026-07-13 13:27:58,2026-08-01 13:27:58
1642,1642,Google Pay,10.35,Success,2026-02-20 11:46:45,2026-03-22 11:46:45
1643,1643,Credit Card,46.06,Success,2025-12-23 00:56:59,2026-01-17 00:56:59
1644,1644,Apple Pay,72.9,Success,2025-07-23 19:06:11,2025-08-08 19:06:11
1645,1645,Credit Card,19.38,Success,2025-09-03 14:03:44,2025-09-14 14:03:44
1646,1646,Cash,82.87,Success,2025-10-20 10:59:27,2025-11-11 10:59:27
1647,1647,Cash,96.48,Success,2025-09-19 06:52:17,2025-09-29 06:52:17
1648,1648,Credit Card,121.24,Success,2025-12-29 21:08:36,2025-12-31 21:08:36
1649,1649,Google Pay,41.95,Success,2025-08-12 09:03:13,2025-08-31 09:03:13
1650,1650,Debit Card,10.47,Success,2025-08-27 19:06:04,2025-08-31 19:06:04
1651,1651,Debit Card,97.06,Success,2026-05-19 05:16:57,2026-06-01 05:16:57
1652,1652,Cash,21.47,Success,2026-05-28 11:13:31,2026-06-24 11:13:31
1653,1653,Credit Card,30.41,Success,2026-05-16 18:41:26,2026-06-04 18:41:26
1654,1654,Cash,37.91,Success,2025-10-30 11:57:19,2025-11-26 11:57:19
1655,1655,Debit Card,34.67,Success,2026-03-18 15:11:05,2026-04-03 15:11:05
1656,1656,Google Pay,49.19,Success,2025-09-18 20:51:28,2025-10-05 20:51:28
1657,1657,Credit Card,15.01,Success,2025-12-10 14:55:58,2026-01-02 14:55:58
1658,1658,Credit Card,23.21,Success,2026-03-20 06:14:40,2026-04-07 06:14:40
1659,1659,Debit Card,69.36,Success,2025-12-21 04:26:18,2026-01-15 04:26:18
1660,1660,Debit Card,106.17,Success,2026-05-27 08:05:12,2026-05-28 08:05:12
1661,1661,Credit Card,55.25,Success,2025-12-27 20:59:53,2026-01-06 20:59:53
1662,1662,Google Pay,28.98,Success,2025-09-10 02:49:33,2025-10-01 02:49:33
1663,1663,Credit Card,43.78,Success,2026-01-12 10:30:17,2026-02-11 10:30:17
1664,1664,Cash,90.28,Success,2026-07-16 13:20:25,2026-07-28 13:20:25
1665,1665,Google Pay,46.03,Success,2026-04-28 00:58:17,2026-05-03 00:58:17
1666,1666,Cash,62.43,Success,2026-02-07 06:25:31,2026-03-01 06:25:31
1667,1667,Google Pay,39.15,Success,2026-01-17 11:42:07,2026-02-12 11:42:07
1668,1668,Google Pay,26.16,Success,2025-08-12 22:44:13,2025-08-24 22:44:13
1669,1669,Credit Card,13.98,Success,2025-12-22 09:11:33,2026-01-11 09:11:33
1670,1670,Cash,81.52,Success,2025-11-10 22:58:56,2025-11-27 22:58:56
1671,1671,Cash,62.35,Success,2025-12-21 12:47:51,2026-01-04 12:47:51
1672,1672,Cash,44.26,Success,2026-04-05 04:32:40,2026-04-23 04:32:40
1673,1673,Debit Card,52.23,Success,2026-04-15 17:42:52,2026-04-22 17:42:52
1674,1674,Google Pay,111.81,Success,2026-01-10 23:24:52,2026-01-23 23:24:52
1675,1675,Debit Card,26.81,Success,2025-10-05 10:46:47,2025-11-01 10:46:47
1676,1676,Credit Card,68.52,Success,2026-06-08 08:57:14,2026-06-18 08:57:14
1677,1677,Cash,66.22,Success,2025-08-25 15:07:27,2025-09-09 15:07:27
1678,1678,Apple Pay,58.0,Success,2025-08-05 03:15:48,2025-08-15 03:15:48
1679,1679,Apple Pay,76.84,Success,2026-04-26 18:23:28,2026-05-08 18:23:28
1680,1680,Google Pay,38.62,Success,2026-06-22 07:50:54,2026-07-21 07:50:54
1681,1681,Credit Card,37.42,Success,2026-02-01 01:54:22,2026-02-15 01:54:22
1682,1682,Credit Card,115.96,Success,2026-01-23 12:02:18,2026-02-22 12:02:18
1683,1683,Cash,61.37,Success,2025-09-08 07:40:45,2025-09-20 07:40:45
1684,1684,Credit Card,69.96,Success,2026-02-16 01:15:52,2026-02-19 01:15:52
1685,1685,Credit Card,100.58,Success,2026-07-09 15:52:34,2026-08-04 15:52:34
1686,1686,Debit Card,86.82,Success,2025-09-25 16:18:37,2025-10-21 16:18:37
1687,1687,Credit Card,41.09,Success,2025-10-30 12:58:32,2025-11-26 12:58:32
1688,1688,Credit Card,46.64,Success,2025-09-30 09:22:54,2025-10-04 09:22:54
1689,1689,Credit Card,31.87,Success,2026-06-23 22:08:44,2026-07-08 22:08:44
1690,1690,Debit Card,3.87,Success,2025-07-23 02:38:23,2025-08-16 02:38:23
1691,1691,Credit Card,79.04,Success,2026-04-18 01:01:10,2026-05-07 01:01:10
1692,1692,Google Pay,79.49,Success,2026-03-01 09:32:41,2026-03-22 09:32:41
1693,1693,Apple Pay,56.98,Success,2025-10-10 11:13:27,2025-11-03 11:13:27
1694,1694,Credit Card,11.04,Success,2025-11-16 05:41:53,2025-11-29 05:41:53
1695,1695,Cash,15.0,Success,2025-11-02 09:39:42,2025-11-18 09:39:42
1696,1696,Credit Card,93.72,Success,2026-06-26 14:15:41,2026-07-02 14:15:41
1697,1697,Apple Pay,34.23,Success,2025-12-29 02:22:06,2026-01-05 02:22:06
1698,1698,Cash,22.06,Success,2025-09-30 16:29:29,2025-10-03 16:29:29
1699,1699,Google Pay,50.35,Success,2026-04-03 10:55:51,2026-04-08 10:55:51
1700,1700,Cash,62.86,Success,2025-10-15 18:37:40,2025-10-22 18:37:40
1701,1701,Google Pay,5.46,Success,2025-10-15 18:12:16,2025-10-27 18:12:16
1702,1702,Credit Card,82.38,Success,2026-01-31 15:58:02,2026-02-22 15:58:02
1703,1703,Apple Pay,30.09,Success,2026-02-25 17:29:35,2026-03-25 17:29:35
1704,1704,Apple Pay,26.37,Success,2025-07-29 22:28:25,2025-08-08 22:28:25
1705,1705,Google Pay,6.44,Success,2025-11-21 05:08:40,2025-12-17 05:08:40
1706,1706,Credit Card,34.34,Success,2026-05-25 13:54:45,2026-06-17 13:54:45
1707,1707,Debit Card,97.52,Success,2025-12-18 20:54:41,2026-01-12 20:54:41
1708,1708,Apple Pay,31.04,Success,2025-07-23 04:55:19,2025-08-22 04:55:19
1709,1709,Apple Pay,29.32,Success,2026-07-17 11:44:46,2026-08-08 11:44:46
1710,1710,Credit Card,12.96,Success,2026-04-13 16:31:30,2026-04-30 16:31:30
1711,1711,Google Pay,10.88,Success,2025-12-01 15:46:31,2025-12-17 15:46:31
1712,1712,Apple Pay,44.55,Success,2025-11-30 02:51:16,2025-12-30 02:51:16
1713,1713,Cash,5.55,Success,2026-06-10 10:02:08,2026-06-19 10:02:08
1714,1714,Debit Card,63.15,Success,2026-07-08 08:34:18,2026-07-09 08:34:18
1715,1715,Apple Pay,30.49,Success,2026-05-06 14:28:13,2026-05-16 14:28:13
1716,1716,Cash,34.0,Success,2025-11-23 13:31:10,2025-12-09 13:31:10
1717,1717,Google Pay,115.33,Success,2026-01-29 00:57:14,2026-02-18 00:57:14
1718,1718,Apple Pay,49.42,Success,2025-12-01 01:35:20,2025-12-23 01:35:20
1719,1719,Debit Card,24.29,Success,2025-12-20 04:48:39,2025-12-30 04:48:39
1720,1720,Credit Card,7.56,Success,2026-04-03 01:03:02,2026-04-12 01:03:02
1721,1721,Credit Card,62.08,Success,2025-07-26 07:42:31,2025-07-30 07:42:31
1722,1722,Credit Card,15.96,Success,2025-10-12 23:39:31,2025-10-27 23:39:31
1723,1723,Credit Card,85.78,Success,2025-09-07 21:50:12,2025-10-05 21:50:12
1724,1724,Apple Pay,64.56,Success,2025-08-11 05:29:46,2025-09-02 05:29:46
1725,1725,Cash,108.71,Success,2025-12-01 13:41:05,2025-12-21 13:41:05
1726,1726,Google Pay,40.78,Success,2025-10-29 06:35:55,2025-10-30 06:35:55
1727,1727,Credit Card,79.77,Success,2026-03-02 12:58:34,2026-03-09 12:58:34
1728,1728,Debit Card,21.49,Success,2026-04-11 14:28:24,2026-05-09 14:28:24
1729,1729,Cash,68.75,Success,2026-03-16 06:37:40,2026-03-22 06:37:40
1730,1730,Credit Card,31.02,Success,2026-03-19 13:55:13,2026-04-16 13:55:13
1731,1731,Cash,93.51,Success,2025-10-23 03:23:30,2025-10-28 03:23:30
1732,1732,Apple Pay,10.32,Success,2026-04-29 20:11:28,2026-05-01 20:11:28
1733,1733,Cash,57.52,Success,2025-11-24 17:48:40,2025-12-16 17:48:40
1734,1734,Debit Card,58.62,Success,2026-04-28 00:49:56,2026-05-03 00:49:56
1735,1735,Cash,84.47,Success,2025-08-26 23:16:55,2025-09-18 23:16:55
1736,1736,Credit Card,34.13,Success,2025-10-07 01:44:16,2025-10-21 01:44:16
1737,1737,Credit Card,59.1,Success,2026-01-12 23:10:20,2026-02-07 23:10:20
1738,1738,Cash,89.34,Success,2025-09-03 23:05:38,2025-10-01 23:05:38
1739,1739,Google Pay,13.86,Success,2026-01-17 09:54:35,2026-01-29 09:54:35
1740,1740,Cash,62.47,Success,2025-12-15 10:29:50,2025-12-19 10:29:50
1741,1741,Debit Card,55.81,Success,2026-03-23 19:24:11,2026-04-13 19:24:11
1742,1742,Cash,59.31,Success,2026-03-08 15:31:42,2026-03-22 15:31:42
1743,1743,Apple Pay,58.78,Success,2026-03-29 09:44:44,2026-04-28 09:44:44
1744,1744,Debit Card,98.02,Success,2026-01-20 17:31:13,2026-02-09 17:31:13
1745,1745,Credit Card,82.89,Success,2025-10-18 10:56:50,2025-11-14 10:56:50
1746,1746,Credit Card,75.33,Success,2025-12-15 14:25:08,2026-01-11 14:25:08
1747,1747,Debit Card,41.47,Success,2026-04-01 09:27:09,2026-04-25 09:27:09
1748,1748,Apple Pay,21.3,Success,2026-02-27 20:07:18,2026-03-06 20:07:18
1749,1749,Cash,44.0,Success,2025-08-09 22:02:55,2025-09-08 22:02:55
1750,1750,Cash,30.39,Success,2026-03-06 07:14:44,2026-03-27 07:14:44
1751,1751,Google Pay,29.58,Success,2025-08-03 17:55:36,2025-08-26 17:55:36
1752,1752,Google Pay,28.64,Success,2026-01-22 10:16:42,2026-01-31 10:16:42
1753,1753,Apple Pay,78.31,Success,2026-02-03 07:33:51,2026-02-14 07:33:51
1754,1754,Apple Pay,25.3,Success,2026-07-18 19:34:42,2026-07-30 19:34:42
1755,1755,Cash,83.85,Success,2026-04-23 22:31:17,2026-05-06 22:31:17
1756,1756,Apple Pay,60.14,Success,2026-02-26 16:01:13,2026-03-11 16:01:13
1757,1757,Apple Pay,29.25,Success,2026-05-08 16:14:06,2026-06-03 16:14:06
1758,1758,Google Pay,59.85,Success,2025-08-09 03:39:46,2025-09-01 03:39:46
1759,1759,Debit Card,41.64,Success,2025-09-29 07:06:29,2025-10-09 07:06:29
1760,1760,Credit Card,124.14,Success,2025-10-30 12:19:04,2025-11-12 12:19:04
1761,1761,Cash,67.07,Success,2025-11-10 03:40:25,2025-12-10 03:40:25
1762,1762,Debit Card,100.36,Success,2025-12-16 05:34:27,2025-12-22 05:34:27
1763,1763,Debit Card,54.09,Success,2026-01-18 17:39:41,2026-01-24 17:39:41
1764,1764,Apple Pay,53.27,Success,2025-11-30 23:23:50,2025-12-23 23:23:50
1765,1765,Cash,125.75,Success,2026-05-16 10:54:24,2026-05-23 10:54:24
1766,1766,Cash,79.92,Success,2025-10-10 11:00:01,2025-11-03 11:00:01
1767,1767,Debit Card,93.84,Success,2026-04-23 17:24:58,2026-04-27 17:24:58
1768,1768,Apple Pay,42.88,Success,2025-12-07 07:08:43,2025-12-11 07:08:43
1769,1769,Credit Card,65.9,Success,2026-02-04 11:35:18,2026-02-14 11:35:18
1770,1770,Google Pay,72.31,Success,2026-06-05 05:12:49,2026-06-12 05:12:49
1771,1771,Google Pay,42.02,Success,2025-08-06 20:07:27,2025-08-08 20:07:27
1772,1772,Cash,28.82,Success,2025-12-11 00:12:10,2026-01-07 00:12:10
1773,1773,Credit Card,42.93,Success,2026-05-02 17:58:56,2026-05-27 17:58:56
1774,1774,Google Pay,67.82,Success,2026-01-26 22:00:48,2026-02-02 22:00:48
1775,1775,Cash,27.89,Success,2026-01-14 15:04:27,2026-01-17 15:04:27
1776,1776,Apple Pay,45.68,Success,2026-02-09 04:59:10,2026-02-28 04:59:10
1777,1777,Cash,74.61,Success,2025-07-31 02:50:04,2025-08-20 02:50:04
1778,1778,Google Pay,14.57,Success,2026-02-07 10:50:21,2026-03-09 10:50:21
1779,1779,Apple Pay,18.71,Success,2026-03-03 05:53:52,2026-03-17 05:53:52
1780,1780,Debit Card,106.75,Success,2025-12-23 02:11:10,2026-01-12 02:11:10
1781,1781,Google Pay,14.25,Success,2026-07-09 01:50:21,2026-08-03 01:50:21
1782,1782,Credit Card,78.61,Success,2026-05-27 21:08:55,2026-06-07 21:08:55
1783,1783,Google Pay,12.21,Success,2026-03-04 18:24:13,2026-03-11 18:24:13
1784,1784,Credit Card,74.2,Success,2026-01-15 19:26:28,2026-01-16 19:26:28
1785,1785,Credit Card,119.82,Success,2025-12-25 01:28:55,2026-01-10 01:28:55
1786,1786,Credit Card,26.57,Success,2025-08-21 16:35:39,2025-09-19 16:35:39
1787,1787,Cash,61.66,Success,2025-08-11 13:20:11,2025-08-13 13:20:11
1788,1788,Cash,83.63,Success,2025-09-27 01:53:26,2025-10-06 01:53:26
1789,1789,Credit Card,124.17,Success,2025-10-29 14:33:46,2025-11-05 14:33:46
1790,1790,Cash,75.27,Success,2026-01-15 17:26:41,2026-01-17 17:26:41
1791,1791,Google Pay,77.46,Success,2025-08-31 14:41:23,2025-09-29 14:41:23
1792,1792,Debit Card,65.54,Success,2025-10-31 23:46:03,2025-11-24 23:46:03
1793,1793,Credit Card,29.87,Success,2025-11-14 14:12:58,2025-12-06 14:12:58
1794,1794,Cash,78.67,Success,2025-10-11 18:40:13,2025-10-30 18:40:13
1795,1795,Credit Card,115.01,Success,2026-05-30 12:07:23,2026-06-06 12:07:23
1796,1796,Debit Card,21.73,Success,2026-04-07 23:02:17,2026-05-03 23:02:17
1797,1797,Cash,50.72,Success,2025-12-12 16:09:26,2025-12-23 16:09:26
1798,1798,Cash,61.35,Success,2026-02-21 07:29:19,2026-03-12 07:29:19
1799,1799,Cash,7.11,Success,2025-12-14 07:33:25,2026-01-02 07:33:25
1800,1800,Cash,10.43,Success,2026-06-29 08:13:31,2026-07-02 08:13:31
1801,1801,Apple Pay,71.55,Success,2025-08-18 02:44:51,2025-08-22 02:44:51
1802,1802,Apple Pay,56.83,Success,2026-07-13 04:22:50,2026-07-24 04:22:50
1803,1803,Debit Card,80.86,Success,2025-11-10 14:16:37,2025-11-23 14:16:37
1804,1804,Credit Card,20.07,Success,2026-01-29 21:24:41,2026-02-16 21:24:41
1805,1805,Credit Card,19.59,Success,2025-11-20 21:15:40,2025-12-11 21:15:40
1806,1806,Credit Card,59.07,Success,2025-09-24 07:06:23,2025-10-01 07:06:23
1807,1807,Google Pay,22.59,Success,2026-07-04 15:58:59,2026-07-06 15:58:59
1808,1808,Debit Card,100.36,Success,2026-07-17 16:57:29,2026-08-09 16:57:29
1809,1809,Debit Card,50.04,Success,2025-08-15 06:02:48,2025-09-02 06:02:48
1810,1810,Apple Pay,93.12,Success,2026-07-20 06:21:48,2026-07-23 06:21:48
1811,1811,Cash,34.16,Success,2026-05-29 20:55:46,2026-06-25 20:55:46
1812,1812,Credit Card,33.02,Success,2025-12-27 22:49:20,2026-01-12 22:49:20
1813,1813,Debit Card,28.57,Success,2025-10-15 04:50:41,2025-11-11 04:50:41
1814,1814,Apple Pay,40.11,Success,2025-09-06 13:41:13,2025-09-17 13:41:13
1815,1815,Cash,22.89,Success,2026-02-18 11:26:43,2026-03-17 11:26:43
1816,1816,Credit Card,116.42,Success,2025-07-27 17:24:30,2025-08-24 17:24:30
1817,1817,Credit Card,93.05,Success,2026-01-04 20:06:59,2026-02-01 20:06:59
1818,1818,Apple Pay,3.44,Success,2025-08-21 16:53:55,2025-09-08 16:53:55
1819,1819,Debit Card,126.18,Success,2026-01-27 22:16:16,2026-02-09 22:16:16
1820,1820,Credit Card,12.8,Success,2026-04-14 14:51:04,2026-04-30 14:51:04
1821,1821,Apple Pay,126.13,Success,2025-10-10 21:52:43,2025-10-11 21:52:43
1822,1822,Credit Card,44.17,Success,2026-01-17 16:28:56,2026-01-29 16:28:56
1823,1823,Google Pay,19.28,Success,2025-10-01 21:30:13,2025-10-28 21:30:13
1824,1824,Cash,108.31,Success,2026-07-01 03:32:05,2026-07-03 03:32:05
1825,1825,Cash,60.13,Success,2025-11-28 22:17:09,2025-12-09 22:17:09
1826,1826,Google Pay,49.77,Success,2026-04-19 13:53:35,2026-05-02 13:53:35
1827,1827,Debit Card,35.02,Success,2025-10-14 15:57:48,2025-10-17 15:57:48
1828,1828,Credit Card,6.52,Success,2025-11-20 19:54:05,2025-11-25 19:54:05
1829,1829,Debit Card,45.06,Success,2026-06-13 01:01:30,2026-07-09 01:01:30
1830,1830,Debit Card,34.15,Success,2026-06-23 14:50:44,2026-07-03 14:50:44
1831,1831,Cash,93.37,Success,2026-03-17 20:42:50,2026-04-09 20:42:50
1832,1832,Apple Pay,5.98,Success,2026-02-16 02:05:51,2026-03-11 02:05:51
1833,1833,Debit Card,107.78,Success,2025-09-10 17:43:12,2025-10-07 17:43:12
1834,1834,Credit Card,44.81,Success,2026-05-06 08:44:27,2026-05-13 08:44:27
1835,1835,Debit Card,47.37,Success,2026-05-03 09:37:28,2026-05-06 09:37:28
1836,1836,Debit Card,5.38,Success,2026-02-20 21:25:26,2026-03-11 21:25:26
1837,1837,Cash,2.34,Success,2026-06-28 20:51:07,2026-06-29 20:51:07
1838,1838,Credit Card,74.58,Success,2026-02-05 20:42:35,2026-02-08 20:42:35
1839,1839,Apple Pay,30.07,Success,2025-12-04 13:12:14,2025-12-28 13:12:14
1840,1840,Debit Card,95.48,Success,2025-11-13 06:44:01,2025-11-14 06:44:01
1841,1841,Google Pay,25.79,Success,2025-09-02 07:22:18,2025-09-11 07:22:18
1842,1842,Google Pay,81.35,Success,2026-04-04 17:45:46,2026-04-14 17:45:46
1843,1843,Apple Pay,67.49,Success,2026-01-05 14:45:48,2026-01-17 14:45:48
1844,1844,Google Pay,18.17,Success,2025-10-09 09:47:11,2025-10-16 09:47:11
1845,1845,Credit Card,76.09,Success,2025-08-30 11:42:50,2025-08-31 11:42:50
1846,1846,Cash,45.34,Success,2026-03-23 16:58:55,2026-04-09 16:58:55
1847,1847,Debit Card,108.14,Success,2025-11-01 11:27:21,2025-11-29 11:27:21
1848,1848,Cash,20.81,Success,2025-08-04 14:32:37,2025-08-12 14:32:37
1849,1849,Debit Card,62.59,Success,2026-04-03 17:47:50,2026-04-17 17:47:50
1850,1850,Cash,59.41,Success,2025-11-28 23:34:19,2025-12-01 23:34:19
1851,1851,Cash,113.49,Success,2025-09-27 21:44:49,2025-10-01 21:44:49
1852,1852,Credit Card,78.75,Success,2026-05-17 21:01:53,2026-06-08 21:01:53
1853,1853,Apple Pay,27.85,Success,2025-09-01 23:51:57,2025-09-23 23:51:57
1854,1854,Apple Pay,40.41,Success,2026-04-08 18:00:37,2026-04-20 18:00:37
1855,1855,Debit Card,4.74,Success,2026-01-06 03:25:13,2026-01-17 03:25:13
1856,1856,Cash,18.89,Success,2026-04-12 06:51:28,2026-04-29 06:51:28
1857,1857,Google Pay,32.54,Success,2026-01-05 04:41:55,2026-01-19 04:41:55
1858,1858,Apple Pay,8.26,Success,2025-09-23 18:45:09,2025-09-26 18:45:09
1859,1859,Debit Card,7.46,Success,2025-09-18 06:33:42,2025-10-17 06:33:42
1860,1860,Google Pay,6.14,Success,2026-05-21 15:15:37,2026-06-06 15:15:37
1861,1861,Credit Card,54.0,Success,2026-02-06 05:13:26,2026-03-08 05:13:26
1862,1862,Credit Card,75.3,Success,2026-02-04 02:23:10,2026-02-20 02:23:10
1863,1863,Credit Card,60.97,Success,2025-10-02 10:15:39,2025-10-25 10:15:39
1864,1864,Credit Card,87.8,Success,2025-11-19 07:30:25,2025-12-05 07:30:25
1865,1865,Google Pay,37.46,Success,2025-11-04 17:15:59,2025-11-13 17:15:59
1866,1866,Cash,118.91,Success,2026-02-07 04:27:43,2026-02-20 04:27:43
1867,1867,Apple Pay,40.68,Success,2026-07-14 20:41:39,2026-07-28 20:41:39
1868,1868,Apple Pay,32.67,Success,2025-10-30 19:55:25,2025-11-06 19:55:25
1869,1869,Debit Card,17.8,Success,2025-11-03 21:20:27,2025-11-28 21:20:27
1870,1870,Apple Pay,82.98,Success,2025-10-09 08:06:18,2025-11-02 08:06:18
1871,1871,Google Pay,50.33,Success,2025-08-15 06:27:00,2025-08-28 06:27:00
1872,1872,Debit Card,40.24,Success,2025-10-04 18:01:06,2025-10-22 18:01:06
1873,1873,Apple Pay,24.65,Success,2026-03-17 05:43:36,2026-03-28 05:43:36
1874,1874,Apple Pay,19.16,Success,2026-06-26 06:25:25,2026-06-27 06:25:25
1875,1875,Credit Card,34.89,Success,2026-05-30 19:27:35,2026-06-05 19:27:35
1876,1876,Cash,59.69,Success,2025-08-01 12:08:52,2025-08-08 12:08:52
1877,1877,Google Pay,20.48,Success,2026-07-11 23:41:14,2026-08-07 23:41:14
1878,1878,Google Pay,96.51,Success,2025-10-01 18:36:20,2025-10-09 18:36:20
1879,1879,Cash,4.32,Success,2026-07-06 21:56:18,2026-07-12 21:56:18
1880,1880,Debit Card,16.07,Success,2025-11-26 20:10:53,2025-12-13 20:10:53
1881,1881,Google Pay,97.24,Success,2026-03-11 15:52:12,2026-04-09 15:52:12
1882,1882,Credit Card,20.95,Success,2026-06-09 08:56:18,2026-07-04 08:56:18
1883,1883,Apple Pay,44.09,Success,2026-05-07 23:42:27,2026-05-19 23:42:27
1884,1884,Apple Pay,66.94,Success,2026-05-30 03:53:56,2026-05-31 03:53:56
1885,1885,Credit Card,125.67,Success,2025-12-10 06:27:06,2025-12-16 06:27:06
1886,1886,Apple Pay,47.7,Success,2026-06-29 12:56:54,2026-07-09 12:56:54
1887,1887,Apple Pay,99.61,Success,2026-05-30 07:00:34,2026-06-14 07:00:34
1888,1888,Apple Pay,75.56,Success,2026-02-25 18:07:18,2026-03-06 18:07:18
1889,1889,Credit Card,72.34,Success,2025-08-09 15:49:00,2025-08-16 15:49:00
1890,1890,Cash,72.85,Success,2026-05-29 08:55:22,2026-06-14 08:55:22
1891,1891,Debit Card,11.47,Success,2025-09-09 14:42:51,2025-09-29 14:42:51
1892,1892,Debit Card,31.78,Success,2025-10-22 02:22:03,2025-10-31 02:22:03
1893,1893,Debit Card,56.11,Success,2026-03-09 09:44:15,2026-03-17 09:44:15
1894,1894,Credit Card,57.38,Success,2026-07-17 23:09:39,2026-07-30 23:09:39
1895,1895,Google Pay,75.01,Success,2025-10-10 17:59:44,2025-10-20 17:59:44
1896,1896,Google Pay,3.76,Success,2025-11-18 00:29:58,2025-11-26 00:29:58
1897,1897,Debit Card,46.68,Success,2026-04-21 19:00:54,2026-05-13 19:00:54
1898,1898,Apple Pay,73.2,Success,2026-02-19 10:35:54,2026-02-20 10:35:54
1899,1899,Debit Card,75.67,Success,2026-06-02 20:32:30,2026-06-30 20:32:30
1900,1900,Debit Card,61.49,Success,2026-05-26 05:43:44,2026-06-13 05:43:44
1901,1901,Debit Card,3.34,Success,2026-04-20 21:37:54,2026-05-10 21:37:54
1902,1902,Google Pay,9.33,Success,2025-08-30 23:32:03,2025-09-04 23:32:03
1903,1903,Cash,86.81,Success,2025-12-01 11:37:16,2025-12-17 11:37:16
1904,1904,Apple Pay,81.42,Success,2025-09-22 23:22:12,2025-10-01 23:22:12
1905,1905,Cash,73.39,Success,2026-03-30 05:31:46,2026-04-25 05:31:46
1906,1906,Apple Pay,69.49,Success,2025-11-06 03:56:45,2025-11-29 03:56:45
1907,1907,Debit Card,53.27,Success,2025-12-08 15:46:12,2025-12-30 15:46:12
1908,1908,Google Pay,26.68,Success,2025-10-04 08:50:35,2025-10-18 08:50:35
1909,1909,Apple Pay,34.88,Success,2025-12-25 17:33:52,2026-01-06 17:33:52
1910,1910,Debit Card,2.31,Success,2025-09-12 03:43:02,2025-09-28 03:43:02
1911,1911,Google Pay,112.92,Success,2026-03-04 04:34:12,2026-04-02 04:34:12
1912,1912,Google Pay,47.14,Success,2025-10-24 10:59:37,2025-10-28 10:59:37
1913,1913,Google Pay,61.48,Success,2026-07-19 23:19:11,2026-08-09 23:19:11
1914,1914,Cash,76.01,Success,2026-01-02 14:44:36,2026-01-13 14:44:36
1915,1915,Google Pay,49.56,Success,2026-04-01 09:14:59,2026-04-28 09:14:59
1916,1916,Apple Pay,78.92,Success,2025-10-01 20:47:49,2025-10-17 20:47:49
1917,1917,Google Pay,4.39,Success,2026-03-26 07:23:09,2026-04-19 07:23:09
1918,1918,Google Pay,76.5,Success,2025-11-18 01:22:20,2025-11-21 01:22:20
1919,1919,Google Pay,29.79,Success,2025-12-09 23:01:06,2026-01-02 23:01:06
1920,1920,Cash,52.02,Success,2025-12-15 17:04:44,2025-12-19 17:04:44
1921,1921,Apple Pay,64.81,Success,2025-10-08 08:49:57,2025-10-18 08:49:57
1922,1922,Apple Pay,87.32,Success,2026-05-08 11:43:38,2026-05-24 11:43:38
1923,1923,Google Pay,67.63,Success,2026-06-12 03:55:16,2026-06-16 03:55:16
1924,1924,Google Pay,51.46,Success,2026-03-19 03:31:03,2026-04-05 03:31:03
1925,1925,Cash,108.86,Success,2026-04-01 05:30:44,2026-04-03 05:30:44
1926,1926,Cash,4.01,Success,2025-11-17 14:54:50,2025-12-02 14:54:50
1927,1927,Google Pay,22.65,Success,2025-12-13 08:11:45,2025-12-19 08:11:45
1928,1928,Credit Card,61.63,Success,2025-11-03 12:24:07,2025-11-25 12:24:07
1929,1929,Apple Pay,11.4,Success,2026-01-17 21:20:36,2026-01-21 21:20:36
1930,1930,Debit Card,24.2,Success,2026-07-11 20:55:26,2026-07-23 20:55:26
1931,1931,Google Pay,3.2,Success,2025-10-27 06:03:32,2025-11-01 06:03:32
1932,1932,Cash,30.92,Success,2025-10-24 07:20:32,2025-11-16 07:20:32
1933,1933,Debit Card,104.85,Success,2026-07-09 18:38:21,2026-07-24 18:38:21
1934,1934,Google Pay,43.04,Success,2026-02-16 13:04:23,2026-03-16 13:04:23
1935,1935,Cash,100.19,Success,2026-07-12 23:17:05,2026-07-24 23:17:05
1936,1936,Google Pay,44.12,Success,2026-06-08 12:27:49,2026-07-08 12:27:49
1937,1937,Debit Card,88.36,Success,2026-04-17 08:16:23,2026-05-17 08:16:23
1938,1938,Google Pay,81.67,Success,2026-06-24 02:18:38,2026-07-13 02:18:38
1939,1939,Credit Card,28.71,Success,2025-10-15 13:46:29,2025-10-21 13:46:29
1940,1940,Apple Pay,122.6,Success,2025-07-26 16:41:40,2025-08-24 16:41:40
1941,1941,Cash,25.93,Success,2026-01-29 00:47:18,2026-02-24 00:47:18
1942,1942,Cash,37.92,Success,2026-04-07 03:49:00,2026-04-21 03:49:00
1943,1943,Apple Pay,70.27,Success,2025-07-21 09:30:33,2025-08-01 09:30:33
1944,1944,Google Pay,67.36,Success,2025-07-24 16:19:45,2025-07-31 16:19:45
1945,1945,Credit Card,51.44,Success,2026-06-04 20:59:06,2026-06-14 20:59:06
1946,1946,Credit Card,41.25,Success,2026-05-06 23:39:04,2026-05-29 23:39:04
1947,1947,Debit Card,24.1,Success,2026-07-18 06:54:29,2026-08-15 06:54:29
1948,1948,Credit Card,39.02,Success,2026-07-16 21:59:37,2026-08-06 21:59:37
1949,1949,Cash,28.84,Success,2025-08-02 23:48:23,2025-08-03 23:48:23
1950,1950,Google Pay,35.6,Success,2026-01-11 08:31:28,2026-01-17 08:31:28
1951,1951,Debit Card,20.85,Success,2025-10-27 09:23:15,2025-10-28 09:23:15
1952,1952,Cash,20.66,Success,2025-09-21 08:47:14,2025-10-08 08:47:14
1953,1953,Debit Card,25.3,Success,2025-10-12 08:09:56,2025-11-06 08:09:56
1954,1954,Apple Pay,41.1,Success,2025-08-12 19:14:50,2025-09-01 19:14:50
1955,1955,Credit Card,71.88,Success,2025-11-29 09:49:39,2025-12-19 09:49:39
1956,1956,Debit Card,21.58,Success,2026-06-22 21:49:49,2026-07-15 21:49:49
1957,1957,Cash,9.12,Success,2026-01-21 01:37:57,2026-01-26 01:37:57
1958,1958,Credit Card,53.09,Success,2026-01-11 01:24:32,2026-01-23 01:24:32
1959,1959,Google Pay,16.51,Success,2026-01-27 10:48:37,2026-02-15 10:48:37
1960,1960,Debit Card,9.17,Success,2026-05-03 03:45:18,2026-05-11 03:45:18
1961,1961,Google Pay,31.16,Success,2026-07-14 12:44:05,2026-07-17 12:44:05
1962,1962,Google Pay,44.03,Success,2026-06-22 02:37:12,2026-07-09 02:37:12
1963,1963,Cash,76.67,Success,2025-07-22 16:52:08,2025-08-16 16:52:08
1964,1964,Debit Card,6.89,Success,2026-05-31 09:52:35,2026-06-28 09:52:35
1965,1965,Google Pay,75.55,Success,2025-09-04 22:29:31,2025-09-09 22:29:31
1966,1966,Apple Pay,23.92,Success,2025-08-05 12:35:29,2025-08-21 12:35:29
1967,1967,Debit Card,57.22,Success,2025-08-21 15:54:24,2025-09-02 15:54:24
1968,1968,Google Pay,30.24,Success,2025-10-19 23:24:24,2025-10-29 23:24:24
1969,1969,Google Pay,5.74,Success,2025-10-03 21:23:41,2025-10-29 21:23:41
1970,1970,Cash,13.0,Success,2025-10-26 13:49:15,2025-11-22 13:49:15
1971,1971,Debit Card,23.26,Success,2026-02-06 06:45:28,2026-02-12 06:45:28
1972,1972,Cash,111.57,Success,2025-12-06 03:52:11,2025-12-16 03:52:11
1973,1973,Apple Pay,75.54,Success,2026-02-11 16:47:25,2026-03-13 16:47:25
1974,1974,Google Pay,17.58,Success,2026-04-02 00:36:33,2026-04-06 00:36:33
1975,1975,Google Pay,70.25,Success,2025-12-23 16:16:00,2026-01-09 16:16:00
1976,1976,Apple Pay,53.14,Success,2026-04-26 10:09:07,2026-05-11 10:09:07
1977,1977,Debit Card,81.85,Success,2026-07-08 05:50:29,2026-07-29 05:50:29
1978,1978,Debit Card,127.42,Success,2026-02-16 07:04:50,2026-03-03 07:04:50
1979,1979,Apple Pay,10.71,Success,2025-10-25 06:25:57,2025-11-18 06:25:57
1980,1980,Debit Card,9.27,Success,2026-03-07 21:44:06,2026-03-14 21:44:06
1981,1981,Credit Card,25.89,Success,2026-03-29 23:14:10,2026-04-19 23:14:10
1982,1982,Apple Pay,15.78,Success,2026-03-05 06:24:10,2026-03-08 06:24:10
1983,1983,Cash,13.47,Success,2026-04-13 19:25:40,2026-04-25 19:25:40
1984,1984,Apple Pay,57.5,Success,2025-08-10 10:15:05,2025-08-17 10:15:05
1985,1985,Google Pay,54.03,Success,2026-07-15 06:04:47,2026-08-13 06:04:47
1986,1986,Credit Card,43.45,Success,2025-08-29 05:10:25,2025-09-11 05:10:25
1987,1987,Debit Card,90.98,Success,2026-03-01 09:43:30,2026-03-04 09:43:30
1988,1988,Apple Pay,18.13,Success,2026-02-10 16:12:47,2026-03-03 16:12:47
1989,1989,Cash,87.07,Success,2026-05-09 21:25:51,2026-06-04 21:25:51
1990,1990,Apple Pay,61.21,Success,2026-04-08 04:27:01,2026-04-15 04:27:01
1991,1991,Cash,6.33,Success,2026-04-10 11:31:33,2026-05-07 11:31:33
1992,1992,Credit Card,20.82,Success,2026-03-09 05:04:06,2026-03-17 05:04:06
1993,1993,Debit Card,65.08,Success,2025-09-09 13:03:19,2025-09-23 13:03:19
1994,1994,Debit Card,55.53,Success,2025-12-26 21:41:50,2026-01-23 21:41:50
1995,1995,Apple Pay,57.88,Success,2025-09-20 15:47:21,2025-10-12 15:47:21
1996,1996,Debit Card,103.43,Success,2026-06-06 04:18:59,2026-06-19 04:18:59
1997,1997,Apple Pay,78.07,Success,2026-01-25 10:39:15,2026-02-21 10:39:15
1998,1998,Apple Pay,39.6,Success,2025-12-17 18:38:24,2025-12-28 18:38:24
1999,1999,Cash,120.64,Success,2026-03-18 09:43:28,2026-04-17 09:43:28
2000,2000,Cash,123.05,Success,2026-01-18 07:56:53,2026-01-26 07:56:53
2001,2001,Google Pay,28.43,Success,2025-09-01 20:00:18,2025-09-22 20:00:18
2002,2002,Apple Pay,78.61,Success,2025-10-08 08:16:25,2025-10-19 08:16:25
2003,2003,Cash,95.59,Success,2026-05-13 08:19:33,2026-05-19 08:19:33
2004,2004,Google Pay,50.78,Success,2025-07-29 00:56:01,2025-08-15 00:56:01
2005,2005,Apple Pay,110.36,Success,2026-03-27 20:12:39,2026-04-20 20:12:39
2006,2006,Apple Pay,80.19,Success,2025-10-10 22:49:36,2025-10-16 22:49:36
2007,2007,Cash,64.18,Success,2026-03-12 11:25:39,2026-04-10 11:25:39
2008,2008,Credit Card,3.0,Success,2026-01-17 07:56:51,2026-01-18 07:56:51
2009,2009,Cash,7.59,Success,2025-07-23 04:45:59,2025-07-26 04:45:59
2010,2010,Cash,48.42,Success,2025-10-24 21:01:25,2025-11-21 21:01:25
2011,2011,Google Pay,47.45,Success,2026-04-20 07:35:30,2026-04-26 07:35:30
2012,2012,Apple Pay,31.51,Success,2025-10-06 22:49:21,2025-10-07 22:49:21
2013,2013,Cash,78.43,Success,2026-04-05 23:28:51,2026-04-08 23:28:51
2014,2014,Credit Card,55.47,Success,2025-10-25 13:53:14,2025-11-13 13:53:14
2015,2015,Cash,6.21,Success,2026-03-15 04:33:49,2026-04-06 04:33:49
2016,2016,Apple Pay,12.5,Success,2026-07-02 10:39:44,2026-07-11 10:39:44
2017,2017,Credit Card,59.9,Success,2026-04-02 05:54:54,2026-04-30 05:54:54
2018,2018,Google Pay,68.37,Success,2026-06-28 08:47:29,2026-07-14 08:47:29
2019,2019,Apple Pay,68.81,Success,2025-08-15 02:12:12,2025-08-24 02:12:12
2020,2020,Credit Card,16.54,Success,2025-09-16 20:59:51,2025-10-12 20:59:51
2021,2021,Credit Card,58.69,Success,2025-10-17 13:04:34,2025-11-07 13:04:34
2022,2022,Cash,22.71,Success,2025-10-27 11:17:37,2025-11-04 11:17:37
2023,2023,Apple Pay,22.35,Success,2026-04-20 01:05:15,2026-04-24 01:05:15
2024,2024,Cash,97.3,Success,2026-03-13 15:22:29,2026-04-10 15:22:29
2025,2025,Cash,17.7,Success,2026-04-29 05:45:05,2026-05-05 05:45:05
2026,2026,Credit Card,53.21,Success,2025-12-03 12:20:34,2025-12-29 12:20:34
2027,2027,Apple Pay,101.36,Success,2025-08-22 03:53:10,2025-09-09 03:53:10
2028,2028,Credit Card,43.55,Success,2025-12-13 17:30:02,2025-12-17 17:30:02
2029,2029,Google Pay,12.6,Success,2026-02-26 00:33:33,2026-03-01 00:33:33
2030,2030,Debit Card,7.17,Success,2026-07-11 04:01:15,2026-08-10 04:01:15
2031,2031,Google Pay,122.09,Success,2026-06-07 22:01:03,2026-06-28 22:01:03
2032,2032,Google Pay,65.78,Success,2025-09-28 16:26:29,2025-10-10 16:26:29
2033,2033,Credit Card,18.39,Success,2026-02-09 21:06:58,2026-02-12 21:06:58
2034,2034,Google Pay,44.85,Success,2025-11-27 18:37:29,2025-12-08 18:37:29
2035,2035,Cash,2.33,Success,2026-05-03 15:36:05,2026-05-29 15:36:05
2036,2036,Debit Card,36.18,Success,2026-04-03 23:53:21,2026-05-02 23:53:21
2037,2037,Cash,107.22,Success,2025-12-09 01:07:39,2025-12-20 01:07:39
2038,2038,Google Pay,11.06,Success,2026-05-02 05:24:19,2026-05-21 05:24:19
2039,2039,Credit Card,11.75,Success,2026-01-30 15:26:22,2026-02-21 15:26:22
2040,2040,Credit Card,73.04,Success,2026-01-13 17:13:29,2026-02-11 17:13:29
2041,2041,Apple Pay,75.04,Success,2025-10-07 18:26:42,2025-11-04 18:26:42
2042,2042,Apple Pay,57.83,Success,2026-01-03 16:25:44,2026-01-29 16:25:44
2043,2043,Credit Card,85.1,Success,2026-06-19 23:13:18,2026-07-11 23:13:18
2044,2044,Credit Card,66.96,Success,2026-03-04 20:15:23,2026-03-17 20:15:23
2045,2045,Apple Pay,51.11,Success,2026-01-09 02:27:58,2026-01-11 02:27:58
2046,2046,Credit Card,56.94,Success,2025-12-29 14:57:40,2026-01-21 14:57:40
2047,2047,Cash,49.2,Success,2026-03-12 19:25:44,2026-03-13 19:25:44
2048,2048,Credit Card,86.18,Success,2026-06-10 08:51:35,2026-06-13 08:51:35
2049,2049,Debit Card,83.83,Success,2026-02-21 16:21:43,2026-02-27 16:21:43
2050,2050,Cash,62.86,Success,2026-03-01 02:13:50,2026-03-02 02:13:50
2051,2051,Cash,13.81,Success,2026-06-28 19:10:08,2026-07-22 19:10:08
2052,2052,Credit Card,40.71,Success,2026-03-08 10:11:20,2026-03-23 10:11:20
2053,2053,Credit Card,47.29,Success,2025-11-15 11:00:54,2025-11-24 11:00:54
2054,2054,Google Pay,29.14,Success,2025-08-20 15:39:44,2025-09-08 15:39:44
2055,2055,Cash,31.97,Success,2026-05-15 04:58:59,2026-05-23 04:58:59
2056,2056,Apple Pay,19.55,Success,2026-02-14 18:56:40,2026-02-21 18:56:40
2057,2057,Cash,47.49,Success,2026-04-07 18:31:49,2026-04-21 18:31:49
2058,2058,Cash,95.16,Success,2025-08-09 10:12:22,2025-09-07 10:12:22
2059,2059,Debit Card,62.31,Success,2025-10-01 09:30:40,2025-10-06 09:30:40
2060,2060,Credit Card,40.61,Success,2026-03-17 06:06:31,2026-03-20 06:06:31
2061,2061,Cash,49.38,Success,2026-05-12 07:21:36,2026-05-15 07:21:36
2062,2062,Google Pay,11.25,Success,2025-10-16 17:17:04,2025-11-12 17:17:04
2063,2063,Debit Card,48.81,Success,2026-02-16 21:04:57,2026-03-02 21:04:57
2064,2064,Google Pay,63.22,Success,2026-03-23 03:54:10,2026-03-28 03:54:10
2065,2065,Cash,11.26,Success,2025-09-03 22:31:59,2025-09-21 22:31:59
2066,2066,Cash,6.41,Success,2026-04-13 08:07:07,2026-05-04 08:07:07
2067,2067,Apple Pay,53.05,Success,2025-10-09 20:07:28,2025-10-17 20:07:28
2068,2068,Debit Card,38.95,Success,2026-01-05 18:17:03,2026-02-02 18:17:03
2069,2069,Apple Pay,66.32,Success,2026-05-12 10:30:23,2026-06-07 10:30:23
2070,2070,Google Pay,18.04,Success,2026-03-06 14:02:12,2026-03-17 14:02:12
2071,2071,Credit Card,41.21,Success,2026-04-22 10:34:52,2026-05-15 10:34:52
2072,2072,Google Pay,86.03,Success,2026-03-27 02:47:54,2026-04-05 02:47:54
2073,2073,Apple Pay,33.43,Success,2025-07-23 06:05:21,2025-08-09 06:05:21
2074,2074,Apple Pay,17.93,Success,2025-09-24 05:22:28,2025-09-26 05:22:28
2075,2075,Debit Card,81.65,Success,2025-09-26 03:32:41,2025-10-25 03:32:41
2076,2076,Google Pay,32.99,Success,2025-09-04 10:21:00,2025-09-16 10:21:00
2077,2077,Google Pay,5.76,Success,2026-04-23 22:16:52,2026-05-15 22:16:52
2078,2078,Apple Pay,76.74,Success,2025-08-24 21:03:34,2025-09-04 21:03:34
2079,2079,Credit Card,34.87,Success,2026-04-29 00:17:34,2026-05-05 00:17:34
2080,2080,Google Pay,50.79,Success,2026-03-08 02:29:13,2026-04-01 02:29:13
2081,2081,Cash,34.25,Success,2025-08-05 09:51:38,2025-09-01 09:51:38
2082,2082,Cash,110.52,Success,2025-10-22 23:51:06,2025-11-11 23:51:06
2083,2083,Credit Card,44.48,Success,2026-02-16 08:30:04,2026-03-03 08:30:04
2084,2084,Cash,43.08,Success,2025-08-17 06:10:09,2025-08-28 06:10:09
2085,2085,Google Pay,38.22,Success,2026-05-30 07:50:14,2026-06-08 07:50:14
2086,2086,Google Pay,60.39,Success,2025-12-25 01:01:55,2026-01-15 01:01:55
2087,2087,Debit Card,45.99,Success,2026-04-12 07:40:28,2026-05-08 07:40:28
2088,2088,Credit Card,45.0,Success,2026-02-23 00:44:13,2026-03-11 00:44:13
2089,2089,Credit Card,39.99,Success,2026-07-01 22:32:07,2026-07-30 22:32:07
2090,2090,Apple Pay,33.41,Success,2025-08-28 08:01:02,2025-09-24 08:01:02
2091,2091,Credit Card,81.41,Success,2025-08-04 07:11:07,2025-08-25 07:11:07
2092,2092,Google Pay,75.7,Success,2025-10-09 04:25:09,2025-10-23 04:25:09
2093,2093,Credit Card,40.53,Success,2026-02-12 21:39:54,2026-02-15 21:39:54
2094,2094,Debit Card,66.73,Success,2025-09-15 11:02:45,2025-09-30 11:02:45
2095,2095,Google Pay,40.86,Success,2025-08-28 23:26:31,2025-08-31 23:26:31
2096,2096,Google Pay,36.33,Success,2025-11-09 04:39:12,2025-11-12 04:39:12
2097,2097,Google Pay,18.31,Success,2025-09-20 19:01:58,2025-10-08 19:01:58
2098,2098,Debit Card,46.98,Success,2025-10-02 08:16:26,2025-10-18 08:16:26
2099,2099,Credit Card,52.57,Success,2025-08-19 10:29:02,2025-08-23 10:29:02
2100,2100,Credit Card,2.47,Success,2026-07-10 02:22:52,2026-07-20 02:22:52
2101,2101,Credit Card,51.05,Success,2025-12-10 18:38:11,2025-12-27 18:38:11
2102,2102,Cash,84.08,Success,2025-10-31 12:22:09,2025-11-23 12:22:09
2103,2103,Cash,68.84,Success,2026-06-28 15:34:28,2026-07-09 15:34:28
2104,2104,Debit Card,13.47,Success,2026-07-03 06:02:22,2026-07-15 06:02:22
2105,2105,Apple Pay,33.42,Success,2025-11-11 06:23:23,2025-11-16 06:23:23
2106,2106,Credit Card,28.7,Success,2026-02-24 04:46:16,2026-03-15 04:46:16
2107,2107,Credit Card,54.44,Success,2026-07-19 16:33:26,2026-08-17 16:33:26
2108,2108,Credit Card,119.46,Success,2026-06-23 08:52:54,2026-07-12 08:52:54
2109,2109,Cash,29.58,Success,2026-05-02 10:19:18,2026-05-26 10:19:18
2110,2110,Apple Pay,120.37,Success,2025-08-05 18:21:55,2025-08-17 18:21:55
2111,2111,Debit Card,115.46,Success,2025-10-18 09:21:19,2025-10-21 09:21:19
2112,2112,Cash,35.59,Success,2026-07-05 09:34:02,2026-07-17 09:34:02
2113,2113,Cash,28.59,Success,2026-05-11 17:50:36,2026-06-06 17:50:36
2114,2114,Debit Card,58.59,Success,2025-11-17 23:51:48,2025-12-09 23:51:48
2115,2115,Credit Card,4.48,Success,2026-04-18 02:41:01,2026-04-19 02:41:01
2116,2116,Google Pay,19.4,Success,2026-02-09 17:17:35,2026-02-27 17:17:35
2117,2117,Apple Pay,60.58,Success,2026-03-22 21:52:06,2026-04-12 21:52:06
2118,2118,Cash,37.74,Success,2026-04-27 03:56:58,2026-05-21 03:56:58
2119,2119,Cash,63.68,Success,2025-09-06 05:50:06,2025-09-14 05:50:06
2120,2120,Apple Pay,61.86,Success,2026-03-21 05:04:51,2026-03-27 05:04:51
2121,2121,Debit Card,43.65,Success,2026-04-25 06:54:58,2026-05-12 06:54:58
2122,2122,Cash,59.89,Success,2025-08-21 14:23:48,2025-09-04 14:23:48
2123,2123,Debit Card,1.67,Success,2026-01-19 16:01:22,2026-01-22 16:01:22
2124,2124,Google Pay,8.72,Success,2025-08-24 05:30:20,2025-09-01 05:30:20
2125,2125,Cash,84.67,Success,2025-12-01 23:16:33,2025-12-19 23:16:33
2126,2126,Credit Card,65.84,Success,2025-10-16 23:29:55,2025-11-09 23:29:55
2127,2127,Apple Pay,82.73,Success,2025-12-19 04:30:22,2025-12-26 04:30:22
2128,2128,Apple Pay,73.54,Success,2025-12-24 04:19:33,2026-01-07 04:19:33
2129,2129,Google Pay,15.17,Success,2025-12-01 16:49:09,2025-12-23 16:49:09
2130,2130,Credit Card,60.33,Success,2025-11-01 14:54:50,2025-11-09 14:54:50
2131,2131,Apple Pay,59.37,Success,2025-09-17 10:58:21,2025-10-02 10:58:21
2132,2132,Credit Card,70.61,Success,2025-12-30 16:46:07,2026-01-03 16:46:07
2133,2133,Debit Card,48.2,Success,2025-10-02 19:03:51,2025-10-29 19:03:51
2134,2134,Debit Card,28.72,Success,2026-03-04 02:46:14,2026-03-30 02:46:14
2135,2135,Cash,59.9,Success,2026-01-19 04:10:12,2026-02-16 04:10:12
2136,2136,Debit Card,84.88,Success,2025-09-27 18:25:48,2025-10-04 18:25:48
2137,2137,Google Pay,85.27,Success,2025-08-27 19:16:51,2025-09-07 19:16:51
2138,2138,Cash,32.61,Success,2026-07-14 07:32:31,2026-08-05 07:32:31
2139,2139,Cash,58.3,Success,2026-03-31 23:41:59,2026-04-19 23:41:59
2140,2140,Credit Card,58.32,Success,2026-06-01 17:44:43,2026-06-23 17:44:43
2141,2141,Apple Pay,11.09,Success,2026-05-29 00:16:20,2026-06-07 00:16:20
2142,2142,Apple Pay,43.93,Success,2025-12-09 17:48:29,2025-12-14 17:48:29
2143,2143,Google Pay,8.48,Success,2025-09-09 13:48:31,2025-09-24 13:48:31
2144,2144,Google Pay,107.89,Success,2026-01-31 10:31:13,2026-02-18 10:31:13
2145,2145,Credit Card,82.21,Success,2025-11-28 07:31:40,2025-12-15 07:31:40
2146,2146,Debit Card,10.36,Success,2026-01-21 03:46:24,2026-01-25 03:46:24
2147,2147,Apple Pay,21.79,Success,2026-02-05 17:17:45,2026-02-18 17:17:45
2148,2148,Cash,27.58,Success,2026-02-21 04:17:07,2026-03-15 04:17:07
2149,2149,Cash,63.47,Success,2025-12-14 15:34:48,2026-01-12 15:34:48
2150,2150,Google Pay,58.15,Success,2025-12-27 16:38:45,2026-01-18 16:38:45
2151,2151,Credit Card,18.68,Success,2025-10-12 19:24:15,2025-10-21 19:24:15
2152,2152,Cash,23.64,Success,2026-05-09 21:33:36,2026-05-17 21:33:36
2153,2153,Apple Pay,29.92,Success,2026-03-17 11:01:22,2026-03-31 11:01:22
2154,2154,Apple Pay,105.72,Success,2026-01-28 13:38:53,2026-02-13 13:38:53
2155,2155,Debit Card,22.46,Success,2025-12-25 06:43:14,2026-01-21 06:43:14
2156,2156,Cash,5.59,Success,2025-09-14 19:16:12,2025-10-03 19:16:12
2157,2157,Apple Pay,57.49,Success,2025-12-26 19:11:42,2025-12-27 19:11:42
2158,2158,Credit Card,13.31,Success,2025-11-30 15:43:38,2025-12-06 15:43:38
2159,2159,Apple Pay,66.98,Success,2025-11-09 12:08:03,2025-11-16 12:08:03
2160,2160,Debit Card,15.08,Success,2025-08-18 18:21:52,2025-08-25 18:21:52
2161,2161,Credit Card,52.31,Success,2025-08-20 10:42:23,2025-09-01 10:42:23
2162,2162,Credit Card,3.8,Success,2025-10-29 14:43:08,2025-11-03 14:43:08
2163,2163,Apple Pay,24.19,Success,2025-07-31 18:39:35,2025-08-28 18:39:35
2164,2164,Debit Card,19.34,Success,2025-10-26 20:06:11,2025-11-15 20:06:11
2165,2165,Apple Pay,41.53,Success,2025-11-06 05:57:51,2025-11-23 05:57:51
2166,2166,Apple Pay,91.9,Success,2026-01-15 01:09:02,2026-01-23 01:09:02
2167,2167,Debit Card,43.04,Success,2026-02-12 18:14:06,2026-03-01 18:14:06
2168,2168,Credit Card,82.26,Success,2025-12-20 19:53:05,2026-01-10 19:53:05
2169,2169,Debit Card,99.6,Success,2026-03-27 19:04:05,2026-04-09 19:04:05
2170,2170,Cash,38.9,Success,2025-08-16 13:06:34,2025-09-09 13:06:34
2171,2171,Cash,72.84,Success,2026-04-26 05:40:52,2026-05-09 05:40:52
2172,2172,Apple Pay,91.45,Success,2025-11-19 21:38:31,2025-12-06 21:38:31
2173,2173,Google Pay,83.1,Success,2026-06-23 01:14:46,2026-07-04 01:14:46
2174,2174,Google Pay,103.41,Success,2026-02-07 15:19:10,2026-02-27 15:19:10
2175,2175,Debit Card,66.99,Success,2026-02-03 06:32:03,2026-02-06 06:32:03
2176,2176,Credit Card,100.84,Success,2026-01-13 07:05:55,2026-02-04 07:05:55
2177,2177,Debit Card,42.31,Success,2026-03-09 06:16:50,2026-04-02 06:16:50
2178,2178,Cash,58.45,Success,2025-07-28 23:58:11,2025-08-07 23:58:11
2179,2179,Credit Card,75.75,Success,2026-06-16 08:33:13,2026-07-02 08:33:13
2180,2180,Cash,12.53,Success,2026-07-08 23:09:08,2026-07-15 23:09:08
2181,2181,Google Pay,36.67,Success,2025-11-14 16:05:22,2025-12-09 16:05:22
2182,2182,Apple Pay,62.32,Success,2025-12-29 13:55:57,2026-01-07 13:55:57
2183,2183,Credit Card,13.02,Success,2025-09-02 23:10:49,2025-09-12 23:10:49
2184,2184,Apple Pay,33.4,Success,2026-01-15 10:20:55,2026-01-21 10:20:55
2185,2185,Credit Card,70.1,Success,2025-12-06 18:06:27,2026-01-03 18:06:27
2186,2186,Cash,5.69,Success,2026-03-24 10:34:58,2026-04-22 10:34:58
2187,2187,Apple Pay,16.01,Success,2026-03-21 08:43:41,2026-04-20 08:43:41
2188,2188,Credit Card,119.53,Success,2025-08-12 09:59:08,2025-08-26 09:59:08
2189,2189,Cash,52.08,Success,2025-09-18 08:58:36,2025-10-15 08:58:36
2190,2190,Apple Pay,23.37,Success,2026-05-16 08:31:23,2026-05-18 08:31:23
2191,2191,Credit Card,27.69,Success,2025-11-13 17:52:15,2025-11-21 17:52:15
2192,2192,Apple Pay,44.84,Success,2025-07-29 11:41:28,2025-08-17 11:41:28
2193,2193,Cash,2.54,Success,2026-05-24 00:44:36,2026-06-20 00:44:36
2194,2194,Cash,45.81,Success,2026-05-02 20:51:32,2026-05-28 20:51:32
2195,2195,Credit Card,12.04,Success,2025-12-03 04:20:23,2025-12-08 04:20:23
2196,2196,Apple Pay,58.81,Success,2025-07-21 19:11:20,2025-08-16 19:11:20
2197,2197,Credit Card,87.89,Success,2025-10-22 19:48:28,2025-11-03 19:48:28
2198,2198,Credit Card,4.32,Success,2025-07-31 04:03:39,2025-08-23 04:03:39
2199,2199,Cash,25.01,Success,2026-03-27 16:07:52,2026-04-10 16:07:52
2200,2200,Credit Card,86.94,Success,2026-03-01 04:30:23,2026-03-26 04:30:23
2201,2201,Google Pay,4.18,Success,2026-03-22 04:43:20,2026-04-13 04:43:20
2202,2202,Credit Card,78.51,Success,2026-02-22 04:45:55,2026-03-15 04:45:55
2203,2203,Credit Card,45.94,Success,2025-09-09 17:22:44,2025-09-26 17:22:44
2204,2204,Google Pay,20.59,Success,2026-04-03 11:58:58,2026-04-04 11:58:58
2205,2205,Debit Card,12.02,Success,2025-09-18 14:21:20,2025-09-27 14:21:20
2206,2206,Credit Card,102.35,Success,2025-11-06 19:30:58,2025-11-22 19:30:58
2207,2207,Debit Card,42.85,Success,2026-01-17 21:04:08,2026-01-18 21:04:08
2208,2208,Apple Pay,10.71,Success,2026-06-23 21:28:29,2026-07-21 21:28:29
2209,2209,Debit Card,8.3,Success,2025-08-05 20:11:48,2025-08-10 20:11:48
2210,2210,Google Pay,123.87,Success,2026-07-16 18:32:46,2026-07-30 18:32:46
2211,2211,Apple Pay,106.8,Success,2026-06-15 22:43:00,2026-06-23 22:43:00
2212,2212,Google Pay,51.58,Success,2026-07-20 12:48:43,2026-07-31 12:48:43
2213,2213,Apple Pay,23.85,Success,2026-05-27 07:38:21,2026-05-29 07:38:21
2214,2214,Cash,93.79,Success,2025-12-20 18:05:41,2026-01-12 18:05:41
2215,2215,Credit Card,56.74,Success,2025-11-30 20:57:28,2025-12-17 20:57:28
2216,2216,Google Pay,90.55,Success,2025-09-13 08:16:42,2025-09-24 08:16:42
2217,2217,Google Pay,103.99,Success,2025-12-26 10:55:53,2025-12-29 10:55:53
2218,2218,Apple Pay,31.66,Success,2025-08-26 07:12:26,2025-09-07 07:12:26
2219,2219,Apple Pay,45.22,Success,2026-04-30 15:51:19,2026-05-29 15:51:19
2220,2220,Google Pay,119.38,Success,2025-11-08 22:59:17,2025-11-14 22:59:17
2221,2221,Debit Card,20.34,Success,2025-10-09 18:44:20,2025-10-24 18:44:20
2222,2222,Google Pay,65.5,Success,2026-02-27 11:37:11,2026-03-27 11:37:11
2223,2223,Debit Card,45.88,Success,2026-07-10 11:02:39,2026-07-23 11:02:39
2224,2224,Apple Pay,43.54,Success,2026-03-07 02:32:52,2026-03-11 02:32:52
2225,2225,Apple Pay,30.35,Success,2025-09-10 09:13:34,2025-09-26 09:13:34
2226,2226,Google Pay,41.1,Success,2026-03-01 02:07:39,2026-03-15 02:07:39
2227,2227,Debit Card,11.11,Success,2025-10-30 18:53:58,2025-11-27 18:53:58
2228,2228,Debit Card,55.86,Success,2025-12-28 03:14:06,2026-01-26 03:14:06
2229,2229,Credit Card,4.73,Success,2026-06-02 12:46:38,2026-06-27 12:46:38
2230,2230,Cash,62.68,Success,2025-07-30 23:25:24,2025-08-17 23:25:24
2231,2231,Cash,28.35,Success,2026-06-29 22:52:48,2026-07-14 22:52:48
2232,2232,Debit Card,59.36,Success,2026-03-28 22:55:34,2026-04-05 22:55:34
2233,2233,Cash,15.54,Success,2025-08-10 00:28:19,2025-08-28 00:28:19
2234,2234,Google Pay,82.65,Success,2026-01-23 20:43:40,2026-02-15 20:43:40
2235,2235,Debit Card,21.5,Success,2026-02-04 17:08:02,2026-02-13 17:08:02
2236,2236,Credit Card,91.07,Success,2025-10-01 05:03:21,2025-10-09 05:03:21
2237,2237,Credit Card,58.94,Success,2025-12-14 21:32:25,2025-12-24 21:32:25
2238,2238,Apple Pay,59.57,Success,2025-08-18 16:12:24,2025-09-16 16:12:24
2239,2239,Cash,39.22,Success,2026-01-07 10:01:55,2026-01-28 10:01:55
2240,2240,Google Pay,72.5,Success,2026-01-05 20:27:55,2026-01-09 20:27:55
2241,2241,Debit Card,43.49,Success,2026-05-06 23:30:43,2026-05-30 23:30:43
2242,2242,Debit Card,45.03,Success,2026-01-11 02:21:22,2026-01-12 02:21:22
2243,2243,Google Pay,2.71,Success,2025-07-23 18:22:50,2025-08-18 18:22:50
2244,2244,Google Pay,6.6,Success,2025-10-18 17:10:13,2025-11-03 17:10:13
2245,2245,Debit Card,32.26,Success,2026-07-09 13:22:32,2026-08-08 13:22:32
2246,2246,Credit Card,36.7,Success,2025-10-27 13:27:21,2025-11-05 13:27:21
2247,2247,Apple Pay,117.32,Success,2026-06-14 07:04:19,2026-06-17 07:04:19
2248,2248,Credit Card,9.3,Success,2025-11-10 16:09:43,2025-11-12 16:09:43
2249,2249,Credit Card,7.83,Success,2026-04-28 04:39:38,2026-05-17 04:39:38
2250,2250,Google Pay,3.98,Success,2026-05-05 21:25:50,2026-06-02 21:25:50
2251,2251,Apple Pay,12.29,Success,2025-12-24 08:54:21,2025-12-27 08:54:21
2252,2252,Google Pay,94.88,Success,2026-07-12 08:26:59,2026-07-19 08:26:59
2253,2253,Google Pay,103.22,Success,2025-10-30 01:30:25,2025-11-22 01:30:25
2254,2254,Apple Pay,65.1,Success,2026-04-11 22:00:21,2026-04-22 22:00:21
2255,2255,Apple Pay,18.2,Success,2026-05-10 09:48:59,2026-05-23 09:48:59
2256,2256,Cash,6.58,Success,2026-02-13 13:48:38,2026-02-25 13:48:38
2257,2257,Credit Card,36.44,Success,2026-01-20 00:56:25,2026-02-07 00:56:25
2258,2258,Google Pay,29.52,Success,2026-05-13 18:28:32,2026-05-29 18:28:32
2259,2259,Cash,61.5,Success,2025-12-28 13:45:35,2026-01-25 13:45:35
2260,2260,Debit Card,10.24,Success,2026-02-08 16:22:07,2026-03-07 16:22:07
2261,2261,Cash,64.62,Success,2025-11-19 18:14:49,2025-12-14 18:14:49
2262,2262,Apple Pay,128.91,Success,2025-09-11 05:41:26,2025-10-02 05:41:26
2263,2263,Debit Card,78.78,Success,2026-04-05 04:41:16,2026-04-16 04:41:16
2264,2264,Cash,24.02,Success,2025-09-04 12:12:53,2025-09-10 12:12:53
2265,2265,Credit Card,4.11,Success,2026-02-14 17:46:30,2026-03-16 17:46:30
2266,2266,Google Pay,60.76,Success,2025-11-09 18:24:10,2025-12-01 18:24:10
2267,2267,Debit Card,96.23,Success,2026-06-05 18:59:29,2026-06-15 18:59:29
2268,2268,Cash,70.36,Success,2026-01-23 14:59:34,2026-02-19 14:59:34
2269,2269,Credit Card,63.71,Success,2026-04-02 22:23:51,2026-04-07 22:23:51
2270,2270,Google Pay,27.14,Success,2026-03-06 00:48:01,2026-03-14 00:48:01
2271,2271,Google Pay,24.72,Success,2025-07-24 03:10:39,2025-08-08 03:10:39
2272,2272,Credit Card,27.98,Success,2026-05-14 19:02:00,2026-05-16 19:02:00
2273,2273,Credit Card,41.68,Success,2026-06-03 15:15:07,2026-06-29 15:15:07
2274,2274,Debit Card,24.79,Success,2026-07-01 10:27:51,2026-07-28 10:27:51
2275,2275,Google Pay,2.25,Success,2026-06-28 23:04:08,2026-07-13 23:04:08
2276,2276,Cash,4.68,Success,2025-08-11 15:12:54,2025-08-26 15:12:54
2277,2277,Apple Pay,7.94,Success,2026-02-11 14:08:42,2026-03-07 14:08:42
2278,2278,Cash,42.38,Success,2026-04-14 13:03:42,2026-04-28 13:03:42
2279,2279,Credit Card,15.09,Success,2026-02-15 21:45:39,2026-02-16 21:45:39
2280,2280,Google Pay,78.67,Success,2025-10-25 19:37:20,2025-11-22 19:37:20
2281,2281,Cash,64.75,Success,2026-04-17 19:33:36,2026-04-22 19:33:36
2282,2282,Apple Pay,7.39,Success,2025-12-20 10:51:20,2025-12-25 10:51:20
2283,2283,Google Pay,32.3,Success,2025-10-12 19:14:13,2025-10-21 19:14:13
2284,2284,Debit Card,8.22,Success,2025-10-15 02:33:08,2025-10-31 02:33:08
2285,2285,Cash,13.15,Success,2025-07-29 02:05:10,2025-08-17 02:05:10
2286,2286,Credit Card,13.47,Success,2025-09-15 20:49:48,2025-09-22 20:49:48
2287,2287,Credit Card,59.81,Success,2025-07-25 05:28:34,2025-08-24 05:28:34
2288,2288,Google Pay,7.7,Success,2026-06-18 01:55:48,2026-07-16 01:55:48
2289,2289,Cash,54.6,Success,2026-01-29 18:49:30,2026-02-10 18:49:30
2290,2290,Debit Card,95.14,Success,2026-06-08 12:12:46,2026-07-05 12:12:46
2291,2291,Cash,9.57,Success,2026-01-26 01:04:43,2026-02-05 01:04:43
2292,2292,Cash,27.77,Success,2025-12-16 09:47:04,2026-01-11 09:47:04
2293,2293,Debit Card,33.23,Success,2026-07-01 10:24:47,2026-07-18 10:24:47
2294,2294,Credit Card,68.72,Success,2025-11-12 22:10:37,2025-11-21 22:10:37
2295,2295,Debit Card,35.17,Success,2025-10-07 12:24:25,2025-11-01 12:24:25
2296,2296,Debit Card,77.13,Success,2025-07-22 07:12:43,2025-07-27 07:12:43
2297,2297,Cash,80.28,Success,2025-12-05 02:22:07,2025-12-22 02:22:07
2298,2298,Credit Card,53.71,Success,2026-02-16 05:43:53,2026-02-24 05:43:53
2299,2299,Debit Card,17.31,Success,2026-01-01 09:17:20,2026-01-31 09:17:20
2300,2300,Credit Card,55.0,Success,2025-11-23 19:24:40,2025-12-05 19:24:40
2301,2301,Credit Card,98.75,Success,2026-03-17 20:26:17,2026-04-12 20:26:17
2302,2302,Credit Card,59.62,Success,2025-09-13 14:24:31,2025-09-16 14:24:31
2303,2303,Debit Card,3.19,Success,2026-02-27 21:08:57,2026-03-15 21:08:57
2304,2304,Debit Card,32.69,Success,2025-08-14 00:44:30,2025-09-06 00:44:30
2305,2305,Apple Pay,92.13,Success,2026-03-07 15:36:49,2026-03-30 15:36:49
2306,2306,Credit Card,27.58,Success,2025-10-24 23:49:28,2025-11-10 23:49:28
2307,2307,Credit Card,54.28,Success,2026-07-16 11:37:02,2026-07-23 11:37:02
2308,2308,Debit Card,10.39,Success,2025-10-01 04:48:54,2025-10-25 04:48:54
2309,2309,Credit Card,62.57,Success,2026-06-07 15:27:44,2026-07-04 15:27:44
2310,2310,Credit Card,17.06,Success,2025-12-22 14:25:09,2025-12-26 14:25:09
2311,2311,Google Pay,69.25,Success,2026-04-25 12:09:28,2026-04-26 12:09:28
2312,2312,Google Pay,9.94,Success,2025-07-31 12:14:44,2025-08-07 12:14:44
2313,2313,Google Pay,35.76,Success,2025-12-15 17:58:21,2025-12-31 17:58:21
2314,2314,Google Pay,101.19,Success,2026-01-03 02:52:02,2026-01-10 02:52:02
2315,2315,Debit Card,62.42,Success,2026-06-03 20:22:41,2026-06-05 20:22:41
2316,2316,Credit Card,43.97,Success,2026-06-11 23:53:25,2026-06-18 23:53:25
2317,2317,Google Pay,14.2,Success,2025-12-06 04:08:21,2025-12-09 04:08:21
2318,2318,Google Pay,44.69,Success,2025-10-14 08:36:47,2025-11-09 08:36:47
2319,2319,Credit Card,60.37,Success,2026-06-08 14:12:00,2026-06-14 14:12:00
2320,2320,Google Pay,89.11,Success,2026-04-08 06:13:59,2026-04-13 06:13:59
2321,2321,Google Pay,101.28,Success,2025-08-03 17:27:26,2025-08-17 17:27:26
2322,2322,Credit Card,58.75,Success,2025-11-06 08:42:16,2025-11-24 08:42:16
2323,2323,Cash,68.72,Success,2025-07-26 18:02:11,2025-08-03 18:02:11
2324,2324,Cash,47.37,Success,2026-03-29 00:06:22,2026-04-28 00:06:22
2325,2325,Apple Pay,22.54,Success,2026-05-30 01:49:55,2026-06-05 01:49:55
2326,2326,Debit Card,9.3,Success,2025-11-14 08:25:03,2025-12-13 08:25:03
2327,2327,Google Pay,108.18,Success,2026-02-28 11:47:56,2026-03-23 11:47:56
2328,2328,Credit Card,50.54,Success,2025-11-26 20:05:01,2025-12-08 20:05:01
2329,2329,Google Pay,35.18,Success,2025-08-12 01:37:28,2025-09-06 01:37:28
2330,2330,Apple Pay,8.11,Success,2026-05-24 16:50:04,2026-06-15 16:50:04
2331,2331,Apple Pay,2.69,Success,2025-11-12 18:35:45,2025-11-29 18:35:45
2332,2332,Apple Pay,34.64,Success,2025-11-17 01:04:24,2025-12-01 01:04:24
2333,2333,Apple Pay,46.12,Success,2026-04-13 23:49:42,2026-05-02 23:49:42
2334,2334,Debit Card,115.82,Success,2026-02-22 07:41:25,2026-03-03 07:41:25
2335,2335,Apple Pay,46.19,Success,2025-11-09 11:01:35,2025-11-18 11:01:35
2336,2336,Debit Card,60.31,Success,2026-02-07 20:53:37,2026-03-09 20:53:37
2337,2337,Cash,69.54,Success,2025-09-18 00:53:11,2025-10-18 00:53:11
2338,2338,Google Pay,3.04,Success,2025-12-04 23:26:50,2025-12-28 23:26:50
2339,2339,Cash,55.55,Success,2026-03-13 02:05:37,2026-03-30 02:05:37
2340,2340,Credit Card,5.51,Success,2026-02-18 20:44:21,2026-03-13 20:44:21
2341,2341,Debit Card,64.91,Success,2025-12-14 09:01:49,2026-01-05 09:01:49
2342,2342,Credit Card,40.38,Success,2025-09-05 18:23:59,2025-10-04 18:23:59
2343,2343,Google Pay,12.39,Success,2026-04-21 15:23:55,2026-04-23 15:23:55
2344,2344,Cash,88.8,Success,2026-02-12 13:39:23,2026-02-21 13:39:23
2345,2345,Debit Card,52.56,Success,2025-10-15 23:21:50,2025-11-14 23:21:50
2346,2346,Google Pay,66.38,Success,2025-08-07 04:10:17,2025-08-26 04:10:17
2347,2347,Credit Card,11.45,Success,2025-09-15 16:37:17,2025-09-18 16:37:17
2348,2348,Apple Pay,68.13,Success,2026-04-05 17:35:46,2026-04-18 17:35:46
2349,2349,Google Pay,101.91,Success,2026-07-14 14:13:26,2026-08-01 14:13:26
2350,2350,Apple Pay,125.27,Success,2025-10-03 18:38:34,2025-10-10 18:38:34
2351,2351,Credit Card,29.69,Success,2026-06-27 23:53:17,2026-07-08 23:53:17
2352,2352,Apple Pay,61.9,Success,2026-03-12 03:14:51,2026-03-24 03:14:51
2353,2353,Apple Pay,19.6,Success,2026-05-05 10:07:12,2026-05-19 10:07:12
2354,2354,Credit Card,48.12,Success,2025-10-19 14:28:52,2025-10-28 14:28:52
2355,2355,Debit Card,41.3,Success,2026-06-11 03:16:00,2026-07-08 03:16:00
2356,2356,Google Pay,35.74,Success,2026-01-26 17:36:15,2026-02-23 17:36:15
2357,2357,Cash,116.32,Success,2025-08-09 05:31:09,2025-08-18 05:31:09
2358,2358,Debit Card,9.98,Success,2025-12-23 15:35:43,2026-01-06 15:35:43
2359,2359,Google Pay,71.7,Success,2025-11-27 15:52:16,2025-12-24 15:52:16
2360,2360,Debit Card,64.87,Success,2025-10-22 11:22:17,2025-11-21 11:22:17
2361,2361,Debit Card,36.44,Success,2025-11-10 17:10:41,2025-11-17 17:10:41
2362,2362,Cash,46.57,Success,2026-06-04 21:11:05,2026-06-26 21:11:05
2363,2363,Credit Card,21.53,Success,2026-06-23 02:16:54,2026-07-10 02:16:54
2364,2364,Credit Card,20.4,Success,2026-03-25 01:48:54,2026-04-24 01:48:54
2365,2365,Cash,68.01,Success,2025-11-28 16:45:35,2025-12-25 16:45:35
2366,2366,Apple Pay,7.35,Success,2026-04-21 14:41:49,2026-05-05 14:41:49
2367,2367,Cash,81.1,Success,2026-05-17 19:32:45,2026-05-27 19:32:45
2368,2368,Apple Pay,19.2,Success,2026-03-17 07:25:57,2026-03-29 07:25:57
2369,2369,Cash,23.26,Success,2025-11-29 10:54:06,2025-12-29 10:54:06
2370,2370,Credit Card,85.22,Success,2025-10-30 12:19:57,2025-11-16 12:19:57
2371,2371,Cash,42.08,Success,2026-06-03 19:43:53,2026-06-19 19:43:53
2372,2372,Credit Card,21.82,Success,2025-11-15 22:04:09,2025-12-01 22:04:09
2373,2373,Apple Pay,30.44,Success,2025-07-27 10:44:52,2025-07-31 10:44:52
2374,2374,Cash,4.13,Success,2026-07-11 01:12:32,2026-08-08 01:12:32
2375,2375,Debit Card,69.21,Success,2026-02-14 21:42:10,2026-02-20 21:42:10
2376,2376,Cash,73.19,Success,2026-03-06 04:46:11,2026-04-04 04:46:11
2377,2377,Apple Pay,103.34,Success,2025-07-30 22:39:41,2025-07-31 22:39:41
2378,2378,Cash,103.39,Success,2025-08-08 16:26:12,2025-08-25 16:26:12
2379,2379,Cash,6.38,Success,2025-10-12 08:49:13,2025-10-18 08:49:13
2380,2380,Google Pay,17.48,Success,2026-06-29 00:08:30,2026-07-25 00:08:30
2381,2381,Credit Card,53.21,Success,2025-08-12 07:12:08,2025-09-01 07:12:08
2382,2382,Cash,36.88,Success,2025-10-23 18:09:44,2025-10-30 18:09:44
2383,2383,Credit Card,45.47,Success,2025-08-17 10:15:20,2025-09-12 10:15:20
2384,2384,Google Pay,54.97,Success,2025-08-14 20:47:31,2025-08-31 20:47:31
2385,2385,Google Pay,51.16,Success,2025-09-13 15:32:51,2025-10-05 15:32:51
2386,2386,Credit Card,47.06,Success,2025-09-06 18:31:11,2025-09-24 18:31:11
2387,2387,Apple Pay,37.61,Success,2026-06-28 21:47:20,2026-07-08 21:47:20
2388,2388,Apple Pay,9.62,Success,2026-02-16 21:41:22,2026-03-12 21:41:22
2389,2389,Apple Pay,76.83,Success,2026-07-10 17:37:26,2026-07-23 17:37:26
2390,2390,Debit Card,74.73,Success,2026-03-30 19:03:26,2026-04-13 19:03:26
2391,2391,Apple Pay,93.12,Success,2025-07-23 06:43:27,2025-08-12 06:43:27
2392,2392,Credit Card,56.71,Success,2025-07-30 21:38:22,2025-08-29 21:38:22
2393,2393,Google Pay,50.87,Success,2025-09-04 16:32:03,2025-09-26 16:32:03
2394,2394,Debit Card,54.52,Success,2025-08-22 12:52:09,2025-09-12 12:52:09
2395,2395,Debit Card,18.13,Success,2025-08-24 13:30:33,2025-09-07 13:30:33
2396,2396,Google Pay,4.19,Success,2026-06-02 03:27:20,2026-06-25 03:27:20
2397,2397,Apple Pay,84.71,Success,2025-09-07 10:54:26,2025-09-22 10:54:26
2398,2398,Apple Pay,54.21,Success,2025-07-26 08:36:22,2025-08-10 08:36:22
2399,2399,Debit Card,66.07,Success,2026-01-22 15:06:32,2026-01-29 15:06:32
2400,2400,Credit Card,28.01,Success,2026-02-09 15:04:44,2026-02-28 15:04:44
2401,2401,Credit Card,41.63,Success,2025-08-22 11:14:34,2025-09-02 11:14:34
2402,2402,Cash,3.43,Success,2026-01-03 12:45:46,2026-01-29 12:45:46
2403,2403,Credit Card,68.82,Success,2025-07-31 03:36:10,2025-08-23 03:36:10
2404,2404,Debit Card,69.84,Success,2025-10-28 13:05:37,2025-11-04 13:05:37
2405,2405,Debit Card,100.0,Success,2026-06-01 02:02:20,2026-06-25 02:02:20
2406,2406,Apple Pay,65.39,Success,2026-07-09 13:33:49,2026-08-02 13:33:49
2407,2407,Apple Pay,56.39,Success,2025-09-05 21:58:11,2025-09-28 21:58:11
2408,2408,Google Pay,83.21,Success,2025-10-24 22:10:03,2025-11-07 22:10:03
2409,2409,Credit Card,70.31,Success,2025-09-08 21:57:32,2025-09-25 21:57:32
2410,2410,Cash,42.1,Success,2026-04-20 02:49:23,2026-04-28 02:49:23
2411,2411,Credit Card,28.99,Success,2025-12-18 17:42:53,2026-01-12 17:42:53
2412,2412,Apple Pay,105.79,Success,2025-10-17 15:00:53,2025-11-15 15:00:53
2413,2413,Credit Card,82.71,Success,2025-10-04 05:25:03,2025-10-08 05:25:03
2414,2414,Google Pay,27.89,Success,2025-08-10 14:23:33,2025-09-07 14:23:33
2415,2415,Debit Card,9.59,Success,2026-06-15 07:41:52,2026-06-28 07:41:52
2416,2416,Debit Card,28.78,Success,2025-10-26 16:31:30,2025-11-02 16:31:30
2417,2417,Credit Card,52.46,Success,2026-01-09 07:53:05,2026-01-24 07:53:05
2418,2418,Cash,60.77,Success,2026-05-19 09:08:53,2026-06-04 09:08:53
2419,2419,Google Pay,2.87,Success,2025-09-28 06:45:05,2025-10-21 06:45:05
2420,2420,Cash,91.84,Success,2026-04-09 19:43:42,2026-04-23 19:43:42
2421,2421,Credit Card,43.44,Success,2026-05-26 12:50:26,2026-06-07 12:50:26
2422,2422,Debit Card,12.09,Success,2026-06-08 08:05:37,2026-06-09 08:05:37
2423,2423,Credit Card,31.26,Success,2026-05-14 16:57:54,2026-05-31 16:57:54
2424,2424,Apple Pay,19.08,Success,2026-05-27 13:52:21,2026-06-24 13:52:21
2425,2425,Debit Card,45.43,Success,2026-03-27 22:18:22,2026-04-12 22:18:22
2426,2426,Apple Pay,52.56,Success,2026-02-26 08:53:09,2026-03-06 08:53:09
2427,2427,Credit Card,81.65,Success,2026-05-25 20:41:09,2026-05-28 20:41:09
2428,2428,Google Pay,25.03,Success,2026-05-15 11:00:37,2026-05-18 11:00:37
2429,2429,Google Pay,55.58,Success,2026-06-06 10:22:49,2026-06-21 10:22:49
2430,2430,Cash,61.42,Success,2026-01-14 04:38:00,2026-01-18 04:38:00
2431,2431,Credit Card,116.78,Success,2025-11-11 18:51:22,2025-12-08 18:51:22
2432,2432,Debit Card,5.58,Success,2025-11-08 18:58:52,2025-11-23 18:58:52
2433,2433,Cash,37.12,Success,2025-11-22 02:18:21,2025-12-21 02:18:21
2434,2434,Debit Card,16.99,Success,2025-11-23 06:58:55,2025-12-18 06:58:55
2435,2435,Google Pay,112.91,Success,2026-06-10 19:31:32,2026-06-19 19:31:32
2436,2436,Debit Card,44.57,Success,2025-10-11 12:46:56,2025-11-04 12:46:56
2437,2437,Google Pay,31.49,Success,2026-03-14 00:52:43,2026-04-08 00:52:43
2438,2438,Apple Pay,9.27,Success,2025-10-02 22:19:50,2025-10-16 22:19:50
2439,2439,Cash,17.45,Success,2025-08-07 14:55:25,2025-08-14 14:55:25
2440,2440,Cash,99.96,Success,2026-06-03 05:38:27,2026-06-17 05:38:27
2441,2441,Cash,20.5,Success,2025-09-18 00:30:27,2025-10-03 00:30:27
2442,2442,Google Pay,107.77,Success,2026-02-23 13:12:14,2026-03-21 13:12:14
2443,2443,Apple Pay,58.01,Success,2026-07-16 08:20:30,2026-08-06 08:20:30
2444,2444,Debit Card,58.89,Success,2026-01-23 05:22:40,2026-02-03 05:22:40
2445,2445,Apple Pay,40.13,Success,2025-11-16 19:20:09,2025-11-24 19:20:09
2446,2446,Cash,75.56,Success,2025-11-21 20:47:28,2025-12-02 20:47:28
2447,2447,Credit Card,101.52,Success,2025-09-29 07:36:40,2025-10-09 07:36:40
2448,2448,Debit Card,78.25,Success,2026-03-19 15:35:06,2026-04-03 15:35:06
2449,2449,Apple Pay,23.22,Success,2026-04-05 00:01:06,2026-04-25 00:01:06
2450,2450,Credit Card,73.78,Success,2025-07-24 18:34:27,2025-08-22 18:34:27
2451,2451,Google Pay,68.46,Success,2026-06-26 20:13:37,2026-06-27 20:13:37
2452,2452,Credit Card,20.6,Success,2026-06-17 08:13:58,2026-06-22 08:13:58
2453,2453,Debit Card,38.31,Success,2026-07-19 15:40:23,2026-08-02 15:40:23
2454,2454,Google Pay,8.29,Success,2025-12-07 18:44:48,2025-12-11 18:44:48
2455,2455,Credit Card,7.58,Success,2026-04-17 19:54:01,2026-04-28 19:54:01
2456,2456,Cash,104.13,Success,2025-12-07 14:58:58,2026-01-06 14:58:58
2457,2457,Debit Card,4.43,Success,2026-03-25 13:16:20,2026-04-09 13:16:20
2458,2458,Google Pay,10.34,Success,2026-03-12 02:02:31,2026-04-03 02:02:31
2459,2459,Apple Pay,83.31,Success,2025-10-01 20:48:45,2025-10-16 20:48:45
2460,2460,Cash,77.05,Success,2025-10-19 22:34:35,2025-11-10 22:34:35
2461,2461,Cash,105.96,Success,2025-09-21 14:55:40,2025-10-18 14:55:40
2462,2462,Google Pay,62.83,Success,2025-09-27 01:33:10,2025-10-15 01:33:10
2463,2463,Credit Card,66.91,Success,2026-03-16 17:00:23,2026-03-23 17:00:23
2464,2464,Cash,55.94,Success,2025-09-21 13:24:10,2025-09-28 13:24:10
2465,2465,Debit Card,72.04,Success,2026-05-07 19:27:06,2026-05-19 19:27:06
2466,2466,Credit Card,90.22,Success,2026-03-01 04:40:14,2026-03-14 04:40:14
2467,2467,Debit Card,49.41,Success,2025-09-06 16:40:13,2025-10-05 16:40:13
2468,2468,Apple Pay,80.78,Success,2026-06-30 21:05:43,2026-07-15 21:05:43
2469,2469,Cash,38.62,Success,2025-09-22 05:31:43,2025-10-01 05:31:43
2470,2470,Cash,11.38,Success,2026-07-19 04:34:20,2026-07-21 04:34:20
2471,2471,Cash,14.16,Success,2025-08-26 18:29:12,2025-08-31 18:29:12
2472,2472,Credit Card,66.88,Success,2026-01-16 22:39:18,2026-02-11 22:39:18
2473,2473,Google Pay,31.6,Success,2026-04-20 07:52:18,2026-05-06 07:52:18
2474,2474,Google Pay,26.84,Success,2025-08-08 11:49:38,2025-08-25 11:49:38
2475,2475,Apple Pay,132.1,Success,2025-10-21 13:43:34,2025-11-04 13:43:34
2476,2476,Credit Card,61.87,Success,2025-08-22 03:27:21,2025-09-13 03:27:21
2477,2477,Apple Pay,113.46,Success,2026-04-04 09:40:30,2026-04-27 09:40:30
2478,2478,Apple Pay,51.23,Success,2026-04-15 22:57:20,2026-05-07 22:57:20
2479,2479,Google Pay,76.92,Success,2026-03-25 21:02:36,2026-04-01 21:02:36
2480,2480,Google Pay,23.3,Success,2026-03-03 07:05:10,2026-03-27 07:05:10
2481,2481,Apple Pay,77.75,Success,2026-05-27 01:01:36,2026-06-26 01:01:36
2482,2482,Debit Card,41.62,Success,2026-05-10 03:44:45,2026-05-23 03:44:45
2483,2483,Apple Pay,99.49,Success,2025-10-25 11:02:52,2025-11-13 11:02:52
2484,2484,Google Pay,78.43,Success,2025-11-18 21:31:10,2025-11-20 21:31:10
2485,2485,Apple Pay,33.15,Success,2025-09-23 14:28:33,2025-10-17 14:28:33
2486,2486,Google Pay,101.73,Success,2025-07-22 03:31:50,2025-08-12 03:31:50
2487,2487,Credit Card,36.56,Success,2026-05-21 01:02:22,2026-06-06 01:02:22
2488,2488,Google Pay,21.31,Success,2026-03-24 23:11:18,2026-04-01 23:11:18
2489,2489,Google Pay,50.81,Success,2025-11-29 10:02:23,2025-12-02 10:02:23
2490,2490,Credit Card,71.99,Success,2026-07-04 21:04:42,2026-08-02 21:04:42
2491,2491,Apple Pay,53.33,Success,2025-09-18 07:41:43,2025-10-17 07:41:43
2492,2492,Cash,86.89,Success,2026-05-17 13:39:47,2026-05-18 13:39:47
2493,2493,Debit Card,59.19,Success,2026-04-23 10:39:40,2026-04-26 10:39:40
2494,2494,Cash,121.18,Success,2026-03-07 07:00:45,2026-04-02 07:00:45
2495,2495,Apple Pay,103.2,Success,2026-06-04 10:23:52,2026-06-13 10:23:52
2496,2496,Apple Pay,8.6,Success,2025-09-15 02:28:39,2025-09-25 02:28:39
2497,2497,Cash,96.9,Success,2025-12-05 15:19:08,2025-12-19 15:19:08
2498,2498,Debit Card,71.9,Success,2025-07-22 09:09:27,2025-07-27 09:09:27
2499,2499,Credit Card,4.08,Success,2026-01-23 12:42:45,2026-02-04 12:42:45
2500,2500,Apple Pay,23.21,Success,2026-06-05 05:06:41,2026-06-20 05:06:41
2501,2501,Google Pay,12.13,Success,2025-09-30 00:00:59,2025-10-27 00:00:59
2502,2502,Google Pay,45.68,Success,2026-05-30 18:47:23,2026-06-27 18:47:23
2503,2503,Credit Card,116.51,Success,2026-03-02 18:29:30,2026-03-27 18:29:30
2504,2504,Google Pay,11.16,Success,2025-09-17 17:29:54,2025-09-28 17:29:54
2505,2505,Apple Pay,27.21,Success,2025-09-30 14:34:48,2025-10-10 14:34:48
2506,2506,Credit Card,3.97,Success,2025-12-11 19:12:38,2025-12-12 19:12:38
2507,2507,Google Pay,36.09,Success,2025-11-30 04:46:13,2025-12-19 04:46:13
2508,2508,Debit Card,23.47,Success,2026-04-23 10:24:40,2026-05-03 10:24:40
2509,2509,Apple Pay,22.33,Success,2025-12-29 16:16:45,2026-01-26 16:16:45
2510,2510,Cash,21.0,Success,2025-12-01 05:20:42,2025-12-29 05:20:42
2511,2511,Cash,52.16,Success,2025-07-29 04:19:25,2025-08-05 04:19:25
2512,2512,Google Pay,50.56,Success,2026-06-28 18:20:50,2026-06-30 18:20:50
2513,2513,Debit Card,5.25,Success,2025-07-22 00:45:47,2025-08-21 00:45:47
2514,2514,Debit Card,48.82,Success,2026-07-08 05:06:24,2026-07-30 05:06:24
2515,2515,Google Pay,109.34,Success,2026-03-08 17:19:55,2026-03-14 17:19:55
2516,2516,Google Pay,74.74,Success,2025-09-22 18:56:27,2025-10-20 18:56:27
2517,2517,Credit Card,12.29,Success,2025-08-04 12:39:42,2025-08-30 12:39:42
2518,2518,Apple Pay,48.74,Success,2025-09-29 12:45:09,2025-10-19 12:45:09
2519,2519,Cash,108.95,Success,2025-11-20 02:23:51,2025-12-06 02:23:51
2520,2520,Google Pay,38.87,Success,2026-07-03 16:19:04,2026-07-25 16:19:04
2521,2521,Debit Card,9.04,Success,2025-08-26 02:19:04,2025-09-16 02:19:04
2522,2522,Cash,47.25,Success,2025-09-04 11:48:31,2025-10-01 11:48:31
2523,2523,Debit Card,73.6,Success,2025-10-12 00:20:42,2025-11-11 00:20:42
2524,2524,Credit Card,95.48,Success,2026-04-22 11:17:52,2026-05-08 11:17:52
2525,2525,Credit Card,24.25,Success,2026-06-23 15:08:28,2026-07-20 15:08:28
2526,2526,Google Pay,100.71,Success,2025-11-18 01:57:06,2025-12-10 01:57:06
2527,2527,Credit Card,21.22,Success,2025-11-22 18:10:19,2025-12-03 18:10:19
2528,2528,Credit Card,38.63,Success,2026-03-09 06:29:49,2026-03-15 06:29:49
2529,2529,Debit Card,19.78,Success,2026-01-01 04:11:07,2026-01-10 04:11:07
2530,2530,Credit Card,5.77,Success,2026-07-18 07:37:47,2026-07-26 07:37:47
2531,2531,Credit Card,96.46,Success,2025-09-20 01:31:30,2025-09-28 01:31:30
2532,2532,Apple Pay,39.86,Success,2025-10-02 04:42:06,2025-10-20 04:42:06
2533,2533,Credit Card,2.56,Success,2026-06-03 07:36:24,2026-06-16 07:36:24
2534,2534,Cash,78.07,Success,2025-12-02 01:53:12,2025-12-03 01:53:12
2535,2535,Apple Pay,10.8,Success,2025-10-06 09:34:59,2025-10-15 09:34:59
2536,2536,Google Pay,62.31,Success,2026-03-20 20:08:00,2026-04-16 20:08:00
2537,2537,Google Pay,132.32,Success,2025-09-04 03:39:22,2025-10-02 03:39:22
2538,2538,Cash,10.32,Success,2026-03-22 03:08:02,2026-04-03 03:08:02
2539,2539,Apple Pay,98.48,Success,2026-03-27 12:43:32,2026-04-17 12:43:32
2540,2540,Debit Card,38.85,Success,2025-08-21 05:58:11,2025-08-27 05:58:11
2541,2541,Credit Card,66.54,Success,2026-01-25 15:17:40,2026-02-17 15:17:40
2542,2542,Debit Card,117.41,Success,2025-12-24 22:17:12,2026-01-15 22:17:12
2543,2543,Cash,24.06,Success,2025-12-04 07:09:09,2025-12-13 07:09:09
2544,2544,Credit Card,2.81,Success,2026-01-18 16:11:03,2026-01-26 16:11:03
2545,2545,Apple Pay,106.4,Success,2026-02-06 01:42:11,2026-03-05 01:42:11
2546,2546,Credit Card,45.55,Success,2026-01-23 03:19:20,2026-02-09 03:19:20
2547,2547,Cash,61.19,Success,2026-04-16 20:24:03,2026-05-08 20:24:03
2548,2548,Credit Card,86.65,Success,2026-03-21 15:21:38,2026-03-30 15:21:38
2549,2549,Google Pay,49.82,Success,2026-04-07 12:23:03,2026-04-14 12:23:03
2550,2550,Cash,7.21,Success,2025-12-20 21:37:24,2025-12-21 21:37:24
2551,2551,Cash,104.93,Success,2025-09-21 16:43:12,2025-09-25 16:43:12
2552,2552,Credit Card,110.0,Success,2025-12-13 11:05:22,2026-01-11 11:05:22
2553,2553,Google Pay,86.69,Success,2026-02-25 18:13:33,2026-03-02 18:13:33
2554,2554,Debit Card,38.53,Success,2026-01-24 13:04:43,2026-02-03 13:04:43
2555,2555,Debit Card,52.63,Success,2026-04-20 11:18:19,2026-05-12 11:18:19
2556,2556,Google Pay,34.67,Success,2025-08-16 01:16:34,2025-08-28 01:16:34
2557,2557,Credit Card,32.38,Success,2026-04-05 16:25:42,2026-04-06 16:25:42
2558,2558,Debit Card,95.51,Success,2026-03-13 15:18:27,2026-03-19 15:18:27
2559,2559,Debit Card,4.94,Success,2025-08-08 06:28:58,2025-09-01 06:28:58
2560,2560,Debit Card,12.9,Success,2026-01-29 23:03:04,2026-02-17 23:03:04
2561,2561,Debit Card,6.43,Success,2026-03-09 17:42:28,2026-04-08 17:42:28
2562,2562,Cash,117.12,Success,2025-08-11 22:24:51,2025-09-10 22:24:51
2563,2563,Credit Card,62.67,Success,2026-04-13 11:24:53,2026-04-23 11:24:53
2564,2564,Apple Pay,60.01,Success,2025-08-10 12:17:48,2025-08-18 12:17:48
2565,2565,Credit Card,55.22,Success,2026-06-13 17:18:01,2026-06-19 17:18:01
2566,2566,Credit Card,54.14,Success,2025-12-24 10:20:34,2026-01-16 10:20:34
2567,2567,Google Pay,39.83,Success,2026-04-28 20:50:58,2026-05-01 20:50:58
2568,2568,Credit Card,63.54,Success,2026-01-21 00:37:34,2026-01-23 00:37:34
2569,2569,Google Pay,27.52,Success,2026-03-20 20:49:59,2026-04-16 20:49:59
2570,2570,Cash,6.93,Success,2025-11-29 21:34:42,2025-12-07 21:34:42
2571,2571,Credit Card,76.5,Success,2026-04-04 19:41:47,2026-04-05 19:41:47
2572,2572,Google Pay,43.82,Success,2025-08-04 06:14:05,2025-08-20 06:14:05
2573,2573,Cash,74.08,Success,2025-12-07 01:19:51,2025-12-29 01:19:51
2574,2574,Google Pay,20.28,Success,2025-07-24 22:58:34,2025-07-27 22:58:34
2575,2575,Debit Card,54.33,Success,2025-09-13 15:27:35,2025-10-04 15:27:35
2576,2576,Credit Card,18.53,Success,2026-07-15 21:17:25,2026-08-07 21:17:25
2577,2577,Cash,43.95,Success,2026-04-20 04:41:09,2026-05-13 04:41:09
2578,2578,Google Pay,85.06,Success,2026-04-29 10:06:51,2026-05-27 10:06:51
2579,2579,Apple Pay,45.29,Success,2025-10-12 21:38:17,2025-11-01 21:38:17
2580,2580,Credit Card,62.3,Success,2025-12-13 01:46:47,2025-12-29 01:46:47
2581,2581,Debit Card,58.64,Success,2026-01-07 12:53:53,2026-01-08 12:53:53
2582,2582,Google Pay,30.86,Success,2025-07-28 23:12:34,2025-08-24 23:12:34
2583,2583,Credit Card,5.38,Success,2026-05-17 00:24:06,2026-05-29 00:24:06
2584,2584,Debit Card,86.83,Success,2025-09-25 23:00:24,2025-10-19 23:00:24
2585,2585,Apple Pay,38.78,Success,2026-06-18 15:47:26,2026-07-11 15:47:26
2586,2586,Credit Card,24.82,Success,2025-10-28 10:48:06,2025-10-31 10:48:06
2587,2587,Credit Card,62.71,Success,2025-09-02 18:00:12,2025-10-02 18:00:12
2588,2588,Cash,48.68,Success,2026-06-15 23:51:07,2026-07-07 23:51:07
2589,2589,Google Pay,24.5,Success,2026-05-12 15:13:18,2026-05-17 15:13:18
2590,2590,Apple Pay,30.14,Success,2025-09-09 16:49:08,2025-09-18 16:49:08
2591,2591,Apple Pay,20.79,Success,2026-04-13 02:39:20,2026-04-18 02:39:20
2592,2592,Credit Card,49.61,Success,2025-11-14 19:51:45,2025-12-04 19:51:45
2593,2593,Debit Card,10.13,Success,2025-12-18 02:08:58,2026-01-08 02:08:58
2594,2594,Apple Pay,74.77,Success,2025-11-28 00:43:05,2025-12-05 00:43:05
2595,2595,Cash,10.25,Success,2025-09-07 14:14:09,2025-09-12 14:14:09
2596,2596,Debit Card,5.53,Success,2026-05-28 21:42:03,2026-06-17 21:42:03
2597,2597,Debit Card,66.1,Success,2026-05-08 07:32:20,2026-05-20 07:32:20
2598,2598,Credit Card,28.57,Success,2026-07-17 17:37:20,2026-08-10 17:37:20
2599,2599,Apple Pay,113.33,Success,2025-09-06 09:49:12,2025-09-18 09:49:12
2600,2600,Apple Pay,7.93,Success,2026-01-20 19:29:40,2026-02-09 19:29:40
2601,2601,Apple Pay,21.16,Success,2026-05-06 15:21:07,2026-05-21 15:21:07
2602,2602,Debit Card,60.92,Success,2025-11-13 01:10:02,2025-11-28 01:10:02
2603,2603,Cash,89.44,Success,2025-08-27 10:09:30,2025-09-22 10:09:30
2604,2604,Credit Card,33.72,Success,2025-08-02 05:03:24,2025-08-06 05:03:24
2605,2605,Credit Card,23.8,Success,2026-04-26 09:35:03,2026-05-08 09:35:03
2606,2606,Apple Pay,83.4,Success,2026-06-05 15:41:32,2026-06-10 15:41:32
2607,2607,Debit Card,35.62,Success,2025-12-19 23:58:19,2025-12-27 23:58:19
2608,2608,Cash,45.73,Success,2025-10-20 14:57:39,2025-11-14 14:57:39
2609,2609,Apple Pay,79.25,Success,2026-03-05 23:54:06,2026-03-31 23:54:06
2610,2610,Apple Pay,109.18,Success,2026-05-07 20:31:28,2026-05-29 20:31:28
2611,2611,Credit Card,55.05,Success,2026-05-14 16:08:06,2026-05-27 16:08:06
2612,2612,Apple Pay,72.62,Success,2025-10-20 21:29:59,2025-11-17 21:29:59
2613,2613,Google Pay,9.46,Success,2025-12-03 12:43:10,2025-12-19 12:43:10
2614,2614,Apple Pay,94.35,Success,2026-01-19 10:00:31,2026-02-15 10:00:31
2615,2615,Google Pay,32.83,Success,2025-10-05 06:47:15,2025-10-11 06:47:15
2616,2616,Debit Card,86.16,Success,2026-03-13 04:08:13,2026-04-09 04:08:13
2617,2617,Google Pay,63.25,Success,2025-11-29 09:24:46,2025-12-22 09:24:46
2618,2618,Cash,56.38,Success,2025-11-14 07:02:37,2025-11-16 07:02:37
2619,2619,Credit Card,25.56,Success,2026-04-24 04:07:30,2026-04-29 04:07:30
2620,2620,Credit Card,67.47,Success,2025-08-20 08:03:32,2025-09-03 08:03:32
2621,2621,Google Pay,53.84,Success,2025-08-24 20:36:20,2025-09-15 20:36:20
2622,2622,Cash,56.48,Success,2025-11-23 05:32:09,2025-12-15 05:32:09
2623,2623,Credit Card,75.71,Success,2026-05-07 12:14:53,2026-05-18 12:14:53
2624,2624,Debit Card,50.41,Success,2026-03-04 05:10:23,2026-03-10 05:10:23
2625,2625,Google Pay,23.05,Success,2026-01-21 10:27:55,2026-01-30 10:27:55
2626,2626,Credit Card,65.68,Success,2026-02-20 16:45:46,2026-03-12 16:45:46
2627,2627,Apple Pay,106.05,Success,2026-06-29 09:51:01,2026-06-30 09:51:01
2628,2628,Cash,49.21,Success,2025-07-30 04:12:23,2025-08-26 04:12:23
2629,2629,Google Pay,76.86,Success,2026-02-13 15:53:35,2026-02-19 15:53:35
2630,2630,Google Pay,76.35,Success,2026-03-21 15:38:10,2026-03-24 15:38:10
2631,2631,Apple Pay,23.12,Success,2025-09-18 03:55:11,2025-09-20 03:55:11
2632,2632,Apple Pay,7.9,Success,2025-09-21 07:47:51,2025-10-01 07:47:51
2633,2633,Apple Pay,21.67,Success,2026-05-18 06:32:31,2026-06-09 06:32:31
2634,2634,Apple Pay,7.51,Success,2026-03-19 15:09:08,2026-03-24 15:09:08
2635,2635,Credit Card,70.23,Success,2025-11-24 20:31:28,2025-11-30 20:31:28
2636,2636,Google Pay,21.64,Success,2025-08-28 07:32:49,2025-09-14 07:32:49
2637,2637,Cash,7.56,Success,2026-02-19 18:12:30,2026-03-18 18:12:30
2638,2638,Debit Card,57.27,Success,2026-05-25 19:37:28,2026-06-03 19:37:28
2639,2639,Debit Card,12.19,Success,2025-10-07 02:55:04,2025-10-14 02:55:04
2640,2640,Cash,66.52,Success,2025-12-25 05:40:49,2026-01-21 05:40:49
2641,2641,Credit Card,54.78,Success,2025-12-19 21:39:12,2026-01-08 21:39:12
2642,2642,Apple Pay,21.85,Success,2026-01-17 07:34:50,2026-02-06 07:34:50
2643,2643,Google Pay,7.12,Success,2026-03-29 00:17:33,2026-04-15 00:17:33
2644,2644,Debit Card,9.41,Success,2026-06-16 01:05:44,2026-06-20 01:05:44
2645,2645,Debit Card,92.34,Success,2026-03-18 10:20:57,2026-04-17 10:20:57
2646,2646,Google Pay,38.32,Success,2025-10-07 15:54:39,2025-10-18 15:54:39
2647,2647,Credit Card,35.41,Success,2025-12-26 22:47:17,2026-01-16 22:47:17
2648,2648,Apple Pay,27.25,Success,2025-11-25 11:36:04,2025-12-04 11:36:04
2649,2649,Google Pay,78.36,Success,2026-01-04 00:59:43,2026-01-21 00:59:43
2650,2650,Debit Card,45.64,Success,2026-02-26 11:32:46,2026-03-07 11:32:46
2651,2651,Credit Card,81.42,Success,2026-05-14 23:17:01,2026-05-25 23:17:01
2652,2652,Cash,18.01,Success,2026-06-16 05:45:19,2026-06-30 05:45:19
2653,2653,Google Pay,68.24,Success,2025-09-29 06:32:26,2025-10-26 06:32:26
2654,2654,Credit Card,14.42,Success,2026-04-03 11:08:53,2026-04-22 11:08:53
2655,2655,Cash,37.63,Success,2025-12-21 05:35:00,2026-01-13 05:35:00
2656,2656,Google Pay,86.99,Success,2026-07-04 12:02:59,2026-07-29 12:02:59
2657,2657,Credit Card,47.04,Success,2025-12-14 15:09:52,2025-12-23 15:09:52
2658,2658,Cash,45.3,Success,2026-04-10 04:15:05,2026-05-08 04:15:05
2659,2659,Debit Card,40.33,Success,2026-04-24 11:11:09,2026-05-19 11:11:09
2660,2660,Google Pay,4.06,Success,2026-01-08 19:38:09,2026-01-20 19:38:09
2661,2661,Cash,22.09,Success,2025-08-02 06:59:52,2025-08-14 06:59:52
2662,2662,Google Pay,43.99,Success,2026-04-29 09:54:53,2026-05-02 09:54:53
2663,2663,Google Pay,135.56,Success,2026-04-07 08:49:30,2026-04-14 08:49:30
2664,2664,Credit Card,23.27,Success,2025-09-10 22:03:07,2025-10-06 22:03:07
2665,2665,Google Pay,75.18,Success,2026-04-04 21:11:34,2026-05-02 21:11:34
2666,2666,Google Pay,10.4,Success,2025-09-25 23:08:47,2025-10-05 23:08:47
2667,2667,Debit Card,51.75,Success,2025-07-29 21:57:02,2025-08-04 21:57:02
2668,2668,Debit Card,91.08,Success,2026-03-21 00:47:15,2026-03-26 00:47:15
2669,2669,Google Pay,50.35,Success,2025-12-26 06:37:58,2026-01-06 06:37:58
2670,2670,Apple Pay,26.91,Success,2026-06-07 20:19:21,2026-07-05 20:19:21
2671,2671,Debit Card,26.28,Success,2026-01-19 22:12:45,2026-02-03 22:12:45
2672,2672,Apple Pay,93.55,Success,2026-01-19 02:26:40,2026-02-12 02:26:40
2673,2673,Credit Card,39.9,Success,2026-05-06 01:51:25,2026-06-03 01:51:25
2674,2674,Google Pay,103.03,Success,2025-12-06 15:27:50,2026-01-03 15:27:50
2675,2675,Cash,56.52,Success,2025-09-04 05:20:05,2025-09-05 05:20:05
2676,2676,Cash,25.65,Success,2026-03-21 23:24:18,2026-04-05 23:24:18
2677,2677,Apple Pay,46.02,Success,2025-12-09 06:05:47,2026-01-01 06:05:47
2678,2678,Credit Card,33.03,Success,2026-04-15 15:49:44,2026-05-14 15:49:44
2679,2679,Debit Card,21.18,Success,2025-10-06 05:41:23,2025-10-24 05:41:23
2680,2680,Debit Card,2.54,Success,2026-04-28 08:07:32,2026-05-15 08:07:32
2681,2681,Credit Card,31.45,Success,2026-06-18 10:49:55,2026-07-12 10:49:55
2682,2682,Google Pay,43.28,Success,2026-02-17 15:14:47,2026-03-14 15:14:47
2683,2683,Cash,46.45,Success,2026-05-02 18:45:48,2026-05-06 18:45:48
2684,2684,Credit Card,28.95,Success,2026-01-29 06:35:29,2026-02-02 06:35:29
2685,2685,Google Pay,94.76,Success,2025-09-07 18:04:38,2025-10-01 18:04:38
2686,2686,Apple Pay,54.38,Success,2025-10-03 23:46:17,2025-10-09 23:46:17
2687,2687,Credit Card,19.35,Success,2026-06-26 00:47:04,2026-06-29 00:47:04
2688,2688,Apple Pay,55.34,Success,2025-10-31 04:16:05,2025-11-12 04:16:05
2689,2689,Apple Pay,68.28,Success,2025-12-20 19:54:20,2025-12-28 19:54:20
2690,2690,Debit Card,62.6,Success,2026-07-16 15:20:32,2026-07-17 15:20:32
2691,2691,Cash,4.17,Success,2026-07-18 14:59:39,2026-08-14 14:59:39
2692,2692,Debit Card,70.16,Success,2026-07-09 15:15:31,2026-07-20 15:15:31
2693,2693,Credit Card,41.59,Success,2026-04-25 20:03:20,2026-04-28 20:03:20
2694,2694,Apple Pay,29.95,Success,2025-08-26 23:42:59,2025-09-22 23:42:59
2695,2695,Credit Card,46.79,Success,2026-05-06 18:04:24,2026-05-21 18:04:24
2696,2696,Cash,33.35,Success,2026-02-15 16:55:24,2026-03-10 16:55:24
2697,2697,Google Pay,57.37,Success,2025-11-12 19:24:23,2025-11-22 19:24:23
2698,2698,Cash,65.02,Success,2025-08-12 11:05:15,2025-09-11 11:05:15
2699,2699,Apple Pay,61.89,Success,2025-10-05 12:18:37,2025-10-12 12:18:37
2700,2700,Google Pay,31.21,Success,2025-08-31 13:54:49,2025-09-05 13:54:49
2701,2701,Debit Card,30.57,Success,2026-05-01 04:50:27,2026-05-25 04:50:27
2702,2702,Apple Pay,49.74,Success,2026-04-21 16:24:09,2026-05-17 16:24:09
2703,2703,Cash,36.36,Success,2025-10-16 21:47:42,2025-11-10 21:47:42
2704,2704,Apple Pay,68.85,Success,2025-09-22 18:34:14,2025-10-01 18:34:14
2705,2705,Apple Pay,19.27,Success,2025-10-11 12:01:49,2025-10-15 12:01:49
2706,2706,Cash,38.53,Success,2025-12-20 13:55:34,2026-01-03 13:55:34
2707,2707,Cash,65.39,Success,2026-07-02 07:11:39,2026-07-31 07:11:39
2708,2708,Apple Pay,47.07,Success,2026-05-17 23:16:38,2026-05-27 23:16:38
2709,2709,Apple Pay,95.88,Success,2026-03-12 06:44:54,2026-03-19 06:44:54
2710,2710,Apple Pay,19.28,Success,2026-04-13 19:21:59,2026-04-25 19:21:59
2711,2711,Google Pay,31.27,Success,2025-08-08 18:53:07,2025-08-21 18:53:07
2712,2712,Apple Pay,122.3,Success,2025-12-22 04:35:49,2025-12-26 04:35:49
2713,2713,Credit Card,6.57,Success,2025-11-15 18:40:36,2025-11-29 18:40:36
2714,2714,Apple Pay,2.91,Success,2026-01-27 08:36:58,2026-02-11 08:36:58
2715,2715,Apple Pay,93.24,Success,2026-01-13 01:35:18,2026-02-02 01:35:18
2716,2716,Google Pay,27.5,Success,2025-11-24 12:27:31,2025-12-23 12:27:31
2717,2717,Cash,43.66,Success,2026-01-30 13:09:13,2026-02-28 13:09:13
2718,2718,Apple Pay,29.04,Success,2026-03-23 07:30:35,2026-04-22 07:30:35
2719,2719,Debit Card,80.76,Success,2026-04-26 05:27:59,2026-05-06 05:27:59
2720,2720,Debit Card,42.38,Success,2025-10-12 21:08:14,2025-10-26 21:08:14
2721,2721,Debit Card,25.23,Success,2026-03-06 21:22:14,2026-03-23 21:22:14
2722,2722,Credit Card,45.36,Success,2026-04-26 07:04:27,2026-05-08 07:04:27
2723,2723,Debit Card,70.68,Success,2025-10-16 17:32:11,2025-11-08 17:32:11
2724,2724,Debit Card,47.25,Success,2026-03-29 17:39:09,2026-04-14 17:39:09
2725,2725,Cash,92.89,Success,2026-01-07 06:59:08,2026-01-22 06:59:08
2726,2726,Cash,28.0,Success,2026-03-24 14:48:26,2026-03-27 14:48:26
2727,2727,Debit Card,18.14,Success,2026-05-21 12:47:16,2026-05-29 12:47:16
2728,2728,Apple Pay,125.15,Success,2025-10-28 18:29:56,2025-11-21 18:29:56
2729,2729,Credit Card,22.33,Success,2026-01-26 11:51:40,2026-01-28 11:51:40
2730,2730,Google Pay,39.21,Success,2026-01-02 14:49:34,2026-01-16 14:49:34
2731,2731,Apple Pay,16.85,Success,2026-01-10 02:05:23,2026-02-04 02:05:23
2732,2732,Cash,77.78,Success,2026-07-04 12:25:52,2026-07-11 12:25:52
2733,2733,Cash,7.2,Success,2025-10-06 00:22:39,2025-10-08 00:22:39
2734,2734,Cash,47.91,Success,2026-04-05 08:49:42,2026-05-05 08:49:42
2735,2735,Credit Card,20.38,Success,2025-08-27 03:40:35,2025-09-10 03:40:35
2736,2736,Cash,51.51,Success,2026-06-29 07:52:40,2026-07-19 07:52:40
2737,2737,Credit Card,78.52,Success,2026-04-23 04:41:27,2026-05-14 04:41:27
2738,2738,Credit Card,11.88,Success,2026-03-03 02:07:05,2026-03-20 02:07:05
2739,2739,Apple Pay,104.32,Success,2025-08-25 10:30:54,2025-09-04 10:30:54
2740,2740,Apple Pay,104.28,Success,2025-10-17 20:25:20,2025-10-30 20:25:20
2741,2741,Google Pay,45.64,Success,2026-02-16 03:34:59,2026-03-10 03:34:59
2742,2742,Apple Pay,76.22,Success,2026-07-12 04:43:26,2026-08-10 04:43:26
2743,2743,Cash,4.65,Success,2025-08-30 15:52:31,2025-09-13 15:52:31
2744,2744,Debit Card,90.76,Success,2025-08-20 11:55:19,2025-09-17 11:55:19
2745,2745,Debit Card,76.7,Success,2025-10-16 04:16:50,2025-11-07 04:16:50
2746,2746,Cash,49.42,Success,2025-09-25 22:32:32,2025-09-30 22:32:32
2747,2747,Apple Pay,19.88,Success,2025-11-04 14:32:01,2025-11-17 14:32:01
2748,2748,Debit Card,11.55,Success,2025-11-23 23:29:35,2025-12-09 23:29:35
2749,2749,Google Pay,7.57,Success,2026-07-16 18:03:01,2026-08-06 18:03:01
2750,2750,Credit Card,34.63,Success,2026-03-25 13:55:03,2026-04-09 13:55:03
2751,2751,Apple Pay,96.59,Success,2026-04-27 09:01:36,2026-05-10 09:01:36
2752,2752,Apple Pay,100.39,Success,2026-03-30 03:39:01,2026-04-13 03:39:01
2753,2753,Debit Card,25.27,Success,2026-03-21 06:40:13,2026-04-10 06:40:13
2754,2754,Apple Pay,59.96,Success,2026-07-04 03:41:09,2026-08-03 03:41:09
2755,2755,Apple Pay,8.53,Success,2026-06-21 20:17:27,2026-07-20 20:17:27
2756,2756,Apple Pay,55.77,Success,2026-03-17 04:44:53,2026-04-08 04:44:53
2757,2757,Debit Card,98.8,Success,2026-05-29 00:54:41,2026-06-28 00:54:41
2758,2758,Apple Pay,81.07,Success,2025-10-18 01:59:22,2025-10-30 01:59:22
2759,2759,Apple Pay,45.39,Success,2026-03-05 02:38:11,2026-03-08 02:38:11
2760,2760,Apple Pay,26.27,Success,2026-03-30 13:54:43,2026-04-22 13:54:43
2761,2761,Apple Pay,23.25,Success,2026-06-30 17:24:56,2026-07-12 17:24:56
2762,2762,Credit Card,29.15,Success,2025-10-24 19:43:59,2025-11-07 19:43:59
2763,2763,Credit Card,60.8,Success,2025-08-26 06:05:48,2025-09-24 06:05:48
2764,2764,Debit Card,4.89,Success,2026-04-19 18:06:57,2026-05-02 18:06:57
2765,2765,Debit Card,53.71,Success,2025-12-06 15:12:40,2026-01-02 15:12:40
2766,2766,Cash,92.34,Success,2025-08-13 08:19:12,2025-09-10 08:19:12
2767,2767,Cash,10.17,Success,2025-11-19 18:27:27,2025-12-16 18:27:27
2768,2768,Apple Pay,34.22,Success,2025-11-09 10:08:19,2025-11-15 10:08:19
2769,2769,Cash,106.23,Success,2026-03-28 05:15:23,2026-04-17 05:15:23
2770,2770,Apple Pay,110.91,Success,2026-05-11 03:39:11,2026-05-25 03:39:11
2771,2771,Google Pay,32.15,Success,2025-07-23 05:08:59,2025-08-15 05:08:59
2772,2772,Apple Pay,88.7,Success,2026-06-10 15:03:37,2026-06-14 15:03:37
2773,2773,Google Pay,39.21,Success,2026-02-21 08:38:53,2026-03-14 08:38:53
2774,2774,Credit Card,49.24,Success,2026-05-07 19:45:55,2026-05-26 19:45:55
2775,2775,Cash,66.01,Success,2025-10-04 11:07:38,2025-11-03 11:07:38
2776,2776,Google Pay,52.01,Success,2025-11-13 02:57:26,2025-12-09 02:57:26
2777,2777,Google Pay,12.03,Success,2026-05-27 10:55:14,2026-06-04 10:55:14
2778,2778,Google Pay,83.86,Success,2025-11-23 14:23:29,2025-12-14 14:23:29
2779,2779,Apple Pay,39.65,Success,2025-11-19 11:09:05,2025-11-20 11:09:05
2780,2780,Debit Card,50.92,Success,2026-07-02 17:35:17,2026-07-26 17:35:17
2781,2781,Cash,48.05,Success,2025-12-30 08:33:04,2026-01-12 08:33:04
2782,2782,Apple Pay,86.52,Success,2025-12-02 01:13:40,2025-12-03 01:13:40
2783,2783,Debit Card,47.43,Success,2026-01-14 04:06:48,2026-02-10 04:06:48
2784,2784,Credit Card,89.61,Success,2025-12-28 17:31:21,2026-01-15 17:31:21
2785,2785,Credit Card,97.9,Success,2025-11-08 17:44:05,2025-11-28 17:44:05
2786,2786,Debit Card,11.8,Success,2026-01-05 23:42:53,2026-01-23 23:42:53
2787,2787,Credit Card,80.67,Success,2025-09-30 00:21:13,2025-10-13 00:21:13
2788,2788,Apple Pay,22.25,Success,2025-11-02 05:25:26,2025-11-25 05:25:26
2789,2789,Cash,119.35,Success,2026-06-22 01:03:41,2026-07-12 01:03:41
2790,2790,Google Pay,46.37,Success,2025-10-18 00:53:04,2025-10-30 00:53:04
2791,2791,Google Pay,2.37,Success,2026-01-25 11:10:45,2026-01-28 11:10:45
2792,2792,Credit Card,21.86,Success,2026-03-30 12:58:16,2026-04-26 12:58:16
2793,2793,Credit Card,107.77,Success,2026-04-15 21:22:19,2026-05-03 21:22:19
2794,2794,Apple Pay,108.79,Success,2025-11-20 11:21:51,2025-12-18 11:21:51
2795,2795,Google Pay,38.68,Success,2026-05-09 09:01:02,2026-05-22 09:01:02
2796,2796,Google Pay,77.71,Success,2025-08-31 17:19:36,2025-09-23 17:19:36
2797,2797,Cash,44.09,Success,2026-06-22 23:56:58,2026-06-24 23:56:58
2798,2798,Cash,77.57,Success,2025-07-25 20:46:53,2025-07-29 20:46:53
2799,2799,Credit Card,82.82,Success,2025-09-29 23:40:25,2025-10-12 23:40:25
2800,2800,Credit Card,62.84,Success,2025-10-16 00:39:38,2025-10-23 00:39:38
2801,2801,Apple Pay,4.27,Success,2025-10-09 09:53:22,2025-10-16 09:53:22
2802,2802,Cash,57.51,Success,2025-12-26 04:08:59,2026-01-12 04:08:59
2803,2803,Debit Card,88.02,Success,2025-07-30 11:21:22,2025-08-18 11:21:22
2804,2804,Credit Card,122.07,Success,2025-10-16 22:51:17,2025-11-06 22:51:17
2805,2805,Cash,124.34,Success,2025-11-07 21:57:16,2025-12-03 21:57:16
2806,2806,Credit Card,10.8,Success,2025-12-31 14:13:15,2026-01-17 14:13:15
2807,2807,Credit Card,36.89,Success,2026-03-21 15:04:32,2026-04-01 15:04:32
2808,2808,Cash,30.79,Success,2025-11-01 03:27:09,2025-11-29 03:27:09
2809,2809,Google Pay,50.6,Success,2026-05-04 19:54:22,2026-05-27 19:54:22
2810,2810,Cash,26.82,Success,2025-08-02 02:12:32,2025-08-19 02:12:32
2811,2811,Credit Card,15.3,Success,2026-07-20 02:59:30,2026-07-26 02:59:30
2812,2812,Google Pay,109.79,Success,2026-06-05 20:07:32,2026-06-13 20:07:32
2813,2813,Apple Pay,46.44,Success,2026-01-15 15:26:49,2026-01-18 15:26:49
2814,2814,Google Pay,54.24,Success,2026-03-04 13:17:29,2026-03-24 13:17:29
2815,2815,Debit Card,58.55,Success,2025-07-27 16:34:31,2025-08-11 16:34:31
2816,2816,Debit Card,80.93,Success,2026-02-04 01:43:33,2026-02-15 01:43:33
2817,2817,Cash,71.0,Success,2026-07-04 13:42:34,2026-07-26 13:42:34
2818,2818,Cash,73.04,Success,2025-10-18 18:27:35,2025-11-13 18:27:35
2819,2819,Google Pay,19.75,Success,2025-11-08 06:09:33,2025-11-09 06:09:33
2820,2820,Apple Pay,17.22,Success,2026-02-26 15:35:08,2026-03-28 15:35:08
2821,2821,Credit Card,37.81,Success,2025-12-06 19:49:53,2025-12-10 19:49:53
2822,2822,Google Pay,97.9,Success,2025-10-30 10:05:36,2025-11-10 10:05:36
2823,2823,Apple Pay,49.97,Success,2025-09-18 23:21:49,2025-09-21 23:21:49
2824,2824,Cash,102.76,Success,2025-11-23 17:08:50,2025-12-19 17:08:50
2825,2825,Google Pay,47.39,Success,2026-04-12 14:45:05,2026-04-18 14:45:05
2826,2826,Cash,60.61,Success,2025-11-06 15:10:05,2025-11-30 15:10:05
2827,2827,Apple Pay,11.0,Success,2026-03-10 16:04:57,2026-03-18 16:04:57
2828,2828,Debit Card,78.17,Success,2025-09-08 06:28:59,2025-09-10 06:28:59
2829,2829,Credit Card,9.63,Success,2025-10-29 17:52:56,2025-11-03 17:52:56
2830,2830,Credit Card,99.85,Success,2025-07-27 09:19:26,2025-08-10 09:19:26
2831,2831,Apple Pay,67.84,Success,2026-03-23 06:33:06,2026-04-12 06:33:06
2832,2832,Apple Pay,45.05,Success,2026-05-23 08:25:42,2026-05-31 08:25:42
2833,2833,Apple Pay,42.47,Success,2026-04-22 21:02:33,2026-04-30 21:02:33
2834,2834,Debit Card,35.12,Success,2025-10-30 03:06:47,2025-11-27 03:06:47
2835,2835,Cash,28.27,Success,2026-01-03 08:53:57,2026-01-16 08:53:57
2836,2836,Debit Card,29.13,Success,2025-08-09 09:15:11,2025-08-22 09:15:11
2837,2837,Cash,6.06,Success,2026-04-25 12:09:04,2026-05-10 12:09:04
2838,2838,Credit Card,27.31,Success,2025-07-29 17:46:54,2025-08-24 17:46:54
2839,2839,Cash,61.38,Success,2026-04-25 04:08:04,2026-05-17 04:08:04
2840,2840,Debit Card,92.39,Success,2025-11-27 16:20:13,2025-12-06 16:20:13
2841,2841,Credit Card,64.83,Success,2025-08-02 15:05:09,2025-08-30 15:05:09
2842,2842,Debit Card,7.23,Success,2026-02-10 14:12:40,2026-03-02 14:12:40
2843,2843,Debit Card,78.97,Success,2025-08-09 11:15:43,2025-09-02 11:15:43
2844,2844,Apple Pay,22.37,Success,2026-02-18 02:26:23,2026-02-24 02:26:23
2845,2845,Debit Card,63.85,Success,2026-03-10 20:35:28,2026-03-19 20:35:28
2846,2846,Debit Card,41.71,Success,2025-08-23 05:45:30,2025-09-04 05:45:30
2847,2847,Credit Card,110.13,Success,2025-12-23 07:44:51,2026-01-17 07:44:51
2848,2848,Credit Card,74.1,Success,2026-02-26 14:52:39,2026-03-27 14:52:39
2849,2849,Apple Pay,63.86,Success,2025-12-09 00:46:02,2025-12-19 00:46:02
2850,2850,Debit Card,91.01,Success,2026-04-10 05:05:36,2026-05-07 05:05:36
2851,2851,Debit Card,111.75,Success,2025-08-01 02:24:24,2025-08-22 02:24:24
2852,2852,Apple Pay,59.59,Success,2025-12-04 04:06:26,2025-12-05 04:06:26
2853,2853,Google Pay,16.57,Success,2025-08-23 05:32:32,2025-08-29 05:32:32
2854,2854,Google Pay,57.88,Success,2026-01-03 12:51:39,2026-01-18 12:51:39
2855,2855,Google Pay,94.17,Success,2026-06-03 11:22:13,2026-06-18 11:22:13
2856,2856,Debit Card,85.29,Success,2026-03-17 12:56:52,2026-03-26 12:56:52
2857,2857,Apple Pay,12.23,Success,2025-09-05 17:23:30,2025-09-15 17:23:30
2858,2858,Debit Card,82.25,Success,2026-02-13 08:11:17,2026-03-14 08:11:17
2859,2859,Credit Card,98.75,Success,2026-04-15 12:55:00,2026-05-01 12:55:00
2860,2860,Google Pay,26.04,Success,2025-12-02 05:04:11,2025-12-25 05:04:11
2861,2861,Apple Pay,32.5,Success,2025-12-10 23:57:30,2025-12-11 23:57:30
2862,2862,Google Pay,22.56,Success,2026-02-23 13:41:36,2026-03-08 13:41:36
2863,2863,Google Pay,23.03,Success,2026-05-12 05:59:05,2026-05-31 05:59:05
2864,2864,Apple Pay,12.03,Success,2025-10-09 19:53:29,2025-10-19 19:53:29
2865,2865,Debit Card,93.72,Success,2026-04-25 09:14:01,2026-05-16 09:14:01
2866,2866,Google Pay,95.91,Success,2026-04-20 04:24:01,2026-05-15 04:24:01
2867,2867,Cash,78.9,Success,2026-04-17 04:08:44,2026-04-29 04:08:44
2868,2868,Credit Card,36.98,Success,2026-02-03 08:34:22,2026-02-17 08:34:22
2869,2869,Cash,70.12,Success,2025-09-11 05:32:17,2025-10-10 05:32:17
2870,2870,Debit Card,13.95,Success,2025-08-26 03:06:21,2025-09-03 03:06:21
2871,2871,Credit Card,54.04,Success,2026-04-16 13:24:42,2026-04-30 13:24:42
2872,2872,Credit Card,24.28,Success,2025-08-07 08:20:46,2025-09-01 08:20:46
2873,2873,Debit Card,124.27,Success,2025-08-21 15:17:52,2025-09-12 15:17:52
2874,2874,Debit Card,34.42,Success,2025-12-23 06:43:05,2025-12-26 06:43:05
2875,2875,Debit Card,10.06,Success,2026-02-25 01:24:51,2026-02-26 01:24:51
2876,2876,Apple Pay,34.49,Success,2026-03-24 05:13:31,2026-04-09 05:13:31
2877,2877,Apple Pay,116.98,Success,2026-04-26 06:43:21,2026-05-13 06:43:21
2878,2878,Apple Pay,4.31,Success,2025-07-26 20:42:02,2025-08-03 20:42:02
2879,2879,Google Pay,9.94,Success,2026-05-27 22:40:27,2026-05-30 22:40:27
2880,2880,Google Pay,43.43,Success,2025-10-09 16:56:15,2025-10-11 16:56:15
2881,2881,Cash,5.9,Success,2025-12-28 05:33:35,2025-12-29 05:33:35
2882,2882,Cash,59.78,Success,2025-07-29 23:14:17,2025-08-03 23:14:17
2883,2883,Apple Pay,87.93,Success,2025-12-17 14:35:39,2025-12-22 14:35:39
2884,2884,Google Pay,13.41,Success,2026-01-05 08:01:19,2026-01-16 08:01:19
2885,2885,Credit Card,63.34,Success,2026-01-19 03:33:35,2026-01-28 03:33:35
2886,2886,Cash,3.14,Success,2025-11-02 15:43:45,2025-12-01 15:43:45
2887,2887,Cash,86.76,Success,2025-10-31 17:53:30,2025-11-27 17:53:30
2888,2888,Credit Card,7.35,Success,2026-03-11 09:59:00,2026-04-02 09:59:00
2889,2889,Google Pay,42.92,Success,2025-09-19 15:04:59,2025-10-13 15:04:59
2890,2890,Debit Card,32.16,Success,2026-01-21 01:25:44,2026-02-09 01:25:44
2891,2891,Credit Card,111.46,Success,2026-06-01 06:24:49,2026-06-28 06:24:49
2892,2892,Cash,74.61,Success,2025-07-21 08:38:31,2025-08-16 08:38:31
2893,2893,Apple Pay,70.61,Success,2026-04-23 07:16:31,2026-05-09 07:16:31
2894,2894,Cash,108.17,Success,2026-04-01 00:16:02,2026-04-18 00:16:02
2895,2895,Debit Card,9.26,Success,2026-04-05 18:43:17,2026-04-12 18:43:17
2896,2896,Apple Pay,108.65,Success,2026-04-20 08:49:04,2026-05-03 08:49:04
2897,2897,Apple Pay,9.33,Success,2025-08-29 16:22:46,2025-09-28 16:22:46
2898,2898,Google Pay,77.17,Success,2025-07-27 02:22:14,2025-08-01 02:22:14
2899,2899,Debit Card,62.82,Success,2026-02-16 19:02:13,2026-02-18 19:02:13
2900,2900,Apple Pay,45.66,Success,2025-09-01 20:03:31,2025-09-08 20:03:31
2901,2901,Credit Card,41.39,Success,2025-08-14 08:47:05,2025-08-22 08:47:05
2902,2902,Apple Pay,59.59,Success,2026-03-07 10:39:29,2026-04-02 10:39:29
2903,2903,Cash,43.78,Success,2025-11-18 06:06:51,2025-12-16 06:06:51
2904,2904,Cash,42.8,Success,2026-01-02 10:35:08,2026-01-10 10:35:08
2905,2905,Cash,102.65,Success,2025-11-21 05:54:06,2025-11-22 05:54:06
2906,2906,Google Pay,14.65,Success,2025-09-09 09:53:13,2025-10-07 09:53:13
2907,2907,Cash,18.53,Success,2025-10-05 11:54:48,2025-10-27 11:54:48
2908,2908,Credit Card,17.57,Success,2025-11-27 06:47:52,2025-12-07 06:47:52
2909,2909,Cash,19.0,Success,2026-01-05 05:21:39,2026-01-30 05:21:39
2910,2910,Cash,66.03,Success,2026-02-24 06:27:56,2026-03-02 06:27:56
2911,2911,Debit Card,86.09,Success,2025-09-30 22:26:06,2025-10-12 22:26:06
2912,2912,Google Pay,37.02,Success,2025-12-18 08:09:58,2026-01-03 08:09:58
2913,2913,Debit Card,18.17,Success,2025-10-06 05:17:09,2025-10-10 05:17:09
2914,2914,Google Pay,99.6,Success,2026-01-11 00:11:44,2026-01-20 00:11:44
2915,2915,Google Pay,29.44,Success,2026-03-29 06:21:07,2026-03-31 06:21:07
2916,2916,Cash,28.81,Success,2026-06-22 17:34:06,2026-07-14 17:34:06
2917,2917,Google Pay,10.69,Success,2026-03-04 04:55:59,2026-03-25 04:55:59
2918,2918,Google Pay,66.06,Success,2025-09-09 04:03:36,2025-09-28 04:03:36
2919,2919,Debit Card,94.38,Success,2026-04-27 18:28:20,2026-04-28 18:28:20
2920,2920,Google Pay,135.38,Success,2025-11-10 11:09:45,2025-12-05 11:09:45
2921,2921,Credit Card,24.99,Success,2025-12-15 05:17:48,2026-01-14 05:17:48
2922,2922,Credit Card,40.01,Success,2025-09-27 18:10:16,2025-10-22 18:10:16
2923,2923,Cash,51.9,Success,2026-02-12 11:18:34,2026-03-10 11:18:34
2924,2924,Google Pay,5.49,Success,2026-07-07 23:19:00,2026-07-15 23:19:00
2925,2925,Google Pay,18.48,Success,2025-11-13 18:42:39,2025-12-11 18:42:39
2926,2926,Apple Pay,60.15,Success,2025-11-02 09:50:14,2025-11-17 09:50:14
2927,2927,Credit Card,32.02,Success,2026-07-17 18:36:16,2026-07-18 18:36:16
2928,2928,Debit Card,30.23,Success,2026-07-17 16:12:14,2026-08-02 16:12:14
2929,2929,Google Pay,129.61,Success,2025-08-16 20:06:37,2025-09-02 20:06:37
2930,2930,Google Pay,24.83,Success,2026-05-01 12:12:39,2026-05-15 12:12:39
2931,2931,Cash,26.93,Success,2025-12-21 01:03:07,2026-01-14 01:03:07
2932,2932,Google Pay,74.35,Success,2025-07-27 01:55:35,2025-08-25 01:55:35
2933,2933,Debit Card,46.84,Success,2025-10-12 11:19:40,2025-11-03 11:19:40
2934,2934,Google Pay,21.73,Success,2025-08-03 14:01:26,2025-08-24 14:01:26
2935,2935,Cash,67.26,Success,2025-12-08 15:22:28,2025-12-15 15:22:28
2936,2936,Debit Card,81.24,Success,2025-08-30 10:29:31,2025-09-08 10:29:31
2937,2937,Credit Card,38.6,Success,2025-10-04 01:57:54,2025-11-03 01:57:54
2938,2938,Apple Pay,37.96,Success,2025-10-21 09:26:45,2025-11-07 09:26:45
2939,2939,Cash,92.49,Success,2025-08-25 01:28:27,2025-09-19 01:28:27
2940,2940,Google Pay,40.68,Success,2025-08-05 15:59:26,2025-08-07 15:59:26
2941,2941,Cash,113.89,Success,2025-09-30 18:12:23,2025-10-09 18:12:23
2942,2942,Debit Card,38.0,Success,2026-06-20 08:33:39,2026-07-09 08:33:39
2943,2943,Cash,67.25,Success,2026-02-24 13:16:33,2026-03-13 13:16:33
2944,2944,Cash,48.51,Success,2025-08-24 03:47:26,2025-09-12 03:47:26
2945,2945,Cash,30.64,Success,2025-11-23 09:24:01,2025-12-11 09:24:01
2946,2946,Google Pay,31.51,Success,2025-07-25 02:46:18,2025-08-09 02:46:18
2947,2947,Cash,63.27,Success,2025-09-18 21:52:02,2025-10-07 21:52:02
2948,2948,Credit Card,53.47,Success,2026-04-27 23:23:02,2026-05-18 23:23:02
2949,2949,Google Pay,6.6,Success,2025-11-30 23:12:18,2025-12-07 23:12:18
2950,2950,Credit Card,108.38,Success,2026-01-06 05:55:10,2026-01-18 05:55:10
2951,2951,Apple Pay,19.65,Success,2026-05-25 09:36:48,2026-06-07 09:36:48
2952,2952,Apple Pay,12.47,Success,2025-10-02 03:56:04,2025-10-28 03:56:04
2953,2953,Cash,104.65,Success,2026-04-19 11:40:49,2026-05-15 11:40:49
2954,2954,Credit Card,108.29,Success,2025-10-28 12:49:58,2025-11-15 12:49:58
2955,2955,Credit Card,59.06,Success,2025-11-28 09:52:19,2025-12-11 09:52:19
2956,2956,Apple Pay,58.12,Success,2026-07-07 07:14:34,2026-07-10 07:14:34
2957,2957,Credit Card,59.88,Success,2026-02-15 12:31:01,2026-03-09 12:31:01
2958,2958,Google Pay,78.78,Success,2026-05-24 10:40:17,2026-06-15 10:40:17
2959,2959,Cash,56.93,Success,2025-11-06 04:56:54,2025-12-01 04:56:54
2960,2960,Credit Card,55.63,Success,2025-11-17 19:38:21,2025-11-28 19:38:21
2961,2961,Apple Pay,75.61,Success,2026-01-06 22:39:35,2026-01-13 22:39:35
2962,2962,Apple Pay,63.08,Success,2026-07-06 16:35:23,2026-08-04 16:35:23
2963,2963,Cash,93.75,Success,2025-11-14 04:15:18,2025-11-28 04:15:18
2964,2964,Credit Card,54.35,Success,2025-08-06 17:12:46,2025-08-12 17:12:46
2965,2965,Apple Pay,47.66,Success,2026-01-07 09:53:17,2026-01-25 09:53:17
2966,2966,Cash,57.45,Success,2026-03-13 20:23:27,2026-04-10 20:23:27
2967,2967,Cash,29.93,Success,2025-09-22 13:44:03,2025-10-08 13:44:03
2968,2968,Apple Pay,49.83,Success,2026-02-17 12:25:33,2026-03-03 12:25:33
2969,2969,Apple Pay,23.91,Success,2026-06-15 16:03:36,2026-07-14 16:03:36
2970,2970,Apple Pay,8.98,Success,2026-04-28 00:59:27,2026-05-25 00:59:27
2971,2971,Debit Card,21.21,Success,2025-12-13 16:21:26,2026-01-12 16:21:26
2972,2972,Credit Card,21.97,Success,2026-01-28 04:38:57,2026-02-01 04:38:57
2973,2973,Cash,87.52,Success,2026-07-16 13:34:37,2026-07-27 13:34:37
2974,2974,Apple Pay,44.88,Success,2025-08-31 09:53:56,2025-09-03 09:53:56
2975,2975,Cash,41.59,Success,2025-08-06 12:15:10,2025-08-22 12:15:10
2976,2976,Google Pay,55.21,Success,2025-11-09 00:13:30,2025-11-26 00:13:30
2977,2977,Cash,49.22,Success,2025-10-23 07:05:42,2025-11-15 07:05:42
2978,2978,Google Pay,45.49,Success,2025-11-28 03:28:15,2025-12-20 03:28:15
2979,2979,Credit Card,37.23,Success,2025-10-04 21:18:59,2025-10-24 21:18:59
2980,2980,Apple Pay,48.52,Success,2025-09-03 09:38:35,2025-09-20 09:38:35
2981,2981,Debit Card,27.53,Success,2026-04-07 20:34:36,2026-04-23 20:34:36
2982,2982,Debit Card,96.34,Success,2026-01-02 05:04:05,2026-01-28 05:04:05
2983,2983,Google Pay,39.54,Success,2026-07-06 13:51:35,2026-07-27 13:51:35
2984,2984,Google Pay,53.15,Success,2026-04-22 16:32:15,2026-04-27 16:32:15
2985,2985,Apple Pay,116.17,Success,2025-11-13 21:36:11,2025-11-17 21:36:11
2986,2986,Cash,88.64,Success,2025-07-31 02:01:00,2025-08-19 02:01:00
2987,2987,Credit Card,52.6,Success,2026-01-21 11:09:45,2026-01-27 11:09:45
2988,2988,Debit Card,91.67,Success,2026-06-10 16:37:02,2026-07-03 16:37:02
2989,2989,Google Pay,28.09,Success,2025-12-11 01:19:56,2025-12-12 01:19:56
2990,2990,Apple Pay,15.41,Success,2026-06-19 10:24:43,2026-07-12 10:24:43
2991,2991,Debit Card,29.88,Success,2025-11-15 12:57:52,2025-12-15 12:57:52
2992,2992,Debit Card,54.92,Success,2026-02-13 21:34:16,2026-02-18 21:34:16
2993,2993,Debit Card,70.69,Success,2025-11-17 22:50:34,2025-12-10 22:50:34
2994,2994,Cash,74.05,Success,2025-10-28 08:46:48,2025-11-15 08:46:48
2995,2995,Credit Card,83.14,Success,2026-06-26 10:20:44,2026-07-10 10:20:44
2996,2996,Cash,35.9,Success,2025-12-09 07:02:27,2025-12-28 07:02:27
2997,2997,Google Pay,19.71,Success,2026-06-06 19:41:57,2026-07-03 19:41:57
2998,2998,Credit Card,123.88,Success,2026-05-01 03:13:40,2026-05-18 03:13:40
2999,2999,Credit Card,84.99,Success,2026-04-19 19:56:25,2026-04-23 19:56:25
3000,3000,Apple Pay,38.85,Success,2026-07-15 23:01:57,2026-07-30 23:01:57
3001,3001,Credit Card,31.62,Success,2026-03-01 00:27:09,2026-03-14 00:27:09
3002,3002,Credit Card,68.51,Success,2025-10-28 09:20:40,2025-11-20 09:20:40
3003,3003,Google Pay,21.03,Success,2026-06-10 09:02:54,2026-06-17 09:02:54
3004,3004,Credit Card,55.29,Success,2026-06-14 13:46:27,2026-07-04 13:46:27
3005,3005,Debit Card,90.28,Success,2025-10-29 20:32:34,2025-11-19 20:32:34
3006,3006,Google Pay,21.08,Success,2025-11-17 13:47:20,2025-12-12 13:47:20
3007,3007,Credit Card,59.86,Success,2025-11-30 18:10:58,2025-12-03 18:10:58
3008,3008,Google Pay,45.7,Success,2025-08-31 12:31:25,2025-09-03 12:31:25
3009,3009,Debit Card,88.99,Success,2026-06-24 21:41:31,2026-07-12 21:41:31
3010,3010,Cash,77.79,Success,2025-12-13 07:28:53,2026-01-07 07:28:53
3011,3011,Credit Card,3.18,Success,2025-11-23 16:59:17,2025-12-20 16:59:17
3012,3012,Apple Pay,93.77,Success,2025-12-27 07:22:31,2026-01-17 07:22:31
3013,3013,Google Pay,118.06,Success,2026-03-24 02:21:45,2026-04-22 02:21:45
3014,3014,Cash,40.24,Success,2025-09-06 19:45:09,2025-09-28 19:45:09
3015,3015,Google Pay,44.69,Success,2026-01-06 22:28:41,2026-01-30 22:28:41
3016,3016,Apple Pay,76.01,Success,2025-10-08 10:52:22,2025-10-18 10:52:22
3017,3017,Cash,108.71,Success,2025-09-12 00:40:57,2025-10-03 00:40:57
3018,3018,Credit Card,9.23,Success,2025-11-15 20:47:40,2025-12-13 20:47:40
3019,3019,Cash,91.84,Success,2026-05-08 01:39:43,2026-06-02 01:39:43
3020,3020,Cash,77.28,Success,2025-09-05 11:52:35,2025-09-11 11:52:35
3021,3021,Cash,82.88,Success,2025-12-22 01:11:14,2026-01-11 01:11:14
3022,3022,Cash,12.57,Success,2026-07-04 17:18:46,2026-08-03 17:18:46
3023,3023,Debit Card,51.25,Success,2026-04-03 12:02:47,2026-04-20 12:02:47
3024,3024,Apple Pay,111.71,Success,2025-10-06 04:07:46,2025-11-05 04:07:46
3025,3025,Cash,34.19,Success,2025-08-27 04:25:44,2025-09-10 04:25:44
3026,3026,Cash,60.89,Success,2025-08-21 09:28:11,2025-08-29 09:28:11
3027,3027,Apple Pay,107.55,Success,2026-03-30 16:39:01,2026-04-13 16:39:01
3028,3028,Google Pay,84.17,Success,2025-07-22 20:25:04,2025-07-25 20:25:04
3029,3029,Cash,39.6,Success,2026-07-19 18:23:55,2026-08-09 18:23:55
3030,3030,Google Pay,61.64,Success,2026-07-18 14:39:19,2026-08-14 14:39:19
3031,3031,Cash,59.53,Success,2026-03-21 15:02:00,2026-04-17 15:02:00
3032,3032,Debit Card,66.06,Success,2025-11-18 15:08:51,2025-12-12 15:08:51
3033,3033,Apple Pay,15.34,Success,2025-10-31 01:24:52,2025-11-07 01:24:52
3034,3034,Debit Card,28.02,Success,2025-09-19 22:34:33,2025-10-02 22:34:33
3035,3035,Credit Card,91.67,Success,2026-06-28 03:33:30,2026-07-15 03:33:30
3036,3036,Google Pay,50.58,Success,2025-10-08 22:05:47,2025-10-29 22:05:47
3037,3037,Cash,83.41,Success,2025-12-27 15:23:17,2026-01-06 15:23:17
3038,3038,Google Pay,2.77,Success,2026-05-20 08:15:12,2026-05-22 08:15:12
3039,3039,Credit Card,53.47,Success,2025-11-26 11:33:58,2025-12-13 11:33:58
3040,3040,Debit Card,40.07,Success,2025-10-09 07:09:10,2025-11-04 07:09:10
3041,3041,Debit Card,29.7,Success,2026-01-28 21:01:06,2026-02-09 21:01:06
3042,3042,Google Pay,33.06,Success,2025-10-07 07:12:05,2025-10-11 07:12:05
3043,3043,Debit Card,33.17,Success,2025-09-18 11:25:06,2025-09-21 11:25:06
3044,3044,Apple Pay,69.49,Success,2025-10-10 17:19:43,2025-11-01 17:19:43
3045,3045,Apple Pay,67.08,Success,2026-03-23 22:39:39,2026-04-19 22:39:39
3046,3046,Cash,5.8,Success,2026-04-14 02:41:09,2026-05-07 02:41:09
3047,3047,Debit Card,45.37,Success,2026-07-17 07:15:15,2026-08-05 07:15:15
3048,3048,Credit Card,25.19,Success,2026-02-19 01:37:53,2026-03-17 01:37:53
3049,3049,Credit Card,69.93,Success,2025-10-01 13:00:14,2025-10-27 13:00:14
3050,3050,Debit Card,74.76,Success,2026-05-22 14:33:38,2026-06-13 14:33:38
3051,3051,Apple Pay,50.5,Success,2026-05-15 12:33:38,2026-05-16 12:33:38
3052,3052,Credit Card,23.57,Success,2025-12-22 17:50:50,2026-01-10 17:50:50
3053,3053,Apple Pay,46.35,Success,2026-06-24 00:06:19,2026-06-30 00:06:19
3054,3054,Apple Pay,28.37,Success,2026-07-09 12:47:22,2026-08-03 12:47:22
3055,3055,Debit Card,9.69,Success,2025-10-26 02:03:48,2025-11-24 02:03:48
3056,3056,Debit Card,118.15,Success,2026-03-18 14:07:47,2026-04-15 14:07:47
3057,3057,Cash,57.99,Success,2026-06-10 11:54:53,2026-06-23 11:54:53
3058,3058,Cash,47.8,Success,2026-06-07 07:42:51,2026-06-17 07:42:51
3059,3059,Apple Pay,57.94,Success,2025-09-20 08:23:45,2025-10-04 08:23:45
3060,3060,Google Pay,44.07,Success,2026-05-26 12:39:38,2026-05-31 12:39:38
3061,3061,Apple Pay,56.24,Success,2026-03-21 17:09:17,2026-04-04 17:09:17
3062,3062,Cash,74.02,Success,2026-05-28 20:54:00,2026-06-09 20:54:00
3063,3063,Apple Pay,54.35,Success,2026-07-05 17:08:18,2026-07-31 17:08:18
3064,3064,Credit Card,41.83,Success,2026-02-03 17:48:27,2026-03-05 17:48:27
3065,3065,Apple Pay,8.9,Success,2025-08-07 14:54:22,2025-08-09 14:54:22
3066,3066,Credit Card,38.58,Success,2025-10-02 14:17:58,2025-10-05 14:17:58
3067,3067,Google Pay,26.67,Success,2026-05-11 09:27:21,2026-06-09 09:27:21
3068,3068,Cash,33.24,Success,2025-10-28 06:21:30,2025-11-13 06:21:30
3069,3069,Debit Card,32.69,Success,2026-04-23 14:54:55,2026-05-23 14:54:55
3070,3070,Google Pay,24.8,Success,2025-08-04 12:37:54,2025-08-28 12:37:54
3071,3071,Cash,2.26,Success,2026-07-04 20:05:24,2026-07-29 20:05:24
3072,3072,Google Pay,10.71,Success,2026-05-14 09:23:34,2026-05-23 09:23:34
3073,3073,Apple Pay,62.36,Success,2026-03-12 20:02:11,2026-03-15 20:02:11
3074,3074,Apple Pay,44.4,Success,2026-06-24 15:47:58,2026-07-15 15:47:58
3075,3075,Google Pay,41.65,Success,2026-04-24 19:24:42,2026-05-06 19:24:42
3076,3076,Google Pay,42.42,Success,2026-05-17 13:07:55,2026-05-21 13:07:55
3077,3077,Apple Pay,54.82,Success,2025-10-08 07:06:56,2025-11-04 07:06:56
3078,3078,Credit Card,59.99,Success,2025-12-29 08:48:08,2026-01-15 08:48:08
3079,3079,Apple Pay,38.14,Success,2025-12-31 06:14:55,2026-01-26 06:14:55
3080,3080,Google Pay,65.2,Success,2026-07-03 01:49:50,2026-07-28 01:49:50
3081,3081,Cash,39.71,Success,2026-07-05 09:21:49,2026-07-23 09:21:49
3082,3082,Credit Card,98.23,Success,2026-04-04 05:56:10,2026-04-21 05:56:10
3083,3083,Debit Card,19.33,Success,2026-04-18 05:10:00,2026-04-26 05:10:00
3084,3084,Debit Card,11.36,Success,2025-09-16 13:32:32,2025-10-01 13:32:32
3085,3085,Cash,28.86,Success,2026-07-06 17:28:24,2026-07-08 17:28:24
3086,3086,Apple Pay,52.78,Success,2026-01-25 03:39:19,2026-01-28 03:39:19
3087,3087,Cash,27.26,Success,2026-03-13 20:34:52,2026-03-29 20:34:52
3088,3088,Cash,42.29,Success,2026-01-23 04:23:38,2026-02-20 04:23:38
3089,3089,Debit Card,64.81,Success,2025-10-29 10:04:32,2025-11-23 10:04:32
3090,3090,Credit Card,30.71,Success,2025-09-21 07:52:45,2025-09-23 07:52:45
3091,3091,Cash,76.73,Success,2025-11-13 20:55:51,2025-12-12 20:55:51
3092,3092,Credit Card,26.6,Success,2025-12-06 16:38:20,2026-01-01 16:38:20
3093,3093,Cash,55.33,Success,2025-12-10 18:46:50,2025-12-12 18:46:50
3094,3094,Cash,58.03,Success,2026-06-07 02:01:18,2026-07-06 02:01:18
3095,3095,Google Pay,64.69,Success,2025-09-22 20:00:15,2025-10-03 20:00:15
3096,3096,Credit Card,37.16,Success,2025-11-19 04:16:01,2025-12-15 04:16:01
3097,3097,Debit Card,27.91,Success,2025-10-12 13:32:54,2025-11-10 13:32:54
3098,3098,Credit Card,52.36,Success,2025-12-21 15:06:11,2026-01-19 15:06:11
3099,3099,Apple Pay,70.68,Success,2026-05-20 20:43:15,2026-06-18 20:43:15
3100,3100,Cash,114.73,Success,2026-02-02 02:13:47,2026-02-16 02:13:47
3101,3101,Google Pay,79.99,Success,2026-07-20 12:38:21,2026-07-23 12:38:21
3102,3102,Debit Card,108.66,Success,2025-09-11 01:14:14,2025-10-07 01:14:14
3103,3103,Cash,72.16,Success,2025-09-23 04:09:20,2025-09-29 04:09:20
3104,3104,Apple Pay,15.7,Success,2026-05-06 14:02:32,2026-06-01 14:02:32
3105,3105,Debit Card,114.86,Success,2025-10-21 19:30:55,2025-11-05 19:30:55
3106,3106,Debit Card,61.35,Success,2026-01-17 09:13:24,2026-02-15 09:13:24
3107,3107,Credit Card,3.36,Success,2026-03-21 09:19:53,2026-04-14 09:19:53
3108,3108,Apple Pay,100.46,Success,2025-09-04 19:57:17,2025-09-05 19:57:17
3109,3109,Debit Card,89.32,Success,2026-02-24 07:16:37,2026-03-09 07:16:37
3110,3110,Cash,14.8,Success,2025-08-09 12:35:18,2025-09-07 12:35:18
3111,3111,Debit Card,66.87,Success,2026-02-22 04:49:00,2026-03-14 04:49:00
3112,3112,Apple Pay,45.13,Success,2026-04-24 12:42:19,2026-05-07 12:42:19
3113,3113,Debit Card,5.81,Success,2025-12-28 04:56:04,2026-01-26 04:56:04
3114,3114,Apple Pay,74.5,Success,2026-05-20 21:39:07,2026-05-25 21:39:07
3115,3115,Credit Card,27.74,Success,2026-06-21 01:21:50,2026-06-29 01:21:50
3116,3116,Debit Card,29.62,Success,2025-09-30 13:18:00,2025-10-28 13:18:00
3117,3117,Cash,62.08,Success,2025-11-25 23:28:56,2025-12-18 23:28:56
3118,3118,Apple Pay,87.92,Success,2025-11-16 06:13:01,2025-11-30 06:13:01
3119,3119,Credit Card,52.36,Success,2026-06-10 10:08:49,2026-06-15 10:08:49
3120,3120,Google Pay,98.46,Success,2026-03-15 03:22:32,2026-03-28 03:22:32
3121,3121,Google Pay,55.84,Success,2026-05-10 16:21:22,2026-05-14 16:21:22
3122,3122,Google Pay,8.46,Success,2025-11-28 04:13:04,2025-11-29 04:13:04
3123,3123,Credit Card,45.93,Success,2026-02-02 15:29:29,2026-02-21 15:29:29
3124,3124,Google Pay,55.23,Success,2026-01-26 20:54:39,2026-02-13 20:54:39
3125,3125,Debit Card,78.98,Success,2025-08-23 04:05:46,2025-09-04 04:05:46
3126,3126,Credit Card,11.75,Success,2026-06-03 23:26:59,2026-06-10 23:26:59
3127,3127,Google Pay,18.15,Success,2025-12-01 12:36:14,2025-12-07 12:36:14
3128,3128,Debit Card,76.75,Success,2025-09-19 02:32:55,2025-10-05 02:32:55
3129,3129,Apple Pay,53.51,Success,2026-05-17 07:15:16,2026-06-03 07:15:16
3130,3130,Google Pay,36.13,Success,2025-10-29 06:17:49,2025-11-27 06:17:49
3131,3131,Cash,55.06,Success,2025-07-30 16:16:57,2025-08-10 16:16:57
3132,3132,Credit Card,4.7,Success,2025-09-24 08:39:10,2025-10-14 08:39:10
3133,3133,Apple Pay,60.42,Success,2025-09-09 12:50:58,2025-09-27 12:50:58
3134,3134,Debit Card,23.77,Success,2026-07-16 04:43:06,2026-07-23 04:43:06
3135,3135,Credit Card,31.61,Success,2026-01-04 01:59:57,2026-01-30 01:59:57
3136,3136,Debit Card,4.03,Success,2025-12-14 05:32:02,2025-12-21 05:32:02
3137,3137,Google Pay,77.6,Success,2025-11-18 06:10:55,2025-12-05 06:10:55
3138,3138,Debit Card,52.8,Success,2025-09-19 17:08:59,2025-10-09 17:08:59
3139,3139,Apple Pay,34.33,Success,2025-08-10 01:55:04,2025-08-21 01:55:04
3140,3140,Credit Card,40.72,Success,2026-04-23 11:47:57,2026-05-18 11:47:57
3141,3141,Google Pay,73.38,Success,2026-03-18 04:49:34,2026-04-03 04:49:34
3142,3142,Cash,74.4,Success,2026-05-20 03:18:38,2026-06-19 03:18:38
3143,3143,Cash,6.85,Success,2026-02-18 16:59:34,2026-03-16 16:59:34
3144,3144,Credit Card,95.13,Success,2025-08-10 05:20:30,2025-09-05 05:20:30
3145,3145,Cash,62.72,Success,2025-11-10 21:42:02,2025-11-26 21:42:02
3146,3146,Cash,24.65,Success,2025-09-19 23:30:18,2025-09-26 23:30:18
3147,3147,Cash,101.39,Success,2025-12-27 23:45:43,2025-12-31 23:45:43
3148,3148,Apple Pay,48.5,Success,2026-02-23 05:42:00,2026-03-22 05:42:00
3149,3149,Credit Card,59.1,Success,2026-03-15 09:24:29,2026-04-10 09:24:29
3150,3150,Credit Card,68.3,Success,2025-10-31 21:50:19,2025-11-26 21:50:19
3151,3151,Cash,101.73,Success,2026-01-04 08:42:52,2026-01-23 08:42:52
3152,3152,Credit Card,22.01,Success,2026-06-01 12:09:25,2026-06-10 12:09:25
3153,3153,Credit Card,57.02,Success,2026-04-23 22:26:08,2026-05-16 22:26:08
3154,3154,Credit Card,21.2,Success,2025-11-16 01:38:15,2025-12-02 01:38:15
3155,3155,Apple Pay,82.96,Success,2025-08-10 08:27:43,2025-08-27 08:27:43
3156,3156,Apple Pay,14.52,Success,2025-12-23 19:11:54,2026-01-08 19:11:54
3157,3157,Debit Card,60.57,Success,2026-04-15 14:55:24,2026-05-08 14:55:24
3158,3158,Credit Card,73.24,Success,2026-03-23 15:14:33,2026-03-24 15:14:33
3159,3159,Cash,49.89,Success,2026-02-17 08:12:50,2026-03-14 08:12:50
3160,3160,Cash,68.93,Success,2026-03-29 05:47:53,2026-04-14 05:47:53
3161,3161,Cash,26.98,Success,2025-07-25 19:29:48,2025-07-30 19:29:48
3162,3162,Cash,44.56,Success,2025-12-18 18:12:22,2025-12-26 18:12:22
3163,3163,Debit Card,59.34,Success,2026-04-28 11:48:47,2026-05-13 11:48:47
3164,3164,Debit Card,32.59,Success,2026-05-19 23:35:29,2026-06-17 23:35:29
3165,3165,Google Pay,54.17,Success,2026-06-01 03:33:29,2026-06-29 03:33:29
3166,3166,Debit Card,4.91,Success,2025-07-23 06:17:42,2025-08-07 06:17:42
3167,3167,Cash,12.55,Success,2025-08-21 08:33:04,2025-08-31 08:33:04
3168,3168,Google Pay,36.53,Success,2025-11-23 18:25:32,2025-12-09 18:25:32
3169,3169,Debit Card,53.46,Success,2026-06-16 16:30:04,2026-07-16 16:30:04
3170,3170,Apple Pay,49.07,Success,2026-06-21 17:23:40,2026-07-21 17:23:40
3171,3171,Cash,30.37,Success,2026-04-07 17:27:59,2026-05-07 17:27:59
3172,3172,Cash,4.84,Success,2025-11-16 19:07:39,2025-12-07 19:07:39
3173,3173,Apple Pay,35.99,Success,2025-12-06 12:00:00,2025-12-26 12:00:00
3174,3174,Credit Card,62.11,Success,2025-09-14 22:29:03,2025-09-16 22:29:03
3175,3175,Credit Card,48.89,Success,2026-03-12 00:48:39,2026-04-06 00:48:39
3176,3176,Cash,68.96,Success,2025-11-02 06:24:10,2025-11-25 06:24:10
3177,3177,Cash,11.41,Success,2026-02-02 15:43:22,2026-02-10 15:43:22
3178,3178,Credit Card,93.1,Success,2025-11-26 13:12:32,2025-12-01 13:12:32
3179,3179,Apple Pay,23.43,Success,2025-11-20 05:20:14,2025-12-20 05:20:14
3180,3180,Google Pay,21.93,Success,2025-10-29 04:24:54,2025-11-28 04:24:54
3181,3181,Cash,38.2,Success,2025-12-29 14:26:26,2026-01-06 14:26:26
3182,3182,Google Pay,40.21,Success,2025-08-05 15:14:50,2025-08-21 15:14:50
3183,3183,Apple Pay,54.34,Success,2026-03-13 05:24:11,2026-04-04 05:24:11
3184,3184,Credit Card,50.12,Success,2025-07-27 08:06:56,2025-07-30 08:06:56
3185,3185,Apple Pay,24.2,Success,2026-07-10 08:48:49,2026-07-19 08:48:49
3186,3186,Google Pay,25.96,Success,2025-12-19 12:42:44,2026-01-01 12:42:44
3187,3187,Google Pay,51.46,Success,2025-08-18 01:52:03,2025-09-13 01:52:03
3188,3188,Apple Pay,25.27,Success,2026-03-16 14:18:20,2026-04-12 14:18:20
3189,3189,Apple Pay,28.05,Success,2026-02-09 07:20:32,2026-02-22 07:20:32
3190,3190,Debit Card,75.38,Success,2026-06-16 00:17:56,2026-06-25 00:17:56
3191,3191,Credit Card,115.49,Success,2026-01-05 21:50:09,2026-01-06 21:50:09
3192,3192,Google Pay,28.63,Success,2025-11-16 02:42:08,2025-12-07 02:42:08
3193,3193,Debit Card,33.6,Success,2025-12-19 07:31:38,2025-12-23 07:31:38
3194,3194,Credit Card,27.74,Success,2026-06-03 13:05:44,2026-06-13 13:05:44
3195,3195,Apple Pay,91.98,Success,2026-02-15 07:01:16,2026-03-07 07:01:16
3196,3196,Credit Card,66.31,Success,2026-07-06 00:04:46,2026-07-17 00:04:46
3197,3197,Cash,68.73,Success,2026-04-17 13:58:46,2026-05-13 13:58:46
3198,3198,Cash,55.91,Success,2026-04-27 21:55:37,2026-05-16 21:55:37
3199,3199,Google Pay,80.66,Success,2026-05-11 08:36:36,2026-05-12 08:36:36
3200,3200,Credit Card,35.84,Success,2026-02-11 11:57:15,2026-02-19 11:57:15
3201,3201,Apple Pay,32.04,Success,2026-01-10 07:43:25,2026-01-31 07:43:25
3202,3202,Apple Pay,74.5,Success,2025-09-18 13:59:33,2025-09-19 13:59:33
3203,3203,Credit Card,54.41,Success,2026-04-29 20:58:59,2026-04-30 20:58:59
3204,3204,Credit Card,4.34,Success,2025-07-29 22:09:40,2025-07-31 22:09:40
3205,3205,Credit Card,50.2,Success,2025-10-06 07:56:16,2025-10-22 07:56:16
3206,3206,Google Pay,81.62,Success,2026-02-18 03:01:58,2026-03-11 03:01:58
3207,3207,Debit Card,2.93,Success,2025-10-22 05:42:34,2025-11-06 05:42:34
3208,3208,Google Pay,53.97,Success,2026-01-17 19:16:08,2026-02-15 19:16:08
3209,3209,Apple Pay,79.76,Success,2025-11-20 04:23:05,2025-12-06 04:23:05
3210,3210,Credit Card,81.68,Success,2026-03-10 06:53:09,2026-03-28 06:53:09
3211,3211,Google Pay,44.21,Success,2026-03-20 17:09:57,2026-04-06 17:09:57
3212,3212,Apple Pay,61.56,Success,2025-10-04 22:12:19,2025-10-23 22:12:19
3213,3213,Cash,113.06,Success,2025-12-17 03:32:45,2026-01-08 03:32:45
3214,3214,Credit Card,9.53,Success,2025-11-20 17:22:01,2025-12-16 17:22:01
3215,3215,Cash,35.76,Success,2026-03-28 23:00:57,2026-04-21 23:00:57
3216,3216,Cash,60.64,Success,2026-02-21 05:02:33,2026-03-17 05:02:33
3217,3217,Apple Pay,10.52,Success,2025-10-31 10:29:58,2025-11-10 10:29:58
3218,3218,Debit Card,7.0,Success,2026-06-09 10:13:35,2026-07-02 10:13:35
3219,3219,Google Pay,41.42,Success,2026-03-18 20:43:09,2026-03-23 20:43:09
3220,3220,Google Pay,73.13,Success,2026-03-09 14:57:04,2026-03-17 14:57:04
3221,3221,Apple Pay,12.28,Success,2025-12-12 22:59:37,2025-12-13 22:59:37
3222,3222,Google Pay,19.55,Success,2025-10-19 17:23:10,2025-11-03 17:23:10
3223,3223,Credit Card,66.83,Success,2025-12-24 09:28:13,2026-01-21 09:28:13
3224,3224,Google Pay,87.82,Success,2025-10-01 10:23:04,2025-10-15 10:23:04
3225,3225,Debit Card,58.65,Success,2025-12-16 19:44:32,2026-01-10 19:44:32
3226,3226,Apple Pay,48.74,Success,2026-03-27 23:56:55,2026-04-20 23:56:55
3227,3227,Apple Pay,61.13,Success,2025-11-09 07:16:10,2025-12-09 07:16:10
3228,3228,Google Pay,40.63,Success,2025-09-16 11:52:29,2025-10-08 11:52:29
3229,3229,Google Pay,28.4,Success,2025-10-13 03:12:43,2025-10-28 03:12:43
3230,3230,Debit Card,47.72,Success,2025-10-30 17:42:05,2025-11-01 17:42:05
3231,3231,Cash,9.11,Success,2025-11-10 06:56:25,2025-12-03 06:56:25
3232,3232,Apple Pay,5.44,Success,2026-04-11 08:56:13,2026-05-08 08:56:13
3233,3233,Apple Pay,14.66,Success,2025-09-18 21:36:04,2025-10-15 21:36:04
3234,3234,Apple Pay,80.54,Success,2025-11-09 11:30:42,2025-11-20 11:30:42
3235,3235,Cash,7.11,Success,2025-10-06 07:25:39,2025-10-10 07:25:39
3236,3236,Credit Card,70.36,Success,2026-07-16 15:21:39,2026-07-18 15:21:39
3237,3237,Debit Card,110.15,Success,2026-03-23 11:32:55,2026-04-22 11:32:55
3238,3238,Debit Card,87.29,Success,2026-06-30 19:06:47,2026-07-01 19:06:47
3239,3239,Cash,39.98,Success,2025-09-03 22:57:01,2025-09-16 22:57:01
3240,3240,Credit Card,3.17,Success,2026-05-26 17:53:45,2026-06-09 17:53:45
3241,3241,Apple Pay,41.67,Success,2025-08-06 19:11:01,2025-08-12 19:11:01
3242,3242,Google Pay,46.76,Success,2026-04-25 21:54:38,2026-05-03 21:54:38
3243,3243,Credit Card,52.98,Success,2026-03-19 07:42:29,2026-04-07 07:42:29
3244,3244,Credit Card,99.47,Success,2026-05-23 21:54:36,2026-06-16 21:54:36
3245,3245,Debit Card,114.5,Success,2026-05-05 12:35:41,2026-06-02 12:35:41
3246,3246,Debit Card,105.05,Success,2025-11-05 18:11:24,2025-11-25 18:11:24
3247,3247,Debit Card,58.6,Success,2026-06-22 00:06:34,2026-07-16 00:06:34
3248,3248,Credit Card,94.23,Success,2025-08-31 15:32:08,2025-09-06 15:32:08
3249,3249,Cash,8.35,Success,2026-01-04 18:26:42,2026-01-29 18:26:42
3250,3250,Debit Card,41.74,Success,2025-09-05 23:28:46,2025-10-02 23:28:46
3251,3251,Credit Card,69.08,Success,2025-09-27 22:33:46,2025-10-05 22:33:46
3252,3252,Cash,28.44,Success,2026-03-13 05:01:26,2026-03-17 05:01:26
3253,3253,Debit Card,35.86,Success,2026-05-11 22:47:34,2026-06-04 22:47:34
3254,3254,Cash,43.19,Success,2026-02-02 21:30:36,2026-02-23 21:30:36
3255,3255,Credit Card,37.77,Success,2026-02-18 16:05:04,2026-03-13 16:05:04
3256,3256,Apple Pay,38.26,Success,2025-12-31 09:54:38,2026-01-06 09:54:38
3257,3257,Debit Card,3.12,Success,2025-12-16 02:36:08,2025-12-28 02:36:08
3258,3258,Google Pay,79.45,Success,2026-06-28 04:05:57,2026-07-05 04:05:57
3259,3259,Debit Card,44.38,Success,2025-11-03 20:31:00,2025-11-17 20:31:00
3260,3260,Credit Card,33.93,Success,2026-06-13 12:33:59,2026-06-18 12:33:59
3261,3261,Credit Card,14.74,Success,2025-12-02 05:58:08,2025-12-13 05:58:08
3262,3262,Debit Card,36.88,Success,2026-05-20 01:35:08,2026-06-16 01:35:08
3263,3263,Debit Card,35.35,Success,2025-09-08 10:48:05,2025-09-22 10:48:05
3264,3264,Credit Card,94.47,Success,2025-12-28 06:56:21,2025-12-31 06:56:21
3265,3265,Google Pay,55.67,Success,2026-01-02 22:45:40,2026-01-23 22:45:40
3266,3266,Debit Card,12.21,Success,2026-01-09 22:37:28,2026-02-08 22:37:28
3267,3267,Credit Card,12.87,Success,2026-02-09 00:02:55,2026-02-25 00:02:55
3268,3268,Google Pay,64.83,Success,2026-05-24 21:27:36,2026-06-10 21:27:36
3269,3269,Credit Card,100.03,Success,2025-10-04 17:05:00,2025-11-03 17:05:00
3270,3270,Debit Card,107.04,Success,2026-03-18 11:17:55,2026-03-24 11:17:55
3271,3271,Debit Card,99.87,Success,2026-05-11 11:22:37,2026-05-20 11:22:37
3272,3272,Apple Pay,83.82,Success,2025-09-06 07:47:43,2025-09-18 07:47:43
3273,3273,Credit Card,23.12,Success,2026-04-03 19:13:54,2026-04-05 19:13:54
3274,3274,Credit Card,24.86,Success,2025-11-11 05:40:06,2025-11-26 05:40:06
3275,3275,Cash,64.94,Success,2026-02-28 14:51:04,2026-03-06 14:51:04
3276,3276,Cash,15.52,Success,2026-06-25 12:22:43,2026-07-18 12:22:43
3277,3277,Credit Card,64.82,Success,2025-08-12 06:55:13,2025-08-31 06:55:13
3278,3278,Credit Card,86.33,Success,2025-12-17 13:13:34,2025-12-20 13:13:34
3279,3279,Apple Pay,94.44,Success,2025-10-23 09:48:40,2025-10-27 09:48:40
3280,3280,Google Pay,54.05,Success,2025-12-06 22:45:06,2025-12-07 22:45:06
3281,3281,Cash,39.09,Success,2026-05-16 05:22:29,2026-06-06 05:22:29
3282,3282,Credit Card,4.65,Success,2026-05-07 07:08:06,2026-05-30 07:08:06
3283,3283,Cash,60.71,Success,2026-06-23 18:37:36,2026-06-24 18:37:36
3284,3284,Credit Card,26.02,Success,2026-02-12 00:06:29,2026-02-18 00:06:29
3285,3285,Cash,67.7,Success,2026-03-06 14:21:13,2026-03-08 14:21:13
3286,3286,Credit Card,61.35,Success,2026-04-19 00:16:39,2026-04-25 00:16:39
3287,3287,Apple Pay,44.21,Success,2025-10-24 15:42:07,2025-11-18 15:42:07
3288,3288,Credit Card,43.71,Success,2026-02-13 04:23:49,2026-03-02 04:23:49
3289,3289,Apple Pay,95.23,Success,2025-09-10 16:20:06,2025-09-25 16:20:06
3290,3290,Debit Card,12.72,Success,2026-05-01 20:25:37,2026-05-20 20:25:37
3291,3291,Google Pay,29.98,Success,2025-10-19 20:45:33,2025-11-04 20:45:33
3292,3292,Google Pay,43.1,Success,2025-08-08 06:03:02,2025-08-09 06:03:02
3293,3293,Google Pay,52.04,Success,2026-01-03 17:47:44,2026-01-22 17:47:44
3294,3294,Cash,46.16,Success,2025-10-13 11:41:38,2025-11-02 11:41:38
3295,3295,Apple Pay,80.53,Success,2026-03-22 03:14:55,2026-04-21 03:14:55
3296,3296,Google Pay,17.8,Success,2026-06-13 07:18:44,2026-06-16 07:18:44
3297,3297,Cash,47.41,Success,2026-04-05 02:28:48,2026-04-17 02:28:48
3298,3298,Cash,62.73,Success,2026-02-16 08:22:52,2026-02-20 08:22:52
3299,3299,Apple Pay,21.99,Success,2025-11-09 01:02:13,2025-12-02 01:02:13
3300,3300,Google Pay,29.39,Success,2025-10-30 13:19:13,2025-11-25 13:19:13
3301,3301,Apple Pay,88.1,Success,2025-10-26 16:01:31,2025-11-06 16:01:31
3302,3302,Credit Card,23.09,Success,2026-06-21 14:03:26,2026-06-23 14:03:26
3303,3303,Cash,36.84,Success,2025-09-17 21:39:57,2025-10-05 21:39:57
3304,3304,Cash,16.72,Success,2026-02-11 21:59:08,2026-03-01 21:59:08
3305,3305,Cash,27.38,Success,2026-03-16 23:29:14,2026-04-15 23:29:14
3306,3306,Credit Card,79.18,Success,2025-08-25 10:52:49,2025-09-21 10:52:49
3307,3307,Apple Pay,75.09,Success,2026-03-05 16:41:24,2026-03-16 16:41:24
3308,3308,Apple Pay,42.42,Success,2026-03-28 00:26:36,2026-04-21 00:26:36
3309,3309,Cash,3.95,Success,2025-09-23 06:02:18,2025-10-23 06:02:18
3310,3310,Google Pay,97.53,Success,2026-03-22 14:32:18,2026-04-11 14:32:18
3311,3311,Cash,58.23,Success,2026-05-04 20:05:22,2026-05-10 20:05:22
3312,3312,Debit Card,66.15,Success,2025-12-13 20:57:05,2026-01-06 20:57:05
3313,3313,Apple Pay,40.78,Success,2025-12-28 10:26:46,2026-01-08 10:26:46
3314,3314,Google Pay,13.51,Success,2026-04-29 10:27:19,2026-05-27 10:27:19
3315,3315,Apple Pay,29.99,Success,2025-10-26 02:36:17,2025-11-13 02:36:17
3316,3316,Cash,95.61,Success,2026-06-18 12:37:38,2026-07-12 12:37:38
3317,3317,Debit Card,102.62,Success,2026-06-23 00:08:04,2026-07-23 00:08:04
3318,3318,Cash,96.67,Success,2026-04-12 22:59:06,2026-05-09 22:59:06
3319,3319,Cash,56.4,Success,2026-04-29 21:17:58,2026-05-16 21:17:58
3320,3320,Google Pay,44.69,Success,2025-12-13 11:14:09,2025-12-31 11:14:09
3321,3321,Credit Card,86.87,Success,2026-02-21 00:37:50,2026-03-11 00:37:50
3322,3322,Cash,50.95,Success,2025-09-16 10:57:32,2025-10-01 10:57:32
3323,3323,Credit Card,24.42,Success,2026-05-22 15:07:53,2026-06-07 15:07:53
3324,3324,Apple Pay,76.17,Success,2026-07-08 07:03:59,2026-08-04 07:03:59
3325,3325,Cash,58.17,Success,2026-04-21 18:54:40,2026-05-07 18:54:40
3326,3326,Apple Pay,82.1,Success,2025-11-19 18:35:44,2025-12-19 18:35:44
3327,3327,Apple Pay,58.78,Success,2026-06-14 09:19:15,2026-06-17 09:19:15
3328,3328,Apple Pay,91.35,Success,2026-04-25 23:37:55,2026-04-29 23:37:55
3329,3329,Cash,35.51,Success,2025-09-09 19:14:14,2025-09-15 19:14:14
3330,3330,Debit Card,17.98,Success,2026-04-16 00:54:26,2026-04-17 00:54:26
3331,3331,Debit Card,11.5,Success,2026-06-02 09:58:39,2026-07-02 09:58:39
3332,3332,Debit Card,65.48,Success,2026-04-20 01:26:34,2026-05-08 01:26:34
3333,3333,Google Pay,22.67,Success,2025-11-26 11:31:59,2025-12-01 11:31:59
3334,3334,Credit Card,38.95,Success,2026-06-13 15:02:32,2026-06-24 15:02:32
3335,3335,Apple Pay,13.4,Success,2025-12-11 04:46:28,2025-12-29 04:46:28
3336,3336,Credit Card,63.93,Success,2025-11-02 20:56:47,2025-11-26 20:56:47
3337,3337,Google Pay,48.88,Success,2026-05-03 23:40:42,2026-05-16 23:40:42
3338,3338,Apple Pay,33.63,Success,2025-09-26 22:38:01,2025-10-16 22:38:01
3339,3339,Credit Card,62.6,Success,2026-03-08 16:28:14,2026-04-04 16:28:14
3340,3340,Cash,88.55,Success,2025-09-18 00:15:59,2025-09-26 00:15:59
3341,3341,Apple Pay,78.53,Success,2026-03-01 20:58:05,2026-03-12 20:58:05
3342,3342,Credit Card,27.2,Success,2026-06-16 19:31:06,2026-07-10 19:31:06
3343,3343,Cash,59.2,Success,2025-12-03 10:27:17,2025-12-20 10:27:17
3344,3344,Cash,2.35,Success,2025-11-29 23:13:00,2025-12-09 23:13:00
3345,3345,Debit Card,20.19,Success,2025-11-19 06:30:16,2025-12-14 06:30:16
3346,3346,Cash,39.64,Success,2025-07-21 07:15:34,2025-07-30 07:15:34
3347,3347,Google Pay,98.66,Success,2025-12-15 09:24:04,2025-12-21 09:24:04
3348,3348,Apple Pay,62.31,Success,2026-06-10 11:15:18,2026-06-16 11:15:18
3349,3349,Debit Card,102.48,Success,2025-09-27 23:38:55,2025-10-17 23:38:55
3350,3350,Credit Card,39.78,Success,2025-12-15 06:27:16,2026-01-03 06:27:16
3351,3351,Credit Card,47.57,Success,2026-02-02 15:07:52,2026-02-25 15:07:52
3352,3352,Google Pay,57.17,Success,2025-10-18 07:45:47,2025-11-16 07:45:47
3353,3353,Debit Card,56.25,Success,2026-01-09 19:24:15,2026-01-18 19:24:15
3354,3354,Cash,55.44,Success,2025-09-06 22:00:36,2025-09-09 22:00:36
3355,3355,Cash,97.23,Success,2025-09-10 19:13:37,2025-10-09 19:13:37
3356,3356,Google Pay,13.67,Success,2025-09-05 06:52:40,2025-09-29 06:52:40
3357,3357,Debit Card,16.11,Success,2026-07-10 14:24:46,2026-07-25 14:24:46
3358,3358,Apple Pay,32.25,Success,2026-05-22 16:25:26,2026-06-13 16:25:26
3359,3359,Credit Card,2.31,Success,2026-03-27 20:28:38,2026-04-03 20:28:38
3360,3360,Google Pay,113.01,Success,2026-03-30 19:34:07,2026-04-19 19:34:07
3361,3361,Apple Pay,69.31,Success,2026-01-29 21:25:51,2026-02-02 21:25:51
3362,3362,Credit Card,70.27,Success,2026-05-31 13:39:58,2026-06-02 13:39:58
3363,3363,Debit Card,66.04,Success,2026-02-17 19:07:53,2026-02-21 19:07:53
3364,3364,Debit Card,15.54,Success,2026-05-31 02:26:01,2026-06-27 02:26:01
3365,3365,Google Pay,26.72,Success,2026-07-17 20:15:45,2026-08-01 20:15:45
3366,3366,Google Pay,61.38,Success,2026-07-05 19:09:01,2026-07-21 19:09:01
3367,3367,Apple Pay,51.02,Success,2026-07-17 06:18:48,2026-08-08 06:18:48
3368,3368,Google Pay,69.26,Success,2025-09-06 21:24:26,2025-09-12 21:24:26
3369,3369,Debit Card,66.13,Success,2025-12-23 13:23:25,2025-12-25 13:23:25
3370,3370,Credit Card,41.85,Success,2025-08-14 14:46:54,2025-09-13 14:46:54
3371,3371,Apple Pay,42.97,Success,2025-08-31 20:15:43,2025-09-05 20:15:43
3372,3372,Google Pay,78.99,Success,2026-02-26 08:02:10,2026-03-08 08:02:10
3373,3373,Credit Card,53.5,Success,2025-11-19 02:25:16,2025-12-09 02:25:16
3374,3374,Apple Pay,14.08,Success,2026-02-15 20:08:57,2026-02-21 20:08:57
3375,3375,Credit Card,94.55,Success,2026-02-01 23:38:41,2026-02-20 23:38:41
3376,3376,Apple Pay,93.01,Success,2025-11-11 20:43:52,2025-12-04 20:43:52
3377,3377,Apple Pay,5.36,Success,2025-12-10 02:45:18,2025-12-11 02:45:18
3378,3378,Credit Card,23.61,Success,2025-12-03 15:28:04,2025-12-17 15:28:04
3379,3379,Google Pay,29.02,Success,2025-11-24 01:27:39,2025-11-25 01:27:39
3380,3380,Cash,27.97,Success,2025-07-31 16:33:34,2025-08-24 16:33:34
3381,3381,Debit Card,43.13,Success,2026-01-22 16:26:50,2026-02-19 16:26:50
3382,3382,Google Pay,52.31,Success,2025-08-07 01:14:04,2025-09-01 01:14:04
3383,3383,Apple Pay,19.04,Success,2026-02-05 13:30:27,2026-02-12 13:30:27
3384,3384,Google Pay,90.77,Success,2025-07-23 20:41:43,2025-08-01 20:41:43
3385,3385,Apple Pay,9.81,Success,2026-06-20 09:33:45,2026-07-12 09:33:45
3386,3386,Cash,31.4,Success,2025-08-04 18:59:37,2025-09-02 18:59:37
3387,3387,Google Pay,125.56,Success,2025-12-07 14:52:49,2025-12-08 14:52:49
3388,3388,Cash,32.84,Success,2025-10-17 14:22:36,2025-11-13 14:22:36
3389,3389,Apple Pay,81.93,Success,2026-04-19 20:47:04,2026-05-11 20:47:04
3390,3390,Apple Pay,35.12,Success,2025-09-28 02:30:21,2025-10-13 02:30:21
3391,3391,Debit Card,86.14,Success,2026-01-22 04:29:30,2026-02-07 04:29:30
3392,3392,Apple Pay,56.57,Success,2026-01-05 05:37:31,2026-01-30 05:37:31
3393,3393,Credit Card,28.92,Success,2026-07-04 10:50:42,2026-07-23 10:50:42
3394,3394,Cash,96.11,Success,2026-05-10 04:18:16,2026-06-08 04:18:16
3395,3395,Debit Card,42.51,Success,2026-02-21 07:02:45,2026-03-18 07:02:45
3396,3396,Credit Card,9.61,Success,2026-04-08 01:47:30,2026-04-30 01:47:30
3397,3397,Debit Card,24.66,Success,2026-05-15 17:21:14,2026-05-26 17:21:14
3398,3398,Google Pay,48.03,Success,2026-02-10 17:34:40,2026-02-24 17:34:40
3399,3399,Apple Pay,63.56,Success,2025-10-18 14:07:48,2025-10-19 14:07:48
3400,3400,Google Pay,74.35,Success,2025-08-29 23:34:30,2025-09-10 23:34:30
3401,3401,Credit Card,79.79,Success,2026-07-04 03:21:52,2026-07-10 03:21:52
3402,3402,Credit Card,112.92,Success,2026-03-13 04:57:29,2026-03-21 04:57:29
3403,3403,Cash,20.18,Success,2025-10-28 17:56:12,2025-11-20 17:56:12
3404,3404,Apple Pay,39.95,Success,2026-04-12 05:23:24,2026-04-16 05:23:24
3405,3405,Apple Pay,79.28,Success,2026-02-04 09:32:04,2026-02-16 09:32:04
3406,3406,Debit Card,15.81,Success,2026-01-10 01:34:04,2026-02-06 01:34:04
3407,3407,Credit Card,26.81,Success,2025-09-25 06:13:37,2025-10-06 06:13:37
3408,3408,Credit Card,27.82,Success,2026-05-02 21:44:00,2026-05-18 21:44:00
3409,3409,Google Pay,82.69,Success,2025-12-11 00:45:08,2025-12-28 00:45:08
3410,3410,Google Pay,83.81,Success,2026-01-06 14:50:43,2026-01-11 14:50:43
3411,3411,Google Pay,36.21,Success,2025-11-22 03:55:23,2025-11-27 03:55:23
3412,3412,Credit Card,13.08,Success,2025-12-19 17:09:30,2025-12-24 17:09:30
3413,3413,Debit Card,54.77,Success,2025-10-12 21:21:55,2025-11-04 21:21:55
3414,3414,Cash,98.75,Success,2026-05-02 03:18:09,2026-05-28 03:18:09
3415,3415,Apple Pay,33.18,Success,2025-08-31 09:14:24,2025-09-30 09:14:24
3416,3416,Credit Card,45.96,Success,2026-04-21 06:19:11,2026-05-07 06:19:11
3417,3417,Apple Pay,125.26,Success,2026-04-04 01:18:24,2026-04-23 01:18:24
3418,3418,Apple Pay,86.17,Success,2026-04-17 14:34:36,2026-04-28 14:34:36
3419,3419,Credit Card,110.12,Success,2025-11-14 21:20:24,2025-12-08 21:20:24
3420,3420,Apple Pay,34.59,Success,2026-06-27 02:02:09,2026-07-26 02:02:09
3421,3421,Apple Pay,42.47,Success,2025-10-26 19:48:39,2025-10-31 19:48:39
3422,3422,Credit Card,54.63,Success,2025-09-01 07:44:24,2025-09-27 07:44:24
3423,3423,Apple Pay,15.4,Success,2025-07-23 11:05:18,2025-08-20 11:05:18
3424,3424,Apple Pay,87.64,Success,2025-10-22 10:00:56,2025-10-30 10:00:56
3425,3425,Cash,31.3,Success,2025-09-18 00:09:12,2025-10-14 00:09:12
3426,3426,Apple Pay,71.67,Success,2026-05-29 17:02:29,2026-06-24 17:02:29
3427,3427,Cash,20.65,Success,2026-03-20 08:48:27,2026-04-08 08:48:27
3428,3428,Debit Card,47.35,Success,2025-10-06 03:28:10,2025-10-10 03:28:10
3429,3429,Credit Card,60.93,Success,2026-02-18 07:25:29,2026-02-22 07:25:29
3430,3430,Google Pay,85.08,Success,2026-02-02 16:25:45,2026-02-05 16:25:45
3431,3431,Google Pay,32.44,Success,2025-11-22 00:55:54,2025-11-29 00:55:54
3432,3432,Debit Card,60.93,Success,2026-06-10 08:02:43,2026-06-21 08:02:43
3433,3433,Credit Card,21.59,Success,2026-07-06 23:01:13,2026-08-05 23:01:13
3434,3434,Credit Card,96.71,Success,2025-12-06 02:52:02,2025-12-25 02:52:02
3435,3435,Apple Pay,114.97,Success,2025-11-25 03:44:39,2025-12-09 03:44:39
3436,3436,Apple Pay,56.13,Success,2025-12-05 18:30:06,2025-12-19 18:30:06
3437,3437,Google Pay,36.33,Success,2025-08-26 11:07:12,2025-09-12 11:07:12
3438,3438,Google Pay,78.61,Success,2026-03-11 23:26:15,2026-04-06 23:26:15
3439,3439,Debit Card,40.42,Success,2025-11-17 16:55:22,2025-12-13 16:55:22
3440,3440,Apple Pay,59.58,Success,2025-10-16 19:30:05,2025-10-17 19:30:05
3441,3441,Credit Card,55.69,Success,2025-12-16 16:54:40,2026-01-06 16:54:40
3442,3442,Credit Card,21.7,Success,2025-08-01 04:09:17,2025-08-06 04:09:17
3443,3443,Cash,45.91,Success,2026-01-19 06:07:47,2026-02-11 06:07:47
3444,3444,Apple Pay,92.79,Success,2026-05-10 12:44:46,2026-05-22 12:44:46
3445,3445,Cash,18.91,Success,2026-07-07 19:58:46,2026-07-26 19:58:46
3446,3446,Google Pay,85.32,Success,2025-11-21 03:03:35,2025-11-25 03:03:35
3447,3447,Google Pay,34.48,Success,2026-04-05 23:43:51,2026-04-11 23:43:51
3448,3448,Cash,6.88,Success,2026-02-25 09:24:26,2026-02-27 09:24:26
3449,3449,Debit Card,94.65,Success,2026-03-24 04:22:04,2026-04-02 04:22:04
3450,3450,Cash,45.49,Success,2026-06-16 17:14:36,2026-06-23 17:14:36
3451,3451,Credit Card,108.64,Success,2025-12-25 19:08:05,2025-12-31 19:08:05
3452,3452,Google Pay,13.5,Success,2025-10-31 22:21:46,2025-11-11 22:21:46
3453,3453,Google Pay,46.87,Success,2026-06-28 13:52:30,2026-07-18 13:52:30
3454,3454,Credit Card,32.27,Success,2026-02-22 00:33:38,2026-03-11 00:33:38
3455,3455,Apple Pay,24.71,Success,2026-06-29 22:03:38,2026-07-03 22:03:38
3456,3456,Cash,100.56,Success,2025-10-29 11:34:30,2025-11-25 11:34:30
3457,3457,Apple Pay,14.38,Success,2025-12-19 10:12:53,2026-01-12 10:12:53
3458,3458,Cash,53.55,Success,2025-08-23 06:21:35,2025-09-08 06:21:35
3459,3459,Credit Card,78.57,Success,2026-02-23 16:58:58,2026-03-22 16:58:58
3460,3460,Google Pay,55.28,Success,2025-11-27 16:33:44,2025-11-30 16:33:44
3461,3461,Apple Pay,13.67,Success,2025-09-08 17:17:04,2025-10-03 17:17:04
3462,3462,Debit Card,65.18,Success,2026-01-02 19:17:48,2026-01-08 19:17:48
3463,3463,Credit Card,107.01,Success,2026-05-14 14:43:01,2026-05-29 14:43:01
3464,3464,Google Pay,57.98,Success,2026-06-09 11:59:59,2026-07-03 11:59:59
3465,3465,Cash,36.75,Success,2025-10-11 04:25:04,2025-11-09 04:25:04
3466,3466,Debit Card,25.65,Success,2025-07-25 08:57:46,2025-08-09 08:57:46
3467,3467,Credit Card,36.38,Success,2025-12-07 03:21:43,2025-12-11 03:21:43
3468,3468,Apple Pay,88.22,Success,2025-12-02 00:40:51,2025-12-28 00:40:51
3469,3469,Google Pay,62.44,Success,2025-07-26 04:27:57,2025-08-01 04:27:57
3470,3470,Google Pay,76.73,Success,2025-11-26 06:00:13,2025-12-11 06:00:13
3471,3471,Debit Card,100.73,Success,2025-10-15 22:43:16,2025-10-24 22:43:16
3472,3472,Apple Pay,94.28,Success,2025-12-13 11:04:20,2025-12-27 11:04:20
3473,3473,Google Pay,45.15,Success,2026-02-26 00:20:43,2026-03-23 00:20:43
3474,3474,Cash,65.99,Success,2026-04-05 00:08:30,2026-05-02 00:08:30
3475,3475,Apple Pay,67.34,Success,2025-11-08 20:10:22,2025-11-24 20:10:22
3476,3476,Credit Card,123.29,Success,2025-09-06 17:46:31,2025-09-10 17:46:31
3477,3477,Credit Card,25.3,Success,2026-07-19 18:43:52,2026-07-20 18:43:52
3478,3478,Google Pay,106.63,Success,2025-08-14 10:05:32,2025-09-13 10:05:32
3479,3479,Debit Card,3.14,Success,2025-08-05 17:53:35,2025-08-14 17:53:35
3480,3480,Debit Card,22.82,Success,2025-11-11 03:16:23,2025-11-14 03:16:23
3481,3481,Cash,3.68,Success,2025-10-24 07:06:01,2025-11-18 07:06:01
3482,3482,Credit Card,63.55,Success,2026-03-26 08:19:00,2026-04-13 08:19:00
3483,3483,Apple Pay,4.05,Success,2026-06-13 15:49:36,2026-06-24 15:49:36
3484,3484,Debit Card,80.18,Success,2025-08-15 10:03:19,2025-09-12 10:03:19
3485,3485,Credit Card,23.12,Success,2025-08-01 23:03:53,2025-08-24 23:03:53
3486,3486,Apple Pay,56.46,Success,2025-08-04 15:37:59,2025-08-21 15:37:59
3487,3487,Apple Pay,6.35,Success,2025-09-25 16:23:16,2025-10-09 16:23:16
3488,3488,Cash,11.97,Success,2026-03-25 12:06:16,2026-04-22 12:06:16
3489,3489,Cash,80.52,Success,2026-06-09 10:06:50,2026-06-27 10:06:50
3490,3490,Credit Card,3.51,Success,2025-08-27 08:35:29,2025-09-06 08:35:29
3491,3491,Google Pay,60.09,Success,2026-03-07 01:21:02,2026-03-10 01:21:02
3492,3492,Debit Card,18.47,Success,2026-04-14 04:59:42,2026-05-11 04:59:42
3493,3493,Cash,75.69,Success,2025-09-05 06:26:04,2025-09-24 06:26:04
3494,3494,Debit Card,33.03,Success,2026-06-25 07:11:49,2026-07-09 07:11:49
3495,3495,Cash,64.54,Success,2026-04-26 19:36:36,2026-05-10 19:36:36
3496,3496,Credit Card,90.24,Success,2025-12-25 17:45:27,2025-12-31 17:45:27
3497,3497,Debit Card,92.66,Success,2025-08-16 09:24:58,2025-08-26 09:24:58
3498,3498,Google Pay,29.96,Success,2026-03-04 13:41:35,2026-03-28 13:41:35
3499,3499,Apple Pay,49.41,Success,2025-11-19 23:51:45,2025-12-10 23:51:45
3500,3500,Credit Card,19.87,Success,2025-10-08 12:06:32,2025-10-19 12:06:32
3501,3501,Apple Pay,124.38,Success,2025-10-07 06:31:53,2025-11-03 06:31:53
3502,3502,Credit Card,71.32,Success,2026-04-12 12:07:32,2026-05-04 12:07:32
3503,3503,Credit Card,38.33,Success,2026-03-14 04:55:59,2026-04-06 04:55:59
3504,3504,Credit Card,44.03,Success,2025-09-04 15:12:56,2025-09-12 15:12:56
3505,3505,Apple Pay,48.16,Success,2026-04-17 05:37:56,2026-05-04 05:37:56
3506,3506,Google Pay,22.85,Success,2025-09-29 07:54:20,2025-10-27 07:54:20
3507,3507,Debit Card,61.56,Success,2025-08-29 19:27:38,2025-09-24 19:27:38
3508,3508,Debit Card,37.67,Success,2025-11-10 21:25:44,2025-11-29 21:25:44
3509,3509,Apple Pay,118.21,Success,2026-05-25 09:29:19,2026-06-10 09:29:19
3510,3510,Debit Card,22.52,Success,2026-03-14 02:12:48,2026-04-08 02:12:48
3511,3511,Apple Pay,91.39,Success,2026-07-06 05:51:37,2026-08-01 05:51:37
3512,3512,Credit Card,10.17,Success,2025-11-18 23:42:36,2025-11-25 23:42:36
3513,3513,Credit Card,75.03,Success,2025-12-12 21:59:55,2026-01-08 21:59:55
3514,3514,Debit Card,85.88,Success,2026-05-30 12:50:45,2026-06-13 12:50:45
3515,3515,Google Pay,16.48,Success,2026-02-17 22:19:56,2026-03-14 22:19:56
3516,3516,Cash,19.23,Success,2025-10-19 11:09:36,2025-11-15 11:09:36
3517,3517,Cash,61.55,Success,2025-12-05 18:45:34,2025-12-25 18:45:34
3518,3518,Apple Pay,106.97,Success,2025-11-07 08:21:17,2025-11-25 08:21:17
3519,3519,Apple Pay,108.62,Success,2026-04-01 12:52:32,2026-04-17 12:52:32
3520,3520,Cash,26.54,Success,2026-05-16 23:19:16,2026-05-26 23:19:16
3521,3521,Debit Card,51.1,Success,2026-02-18 21:06:07,2026-02-24 21:06:07
3522,3522,Cash,118.83,Success,2026-04-29 08:14:34,2026-05-14 08:14:34
3523,3523,Google Pay,84.58,Success,2025-08-31 20:17:14,2025-09-30 20:17:14
3524,3524,Cash,43.42,Success,2026-02-18 11:33:12,2026-02-27 11:33:12
3525,3525,Apple Pay,57.17,Success,2026-07-02 07:48:26,2026-07-20 07:48:26
3526,3526,Apple Pay,85.64,Success,2025-09-28 00:39:02,2025-10-04 00:39:02
3527,3527,Apple Pay,72.1,Success,2026-05-20 15:11:24,2026-05-22 15:11:24
3528,3528,Credit Card,61.35,Success,2025-12-24 11:26:18,2026-01-23 11:26:18
3529,3529,Google Pay,80.44,Success,2026-05-18 17:12:28,2026-05-21 17:12:28
3530,3530,Apple Pay,15.93,Success,2026-02-11 01:28:41,2026-02-15 01:28:41
3531,3531,Credit Card,11.56,Success,2026-02-08 04:59:28,2026-02-21 04:59:28
3532,3532,Google Pay,38.44,Success,2026-01-19 16:06:23,2026-02-15 16:06:23
3533,3533,Cash,21.55,Success,2026-07-12 21:56:26,2026-07-22 21:56:26
3534,3534,Google Pay,17.06,Success,2026-04-16 22:52:43,2026-04-23 22:52:43
3535,3535,Apple Pay,75.72,Success,2026-06-21 04:16:53,2026-06-28 04:16:53
3536,3536,Cash,30.26,Success,2026-04-21 05:25:10,2026-05-07 05:25:10
3537,3537,Credit Card,68.3,Success,2026-04-28 13:49:47,2026-05-08 13:49:47
3538,3538,Google Pay,87.4,Success,2026-03-10 15:08:25,2026-04-01 15:08:25
3539,3539,Cash,13.01,Success,2026-03-27 01:10:26,2026-04-20 01:10:26
3540,3540,Apple Pay,29.6,Success,2026-06-29 18:37:56,2026-07-03 18:37:56
3541,3541,Credit Card,85.67,Success,2025-12-09 01:50:52,2025-12-11 01:50:52
3542,3542,Debit Card,88.56,Success,2026-03-17 16:41:09,2026-03-20 16:41:09
3543,3543,Google Pay,32.77,Success,2025-10-17 04:03:07,2025-10-19 04:03:07
3544,3544,Credit Card,90.25,Success,2025-08-06 11:09:57,2025-08-19 11:09:57
3545,3545,Debit Card,4.52,Success,2026-04-12 18:15:41,2026-04-21 18:15:41
3546,3546,Debit Card,43.21,Success,2026-06-29 20:05:19,2026-07-19 20:05:19
3547,3547,Apple Pay,35.8,Success,2025-10-25 08:07:46,2025-11-15 08:07:46
3548,3548,Apple Pay,63.11,Success,2025-08-23 11:17:12,2025-09-15 11:17:12
3549,3549,Cash,111.55,Success,2025-12-07 13:14:54,2025-12-14 13:14:54
3550,3550,Google Pay,64.93,Success,2025-12-09 16:33:01,2025-12-28 16:33:01
3551,3551,Google Pay,68.68,Success,2026-01-26 06:40:15,2026-02-03 06:40:15
3552,3552,Credit Card,47.42,Success,2026-02-26 03:10:28,2026-03-16 03:10:28
3553,3553,Cash,78.94,Success,2026-05-07 22:14:08,2026-05-27 22:14:08
3554,3554,Credit Card,29.61,Success,2026-05-07 04:56:33,2026-05-19 04:56:33
3555,3555,Google Pay,51.85,Success,2026-04-26 11:09:59,2026-05-06 11:09:59
3556,3556,Google Pay,7.82,Success,2025-12-15 01:33:54,2026-01-09 01:33:54
3557,3557,Google Pay,26.14,Success,2025-09-06 13:40:56,2025-09-12 13:40:56
3558,3558,Apple Pay,65.07,Success,2026-02-12 04:37:11,2026-03-11 04:37:11
3559,3559,Credit Card,16.28,Success,2025-09-19 21:45:20,2025-09-22 21:45:20
3560,3560,Google Pay,26.67,Success,2026-03-28 00:14:05,2026-03-29 00:14:05
3561,3561,Cash,44.56,Success,2025-08-31 13:40:29,2025-09-13 13:40:29
3562,3562,Credit Card,41.61,Success,2025-12-15 02:02:59,2026-01-07 02:02:59
3563,3563,Apple Pay,3.34,Success,2026-03-18 12:31:43,2026-03-22 12:31:43
3564,3564,Google Pay,84.9,Success,2026-06-17 04:55:53,2026-06-24 04:55:53
3565,3565,Cash,8.23,Success,2026-06-13 20:41:17,2026-06-29 20:41:17
3566,3566,Google Pay,59.62,Success,2025-08-06 11:23:38,2025-08-09 11:23:38
3567,3567,Apple Pay,87.51,Success,2026-02-16 16:27:30,2026-02-24 16:27:30
3568,3568,Credit Card,45.39,Success,2025-09-05 12:44:20,2025-10-05 12:44:20
3569,3569,Debit Card,41.47,Success,2025-11-24 03:27:07,2025-11-27 03:27:07
3570,3570,Cash,14.47,Success,2026-03-05 15:01:59,2026-03-07 15:01:59
3571,3571,Debit Card,52.12,Success,2026-03-01 15:13:42,2026-03-06 15:13:42
3572,3572,Credit Card,35.99,Success,2025-12-06 07:12:08,2025-12-19 07:12:08
3573,3573,Cash,38.93,Success,2026-06-04 20:48:28,2026-06-06 20:48:28
3574,3574,Cash,59.65,Success,2026-01-22 01:42:53,2026-02-04 01:42:53
3575,3575,Google Pay,38.76,Success,2026-03-07 05:19:39,2026-03-24 05:19:39
3576,3576,Google Pay,63.97,Success,2025-10-01 13:08:32,2025-10-02 13:08:32
3577,3577,Apple Pay,17.03,Success,2025-09-25 14:36:51,2025-10-07 14:36:51
3578,3578,Cash,80.48,Success,2026-03-08 20:33:52,2026-03-10 20:33:52
3579,3579,Credit Card,73.68,Success,2026-06-29 08:40:58,2026-07-14 08:40:58
3580,3580,Cash,34.57,Success,2025-09-21 01:47:32,2025-09-22 01:47:32
3581,3581,Google Pay,127.85,Success,2026-02-05 19:24:04,2026-02-27 19:24:04
3582,3582,Cash,42.63,Success,2025-09-28 15:46:10,2025-10-13 15:46:10
3583,3583,Credit Card,94.01,Success,2025-08-24 12:41:01,2025-09-03 12:41:01
3584,3584,Debit Card,44.57,Success,2026-04-23 19:15:08,2026-05-09 19:15:08
3585,3585,Credit Card,44.75,Success,2025-08-25 08:35:53,2025-08-28 08:35:53
3586,3586,Debit Card,71.16,Success,2026-05-14 04:21:06,2026-05-21 04:21:06
3587,3587,Apple Pay,15.88,Success,2026-04-26 22:07:12,2026-05-16 22:07:12
3588,3588,Google Pay,31.7,Success,2026-05-01 17:23:17,2026-05-09 17:23:17
3589,3589,Debit Card,34.54,Success,2026-02-10 09:20:47,2026-03-02 09:20:47
3590,3590,Debit Card,100.92,Success,2025-10-05 14:32:04,2025-11-01 14:32:04
3591,3591,Google Pay,88.79,Success,2026-03-12 03:43:46,2026-04-03 03:43:46
3592,3592,Credit Card,2.79,Success,2026-07-18 14:21:31,2026-08-08 14:21:31
3593,3593,Apple Pay,34.4,Success,2025-12-17 05:39:03,2025-12-26 05:39:03
3594,3594,Credit Card,5.99,Success,2026-05-21 14:37:48,2026-06-16 14:37:48
3595,3595,Cash,32.74,Success,2025-10-11 20:49:50,2025-10-19 20:49:50
3596,3596,Apple Pay,57.96,Success,2025-08-24 12:28:14,2025-08-30 12:28:14
3597,3597,Cash,50.81,Success,2026-07-01 10:43:40,2026-07-08 10:43:40
3598,3598,Debit Card,102.9,Success,2025-10-02 10:43:00,2025-10-24 10:43:00
3599,3599,Apple Pay,119.92,Success,2026-07-17 01:00:55,2026-07-19 01:00:55
3600,3600,Cash,92.62,Success,2025-08-29 02:05:42,2025-09-11 02:05:42
3601,3601,Debit Card,32.08,Success,2025-11-18 07:41:20,2025-12-07 07:41:20
3602,3602,Cash,44.4,Success,2026-04-29 03:32:16,2026-05-28 03:32:16
3603,3603,Cash,48.11,Success,2026-04-13 09:00:22,2026-05-10 09:00:22
3604,3604,Debit Card,3.43,Success,2026-04-30 11:58:27,2026-05-28 11:58:27
3605,3605,Debit Card,35.45,Success,2026-06-26 04:32:37,2026-07-25 04:32:37
3606,3606,Cash,60.32,Success,2026-03-30 16:37:37,2026-04-29 16:37:37
3607,3607,Debit Card,33.88,Success,2026-03-01 21:49:43,2026-03-18 21:49:43
3608,3608,Debit Card,18.94,Success,2026-05-04 19:14:30,2026-05-12 19:14:30
3609,3609,Debit Card,67.4,Success,2026-05-12 17:57:18,2026-05-18 17:57:18
3610,3610,Credit Card,73.71,Success,2026-02-15 05:52:56,2026-03-12 05:52:56
3611,3611,Debit Card,11.51,Success,2026-07-01 11:07:33,2026-07-06 11:07:33
3612,3612,Apple Pay,41.8,Success,2026-05-26 12:50:04,2026-06-06 12:50:04
3613,3613,Credit Card,16.11,Success,2026-07-03 08:36:51,2026-07-19 08:36:51
3614,3614,Google Pay,10.06,Success,2026-01-10 20:47:23,2026-01-17 20:47:23
3615,3615,Cash,62.32,Success,2025-12-05 16:16:38,2025-12-27 16:16:38
3616,3616,Apple Pay,47.23,Success,2025-11-03 02:28:06,2025-11-11 02:28:06
3617,3617,Google Pay,62.99,Success,2025-11-15 10:02:43,2025-12-12 10:02:43
3618,3618,Credit Card,6.31,Success,2025-12-18 11:07:40,2026-01-11 11:07:40
3619,3619,Credit Card,50.94,Success,2025-11-05 08:19:25,2025-11-28 08:19:25
3620,3620,Debit Card,12.07,Success,2025-11-13 13:31:44,2025-11-23 13:31:44
3621,3621,Cash,50.63,Success,2026-05-09 14:02:18,2026-05-13 14:02:18
3622,3622,Google Pay,110.15,Success,2026-07-16 12:43:04,2026-07-30 12:43:04
3623,3623,Cash,36.56,Success,2025-12-11 07:00:26,2026-01-06 07:00:26
3624,3624,Apple Pay,19.08,Success,2026-06-25 09:41:41,2026-07-07 09:41:41
3625,3625,Debit Card,92.15,Success,2025-09-05 16:35:10,2025-09-22 16:35:10
3626,3626,Debit Card,73.48,Success,2025-08-20 23:29:01,2025-08-25 23:29:01
3627,3627,Google Pay,76.86,Success,2026-01-15 04:30:28,2026-01-23 04:30:28
3628,3628,Apple Pay,118.15,Success,2026-03-29 23:36:16,2026-04-23 23:36:16
3629,3629,Google Pay,24.39,Success,2025-11-28 01:03:55,2025-12-16 01:03:55
3630,3630,Credit Card,106.14,Success,2025-08-30 14:56:54,2025-09-26 14:56:54
3631,3631,Debit Card,60.79,Success,2025-11-25 13:56:35,2025-12-15 13:56:35
3632,3632,Apple Pay,40.78,Success,2025-08-22 06:41:10,2025-09-06 06:41:10
3633,3633,Google Pay,57.42,Success,2026-07-19 10:36:13,2026-07-31 10:36:13
3634,3634,Cash,122.83,Success,2026-05-20 06:52:48,2026-06-01 06:52:48
3635,3635,Cash,6.97,Success,2026-01-27 06:40:26,2026-02-21 06:40:26
3636,3636,Cash,34.85,Success,2025-07-29 16:05:25,2025-08-08 16:05:25
3637,3637,Cash,73.3,Success,2026-03-06 07:35:14,2026-03-11 07:35:14
3638,3638,Apple Pay,61.01,Success,2025-09-28 06:19:22,2025-10-28 06:19:22
3639,3639,Apple Pay,96.15,Success,2026-02-01 21:45:36,2026-02-06 21:45:36
3640,3640,Google Pay,28.76,Success,2025-11-20 23:42:18,2025-11-27 23:42:18
3641,3641,Debit Card,52.76,Success,2025-12-31 21:57:09,2026-01-07 21:57:09
3642,3642,Google Pay,12.0,Success,2025-08-19 14:07:39,2025-08-26 14:07:39
3643,3643,Apple Pay,79.01,Success,2025-08-10 17:56:44,2025-09-01 17:56:44
3644,3644,Cash,39.99,Success,2025-11-14 11:46:00,2025-12-07 11:46:00
3645,3645,Debit Card,79.64,Success,2025-10-14 01:14:38,2025-10-30 01:14:38
3646,3646,Cash,72.97,Success,2026-06-03 21:30:09,2026-06-06 21:30:09
3647,3647,Google Pay,9.24,Success,2025-11-21 21:38:32,2025-11-28 21:38:32
3648,3648,Credit Card,56.75,Success,2025-08-24 11:11:38,2025-09-21 11:11:38
3649,3649,Cash,105.8,Success,2026-04-21 07:47:37,2026-04-28 07:47:37
3650,3650,Debit Card,65.27,Success,2026-05-23 19:01:19,2026-06-20 19:01:19
3651,3651,Cash,71.01,Success,2026-05-22 10:35:55,2026-06-03 10:35:55
3652,3652,Google Pay,84.12,Success,2026-06-19 20:13:15,2026-07-02 20:13:15
3653,3653,Cash,54.62,Success,2025-09-21 23:57:29,2025-10-18 23:57:29
3654,3654,Credit Card,10.46,Success,2026-01-11 10:23:05,2026-01-23 10:23:05
3655,3655,Credit Card,64.04,Success,2025-12-27 17:38:27,2026-01-23 17:38:27
3656,3656,Credit Card,81.36,Success,2025-08-11 04:06:41,2025-08-23 04:06:41
3657,3657,Credit Card,16.82,Success,2025-07-27 13:04:30,2025-08-17 13:04:30
3658,3658,Debit Card,7.74,Success,2025-12-17 20:24:17,2026-01-16 20:24:17
3659,3659,Debit Card,38.33,Success,2026-01-08 03:30:50,2026-01-16 03:30:50
3660,3660,Apple Pay,31.74,Success,2026-06-19 16:08:36,2026-06-25 16:08:36
3661,3661,Cash,33.86,Success,2025-08-27 21:16:35,2025-08-28 21:16:35
3662,3662,Debit Card,21.13,Success,2025-09-04 03:10:24,2025-09-15 03:10:24
3663,3663,Cash,61.25,Success,2026-06-17 21:33:13,2026-06-21 21:33:13
3664,3664,Debit Card,103.08,Success,2026-03-14 18:26:33,2026-04-07 18:26:33
3665,3665,Credit Card,7.63,Success,2025-08-16 11:34:51,2025-08-19 11:34:51
3666,3666,Apple Pay,48.77,Success,2025-10-24 05:31:50,2025-10-31 05:31:50
3667,3667,Credit Card,7.87,Success,2025-12-06 06:18:54,2026-01-05 06:18:54
3668,3668,Debit Card,104.86,Success,2026-06-17 07:28:19,2026-06-19 07:28:19
3669,3669,Apple Pay,86.17,Success,2025-08-21 18:32:16,2025-08-29 18:32:16
3670,3670,Debit Card,106.66,Success,2025-11-01 10:53:39,2025-11-29 10:53:39
3671,3671,Apple Pay,25.51,Success,2025-08-21 08:15:07,2025-09-15 08:15:07
3672,3672,Apple Pay,17.61,Success,2026-02-20 21:01:07,2026-03-10 21:01:07
3673,3673,Google Pay,68.54,Success,2026-03-31 01:25:46,2026-04-23 01:25:46
3674,3674,Apple Pay,58.29,Success,2026-02-05 01:26:22,2026-02-13 01:26:22
3675,3675,Apple Pay,3.76,Success,2026-05-19 08:03:25,2026-05-20 08:03:25
3676,3676,Google Pay,63.03,Success,2026-05-01 18:27:53,2026-05-15 18:27:53
3677,3677,Google Pay,82.24,Success,2026-02-24 12:41:31,2026-03-14 12:41:31
3678,3678,Debit Card,98.69,Success,2025-10-05 13:31:32,2025-11-04 13:31:32
3679,3679,Google Pay,51.92,Success,2026-03-27 16:35:45,2026-04-13 16:35:45
3680,3680,Cash,14.22,Success,2026-05-23 23:32:18,2026-06-06 23:32:18
3681,3681,Credit Card,51.53,Success,2026-01-08 09:56:40,2026-01-27 09:56:40
3682,3682,Google Pay,49.44,Success,2025-09-09 02:18:19,2025-09-28 02:18:19
3683,3683,Google Pay,22.17,Success,2026-03-25 20:32:28,2026-04-20 20:32:28
3684,3684,Credit Card,80.47,Success,2026-02-25 09:01:11,2026-02-26 09:01:11
3685,3685,Google Pay,42.28,Success,2026-02-24 18:11:46,2026-03-26 18:11:46
3686,3686,Cash,6.16,Success,2025-10-13 04:23:24,2025-11-01 04:23:24
3687,3687,Google Pay,28.83,Success,2025-11-22 03:57:30,2025-12-20 03:57:30
3688,3688,Cash,16.8,Success,2026-07-17 11:01:33,2026-07-18 11:01:33
3689,3689,Debit Card,65.32,Success,2026-03-09 14:54:38,2026-03-14 14:54:38
3690,3690,Cash,14.37,Success,2025-10-07 10:03:13,2025-10-14 10:03:13
3691,3691,Google Pay,39.74,Success,2025-10-22 20:25:09,2025-11-15 20:25:09
3692,3692,Google Pay,86.8,Success,2026-05-18 23:26:13,2026-05-28 23:26:13
3693,3693,Apple Pay,125.54,Success,2026-01-17 05:41:17,2026-01-24 05:41:17
3694,3694,Credit Card,46.06,Success,2026-07-19 11:40:15,2026-08-11 11:40:15
3695,3695,Debit Card,69.38,Success,2025-11-12 06:50:19,2025-12-06 06:50:19
3696,3696,Apple Pay,98.91,Success,2026-06-02 22:40:25,2026-06-29 22:40:25
3697,3697,Debit Card,79.52,Success,2025-12-11 21:19:12,2025-12-18 21:19:12
3698,3698,Debit Card,113.05,Success,2026-03-21 02:31:44,2026-04-10 02:31:44
3699,3699,Google Pay,74.57,Success,2026-05-07 16:12:29,2026-05-10 16:12:29
3700,3700,Google Pay,128.85,Success,2026-07-12 01:05:36,2026-07-25 01:05:36
3701,3701,Cash,35.79,Success,2025-10-22 21:04:46,2025-11-20 21:04:46
3702,3702,Credit Card,32.76,Success,2025-10-29 11:33:30,2025-11-09 11:33:30
3703,3703,Apple Pay,65.65,Success,2026-03-17 19:22:33,2026-03-27 19:22:33
3704,3704,Apple Pay,53.63,Success,2026-07-04 23:03:43,2026-07-30 23:03:43
3705,3705,Google Pay,63.68,Success,2025-07-31 17:05:03,2025-08-28 17:05:03
3706,3706,Debit Card,27.11,Success,2026-03-16 06:31:53,2026-04-05 06:31:53
3707,3707,Cash,23.5,Success,2025-12-30 02:47:46,2026-01-29 02:47:46
3708,3708,Apple Pay,67.67,Success,2026-02-26 09:07:12,2026-03-16 09:07:12
3709,3709,Apple Pay,14.65,Success,2026-07-08 10:14:54,2026-07-27 10:14:54
3710,3710,Credit Card,2.93,Success,2026-06-16 13:37:40,2026-07-03 13:37:40
3711,3711,Credit Card,55.87,Success,2025-11-11 23:26:02,2025-11-21 23:26:02
3712,3712,Credit Card,42.89,Success,2025-08-11 22:42:47,2025-08-18 22:42:47
3713,3713,Debit Card,91.6,Success,2025-08-30 05:06:17,2025-09-13 05:06:17
3714,3714,Credit Card,120.94,Success,2026-03-14 03:14:27,2026-04-10 03:14:27
3715,3715,Google Pay,34.78,Success,2026-05-22 01:44:06,2026-06-16 01:44:06
3716,3716,Cash,33.76,Success,2026-02-28 11:59:28,2026-03-28 11:59:28
3717,3717,Google Pay,39.43,Success,2026-02-19 21:27:53,2026-02-22 21:27:53
3718,3718,Cash,69.79,Success,2025-08-20 18:03:23,2025-09-09 18:03:23
3719,3719,Debit Card,72.47,Success,2026-01-07 03:10:49,2026-01-11 03:10:49
3720,3720,Cash,11.42,Success,2026-02-20 02:55:46,2026-02-27 02:55:46
3721,3721,Google Pay,36.73,Success,2026-07-15 00:23:39,2026-08-01 00:23:39
3722,3722,Debit Card,31.54,Success,2026-02-04 22:53:26,2026-02-08 22:53:26
3723,3723,Google Pay,76.64,Success,2026-06-25 20:22:24,2026-07-18 20:22:24
3724,3724,Cash,21.72,Success,2026-06-16 03:58:52,2026-07-14 03:58:52
3725,3725,Debit Card,58.28,Success,2026-05-20 15:41:03,2026-06-06 15:41:03
3726,3726,Debit Card,6.83,Success,2026-06-26 13:03:56,2026-07-20 13:03:56
3727,3727,Credit Card,10.06,Success,2026-04-17 08:18:47,2026-05-01 08:18:47
3728,3728,Credit Card,56.4,Success,2026-04-16 16:41:58,2026-04-17 16:41:58
3729,3729,Apple Pay,50.51,Success,2025-11-29 05:10:33,2025-12-04 05:10:33
3730,3730,Google Pay,117.19,Success,2025-10-28 05:26:51,2025-11-18 05:26:51
3731,3731,Google Pay,61.27,Success,2026-01-08 21:18:59,2026-01-14 21:18:59
3732,3732,Debit Card,15.03,Success,2026-06-06 19:39:25,2026-07-04 19:39:25
3733,3733,Credit Card,71.1,Success,2026-03-12 06:47:28,2026-03-16 06:47:28
3734,3734,Credit Card,42.82,Success,2026-02-27 04:48:19,2026-02-28 04:48:19
3735,3735,Credit Card,72.15,Success,2025-07-28 07:57:38,2025-08-25 07:57:38
3736,3736,Apple Pay,23.2,Success,2026-05-17 13:47:34,2026-06-12 13:47:34
3737,3737,Cash,89.18,Success,2026-06-12 05:05:55,2026-07-01 05:05:55
3738,3738,Credit Card,25.19,Success,2026-01-07 11:59:52,2026-01-17 11:59:52
3739,3739,Credit Card,39.24,Success,2026-04-27 03:36:52,2026-05-16 03:36:52
3740,3740,Apple Pay,64.32,Success,2025-10-11 02:15:26,2025-11-07 02:15:26
3741,3741,Apple Pay,11.6,Success,2026-04-13 00:58:19,2026-05-05 00:58:19
3742,3742,Credit Card,8.92,Success,2026-01-08 09:22:02,2026-01-10 09:22:02
3743,3743,Google Pay,11.32,Success,2026-02-05 06:48:20,2026-02-15 06:48:20
3744,3744,Debit Card,123.98,Success,2026-03-17 07:19:54,2026-03-20 07:19:54
3745,3745,Cash,28.67,Success,2026-03-27 02:53:03,2026-04-01 02:53:03
3746,3746,Debit Card,62.68,Success,2026-01-16 07:27:31,2026-01-29 07:27:31
3747,3747,Debit Card,106.92,Success,2026-07-08 02:51:07,2026-07-14 02:51:07
3748,3748,Credit Card,94.02,Success,2026-05-23 16:17:23,2026-06-01 16:17:23
3749,3749,Debit Card,23.66,Success,2026-03-04 09:37:53,2026-03-25 09:37:53
3750,3750,Credit Card,65.41,Success,2026-06-17 14:03:19,2026-07-03 14:03:19
3751,3751,Debit Card,83.32,Success,2025-11-26 07:55:39,2025-12-03 07:55:39
3752,3752,Debit Card,92.2,Success,2025-10-18 03:50:21,2025-11-12 03:50:21
3753,3753,Cash,32.43,Success,2025-09-23 17:10:53,2025-09-25 17:10:53
3754,3754,Cash,101.46,Success,2026-01-15 04:04:25,2026-02-14 04:04:25
3755,3755,Cash,64.56,Success,2026-02-22 15:15:47,2026-03-11 15:15:47
3756,3756,Credit Card,101.46,Success,2025-08-23 12:51:29,2025-09-08 12:51:29
3757,3757,Google Pay,3.99,Success,2026-07-04 13:11:47,2026-08-02 13:11:47
3758,3758,Apple Pay,40.26,Success,2026-02-06 13:56:57,2026-02-07 13:56:57
3759,3759,Apple Pay,28.22,Success,2026-01-15 18:23:45,2026-01-18 18:23:45
3760,3760,Google Pay,86.24,Success,2025-08-05 10:23:04,2025-08-21 10:23:04
3761,3761,Debit Card,7.93,Success,2025-10-29 03:02:42,2025-11-22 03:02:42
3762,3762,Apple Pay,9.58,Success,2026-06-17 21:18:58,2026-06-24 21:18:58
3763,3763,Debit Card,99.21,Success,2026-05-25 09:29:03,2026-05-30 09:29:03
3764,3764,Apple Pay,47.43,Success,2026-07-20 08:44:57,2026-08-01 08:44:57
3765,3765,Cash,38.37,Success,2026-05-02 11:40:31,2026-05-19 11:40:31
3766,3766,Apple Pay,33.65,Success,2025-07-28 19:26:25,2025-08-04 19:26:25
3767,3767,Credit Card,101.72,Success,2026-03-21 09:59:49,2026-04-05 09:59:49
3768,3768,Credit Card,35.12,Success,2026-06-16 11:54:03,2026-07-13 11:54:03
3769,3769,Google Pay,56.07,Success,2026-01-25 22:13:51,2026-02-14 22:13:51
3770,3770,Google Pay,62.53,Success,2025-12-09 13:56:16,2025-12-13 13:56:16
3771,3771,Debit Card,63.22,Success,2026-06-06 16:28:11,2026-06-25 16:28:11
3772,3772,Apple Pay,25.85,Success,2025-11-30 13:28:03,2025-12-18 13:28:03
3773,3773,Debit Card,60.44,Success,2025-12-24 08:10:41,2025-12-30 08:10:41
3774,3774,Debit Card,32.77,Success,2025-10-20 22:17:46,2025-11-11 22:17:46
3775,3775,Google Pay,44.41,Success,2025-09-20 04:33:49,2025-10-04 04:33:49
3776,3776,Debit Card,5.12,Success,2026-01-30 11:27:47,2026-02-08 11:27:47
3777,3777,Debit Card,35.09,Success,2025-10-21 05:35:45,2025-10-29 05:35:45
3778,3778,Debit Card,45.97,Success,2026-04-07 08:06:20,2026-04-12 08:06:20
3779,3779,Cash,51.81,Success,2026-07-01 15:17:21,2026-07-04 15:17:21
3780,3780,Credit Card,42.85,Success,2025-11-18 09:08:52,2025-11-27 09:08:52
3781,3781,Debit Card,78.0,Success,2026-06-15 22:42:50,2026-06-22 22:42:50
3782,3782,Cash,46.96,Success,2026-04-17 20:22:00,2026-04-30 20:22:00
3783,3783,Cash,31.45,Success,2026-06-30 04:22:04,2026-07-25 04:22:04
3784,3784,Apple Pay,5.78,Success,2026-04-08 14:04:07,2026-04-22 14:04:07
3785,3785,Apple Pay,112.72,Success,2025-11-10 20:41:30,2025-11-14 20:41:30
3786,3786,Cash,65.19,Success,2025-11-13 21:13:42,2025-11-17 21:13:42
3787,3787,Cash,16.11,Success,2025-08-20 10:11:49,2025-08-28 10:11:49
3788,3788,Debit Card,36.07,Success,2026-03-25 08:21:17,2026-03-29 08:21:17
3789,3789,Google Pay,35.09,Success,2025-07-31 02:14:05,2025-08-10 02:14:05
3790,3790,Google Pay,70.43,Success,2025-11-22 00:48:27,2025-12-10 00:48:27
3791,3791,Google Pay,15.15,Success,2026-06-15 16:15:58,2026-07-14 16:15:58
3792,3792,Google Pay,114.58,Success,2026-01-19 02:44:31,2026-01-20 02:44:31
3793,3793,Credit Card,23.37,Success,2026-05-11 09:58:21,2026-05-25 09:58:21
3794,3794,Apple Pay,57.97,Success,2025-08-27 15:21:48,2025-09-05 15:21:48
3795,3795,Apple Pay,18.61,Success,2025-12-07 23:59:46,2025-12-24 23:59:46
3796,3796,Debit Card,59.56,Success,2026-04-25 16:54:35,2026-05-22 16:54:35
3797,3797,Google Pay,65.25,Success,2026-03-01 07:51:25,2026-03-17 07:51:25
3798,3798,Google Pay,56.08,Success,2026-02-27 04:54:17,2026-03-11 04:54:17
3799,3799,Credit Card,110.89,Success,2026-05-05 19:08:13,2026-05-20 19:08:13
3800,3800,Apple Pay,64.44,Success,2025-10-14 04:28:10,2025-10-18 04:28:10
3801,3801,Cash,57.39,Success,2026-04-29 05:56:56,2026-05-15 05:56:56
3802,3802,Google Pay,56.52,Success,2026-02-03 22:48:20,2026-02-14 22:48:20
3803,3803,Apple Pay,85.98,Success,2025-12-24 16:49:30,2026-01-06 16:49:30
3804,3804,Cash,86.13,Success,2025-11-22 23:55:45,2025-12-18 23:55:45
3805,3805,Google Pay,85.69,Success,2026-03-08 05:12:01,2026-03-14 05:12:01
3806,3806,Cash,34.28,Success,2025-10-18 00:39:07,2025-11-07 00:39:07
3807,3807,Debit Card,106.42,Success,2026-05-22 23:23:44,2026-06-09 23:23:44
3808,3808,Apple Pay,58.78,Success,2025-10-04 13:54:35,2025-10-31 13:54:35
3809,3809,Cash,16.49,Success,2025-10-15 07:54:40,2025-10-29 07:54:40
3810,3810,Cash,22.33,Success,2025-08-26 01:40:07,2025-09-18 01:40:07
3811,3811,Debit Card,66.71,Success,2026-03-12 01:45:10,2026-03-23 01:45:10
3812,3812,Cash,52.59,Success,2025-10-30 04:14:41,2025-11-14 04:14:41
3813,3813,Debit Card,43.55,Success,2025-10-15 19:04:06,2025-10-25 19:04:06
3814,3814,Apple Pay,55.98,Success,2026-04-13 08:52:09,2026-05-05 08:52:09
3815,3815,Debit Card,72.28,Success,2026-06-16 15:44:47,2026-06-18 15:44:47
3816,3816,Credit Card,70.81,Success,2026-04-22 04:55:54,2026-04-29 04:55:54
3817,3817,Apple Pay,6.79,Success,2025-12-18 06:34:37,2026-01-04 06:34:37
3818,3818,Cash,16.34,Success,2026-05-08 19:17:26,2026-06-07 19:17:26
3819,3819,Google Pay,3.31,Success,2025-11-26 20:08:52,2025-11-29 20:08:52
3820,3820,Apple Pay,35.52,Success,2025-11-24 08:03:30,2025-11-29 08:03:30
3821,3821,Debit Card,51.45,Success,2025-10-25 05:38:09,2025-11-23 05:38:09
3822,3822,Cash,40.37,Success,2025-10-27 20:46:11,2025-11-10 20:46:11
3823,3823,Debit Card,135.52,Success,2026-06-24 08:38:46,2026-07-23 08:38:46
3824,3824,Debit Card,75.19,Success,2025-10-20 07:35:15,2025-10-23 07:35:15
3825,3825,Credit Card,105.19,Success,2026-03-03 00:36:50,2026-03-14 00:36:50
3826,3826,Debit Card,33.35,Success,2025-09-15 14:55:37,2025-09-28 14:55:37
3827,3827,Apple Pay,21.55,Success,2026-03-18 07:07:21,2026-04-06 07:07:21
3828,3828,Debit Card,3.3,Success,2026-01-15 08:03:52,2026-02-13 08:03:52
3829,3829,Credit Card,68.36,Success,2026-03-12 16:32:39,2026-03-17 16:32:39
3830,3830,Debit Card,29.99,Success,2025-11-17 11:00:32,2025-11-19 11:00:32
3831,3831,Debit Card,55.92,Success,2025-12-21 04:14:57,2025-12-28 04:14:57
3832,3832,Apple Pay,7.78,Success,2026-06-07 22:17:04,2026-06-22 22:17:04
3833,3833,Credit Card,4.77,Success,2026-07-01 15:38:01,2026-07-25 15:38:01
3834,3834,Credit Card,72.0,Success,2025-07-23 09:20:36,2025-07-28 09:20:36
3835,3835,Cash,31.35,Success,2026-05-21 11:23:25,2026-06-19 11:23:25
3836,3836,Debit Card,78.45,Success,2025-09-09 01:26:59,2025-09-17 01:26:59
3837,3837,Google Pay,64.2,Success,2026-03-22 20:03:14,2026-04-01 20:03:14
3838,3838,Google Pay,48.43,Success,2025-10-01 03:42:56,2025-10-21 03:42:56
3839,3839,Cash,10.47,Success,2026-07-17 23:46:20,2026-07-28 23:46:20
3840,3840,Apple Pay,44.73,Success,2025-12-07 23:59:45,2026-01-03 23:59:45
3841,3841,Apple Pay,56.55,Success,2026-01-12 20:36:52,2026-01-16 20:36:52
3842,3842,Credit Card,30.0,Success,2026-02-07 11:30:56,2026-02-09 11:30:56
3843,3843,Debit Card,95.12,Success,2026-01-11 10:23:28,2026-01-14 10:23:28
3844,3844,Google Pay,22.08,Success,2026-07-12 16:53:52,2026-07-24 16:53:52
3845,3845,Cash,124.48,Success,2026-01-08 00:29:14,2026-02-01 00:29:14
3846,3846,Credit Card,73.98,Success,2025-08-18 12:28:05,2025-09-01 12:28:05
3847,3847,Apple Pay,16.34,Success,2025-10-26 06:14:11,2025-11-24 06:14:11
3848,3848,Cash,14.11,Success,2026-07-01 00:31:55,2026-07-24 00:31:55
3849,3849,Debit Card,53.44,Success,2026-05-24 10:30:44,2026-06-14 10:30:44
3850,3850,Credit Card,83.98,Success,2025-11-05 01:32:31,2025-11-27 01:32:31
3851,3851,Cash,63.71,Success,2026-02-06 16:50:38,2026-02-09 16:50:38
3852,3852,Cash,52.29,Success,2026-05-25 16:37:07,2026-05-28 16:37:07
3853,3853,Apple Pay,13.2,Success,2025-10-27 10:51:49,2025-11-07 10:51:49
3854,3854,Apple Pay,34.75,Success,2026-05-11 02:16:37,2026-06-07 02:16:37
3855,3855,Apple Pay,77.51,Success,2026-03-03 02:06:27,2026-03-05 02:06:27
3856,3856,Debit Card,109.37,Success,2026-03-03 20:06:33,2026-03-29 20:06:33
3857,3857,Cash,19.35,Success,2026-03-27 00:10:05,2026-03-31 00:10:05
3858,3858,Debit Card,34.27,Success,2025-08-30 06:37:47,2025-09-07 06:37:47
3859,3859,Apple Pay,50.55,Success,2025-08-03 14:24:56,2025-08-18 14:24:56
3860,3860,Apple Pay,26.47,Success,2026-06-17 01:06:46,2026-07-13 01:06:46
3861,3861,Credit Card,21.72,Success,2026-07-07 12:30:42,2026-07-08 12:30:42
3862,3862,Google Pay,109.61,Success,2025-12-17 00:22:46,2025-12-28 00:22:46
3863,3863,Cash,30.0,Success,2025-12-14 00:01:24,2025-12-16 00:01:24
3864,3864,Google Pay,71.91,Success,2026-04-02 03:14:27,2026-04-09 03:14:27
3865,3865,Apple Pay,17.86,Success,2026-02-09 04:11:26,2026-02-22 04:11:26
3866,3866,Debit Card,125.43,Success,2026-01-27 04:25:59,2026-02-13 04:25:59
3867,3867,Debit Card,113.95,Success,2026-05-22 16:23:56,2026-05-29 16:23:56
3868,3868,Cash,16.37,Success,2026-05-01 18:16:38,2026-05-22 18:16:38
3869,3869,Debit Card,36.05,Success,2026-03-11 02:29:51,2026-03-25 02:29:51
3870,3870,Apple Pay,96.87,Success,2026-03-21 16:09:33,2026-03-26 16:09:33
3871,3871,Debit Card,44.02,Success,2026-03-24 01:20:34,2026-04-09 01:20:34
3872,3872,Credit Card,80.03,Success,2025-12-21 06:57:16,2025-12-26 06:57:16
3873,3873,Apple Pay,134.18,Success,2026-03-30 23:55:01,2026-04-01 23:55:01
3874,3874,Debit Card,39.98,Success,2026-05-09 08:21:56,2026-05-25 08:21:56
3875,3875,Apple Pay,3.01,Success,2025-11-20 12:55:20,2025-12-04 12:55:20
3876,3876,Credit Card,98.5,Success,2026-01-24 22:55:41,2026-02-01 22:55:41
3877,3877,Apple Pay,14.15,Success,2026-05-23 05:26:40,2026-06-19 05:26:40
3878,3878,Apple Pay,13.33,Success,2026-03-01 17:45:26,2026-03-15 17:45:26
3879,3879,Apple Pay,18.37,Success,2026-03-16 18:55:58,2026-04-08 18:55:58
3880,3880,Credit Card,12.4,Success,2025-10-05 15:27:25,2025-10-14 15:27:25
3881,3881,Apple Pay,22.66,Success,2025-08-07 13:48:05,2025-08-08 13:48:05
3882,3882,Cash,131.16,Success,2026-04-05 21:54:54,2026-04-16 21:54:54
3883,3883,Debit Card,80.63,Success,2026-01-21 13:05:28,2026-02-14 13:05:28
3884,3884,Google Pay,87.47,Success,2026-01-02 21:31:08,2026-01-21 21:31:08
3885,3885,Google Pay,78.01,Success,2025-09-05 22:27:42,2025-09-12 22:27:42
3886,3886,Cash,12.63,Success,2026-06-27 21:46:11,2026-07-17 21:46:11
3887,3887,Credit Card,75.02,Success,2026-04-22 16:27:42,2026-05-13 16:27:42
3888,3888,Credit Card,79.87,Success,2026-05-30 09:09:46,2026-06-11 09:09:46
3889,3889,Credit Card,44.8,Success,2026-01-01 21:43:24,2026-01-07 21:43:24
3890,3890,Apple Pay,41.58,Success,2025-08-31 08:42:45,2025-09-20 08:42:45
3891,3891,Debit Card,22.05,Success,2026-04-23 00:57:45,2026-05-07 00:57:45
3892,3892,Debit Card,89.55,Success,2025-11-18 18:37:45,2025-11-29 18:37:45
3893,3893,Cash,9.85,Success,2025-11-13 20:02:04,2025-11-28 20:02:04
3894,3894,Credit Card,61.67,Success,2025-08-25 22:25:31,2025-09-14 22:25:31
3895,3895,Cash,50.13,Success,2026-05-05 16:39:30,2026-05-26 16:39:30
3896,3896,Google Pay,84.81,Success,2026-01-06 00:22:26,2026-01-27 00:22:26
3897,3897,Credit Card,31.42,Success,2026-05-07 13:45:08,2026-05-21 13:45:08
3898,3898,Credit Card,36.89,Success,2025-08-13 23:32:03,2025-08-21 23:32:03
3899,3899,Debit Card,76.03,Success,2025-12-30 22:50:31,2026-01-08 22:50:31
3900,3900,Google Pay,34.45,Success,2025-10-04 05:38:39,2025-10-25 05:38:39
3901,3901,Apple Pay,9.06,Success,2026-01-27 04:22:59,2026-02-25 04:22:59
3902,3902,Apple Pay,44.05,Success,2026-01-07 15:48:36,2026-01-26 15:48:36
3903,3903,Credit Card,14.76,Success,2026-07-02 18:16:38,2026-07-10 18:16:38
3904,3904,Debit Card,69.34,Success,2025-12-23 15:28:45,2026-01-05 15:28:45
3905,3905,Cash,77.88,Success,2025-10-08 06:35:52,2025-10-19 06:35:52
3906,3906,Google Pay,2.81,Success,2025-10-20 05:02:37,2025-10-21 05:02:37
3907,3907,Debit Card,16.38,Success,2025-10-24 13:56:50,2025-10-31 13:56:50
3908,3908,Apple Pay,60.66,Success,2025-11-27 07:20:58,2025-12-06 07:20:58
3909,3909,Cash,52.61,Success,2025-08-06 11:59:49,2025-09-02 11:59:49
3910,3910,Google Pay,84.38,Success,2025-10-30 03:32:22,2025-11-03 03:32:22
3911,3911,Cash,13.39,Success,2026-03-22 08:12:46,2026-04-10 08:12:46
3912,3912,Apple Pay,17.24,Success,2026-04-22 22:57:27,2026-05-22 22:57:27
3913,3913,Cash,15.69,Success,2026-04-25 16:13:40,2026-05-24 16:13:40
3914,3914,Google Pay,14.62,Success,2025-10-12 17:33:15,2025-10-26 17:33:15
3915,3915,Credit Card,56.2,Success,2025-09-23 13:39:15,2025-10-04 13:39:15
3916,3916,Credit Card,31.01,Success,2026-01-04 06:38:09,2026-01-16 06:38:09
3917,3917,Apple Pay,12.86,Success,2026-04-19 05:25:41,2026-04-29 05:25:41
3918,3918,Apple Pay,80.53,Success,2025-08-24 17:43:45,2025-09-16 17:43:45
3919,3919,Cash,60.16,Success,2026-03-07 07:09:11,2026-03-26 07:09:11
3920,3920,Apple Pay,23.24,Success,2026-07-18 04:58:29,2026-08-08 04:58:29
3921,3921,Credit Card,43.13,Success,2026-05-02 12:55:26,2026-05-16 12:55:26
3922,3922,Google Pay,16.12,Success,2026-06-02 10:01:08,2026-06-06 10:01:08
3923,3923,Cash,50.16,Success,2025-08-16 00:59:48,2025-08-31 00:59:48
3924,3924,Apple Pay,36.91,Success,2025-11-15 20:23:43,2025-11-16 20:23:43
3925,3925,Google Pay,24.33,Success,2025-09-24 17:12:43,2025-10-11 17:12:43
3926,3926,Debit Card,59.78,Success,2026-02-05 13:36:12,2026-02-14 13:36:12
3927,3927,Google Pay,82.23,Success,2025-11-18 16:57:25,2025-12-17 16:57:25
3928,3928,Credit Card,70.42,Success,2025-09-29 23:33:42,2025-10-09 23:33:42
3929,3929,Credit Card,69.38,Success,2025-09-27 03:04:22,2025-10-11 03:04:22
3930,3930,Cash,64.24,Success,2026-04-03 20:53:46,2026-04-23 20:53:46
3931,3931,Cash,36.5,Success,2026-06-12 18:44:48,2026-06-14 18:44:48
3932,3932,Credit Card,11.73,Success,2025-10-16 23:22:53,2025-10-22 23:22:53
3933,3933,Google Pay,122.21,Success,2026-02-16 03:58:25,2026-03-12 03:58:25
3934,3934,Google Pay,62.67,Success,2026-01-18 13:31:52,2026-02-02 13:31:52
3935,3935,Cash,30.29,Success,2025-08-02 03:07:40,2025-08-28 03:07:40
3936,3936,Credit Card,60.65,Success,2025-08-16 06:41:56,2025-09-06 06:41:56
3937,3937,Google Pay,47.18,Success,2026-06-18 03:06:12,2026-07-02 03:06:12
3938,3938,Credit Card,51.0,Success,2025-08-16 06:32:04,2025-08-29 06:32:04
3939,3939,Apple Pay,46.26,Success,2025-12-26 19:26:40,2025-12-29 19:26:40
3940,3940,Cash,51.49,Success,2026-04-05 23:19:00,2026-04-19 23:19:00
3941,3941,Debit Card,83.43,Success,2026-01-03 19:06:47,2026-01-14 19:06:47
3942,3942,Google Pay,60.95,Success,2026-02-09 10:47:55,2026-02-21 10:47:55
3943,3943,Debit Card,2.87,Success,2025-09-20 05:50:53,2025-10-18 05:50:53
3944,3944,Credit Card,96.13,Success,2026-03-07 06:43:21,2026-03-21 06:43:21
3945,3945,Google Pay,30.36,Success,2025-11-22 11:04:16,2025-12-16 11:04:16
3946,3946,Debit Card,66.84,Success,2026-06-16 12:52:13,2026-06-29 12:52:13
3947,3947,Cash,78.25,Success,2025-11-14 20:53:00,2025-11-20 20:53:00
3948,3948,Google Pay,80.45,Success,2025-12-28 22:13:04,2026-01-27 22:13:04
3949,3949,Apple Pay,65.55,Success,2026-03-24 12:21:40,2026-04-03 12:21:40
3950,3950,Google Pay,4.96,Success,2025-08-15 14:39:01,2025-08-31 14:39:01
3951,3951,Cash,19.55,Success,2025-12-27 21:06:22,2026-01-25 21:06:22
3952,3952,Debit Card,6.23,Success,2025-09-10 07:48:35,2025-09-24 07:48:35
3953,3953,Credit Card,127.89,Success,2026-02-11 01:23:09,2026-03-03 01:23:09
3954,3954,Google Pay,39.79,Success,2026-02-23 06:41:20,2026-02-24 06:41:20
3955,3955,Cash,38.0,Success,2025-09-08 09:33:41,2025-10-02 09:33:41
3956,3956,Debit Card,68.62,Success,2026-01-01 10:22:54,2026-01-31 10:22:54
3957,3957,Google Pay,9.66,Success,2025-10-23 21:03:06,2025-10-25 21:03:06
3958,3958,Debit Card,35.31,Success,2026-06-17 22:58:47,2026-07-17 22:58:47
3959,3959,Debit Card,7.31,Success,2025-11-29 20:32:21,2025-12-19 20:32:21
3960,3960,Apple Pay,54.43,Success,2026-02-02 04:17:01,2026-02-06 04:17:01
3961,3961,Credit Card,55.58,Success,2025-09-21 12:31:16,2025-09-25 12:31:16
3962,3962,Credit Card,10.21,Success,2026-04-22 17:57:06,2026-04-28 17:57:06
3963,3963,Credit Card,67.66,Success,2025-09-15 10:06:06,2025-09-27 10:06:06
3964,3964,Google Pay,72.16,Success,2026-03-23 18:58:00,2026-04-22 18:58:00
3965,3965,Cash,4.12,Success,2025-11-04 19:19:55,2025-11-07 19:19:55
3966,3966,Debit Card,79.12,Success,2025-11-05 05:39:01,2025-11-18 05:39:01
3967,3967,Apple Pay,36.05,Success,2026-05-16 14:00:56,2026-06-06 14:00:56
3968,3968,Credit Card,53.39,Success,2026-05-10 15:08:23,2026-06-04 15:08:23
3969,3969,Cash,25.04,Success,2026-03-09 12:16:02,2026-03-28 12:16:02
3970,3970,Apple Pay,57.61,Success,2025-11-22 02:54:46,2025-11-23 02:54:46
3971,3971,Google Pay,73.8,Success,2025-12-21 18:38:48,2025-12-24 18:38:48
3972,3972,Debit Card,20.9,Success,2026-04-24 21:44:45,2026-05-14 21:44:45
3973,3973,Debit Card,6.45,Success,2025-08-15 11:29:26,2025-08-19 11:29:26
3974,3974,Debit Card,9.53,Success,2026-05-09 15:27:59,2026-05-27 15:27:59
3975,3975,Debit Card,18.59,Success,2026-01-25 05:48:57,2026-01-30 05:48:57
3976,3976,Google Pay,76.46,Success,2026-06-15 11:17:22,2026-06-22 11:17:22
3977,3977,Credit Card,95.55,Success,2026-05-11 06:36:15,2026-05-21 06:36:15
3978,3978,Debit Card,81.15,Success,2026-07-14 17:02:12,2026-07-17 17:02:12
3979,3979,Cash,52.09,Success,2026-06-30 21:39:56,2026-07-28 21:39:56
3980,3980,Apple Pay,16.25,Success,2025-07-29 22:11:57,2025-08-25 22:11:57
3981,3981,Apple Pay,57.9,Success,2026-05-28 09:17:25,2026-06-18 09:17:25
3982,3982,Cash,115.47,Success,2026-03-08 19:44:26,2026-04-05 19:44:26
3983,3983,Google Pay,126.07,Success,2026-05-25 12:20:22,2026-06-19 12:20:22
3984,3984,Google Pay,11.56,Success,2025-10-09 21:27:07,2025-10-31 21:27:07
3985,3985,Credit Card,67.26,Success,2025-08-17 03:26:47,2025-09-12 03:26:47
3986,3986,Credit Card,70.87,Success,2026-06-28 06:54:17,2026-07-11 06:54:17
3987,3987,Cash,5.5,Success,2025-08-14 17:58:41,2025-09-10 17:58:41
3988,3988,Google Pay,40.99,Success,2025-11-15 07:15:19,2025-11-26 07:15:19
3989,3989,Debit Card,12.7,Success,2026-01-02 13:00:24,2026-01-27 13:00:24
3990,3990,Google Pay,39.25,Success,2026-01-20 06:41:50,2026-01-29 06:41:50
3991,3991,Credit Card,45.14,Success,2026-01-09 11:58:05,2026-02-08 11:58:05
3992,3992,Google Pay,37.62,Success,2025-11-09 20:43:58,2025-12-01 20:43:58
3993,3993,Debit Card,109.82,Success,2026-06-29 19:20:24,2026-07-17 19:20:24
3994,3994,Google Pay,78.33,Success,2025-09-04 03:30:45,2025-10-04 03:30:45
3995,3995,Cash,13.06,Success,2026-02-21 19:12:55,2026-02-28 19:12:55
3996,3996,Credit Card,14.24,Success,2026-05-03 09:38:02,2026-05-18 09:38:02
3997,3997,Google Pay,69.02,Success,2025-09-29 22:18:03,2025-10-28 22:18:03
3998,3998,Cash,31.0,Success,2026-06-27 19:06:45,2026-07-14 19:06:45
3999,3999,Apple Pay,31.41,Success,2026-02-16 16:41:37,2026-03-15 16:41:37
4000,4000,Debit Card,40.06,Success,2025-11-25 22:51:43,2025-12-10 22:51:43
4001,4001,Credit Card,63.29,Success,2025-09-17 05:29:37,2025-10-16 05:29:37
4002,4002,Google Pay,29.63,Success,2026-06-15 16:46:58,2026-06-21 16:46:58
4003,4003,Credit Card,37.27,Success,2026-01-08 05:00:09,2026-01-26 05:00:09
4004,4004,Apple Pay,43.67,Success,2026-02-18 10:30:48,2026-02-20 10:30:48
4005,4005,Google Pay,16.03,Success,2025-11-27 14:29:32,2025-12-21 14:29:32
4006,4006,Debit Card,46.75,Success,2026-04-05 09:07:23,2026-04-10 09:07:23
4007,4007,Debit Card,20.61,Success,2025-11-24 10:35:57,2025-12-21 10:35:57
4008,4008,Credit Card,13.0,Success,2026-02-02 05:42:16,2026-02-05 05:42:16
4009,4009,Apple Pay,58.48,Success,2026-06-20 05:20:05,2026-06-26 05:20:05
4010,4010,Credit Card,57.49,Success,2026-01-31 14:54:47,2026-02-03 14:54:47
4011,4011,Google Pay,78.56,Success,2026-04-24 18:27:17,2026-05-20 18:27:17
4012,4012,Apple Pay,117.48,Success,2025-10-05 18:47:13,2025-10-13 18:47:13
4013,4013,Google Pay,17.24,Success,2025-09-15 00:48:48,2025-09-19 00:48:48
4014,4014,Apple Pay,49.53,Success,2025-10-30 15:18:39,2025-11-28 15:18:39
4015,4015,Credit Card,4.44,Success,2026-04-28 00:58:39,2026-05-13 00:58:39
4016,4016,Debit Card,61.36,Success,2025-07-26 22:00:20,2025-07-29 22:00:20
4017,4017,Google Pay,84.85,Success,2026-05-26 22:32:29,2026-06-15 22:32:29
4018,4018,Apple Pay,44.96,Success,2025-07-27 20:43:20,2025-08-10 20:43:20
4019,4019,Credit Card,122.07,Success,2026-04-18 10:33:50,2026-05-10 10:33:50
4020,4020,Apple Pay,45.75,Success,2025-10-15 01:11:05,2025-10-27 01:11:05
4021,4021,Debit Card,39.25,Success,2025-10-02 18:04:18,2025-10-11 18:04:18
4022,4022,Credit Card,64.87,Success,2025-10-28 03:23:02,2025-11-23 03:23:02
4023,4023,Apple Pay,27.89,Success,2025-12-22 10:13:27,2026-01-13 10:13:27
4024,4024,Credit Card,46.25,Success,2026-05-29 23:23:51,2026-06-12 23:23:51
4025,4025,Apple Pay,25.75,Success,2025-10-11 04:38:45,2025-10-16 04:38:45
4026,4026,Apple Pay,68.72,Success,2026-01-02 01:54:46,2026-01-13 01:54:46
4027,4027,Google Pay,52.72,Success,2025-08-30 10:29:31,2025-09-27 10:29:31
4028,4028,Cash,14.3,Success,2026-06-05 10:29:25,2026-06-14 10:29:25
4029,4029,Credit Card,52.04,Success,2025-11-24 04:26:31,2025-12-17 04:26:31
4030,4030,Credit Card,13.73,Success,2025-07-28 07:54:41,2025-08-24 07:54:41
4031,4031,Google Pay,41.89,Success,2026-04-22 07:59:40,2026-05-06 07:59:40
4032,4032,Google Pay,19.97,Success,2026-07-13 19:58:54,2026-07-17 19:58:54
4033,4033,Debit Card,41.86,Success,2025-12-21 16:40:50,2026-01-11 16:40:50
4034,4034,Google Pay,21.5,Success,2026-01-19 16:19:15,2026-01-31 16:19:15
4035,4035,Debit Card,33.3,Success,2026-05-18 19:51:22,2026-06-06 19:51:22
4036,4036,Credit Card,15.95,Success,2025-11-28 01:33:36,2025-12-28 01:33:36
4037,4037,Cash,31.39,Success,2026-04-26 03:29:08,2026-05-18 03:29:08
4038,4038,Google Pay,37.01,Success,2026-03-12 17:12:10,2026-03-17 17:12:10
4039,4039,Google Pay,9.05,Success,2026-01-03 21:47:44,2026-01-12 21:47:44
4040,4040,Google Pay,41.1,Success,2025-08-22 16:47:09,2025-09-11 16:47:09
4041,4041,Apple Pay,92.73,Success,2026-03-12 17:35:32,2026-04-02 17:35:32
4042,4042,Apple Pay,27.18,Success,2026-03-17 07:10:02,2026-04-13 07:10:02
4043,4043,Credit Card,14.38,Success,2025-12-04 09:51:05,2025-12-08 09:51:05
4044,4044,Cash,115.0,Success,2025-11-05 22:20:27,2025-11-20 22:20:27
4045,4045,Credit Card,63.64,Success,2025-10-12 11:01:16,2025-10-15 11:01:16
4046,4046,Google Pay,3.96,Success,2025-10-05 10:32:25,2025-10-11 10:32:25
4047,4047,Apple Pay,31.6,Success,2025-08-25 12:03:29,2025-09-02 12:03:29
4048,4048,Google Pay,34.56,Success,2025-09-25 19:31:25,2025-10-25 19:31:25
4049,4049,Apple Pay,58.14,Success,2026-06-25 02:29:35,2026-07-06 02:29:35
4050,4050,Apple Pay,22.96,Success,2026-04-04 16:41:56,2026-05-03 16:41:56
4051,4051,Google Pay,78.96,Success,2026-03-31 14:57:53,2026-04-11 14:57:53
4052,4052,Apple Pay,42.01,Success,2025-12-30 07:02:42,2026-01-05 07:02:42
4053,4053,Credit Card,11.48,Success,2026-01-05 18:19:04,2026-01-12 18:19:04
4054,4054,Credit Card,119.01,Success,2025-11-25 16:27:44,2025-12-16 16:27:44
4055,4055,Google Pay,99.0,Success,2026-04-08 00:54:41,2026-04-22 00:54:41
4056,4056,Credit Card,128.25,Success,2026-01-05 18:22:05,2026-01-20 18:22:05
4057,4057,Apple Pay,108.05,Success,2025-08-31 21:23:23,2025-09-22 21:23:23
4058,4058,Apple Pay,38.86,Success,2026-04-30 12:03:09,2026-05-05 12:03:09
4059,4059,Debit Card,79.05,Success,2026-07-11 00:17:35,2026-07-23 00:17:35
4060,4060,Credit Card,35.25,Success,2026-06-02 03:52:11,2026-06-15 03:52:11
4061,4061,Cash,67.97,Success,2026-04-08 03:23:46,2026-04-28 03:23:46
4062,4062,Credit Card,51.24,Success,2025-10-01 09:23:32,2025-10-07 09:23:32
4063,4063,Cash,63.05,Success,2025-09-28 00:44:26,2025-10-01 00:44:26
4064,4064,Credit Card,41.83,Success,2025-09-21 11:12:46,2025-10-11 11:12:46
4065,4065,Google Pay,62.82,Success,2026-04-23 01:54:52,2026-04-27 01:54:52
4066,4066,Google Pay,42.64,Success,2026-03-03 21:23:03,2026-03-31 21:23:03
4067,4067,Google Pay,66.63,Success,2026-07-06 05:01:11,2026-07-12 05:01:11
4068,4068,Google Pay,19.74,Success,2026-03-26 09:34:52,2026-04-25 09:34:52
4069,4069,Credit Card,58.15,Success,2025-08-22 23:28:33,2025-08-29 23:28:33
4070,4070,Credit Card,39.49,Success,2026-06-16 06:48:11,2026-06-17 06:48:11
4071,4071,Cash,14.89,Success,2026-03-09 00:18:14,2026-04-08 00:18:14
4072,4072,Credit Card,42.04,Success,2025-10-24 21:44:13,2025-11-08 21:44:13
4073,4073,Credit Card,44.77,Success,2026-07-13 19:11:11,2026-07-15 19:11:11
4074,4074,Credit Card,53.56,Success,2025-08-15 19:56:06,2025-08-21 19:56:06
4075,4075,Cash,62.73,Success,2026-05-27 04:33:31,2026-06-19 04:33:31
4076,4076,Google Pay,76.69,Success,2026-06-24 08:04:56,2026-07-02 08:04:56
4077,4077,Apple Pay,18.82,Success,2025-10-09 22:08:42,2025-10-29 22:08:42
4078,4078,Google Pay,23.93,Success,2026-06-26 02:04:05,2026-07-26 02:04:05
4079,4079,Debit Card,52.99,Success,2026-01-15 03:02:24,2026-02-01 03:02:24
4080,4080,Cash,35.49,Success,2026-01-19 02:52:40,2026-01-27 02:52:40
4081,4081,Cash,12.32,Success,2026-01-24 19:57:44,2026-02-21 19:57:44
4082,4082,Google Pay,41.85,Success,2026-05-16 13:21:20,2026-06-15 13:21:20
4083,4083,Google Pay,31.01,Success,2026-05-03 14:09:55,2026-05-17 14:09:55
4084,4084,Debit Card,50.41,Success,2025-10-23 11:46:28,2025-11-19 11:46:28
4085,4085,Credit Card,16.03,Success,2026-03-16 01:38:37,2026-03-17 01:38:37
4086,4086,Apple Pay,5.21,Success,2025-11-23 21:49:41,2025-12-01 21:49:41
4087,4087,Debit Card,20.69,Success,2026-02-25 08:34:43,2026-03-12 08:34:43
4088,4088,Apple Pay,75.14,Success,2025-11-08 07:31:39,2025-12-08 07:31:39
4089,4089,Google Pay,89.89,Success,2026-06-06 07:34:01,2026-06-09 07:34:01
4090,4090,Credit Card,86.93,Success,2025-08-28 07:56:27,2025-09-20 07:56:27
4091,4091,Credit Card,35.5,Success,2026-05-18 02:30:20,2026-06-11 02:30:20
4092,4092,Apple Pay,52.37,Success,2025-08-28 07:08:07,2025-09-26 07:08:07
4093,4093,Debit Card,72.96,Success,2026-01-04 07:40:01,2026-01-11 07:40:01
4094,4094,Google Pay,46.09,Success,2026-04-02 19:40:34,2026-04-08 19:40:34
4095,4095,Credit Card,59.62,Success,2026-06-29 21:49:45,2026-07-09 21:49:45
4096,4096,Apple Pay,73.56,Success,2026-05-30 20:40:50,2026-06-08 20:40:50
4097,4097,Cash,104.44,Success,2025-12-24 11:53:42,2026-01-08 11:53:42
4098,4098,Debit Card,123.77,Success,2026-05-28 19:27:36,2026-05-31 19:27:36
4099,4099,Credit Card,65.04,Success,2026-04-18 08:04:16,2026-05-18 08:04:16
4100,4100,Apple Pay,75.22,Success,2025-11-11 17:08:36,2025-12-09 17:08:36
4101,4101,Google Pay,84.84,Success,2025-11-26 10:18:55,2025-12-16 10:18:55
4102,4102,Cash,103.46,Success,2026-04-12 13:33:22,2026-05-10 13:33:22
4103,4103,Apple Pay,45.06,Success,2026-04-16 20:20:37,2026-04-27 20:20:37
4104,4104,Credit Card,62.22,Success,2026-05-03 01:57:38,2026-05-12 01:57:38
4105,4105,Google Pay,44.85,Success,2025-10-08 18:41:40,2025-10-11 18:41:40
4106,4106,Cash,46.44,Success,2026-05-11 19:03:22,2026-05-23 19:03:22
4107,4107,Google Pay,35.87,Success,2025-11-30 05:04:09,2025-12-04 05:04:09
4108,4108,Cash,104.74,Success,2025-10-07 12:01:40,2025-10-14 12:01:40
4109,4109,Apple Pay,6.16,Success,2026-04-30 21:37:58,2026-05-19 21:37:58
4110,4110,Cash,17.86,Success,2025-09-06 16:54:26,2025-09-21 16:54:26
4111,4111,Credit Card,21.55,Success,2025-12-26 23:03:45,2025-12-29 23:03:45
4112,4112,Google Pay,15.61,Success,2026-05-17 19:28:48,2026-06-07 19:28:48
4113,4113,Apple Pay,19.61,Success,2026-03-06 13:56:04,2026-03-23 13:56:04
4114,4114,Google Pay,25.81,Success,2025-11-28 13:01:00,2025-12-25 13:01:00
4115,4115,Apple Pay,70.6,Success,2025-11-01 20:41:17,2025-11-27 20:41:17
4116,4116,Cash,111.3,Success,2026-02-04 22:00:39,2026-02-13 22:00:39
4117,4117,Debit Card,113.1,Success,2025-12-08 21:52:04,2026-01-05 21:52:04
4118,4118,Debit Card,52.01,Success,2026-06-28 10:02:32,2026-07-25 10:02:32
4119,4119,Cash,23.83,Success,2026-03-13 03:58:58,2026-03-14 03:58:58
4120,4120,Debit Card,81.42,Success,2026-06-28 07:26:59,2026-06-30 07:26:59
4121,4121,Google Pay,64.72,Success,2025-09-03 22:03:55,2025-10-02 22:03:55
4122,4122,Debit Card,79.67,Success,2026-01-17 14:45:30,2026-01-23 14:45:30
4123,4123,Cash,50.41,Success,2026-03-24 03:24:36,2026-03-31 03:24:36
4124,4124,Apple Pay,18.19,Success,2025-11-25 16:01:13,2025-11-29 16:01:13
4125,4125,Credit Card,75.1,Success,2026-01-01 08:32:26,2026-01-05 08:32:26
4126,4126,Debit Card,17.63,Success,2026-06-23 07:41:41,2026-07-20 07:41:41
4127,4127,Google Pay,53.66,Success,2026-04-13 19:35:36,2026-04-23 19:35:36
4128,4128,Cash,19.36,Success,2026-05-26 07:17:24,2026-06-17 07:17:24
4129,4129,Google Pay,57.99,Success,2026-06-21 06:02:35,2026-06-23 06:02:35
4130,4130,Google Pay,82.65,Success,2026-03-19 01:11:01,2026-03-29 01:11:01
4131,4131,Credit Card,41.21,Success,2026-06-20 05:52:27,2026-07-05 05:52:27
4132,4132,Cash,64.39,Success,2026-02-22 08:16:06,2026-03-14 08:16:06
4133,4133,Google Pay,46.56,Success,2026-05-21 00:20:20,2026-05-27 00:20:20
4134,4134,Debit Card,30.32,Success,2026-03-24 16:49:32,2026-03-29 16:49:32
4135,4135,Google Pay,65.86,Success,2026-06-28 14:02:50,2026-07-10 14:02:50
4136,4136,Credit Card,18.09,Success,2025-12-23 05:39:34,2025-12-24 05:39:34
4137,4137,Apple Pay,71.66,Success,2025-10-19 08:17:36,2025-11-17 08:17:36
4138,4138,Credit Card,13.72,Success,2026-01-06 07:38:47,2026-01-28 07:38:47
4139,4139,Cash,42.63,Success,2025-11-28 23:45:21,2025-12-18 23:45:21
4140,4140,Credit Card,48.19,Success,2026-06-10 11:41:54,2026-07-05 11:41:54
4141,4141,Google Pay,30.05,Success,2025-11-22 09:09:47,2025-12-20 09:09:47
4142,4142,Debit Card,102.16,Success,2026-02-24 03:34:46,2026-03-22 03:34:46
4143,4143,Apple Pay,56.73,Success,2026-04-12 02:00:52,2026-05-03 02:00:52
4144,4144,Apple Pay,80.86,Success,2025-10-03 21:20:55,2025-10-18 21:20:55
4145,4145,Debit Card,119.85,Success,2026-04-15 14:35:14,2026-05-05 14:35:14
4146,4146,Cash,12.6,Success,2026-04-20 21:32:09,2026-05-14 21:32:09
4147,4147,Apple Pay,40.38,Success,2025-11-03 02:11:09,2025-11-23 02:11:09
4148,4148,Credit Card,27.92,Success,2025-08-11 22:50:31,2025-09-03 22:50:31
4149,4149,Debit Card,57.94,Success,2025-09-11 00:07:31,2025-09-15 00:07:31
4150,4150,Google Pay,50.55,Success,2025-07-29 05:42:07,2025-08-04 05:42:07
4151,4151,Google Pay,66.25,Success,2026-01-15 14:02:30,2026-02-07 14:02:30
4152,4152,Apple Pay,23.32,Success,2026-02-19 00:36:17,2026-03-11 00:36:17
4153,4153,Credit Card,70.5,Success,2025-12-17 02:21:55,2025-12-30 02:21:55
4154,4154,Cash,81.53,Success,2025-08-13 19:04:06,2025-09-10 19:04:06
4155,4155,Cash,16.27,Success,2025-07-30 16:21:29,2025-08-05 16:21:29
4156,4156,Apple Pay,41.93,Success,2025-12-30 03:13:57,2026-01-07 03:13:57
4157,4157,Cash,33.43,Success,2025-08-28 15:22:05,2025-09-19 15:22:05
4158,4158,Apple Pay,64.6,Success,2026-07-14 22:54:11,2026-07-21 22:54:11
4159,4159,Google Pay,8.98,Success,2026-03-21 12:12:17,2026-04-18 12:12:17
4160,4160,Debit Card,12.32,Success,2026-03-03 00:20:12,2026-03-07 00:20:12
4161,4161,Credit Card,8.65,Success,2025-12-25 00:50:33,2026-01-22 00:50:33
4162,4162,Cash,48.97,Success,2025-08-26 07:27:04,2025-09-05 07:27:04
4163,4163,Debit Card,85.74,Success,2026-06-10 05:50:55,2026-06-21 05:50:55
4164,4164,Apple Pay,17.56,Success,2026-02-11 12:48:55,2026-02-27 12:48:55
4165,4165,Cash,62.66,Success,2026-06-19 03:24:24,2026-07-03 03:24:24
4166,4166,Cash,117.93,Success,2026-07-06 09:10:16,2026-07-14 09:10:16
4167,4167,Debit Card,79.83,Success,2026-04-29 12:45:38,2026-05-05 12:45:38
4168,4168,Credit Card,24.57,Success,2026-04-04 16:45:46,2026-05-02 16:45:46
4169,4169,Apple Pay,88.38,Success,2025-08-26 22:02:50,2025-08-29 22:02:50
4170,4170,Apple Pay,98.78,Success,2025-12-15 14:16:55,2026-01-01 14:16:55
4171,4171,Debit Card,19.41,Success,2025-10-29 08:37:23,2025-11-27 08:37:23
4172,4172,Debit Card,39.5,Success,2026-02-26 22:37:24,2026-03-18 22:37:24
4173,4173,Cash,87.66,Success,2025-10-27 19:50:43,2025-11-10 19:50:43
4174,4174,Google Pay,28.0,Success,2026-05-19 12:20:14,2026-05-29 12:20:14
4175,4175,Apple Pay,53.82,Success,2026-01-21 17:49:39,2026-01-31 17:49:39
4176,4176,Apple Pay,61.56,Success,2026-06-16 17:54:52,2026-06-21 17:54:52
4177,4177,Google Pay,15.4,Success,2026-02-17 08:44:32,2026-03-19 08:44:32
4178,4178,Credit Card,75.07,Success,2025-09-03 16:07:30,2025-09-20 16:07:30
4179,4179,Google Pay,27.55,Success,2025-09-07 20:49:35,2025-09-27 20:49:35
4180,4180,Apple Pay,13.29,Success,2025-08-27 10:05:06,2025-08-31 10:05:06
4181,4181,Google Pay,92.48,Success,2025-12-24 09:31:25,2026-01-23 09:31:25
4182,4182,Google Pay,18.46,Success,2025-10-13 14:36:17,2025-11-08 14:36:17
4183,4183,Google Pay,9.15,Success,2026-03-12 05:59:46,2026-03-15 05:59:46
4184,4184,Debit Card,61.11,Success,2026-02-02 22:32:17,2026-02-18 22:32:17
4185,4185,Credit Card,117.84,Success,2025-11-24 17:39:23,2025-11-27 17:39:23
4186,4186,Debit Card,4.12,Success,2026-06-11 00:39:09,2026-06-27 00:39:09
4187,4187,Credit Card,79.74,Success,2026-01-02 07:05:24,2026-01-17 07:05:24
4188,4188,Apple Pay,61.63,Success,2026-05-27 06:53:52,2026-05-30 06:53:52
4189,4189,Debit Card,68.23,Success,2026-02-20 20:25:41,2026-02-22 20:25:41
4190,4190,Credit Card,81.85,Success,2026-01-03 10:01:36,2026-01-29 10:01:36
4191,4191,Debit Card,106.25,Success,2025-08-29 02:26:24,2025-09-23 02:26:24
4192,4192,Debit Card,43.01,Success,2026-01-16 23:23:09,2026-01-23 23:23:09
4193,4193,Debit Card,52.99,Success,2025-11-19 05:39:55,2025-12-10 05:39:55
4194,4194,Credit Card,19.31,Success,2026-01-24 06:49:57,2026-02-14 06:49:57
4195,4195,Apple Pay,7.62,Success,2025-09-29 21:35:18,2025-10-18 21:35:18
4196,4196,Credit Card,9.72,Success,2025-09-13 10:07:10,2025-10-09 10:07:10
4197,4197,Credit Card,93.98,Success,2026-03-18 12:06:33,2026-03-25 12:06:33
4198,4198,Apple Pay,56.77,Success,2025-08-26 01:19:16,2025-09-03 01:19:16
4199,4199,Apple Pay,15.53,Success,2025-12-14 13:25:47,2025-12-17 13:25:47
4200,4200,Apple Pay,32.9,Success,2025-11-01 03:10:30,2025-11-16 03:10:30
4201,4201,Google Pay,93.7,Success,2026-06-13 22:50:32,2026-06-28 22:50:32
4202,4202,Apple Pay,28.66,Success,2026-05-04 06:13:05,2026-05-30 06:13:05
4203,4203,Apple Pay,58.45,Success,2025-08-27 19:06:21,2025-09-13 19:06:21
4204,4204,Apple Pay,64.72,Success,2026-06-19 12:08:13,2026-06-25 12:08:13
4205,4205,Apple Pay,81.04,Success,2025-11-18 21:08:39,2025-12-04 21:08:39
4206,4206,Cash,52.5,Success,2025-12-19 06:04:19,2025-12-22 06:04:19
4207,4207,Google Pay,61.91,Success,2025-12-15 11:36:59,2025-12-21 11:36:59
4208,4208,Cash,56.3,Success,2025-10-30 02:45:03,2025-11-18 02:45:03
4209,4209,Credit Card,39.8,Success,2026-02-16 03:02:04,2026-02-18 03:02:04
4210,4210,Debit Card,92.58,Success,2025-08-02 07:02:01,2025-09-01 07:02:01
4211,4211,Credit Card,30.36,Success,2025-11-03 12:04:43,2025-11-29 12:04:43
4212,4212,Apple Pay,43.87,Success,2025-11-28 02:24:19,2025-12-01 02:24:19
4213,4213,Credit Card,39.48,Success,2026-04-29 17:34:22,2026-05-25 17:34:22
4214,4214,Credit Card,31.75,Success,2025-10-17 12:33:36,2025-11-11 12:33:36
4215,4215,Apple Pay,113.85,Success,2025-08-22 08:16:39,2025-09-20 08:16:39
4216,4216,Google Pay,53.43,Success,2025-08-10 22:11:45,2025-09-06 22:11:45
4217,4217,Debit Card,44.39,Success,2025-11-12 23:21:20,2025-11-27 23:21:20
4218,4218,Credit Card,15.99,Success,2025-12-17 16:58:36,2026-01-12 16:58:36
4219,4219,Apple Pay,44.29,Success,2026-04-25 09:37:43,2026-05-02 09:37:43
4220,4220,Google Pay,27.13,Success,2026-06-10 22:13:44,2026-06-30 22:13:44
4221,4221,Google Pay,114.73,Success,2025-12-14 13:16:48,2026-01-10 13:16:48
4222,4222,Debit Card,64.47,Success,2025-10-24 11:10:01,2025-11-07 11:10:01
4223,4223,Google Pay,97.74,Success,2026-04-24 11:08:06,2026-05-08 11:08:06
4224,4224,Apple Pay,49.41,Success,2026-02-12 10:26:42,2026-03-01 10:26:42
4225,4225,Credit Card,44.48,Success,2025-11-13 15:24:17,2025-11-24 15:24:17
4226,4226,Google Pay,62.16,Success,2026-06-13 02:09:47,2026-06-25 02:09:47
4227,4227,Debit Card,38.97,Success,2025-11-28 11:45:58,2025-11-29 11:45:58
4228,4228,Credit Card,80.29,Success,2026-04-06 18:59:21,2026-04-11 18:59:21
4229,4229,Google Pay,77.21,Success,2025-09-23 07:40:37,2025-10-20 07:40:37
4230,4230,Debit Card,34.0,Success,2025-09-12 06:16:50,2025-09-28 06:16:50
4231,4231,Credit Card,90.07,Success,2026-03-09 10:49:03,2026-03-18 10:49:03
4232,4232,Google Pay,20.52,Success,2025-11-08 21:51:48,2025-11-30 21:51:48
4233,4233,Apple Pay,73.64,Success,2025-10-11 14:50:23,2025-10-27 14:50:23
4234,4234,Cash,81.64,Success,2026-01-14 19:17:42,2026-01-31 19:17:42
4235,4235,Debit Card,56.72,Success,2025-09-30 21:04:17,2025-10-25 21:04:17
4236,4236,Google Pay,61.07,Success,2026-03-18 02:50:11,2026-04-13 02:50:11
4237,4237,Debit Card,24.01,Success,2026-02-20 14:57:21,2026-03-14 14:57:21
4238,4238,Google Pay,76.89,Success,2026-07-10 03:18:48,2026-07-27 03:18:48
4239,4239,Debit Card,46.05,Success,2025-11-17 07:11:13,2025-12-10 07:11:13
4240,4240,Google Pay,60.34,Success,2025-10-06 03:48:01,2025-10-09 03:48:01
4241,4241,Apple Pay,91.5,Success,2025-10-10 21:01:20,2025-11-08 21:01:20
4242,4242,Debit Card,12.5,Success,2025-08-29 02:51:29,2025-09-12 02:51:29
4243,4243,Apple Pay,87.63,Success,2026-03-30 23:32:55,2026-04-28 23:32:55
4244,4244,Debit Card,117.32,Success,2025-11-10 22:18:32,2025-11-14 22:18:32
4245,4245,Credit Card,25.7,Success,2026-03-08 23:49:02,2026-03-11 23:49:02
4246,4246,Apple Pay,55.72,Success,2026-02-18 20:04:14,2026-02-21 20:04:14
4247,4247,Google Pay,44.7,Success,2026-01-18 14:10:37,2026-02-11 14:10:37
4248,4248,Debit Card,67.96,Success,2026-05-13 07:08:53,2026-05-30 07:08:53
4249,4249,Apple Pay,82.46,Success,2026-06-02 13:56:59,2026-06-18 13:56:59
4250,4250,Apple Pay,34.07,Success,2026-06-03 04:01:40,2026-06-25 04:01:40
4251,4251,Debit Card,37.91,Success,2026-01-02 16:33:35,2026-01-22 16:33:35
4252,4252,Google Pay,16.7,Success,2026-05-10 09:21:03,2026-06-02 09:21:03
4253,4253,Apple Pay,68.83,Success,2026-05-23 09:40:21,2026-06-06 09:40:21
4254,4254,Debit Card,32.19,Success,2026-03-04 06:44:33,2026-03-30 06:44:33
4255,4255,Apple Pay,33.13,Success,2025-08-07 13:17:18,2025-09-01 13:17:18
4256,4256,Debit Card,17.19,Success,2025-09-12 07:18:15,2025-09-26 07:18:15
4257,4257,Apple Pay,15.69,Success,2026-01-27 01:34:34,2026-02-11 01:34:34
4258,4258,Credit Card,49.47,Success,2026-04-05 17:02:04,2026-04-08 17:02:04
4259,4259,Debit Card,5.96,Success,2026-01-25 06:39:04,2026-02-21 06:39:04
4260,4260,Cash,92.25,Success,2025-09-13 14:52:39,2025-10-05 14:52:39
4261,4261,Apple Pay,109.54,Success,2026-06-04 19:06:33,2026-06-26 19:06:33
4262,4262,Cash,82.2,Success,2025-08-13 07:31:51,2025-08-21 07:31:51
4263,4263,Credit Card,79.94,Success,2025-12-11 19:12:10,2026-01-10 19:12:10
4264,4264,Credit Card,32.29,Success,2026-04-29 09:43:45,2026-05-22 09:43:45
4265,4265,Debit Card,15.91,Success,2026-07-10 11:24:29,2026-08-04 11:24:29
4266,4266,Apple Pay,82.2,Success,2026-05-02 19:23:29,2026-05-16 19:23:29
4267,4267,Apple Pay,47.82,Success,2026-03-15 21:36:49,2026-04-01 21:36:49
4268,4268,Google Pay,14.94,Success,2026-06-20 03:02:51,2026-07-04 03:02:51
4269,4269,Cash,91.66,Success,2026-04-18 01:56:38,2026-05-01 01:56:38
4270,4270,Credit Card,14.22,Success,2025-08-23 23:55:41,2025-08-31 23:55:41
4271,4271,Credit Card,89.52,Success,2025-07-29 06:11:44,2025-08-11 06:11:44
4272,4272,Apple Pay,38.41,Success,2025-10-14 05:50:33,2025-11-13 05:50:33
4273,4273,Debit Card,26.9,Success,2025-12-10 16:57:33,2025-12-30 16:57:33
4274,4274,Debit Card,67.65,Success,2026-06-06 04:13:39,2026-06-26 04:13:39
4275,4275,Cash,68.98,Success,2026-01-19 05:47:14,2026-01-23 05:47:14
4276,4276,Cash,45.27,Success,2026-05-11 03:44:55,2026-06-08 03:44:55
4277,4277,Credit Card,88.11,Success,2026-03-05 19:21:05,2026-03-25 19:21:05
4278,4278,Credit Card,99.47,Success,2026-04-10 03:32:27,2026-04-13 03:32:27
4279,4279,Google Pay,12.05,Success,2026-05-21 13:13:35,2026-05-22 13:13:35
4280,4280,Google Pay,38.62,Success,2025-10-08 14:26:01,2025-10-11 14:26:01
4281,4281,Apple Pay,54.73,Success,2026-01-17 21:12:08,2026-02-07 21:12:08
4282,4282,Google Pay,90.45,Success,2025-08-20 02:07:26,2025-09-16 02:07:26
4283,4283,Credit Card,77.16,Success,2026-01-24 06:14:56,2026-01-31 06:14:56
4284,4284,Debit Card,70.8,Success,2025-11-05 19:47:15,2025-11-27 19:47:15
4285,4285,Apple Pay,29.94,Success,2026-03-15 08:09:21,2026-03-21 08:09:21
4286,4286,Apple Pay,12.42,Success,2026-01-02 19:48:45,2026-01-13 19:48:45
4287,4287,Cash,13.32,Success,2026-07-10 02:49:16,2026-08-03 02:49:16
4288,4288,Debit Card,118.82,Success,2025-09-15 12:29:07,2025-09-20 12:29:07
4289,4289,Apple Pay,48.24,Success,2026-01-28 09:54:11,2026-01-29 09:54:11
4290,4290,Apple Pay,24.69,Success,2026-04-29 21:49:48,2026-05-17 21:49:48
4291,4291,Apple Pay,26.52,Success,2026-02-17 13:26:50,2026-03-12 13:26:50
4292,4292,Cash,72.79,Success,2026-02-04 04:23:55,2026-03-04 04:23:55
4293,4293,Apple Pay,49.17,Success,2026-07-03 06:01:05,2026-08-01 06:01:05
4294,4294,Debit Card,62.38,Success,2025-07-30 12:30:22,2025-08-14 12:30:22
4295,4295,Google Pay,13.98,Success,2025-09-06 17:57:08,2025-09-30 17:57:08
4296,4296,Cash,18.03,Success,2025-11-05 12:49:56,2025-11-22 12:49:56
4297,4297,Credit Card,63.62,Success,2025-11-29 01:30:02,2025-12-25 01:30:02
4298,4298,Debit Card,49.96,Success,2025-12-16 06:15:19,2026-01-10 06:15:19
4299,4299,Apple Pay,71.48,Success,2025-11-02 07:24:32,2025-11-23 07:24:32
4300,4300,Credit Card,51.17,Success,2025-09-03 03:03:38,2025-09-27 03:03:38
4301,4301,Apple Pay,103.23,Success,2025-12-22 20:40:11,2026-01-01 20:40:11
4302,4302,Credit Card,47.58,Success,2026-07-09 04:58:29,2026-07-23 04:58:29
4303,4303,Cash,23.44,Success,2026-01-12 09:26:24,2026-01-16 09:26:24
4304,4304,Google Pay,53.43,Success,2025-10-09 10:17:16,2025-10-22 10:17:16
4305,4305,Google Pay,86.6,Success,2026-02-21 07:55:53,2026-03-04 07:55:53
4306,4306,Cash,6.63,Success,2025-10-18 23:05:47,2025-11-11 23:05:47
4307,4307,Google Pay,38.93,Success,2025-08-26 09:23:13,2025-09-11 09:23:13
4308,4308,Credit Card,63.79,Success,2025-09-05 02:03:33,2025-09-16 02:03:33
4309,4309,Credit Card,34.82,Success,2025-12-12 05:24:23,2025-12-27 05:24:23
4310,4310,Apple Pay,14.13,Success,2025-10-31 00:13:24,2025-11-14 00:13:24
4311,4311,Cash,99.09,Success,2026-05-08 16:45:06,2026-05-27 16:45:06
4312,4312,Debit Card,48.78,Success,2026-05-02 12:40:13,2026-05-30 12:40:13
4313,4313,Debit Card,84.9,Success,2026-05-13 19:07:40,2026-05-17 19:07:40
4314,4314,Google Pay,55.19,Success,2026-07-02 17:21:13,2026-07-28 17:21:13
4315,4315,Google Pay,64.08,Success,2026-02-05 08:52:17,2026-02-18 08:52:17
4316,4316,Debit Card,85.79,Success,2025-09-21 13:33:33,2025-10-19 13:33:33
4317,4317,Credit Card,29.64,Success,2026-05-13 03:42:02,2026-06-10 03:42:02
4318,4318,Debit Card,55.84,Success,2025-09-01 20:26:35,2025-09-14 20:26:35
4319,4319,Cash,80.86,Success,2025-09-08 14:39:05,2025-10-02 14:39:05
4320,4320,Credit Card,3.64,Success,2026-03-17 18:48:50,2026-04-05 18:48:50
4321,4321,Apple Pay,39.89,Success,2026-01-31 01:20:51,2026-02-02 01:20:51
4322,4322,Debit Card,19.77,Success,2026-05-12 21:18:10,2026-06-04 21:18:10
4323,4323,Debit Card,36.23,Success,2025-09-22 21:33:48,2025-10-06 21:33:48
4324,4324,Apple Pay,26.83,Success,2025-10-16 18:47:22,2025-11-01 18:47:22
4325,4325,Google Pay,28.66,Success,2026-04-18 00:33:59,2026-04-24 00:33:59
4326,4326,Apple Pay,47.8,Success,2026-01-13 07:09:21,2026-01-18 07:09:21
4327,4327,Debit Card,32.28,Success,2026-05-05 12:31:03,2026-06-02 12:31:03
4328,4328,Credit Card,109.58,Success,2026-01-20 22:55:19,2026-02-18 22:55:19
4329,4329,Google Pay,16.87,Success,2026-05-14 10:23:46,2026-06-05 10:23:46
4330,4330,Cash,24.61,Success,2025-10-26 05:39:45,2025-11-12 05:39:45
4331,4331,Google Pay,105.16,Success,2026-03-31 18:23:25,2026-04-20 18:23:25
4332,4332,Cash,85.35,Success,2026-01-18 06:26:22,2026-02-11 06:26:22
4333,4333,Apple Pay,11.34,Success,2026-07-10 13:51:48,2026-07-14 13:51:48
4334,4334,Apple Pay,38.74,Success,2026-01-21 04:20:16,2026-02-10 04:20:16
4335,4335,Credit Card,49.73,Success,2025-10-18 08:12:50,2025-11-10 08:12:50
4336,4336,Google Pay,13.1,Success,2026-06-09 09:22:26,2026-06-17 09:22:26
4337,4337,Google Pay,52.45,Success,2025-09-03 20:01:36,2025-09-18 20:01:36
4338,4338,Apple Pay,52.78,Success,2025-10-22 04:08:19,2025-10-31 04:08:19
4339,4339,Debit Card,38.27,Success,2025-09-07 22:34:57,2025-10-07 22:34:57
4340,4340,Google Pay,39.64,Success,2026-07-19 08:36:15,2026-08-04 08:36:15
4341,4341,Apple Pay,50.76,Success,2025-07-30 20:01:55,2025-07-31 20:01:55
4342,4342,Cash,91.46,Success,2025-10-02 01:38:01,2025-10-12 01:38:01
4343,4343,Credit Card,65.32,Success,2025-11-04 02:45:29,2025-11-22 02:45:29
4344,4344,Google Pay,23.87,Success,2026-03-11 10:18:47,2026-03-21 10:18:47
4345,4345,Debit Card,59.61,Success,2025-10-12 21:48:45,2025-11-10 21:48:45
4346,4346,Credit Card,68.39,Success,2026-03-27 17:48:32,2026-04-05 17:48:32
4347,4347,Google Pay,43.54,Success,2026-06-05 03:55:31,2026-06-07 03:55:31
4348,4348,Apple Pay,13.94,Success,2026-06-15 17:28:30,2026-06-20 17:28:30
4349,4349,Debit Card,21.32,Success,2025-08-31 07:47:21,2025-09-11 07:47:21
4350,4350,Apple Pay,30.5,Success,2025-09-03 03:36:57,2025-09-07 03:36:57
4351,4351,Debit Card,46.05,Success,2025-08-08 18:13:57,2025-08-23 18:13:57
4352,4352,Google Pay,53.59,Success,2026-05-20 02:08:37,2026-05-27 02:08:37
4353,4353,Google Pay,83.3,Success,2026-06-08 22:14:32,2026-06-11 22:14:32
4354,4354,Credit Card,42.87,Success,2026-05-19 10:59:15,2026-05-24 10:59:15
4355,4355,Google Pay,23.04,Success,2025-11-23 20:48:26,2025-12-20 20:48:26
4356,4356,Debit Card,49.99,Success,2025-12-03 09:50:59,2025-12-14 09:50:59
4357,4357,Debit Card,88.88,Success,2026-05-11 21:40:40,2026-06-04 21:40:40
4358,4358,Credit Card,114.04,Success,2026-01-03 09:58:24,2026-01-09 09:58:24
4359,4359,Apple Pay,33.33,Success,2025-11-23 12:19:01,2025-12-06 12:19:01
4360,4360,Credit Card,36.14,Success,2025-12-29 19:56:30,2026-01-12 19:56:30
4361,4361,Cash,85.69,Success,2025-12-27 09:06:15,2026-01-09 09:06:15
4362,4362,Credit Card,106.98,Success,2026-04-25 05:12:58,2026-05-22 05:12:58
4363,4363,Credit Card,78.53,Success,2026-01-18 01:12:44,2026-02-10 01:12:44
4364,4364,Google Pay,28.21,Success,2026-04-10 01:41:56,2026-04-28 01:41:56
4365,4365,Cash,61.01,Success,2025-07-21 16:12:12,2025-07-24 16:12:12
4366,4366,Credit Card,11.18,Success,2025-08-08 06:36:20,2025-08-31 06:36:20
4367,4367,Debit Card,24.91,Success,2026-02-01 03:19:14,2026-02-02 03:19:14
4368,4368,Cash,76.69,Success,2026-07-18 14:04:43,2026-07-20 14:04:43
4369,4369,Apple Pay,24.24,Success,2026-01-23 19:56:29,2026-02-21 19:56:29
4370,4370,Cash,75.91,Success,2025-11-19 06:37:24,2025-12-01 06:37:24
4371,4371,Debit Card,3.66,Success,2025-11-24 14:40:14,2025-12-09 14:40:14
4372,4372,Credit Card,12.36,Success,2026-04-01 08:01:43,2026-04-22 08:01:43
4373,4373,Credit Card,38.46,Success,2026-05-31 20:19:42,2026-06-29 20:19:42
4374,4374,Cash,44.85,Success,2026-02-23 16:43:53,2026-03-25 16:43:53
4375,4375,Debit Card,49.09,Success,2025-12-13 23:55:29,2026-01-10 23:55:29
4376,4376,Google Pay,77.96,Success,2026-05-26 16:15:58,2026-06-11 16:15:58
4377,4377,Cash,52.37,Success,2025-12-14 05:41:56,2026-01-07 05:41:56
4378,4378,Google Pay,42.14,Success,2025-12-26 15:45:16,2026-01-12 15:45:16
4379,4379,Google Pay,25.45,Success,2025-12-15 04:48:36,2025-12-16 04:48:36
4380,4380,Google Pay,52.4,Success,2025-10-01 02:49:48,2025-10-24 02:49:48
4381,4381,Debit Card,34.43,Success,2026-04-06 14:36:11,2026-04-19 14:36:11
4382,4382,Cash,100.41,Success,2026-03-17 07:03:14,2026-04-09 07:03:14
4383,4383,Google Pay,39.92,Success,2025-11-20 23:36:07,2025-12-02 23:36:07
4384,4384,Apple Pay,106.41,Success,2026-07-07 06:34:10,2026-07-16 06:34:10
4385,4385,Debit Card,100.5,Success,2026-04-10 08:22:21,2026-04-26 08:22:21
4386,4386,Google Pay,34.7,Success,2025-11-14 06:47:08,2025-11-18 06:47:08
4387,4387,Debit Card,47.66,Success,2025-10-14 05:02:37,2025-10-20 05:02:37
4388,4388,Credit Card,54.19,Success,2026-03-01 09:00:48,2026-03-11 09:00:48
4389,4389,Google Pay,60.94,Success,2026-07-14 22:15:30,2026-08-01 22:15:30
4390,4390,Debit Card,70.65,Success,2026-02-22 17:38:05,2026-03-08 17:38:05
4391,4391,Google Pay,72.75,Success,2025-08-15 04:22:31,2025-08-17 04:22:31
4392,4392,Google Pay,105.41,Success,2025-12-19 21:37:08,2025-12-30 21:37:08
4393,4393,Cash,39.33,Success,2026-01-14 13:51:00,2026-02-13 13:51:00
4394,4394,Cash,38.97,Success,2025-12-18 22:08:16,2026-01-12 22:08:16
4395,4395,Google Pay,49.58,Success,2026-02-14 17:25:44,2026-03-01 17:25:44
4396,4396,Debit Card,46.17,Success,2026-02-20 04:14:34,2026-03-20 04:14:34
4397,4397,Cash,35.48,Success,2025-11-16 23:45:59,2025-12-14 23:45:59
4398,4398,Credit Card,36.27,Success,2025-11-14 04:15:57,2025-12-11 04:15:57
4399,4399,Cash,29.8,Success,2026-03-27 09:27:59,2026-04-10 09:27:59
4400,4400,Google Pay,38.21,Success,2025-11-30 12:28:34,2025-12-23 12:28:34
4401,4401,Cash,53.03,Success,2025-10-18 01:55:26,2025-11-15 01:55:26
4402,4402,Debit Card,88.82,Success,2026-03-29 20:34:11,2026-04-18 20:34:11
4403,4403,Google Pay,38.01,Success,2025-09-10 06:55:28,2025-09-13 06:55:28
4404,4404,Apple Pay,62.33,Success,2026-04-23 06:51:04,2026-04-25 06:51:04
4405,4405,Apple Pay,31.77,Success,2025-12-26 01:15:07,2026-01-01 01:15:07
4406,4406,Debit Card,96.88,Success,2026-01-28 03:36:01,2026-02-16 03:36:01
4407,4407,Apple Pay,4.08,Success,2025-10-04 15:06:11,2025-10-07 15:06:11
4408,4408,Apple Pay,53.38,Success,2026-02-25 05:11:09,2026-02-28 05:11:09
4409,4409,Credit Card,12.93,Success,2026-06-12 09:39:42,2026-06-13 09:39:42
4410,4410,Debit Card,66.13,Success,2026-01-13 10:47:42,2026-01-29 10:47:42
4411,4411,Google Pay,28.56,Success,2026-04-25 05:55:37,2026-05-17 05:55:37
4412,4412,Credit Card,7.99,Success,2025-10-13 22:20:59,2025-11-08 22:20:59
4413,4413,Credit Card,118.89,Success,2026-02-25 20:58:14,2026-03-17 20:58:14
4414,4414,Google Pay,60.48,Success,2025-12-25 17:37:25,2026-01-24 17:37:25
4415,4415,Apple Pay,27.16,Success,2025-12-21 19:00:54,2025-12-23 19:00:54
4416,4416,Apple Pay,57.56,Success,2026-05-19 16:41:22,2026-06-03 16:41:22
4417,4417,Apple Pay,37.93,Success,2026-01-16 20:08:37,2026-02-15 20:08:37
4418,4418,Cash,8.53,Success,2026-03-27 19:04:04,2026-04-08 19:04:04
4419,4419,Apple Pay,109.62,Success,2026-02-01 05:13:15,2026-02-06 05:13:15
4420,4420,Google Pay,69.23,Success,2026-01-23 16:46:09,2026-02-14 16:46:09
4421,4421,Apple Pay,9.34,Success,2025-08-26 07:05:20,2025-09-09 07:05:20
4422,4422,Apple Pay,50.46,Success,2025-07-22 03:22:09,2025-08-19 03:22:09
4423,4423,Credit Card,9.21,Success,2026-05-17 20:09:21,2026-06-10 20:09:21
4424,4424,Cash,109.15,Success,2026-07-19 11:41:45,2026-08-03 11:41:45
4425,4425,Cash,4.39,Success,2026-05-15 23:10:38,2026-06-04 23:10:38
4426,4426,Google Pay,83.29,Success,2026-01-20 01:24:26,2026-01-31 01:24:26
4427,4427,Google Pay,45.94,Success,2026-02-28 15:47:04,2026-03-24 15:47:04
4428,4428,Credit Card,69.9,Success,2026-04-24 12:24:42,2026-05-13 12:24:42
4429,4429,Google Pay,88.73,Success,2026-03-21 02:57:07,2026-04-10 02:57:07
4430,4430,Cash,8.68,Success,2026-03-22 00:56:13,2026-04-04 00:56:13
4431,4431,Debit Card,20.0,Success,2026-01-25 05:21:56,2026-02-21 05:21:56
4432,4432,Apple Pay,64.21,Success,2026-07-12 00:21:06,2026-08-08 00:21:06
4433,4433,Debit Card,54.2,Success,2025-08-05 15:14:16,2025-08-29 15:14:16
4434,4434,Credit Card,27.75,Success,2025-12-25 17:35:02,2025-12-27 17:35:02
4435,4435,Credit Card,43.95,Success,2025-10-12 08:46:29,2025-10-24 08:46:29
4436,4436,Credit Card,79.51,Success,2025-10-27 10:10:07,2025-11-13 10:10:07
4437,4437,Credit Card,48.11,Success,2026-05-16 13:42:33,2026-05-24 13:42:33
4438,4438,Credit Card,112.41,Success,2025-08-15 14:56:38,2025-09-12 14:56:38
4439,4439,Cash,89.08,Success,2026-03-31 02:02:59,2026-04-14 02:02:59
4440,4440,Apple Pay,10.35,Success,2026-06-24 12:34:34,2026-07-08 12:34:34
4441,4441,Apple Pay,4.99,Success,2026-03-25 10:36:16,2026-04-12 10:36:16
4442,4442,Apple Pay,20.59,Success,2026-02-17 10:23:52,2026-03-13 10:23:52
4443,4443,Apple Pay,72.65,Success,2026-06-09 18:45:09,2026-06-19 18:45:09
4444,4444,Credit Card,48.17,Success,2026-02-13 19:20:44,2026-03-02 19:20:44
4445,4445,Google Pay,77.85,Success,2026-05-17 15:06:03,2026-06-08 15:06:03
4446,4446,Credit Card,79.02,Success,2026-06-04 18:21:41,2026-06-20 18:21:41
4447,4447,Google Pay,88.94,Success,2026-03-11 04:23:20,2026-03-31 04:23:20
4448,4448,Apple Pay,93.68,Success,2026-06-06 00:44:01,2026-06-12 00:44:01
4449,4449,Cash,76.96,Success,2026-03-30 10:03:02,2026-04-24 10:03:02
4450,4450,Cash,30.24,Success,2025-11-20 22:07:25,2025-12-02 22:07:25
4451,4451,Cash,44.23,Success,2026-04-11 05:59:45,2026-05-09 05:59:45
4452,4452,Credit Card,91.33,Success,2026-05-21 22:56:00,2026-05-28 22:56:00
4453,4453,Debit Card,38.34,Success,2025-11-02 12:29:59,2025-11-12 12:29:59
4454,4454,Credit Card,58.14,Success,2026-02-23 22:56:51,2026-03-10 22:56:51
4455,4455,Credit Card,93.71,Success,2026-05-30 08:21:06,2026-06-01 08:21:06
4456,4456,Cash,29.32,Success,2026-04-01 12:42:04,2026-04-28 12:42:04
4457,4457,Credit Card,47.14,Success,2025-08-10 10:03:58,2025-08-21 10:03:58
4458,4458,Debit Card,56.42,Success,2025-12-20 12:52:14,2026-01-10 12:52:14
4459,4459,Cash,42.15,Success,2026-07-16 14:48:29,2026-08-12 14:48:29
4460,4460,Cash,65.17,Success,2025-08-18 07:42:15,2025-08-26 07:42:15
4461,4461,Cash,82.34,Success,2026-07-08 00:41:22,2026-07-24 00:41:22
4462,4462,Credit Card,21.26,Success,2026-05-24 05:53:15,2026-06-07 05:53:15
4463,4463,Apple Pay,69.18,Success,2026-04-04 06:30:55,2026-05-03 06:30:55
4464,4464,Cash,27.98,Success,2025-10-21 03:06:01,2025-10-28 03:06:01
4465,4465,Google Pay,93.09,Success,2025-11-05 01:01:41,2025-12-03 01:01:41
4466,4466,Google Pay,15.41,Success,2025-07-30 15:48:05,2025-08-12 15:48:05
4467,4467,Apple Pay,101.22,Success,2025-07-25 01:15:03,2025-08-24 01:15:03
4468,4468,Debit Card,22.71,Success,2025-11-24 11:27:16,2025-12-03 11:27:16
4469,4469,Credit Card,35.69,Success,2025-08-17 01:30:17,2025-09-12 01:30:17
4470,4470,Debit Card,38.69,Success,2025-11-13 01:56:29,2025-11-25 01:56:29
4471,4471,Cash,120.72,Success,2026-05-28 19:28:39,2026-06-23 19:28:39
4472,4472,Apple Pay,106.64,Success,2026-03-15 01:50:27,2026-03-27 01:50:27
4473,4473,Apple Pay,53.36,Success,2026-05-25 17:36:13,2026-06-21 17:36:13
4474,4474,Debit Card,41.32,Success,2026-03-28 06:18:43,2026-04-20 06:18:43
4475,4475,Credit Card,28.15,Success,2026-06-29 14:38:57,2026-07-11 14:38:57
4476,4476,Credit Card,48.81,Success,2026-05-04 19:57:16,2026-05-29 19:57:16
4477,4477,Google Pay,88.35,Success,2026-01-25 10:01:12,2026-02-08 10:01:12
4478,4478,Credit Card,10.4,Success,2026-04-14 15:10:49,2026-04-23 15:10:49
4479,4479,Debit Card,46.63,Success,2026-03-08 23:49:33,2026-03-21 23:49:33
4480,4480,Debit Card,73.41,Success,2025-09-07 05:14:25,2025-09-22 05:14:25
4481,4481,Cash,38.3,Success,2025-11-10 01:56:42,2025-11-24 01:56:42
4482,4482,Google Pay,37.75,Success,2025-10-16 22:34:38,2025-10-24 22:34:38
4483,4483,Credit Card,21.1,Success,2026-04-21 12:30:19,2026-05-10 12:30:19
4484,4484,Debit Card,8.93,Success,2025-08-21 21:12:00,2025-08-30 21:12:00
4485,4485,Credit Card,79.32,Success,2026-05-17 18:40:18,2026-06-02 18:40:18
4486,4486,Credit Card,111.21,Success,2026-07-12 13:39:24,2026-07-24 13:39:24
4487,4487,Debit Card,44.38,Success,2025-07-25 20:57:10,2025-08-08 20:57:10
4488,4488,Debit Card,64.3,Success,2025-11-05 05:29:50,2025-11-09 05:29:50
4489,4489,Cash,76.01,Success,2025-09-03 08:57:02,2025-09-09 08:57:02
4490,4490,Credit Card,53.29,Success,2026-01-22 10:42:06,2026-02-02 10:42:06
4491,4491,Credit Card,12.74,Success,2025-07-26 11:10:16,2025-08-20 11:10:16
4492,4492,Debit Card,2.61,Success,2025-08-10 20:10:10,2025-09-06 20:10:10
4493,4493,Google Pay,7.41,Success,2026-04-25 20:51:47,2026-05-24 20:51:47
4494,4494,Apple Pay,76.77,Success,2026-05-11 14:29:03,2026-05-12 14:29:03
4495,4495,Google Pay,2.58,Success,2025-11-20 11:30:44,2025-12-06 11:30:44
4496,4496,Apple Pay,13.91,Success,2025-10-19 23:05:04,2025-10-26 23:05:04
4497,4497,Google Pay,55.4,Success,2026-02-28 15:33:38,2026-03-12 15:33:38
4498,4498,Credit Card,37.19,Success,2025-08-16 01:04:41,2025-08-24 01:04:41
4499,4499,Credit Card,27.18,Success,2026-06-08 00:23:59,2026-07-04 00:23:59
4500,4500,Google Pay,14.34,Success,2026-05-18 17:09:55,2026-06-05 17:09:55
4501,4501,Google Pay,82.53,Success,2026-04-07 07:08:52,2026-04-24 07:08:52
4502,4502,Debit Card,50.3,Success,2025-10-08 05:14:43,2025-10-19 05:14:43
4503,4503,Cash,3.35,Success,2026-07-13 09:09:21,2026-07-17 09:09:21
4504,4504,Debit Card,92.42,Success,2025-12-14 07:44:56,2025-12-15 07:44:56
4505,4505,Cash,41.25,Success,2025-10-26 11:46:05,2025-11-08 11:46:05
4506,4506,Cash,55.43,Success,2025-09-13 17:36:09,2025-09-24 17:36:09
4507,4507,Apple Pay,7.21,Success,2026-02-26 07:42:21,2026-03-22 07:42:21
4508,4508,Credit Card,26.37,Success,2025-09-17 11:18:56,2025-10-07 11:18:56
4509,4509,Cash,78.18,Success,2026-02-18 08:55:04,2026-02-23 08:55:04
4510,4510,Cash,80.69,Success,2026-07-07 03:18:36,2026-07-21 03:18:36
4511,4511,Google Pay,30.55,Success,2025-11-18 18:29:48,2025-12-13 18:29:48
4512,4512,Credit Card,26.98,Success,2026-06-10 18:35:37,2026-06-24 18:35:37
4513,4513,Debit Card,32.09,Success,2026-06-26 10:44:33,2026-06-30 10:44:33
4514,4514,Credit Card,30.42,Success,2025-12-27 20:04:38,2026-01-21 20:04:38
4515,4515,Credit Card,62.5,Success,2026-05-09 13:10:04,2026-05-19 13:10:04
4516,4516,Debit Card,17.64,Success,2025-10-26 14:21:41,2025-11-19 14:21:41
4517,4517,Google Pay,75.16,Success,2025-08-15 09:10:53,2025-09-14 09:10:53
4518,4518,Cash,83.37,Success,2026-05-21 18:30:49,2026-06-01 18:30:49
4519,4519,Credit Card,53.27,Success,2026-05-19 11:09:31,2026-05-27 11:09:31
4520,4520,Apple Pay,75.51,Success,2025-08-04 04:24:35,2025-08-27 04:24:35
4521,4521,Credit Card,2.01,Success,2025-08-07 14:54:47,2025-08-18 14:54:47
4522,4522,Apple Pay,67.22,Success,2025-08-22 14:25:03,2025-08-31 14:25:03
4523,4523,Debit Card,33.43,Success,2025-10-27 11:43:45,2025-11-08 11:43:45
4524,4524,Google Pay,82.42,Success,2026-05-17 07:34:27,2026-05-22 07:34:27
4525,4525,Apple Pay,46.56,Success,2025-12-17 08:58:56,2025-12-20 08:58:56
4526,4526,Debit Card,51.94,Success,2026-06-29 14:53:32,2026-07-20 14:53:32
4527,4527,Apple Pay,38.31,Success,2026-04-25 14:53:30,2026-05-05 14:53:30
4528,4528,Credit Card,54.91,Success,2025-12-11 09:43:45,2026-01-02 09:43:45
4529,4529,Cash,72.91,Success,2025-09-28 09:52:43,2025-10-20 09:52:43
4530,4530,Apple Pay,73.02,Success,2025-09-29 07:23:23,2025-10-05 07:23:23
4531,4531,Apple Pay,116.11,Success,2025-07-29 22:53:39,2025-08-15 22:53:39
4532,4532,Debit Card,51.7,Success,2026-01-14 06:33:16,2026-02-04 06:33:16
4533,4533,Cash,77.31,Success,2026-02-07 23:48:22,2026-02-18 23:48:22
4534,4534,Google Pay,110.87,Success,2025-08-23 23:36:56,2025-08-27 23:36:56
4535,4535,Google Pay,69.31,Success,2026-05-08 20:29:04,2026-06-01 20:29:04
4536,4536,Apple Pay,36.76,Success,2025-11-01 11:02:39,2025-11-15 11:02:39
4537,4537,Cash,57.38,Success,2026-03-29 02:51:21,2026-04-21 02:51:21
4538,4538,Credit Card,48.02,Success,2025-10-14 16:04:48,2025-11-07 16:04:48
4539,4539,Google Pay,49.89,Success,2026-04-09 16:54:52,2026-04-28 16:54:52
4540,4540,Apple Pay,54.99,Success,2025-08-02 15:21:21,2025-08-20 15:21:21
4541,4541,Credit Card,125.95,Success,2025-11-18 03:57:15,2025-11-21 03:57:15
4542,4542,Debit Card,14.29,Success,2026-04-02 13:34:02,2026-04-05 13:34:02
4543,4543,Credit Card,43.51,Success,2025-09-13 13:03:40,2025-10-01 13:03:40
4544,4544,Apple Pay,58.3,Success,2025-11-01 08:00:30,2025-11-26 08:00:30
4545,4545,Cash,23.61,Success,2026-05-18 08:19:26,2026-06-13 08:19:26
4546,4546,Credit Card,11.42,Success,2026-01-13 08:57:19,2026-01-15 08:57:19
4547,4547,Cash,15.13,Success,2025-07-27 13:08:45,2025-08-18 13:08:45
4548,4548,Credit Card,57.93,Success,2026-06-05 00:59:47,2026-06-27 00:59:47
4549,4549,Debit Card,28.8,Success,2025-09-29 00:25:43,2025-10-05 00:25:43
4550,4550,Cash,84.12,Success,2025-09-19 11:00:03,2025-10-08 11:00:03
4551,4551,Debit Card,107.43,Success,2026-03-31 23:25:11,2026-04-05 23:25:11
4552,4552,Debit Card,79.5,Success,2026-06-13 01:18:00,2026-06-23 01:18:00
4553,4553,Cash,25.38,Success,2025-09-29 14:39:41,2025-10-27 14:39:41
4554,4554,Debit Card,84.6,Success,2026-03-16 16:02:58,2026-04-02 16:02:58
4555,4555,Debit Card,46.16,Success,2025-12-09 00:51:05,2025-12-19 00:51:05
4556,4556,Apple Pay,68.52,Success,2026-03-27 21:51:52,2026-04-17 21:51:52
4557,4557,Google Pay,18.32,Success,2025-12-30 09:34:27,2026-01-18 09:34:27
4558,4558,Debit Card,63.47,Success,2025-11-18 23:07:57,2025-12-11 23:07:57
4559,4559,Debit Card,32.75,Success,2025-12-06 22:17:30,2026-01-03 22:17:30
4560,4560,Debit Card,86.65,Success,2025-11-29 20:58:33,2025-12-23 20:58:33
4561,4561,Apple Pay,62.38,Success,2025-12-12 23:40:54,2026-01-02 23:40:54
4562,4562,Debit Card,7.77,Success,2026-04-10 23:06:49,2026-04-16 23:06:49
4563,4563,Apple Pay,57.67,Success,2026-02-25 16:57:53,2026-02-28 16:57:53
4564,4564,Cash,78.35,Success,2025-08-07 23:49:03,2025-08-25 23:49:03
4565,4565,Debit Card,69.17,Success,2025-12-14 20:52:45,2026-01-08 20:52:45
4566,4566,Credit Card,93.61,Success,2026-03-22 09:33:45,2026-04-01 09:33:45
4567,4567,Cash,100.37,Success,2025-08-19 18:54:45,2025-09-12 18:54:45
4568,4568,Debit Card,80.48,Success,2025-09-02 00:14:49,2025-09-15 00:14:49
4569,4569,Cash,34.77,Success,2025-07-26 15:24:18,2025-08-06 15:24:18
4570,4570,Google Pay,29.81,Success,2026-05-07 16:52:26,2026-05-19 16:52:26
4571,4571,Cash,37.82,Success,2025-07-27 03:21:36,2025-08-14 03:21:36
4572,4572,Cash,82.93,Success,2026-06-11 02:24:48,2026-06-30 02:24:48
4573,4573,Credit Card,42.77,Success,2026-04-15 09:46:38,2026-05-09 09:46:38
4574,4574,Google Pay,20.54,Success,2025-07-27 09:12:37,2025-08-21 09:12:37
4575,4575,Debit Card,55.85,Success,2025-10-07 09:16:43,2025-11-06 09:16:43
4576,4576,Apple Pay,34.35,Success,2026-06-03 15:20:59,2026-06-18 15:20:59
4577,4577,Cash,65.02,Success,2025-10-08 16:38:48,2025-11-01 16:38:48
4578,4578,Google Pay,42.53,Success,2026-01-08 07:57:55,2026-01-20 07:57:55
4579,4579,Cash,52.4,Success,2025-10-15 04:20:27,2025-10-22 04:20:27
4580,4580,Credit Card,52.02,Success,2026-01-27 12:50:41,2026-01-31 12:50:41
4581,4581,Debit Card,8.95,Success,2026-02-12 21:49:22,2026-03-13 21:49:22
4582,4582,Google Pay,40.57,Success,2026-02-09 08:29:34,2026-03-08 08:29:34
4583,4583,Debit Card,61.05,Success,2026-04-12 09:48:16,2026-05-06 09:48:16
4584,4584,Debit Card,48.55,Success,2026-02-04 02:08:39,2026-02-08 02:08:39
4585,4585,Credit Card,55.2,Success,2026-01-15 13:49:07,2026-02-13 13:49:07
4586,4586,Apple Pay,20.72,Success,2026-03-23 17:01:37,2026-03-28 17:01:37
4587,4587,Credit Card,93.14,Success,2025-12-02 13:56:20,2025-12-27 13:56:20
4588,4588,Apple Pay,21.37,Success,2026-06-24 05:06:15,2026-07-01 05:06:15
4589,4589,Credit Card,49.38,Success,2026-07-16 06:44:18,2026-07-21 06:44:18
4590,4590,Google Pay,13.85,Success,2025-12-31 14:18:15,2026-01-21 14:18:15
4591,4591,Debit Card,21.98,Success,2026-03-18 22:48:51,2026-03-22 22:48:51
4592,4592,Apple Pay,78.99,Success,2026-05-27 07:02:10,2026-06-07 07:02:10
4593,4593,Google Pay,39.52,Success,2026-02-24 17:06:24,2026-02-28 17:06:24
4594,4594,Credit Card,16.43,Success,2026-07-10 19:57:29,2026-08-08 19:57:29
4595,4595,Cash,22.25,Success,2025-09-02 02:09:32,2025-09-28 02:09:32
4596,4596,Google Pay,55.95,Success,2026-04-03 15:19:28,2026-04-21 15:19:28
4597,4597,Apple Pay,23.12,Success,2025-10-05 01:03:02,2025-10-08 01:03:02
4598,4598,Cash,114.14,Success,2026-02-08 21:32:10,2026-02-17 21:32:10
4599,4599,Cash,79.36,Success,2025-12-27 02:25:09,2025-12-29 02:25:09
4600,4600,Debit Card,97.21,Success,2026-06-11 03:02:36,2026-07-09 03:02:36
4601,4601,Credit Card,4.86,Success,2026-03-04 23:40:16,2026-03-06 23:40:16
4602,4602,Apple Pay,29.63,Success,2026-05-06 08:57:08,2026-05-20 08:57:08
4603,4603,Cash,55.33,Success,2026-06-08 10:47:35,2026-06-25 10:47:35
4604,4604,Cash,32.97,Success,2025-12-27 02:32:35,2026-01-24 02:32:35
4605,4605,Google Pay,35.69,Success,2025-08-19 19:54:03,2025-08-27 19:54:03
4606,4606,Debit Card,58.68,Success,2025-09-19 06:32:09,2025-09-24 06:32:09
4607,4607,Debit Card,46.13,Success,2025-11-15 19:29:58,2025-12-15 19:29:58
4608,4608,Debit Card,102.09,Success,2025-11-09 21:56:29,2025-11-22 21:56:29
4609,4609,Apple Pay,32.98,Success,2025-12-22 08:45:07,2026-01-10 08:45:07
4610,4610,Cash,17.21,Success,2026-03-20 10:59:31,2026-04-08 10:59:31
4611,4611,Apple Pay,59.91,Success,2025-08-22 15:43:30,2025-09-21 15:43:30
4612,4612,Google Pay,37.94,Success,2025-09-29 21:56:26,2025-10-28 21:56:26
4613,4613,Credit Card,64.15,Success,2025-10-06 23:36:16,2025-10-18 23:36:16
4614,4614,Google Pay,43.68,Success,2026-01-23 00:42:26,2026-02-10 00:42:26
4615,4615,Cash,71.83,Success,2026-01-23 21:28:47,2026-01-25 21:28:47
4616,4616,Debit Card,129.76,Success,2025-09-03 08:47:13,2025-09-08 08:47:13
4617,4617,Apple Pay,22.73,Success,2026-07-07 11:28:13,2026-07-27 11:28:13
4618,4618,Apple Pay,21.94,Success,2026-07-09 02:27:29,2026-07-15 02:27:29
4619,4619,Credit Card,2.55,Success,2025-07-21 08:17:37,2025-08-18 08:17:37
4620,4620,Apple Pay,30.54,Success,2025-07-21 11:26:12,2025-07-27 11:26:12
4621,4621,Google Pay,41.24,Success,2025-09-05 13:22:36,2025-09-10 13:22:36
4622,4622,Debit Card,110.12,Success,2025-10-06 19:01:02,2025-10-13 19:01:02
4623,4623,Credit Card,67.84,Success,2026-06-23 02:19:28,2026-07-13 02:19:28
4624,4624,Apple Pay,40.69,Success,2026-06-02 04:42:32,2026-06-16 04:42:32
4625,4625,Apple Pay,29.55,Success,2026-01-24 22:40:20,2026-02-22 22:40:20
4626,4626,Cash,25.9,Success,2025-10-09 11:40:11,2025-11-04 11:40:11
4627,4627,Apple Pay,86.99,Success,2025-11-12 00:42:46,2025-11-13 00:42:46
4628,4628,Debit Card,37.55,Success,2025-11-06 07:34:15,2025-12-01 07:34:15
4629,4629,Credit Card,35.71,Success,2025-10-14 15:40:07,2025-11-11 15:40:07
4630,4630,Cash,44.01,Success,2026-03-11 18:35:40,2026-03-13 18:35:40
4631,4631,Cash,20.96,Success,2026-04-29 13:55:41,2026-05-29 13:55:41
4632,4632,Google Pay,45.69,Success,2025-07-31 06:10:29,2025-08-06 06:10:29
4633,4633,Debit Card,9.16,Success,2025-08-20 19:30:37,2025-09-05 19:30:37
4634,4634,Cash,43.11,Success,2026-02-07 13:11:42,2026-02-24 13:11:42
4635,4635,Google Pay,54.54,Success,2026-06-28 10:01:41,2026-07-18 10:01:41
4636,4636,Credit Card,64.04,Success,2026-02-25 17:28:07,2026-03-13 17:28:07
4637,4637,Cash,92.72,Success,2025-07-31 07:51:40,2025-08-17 07:51:40
4638,4638,Google Pay,22.16,Success,2026-02-21 09:08:42,2026-03-20 09:08:42
4639,4639,Debit Card,50.64,Success,2025-12-20 22:30:32,2025-12-29 22:30:32
4640,4640,Cash,106.7,Success,2026-05-12 12:28:49,2026-05-20 12:28:49
4641,4641,Apple Pay,43.65,Success,2025-12-26 07:09:34,2026-01-25 07:09:34
4642,4642,Apple Pay,106.56,Success,2025-11-22 23:52:38,2025-12-07 23:52:38
4643,4643,Credit Card,73.36,Success,2026-04-15 14:38:55,2026-05-07 14:38:55
4644,4644,Apple Pay,35.03,Success,2026-06-11 11:27:52,2026-07-10 11:27:52
4645,4645,Apple Pay,26.05,Success,2026-04-17 14:32:27,2026-05-06 14:32:27
4646,4646,Apple Pay,56.01,Success,2025-08-27 12:39:17,2025-09-23 12:39:17
4647,4647,Google Pay,38.1,Success,2026-02-05 21:35:34,2026-03-04 21:35:34
4648,4648,Debit Card,80.0,Success,2026-01-08 23:50:26,2026-01-22 23:50:26
4649,4649,Credit Card,66.85,Success,2025-07-25 04:25:11,2025-08-17 04:25:11
4650,4650,Google Pay,31.37,Success,2025-10-21 04:28:20,2025-11-09 04:28:20
4651,4651,Apple Pay,91.88,Success,2026-04-24 01:31:34,2026-05-18 01:31:34
4652,4652,Credit Card,8.42,Success,2025-09-19 00:54:59,2025-09-22 00:54:59
4653,4653,Debit Card,79.83,Success,2026-05-06 16:40:59,2026-05-17 16:40:59
4654,4654,Google Pay,12.98,Success,2026-01-11 06:18:08,2026-01-16 06:18:08
4655,4655,Debit Card,60.43,Success,2026-07-20 13:45:12,2026-08-10 13:45:12
4656,4656,Cash,50.01,Success,2025-11-15 15:32:02,2025-12-14 15:32:02
4657,4657,Apple Pay,125.64,Success,2026-02-18 05:28:00,2026-03-20 05:28:00
4658,4658,Google Pay,55.4,Success,2026-02-10 00:31:56,2026-02-18 00:31:56
4659,4659,Credit Card,50.12,Success,2025-09-07 14:00:05,2025-09-21 14:00:05
4660,4660,Apple Pay,10.69,Success,2025-07-29 19:39:57,2025-08-03 19:39:57
4661,4661,Cash,22.28,Success,2026-07-20 04:08:59,2026-08-11 04:08:59
4662,4662,Apple Pay,4.28,Success,2025-12-31 09:33:23,2026-01-10 09:33:23
4663,4663,Credit Card,29.34,Success,2026-05-02 04:00:39,2026-05-11 04:00:39
4664,4664,Apple Pay,67.12,Success,2025-08-13 16:52:57,2025-09-08 16:52:57
4665,4665,Apple Pay,106.16,Success,2025-08-01 22:39:08,2025-08-31 22:39:08
4666,4666,Cash,32.65,Success,2025-10-05 22:56:16,2025-10-24 22:56:16
4667,4667,Cash,70.07,Success,2025-09-11 11:54:47,2025-09-15 11:54:47
4668,4668,Google Pay,59.78,Success,2025-12-15 04:37:32,2025-12-23 04:37:32
4669,4669,Google Pay,55.1,Success,2026-06-14 20:04:50,2026-07-09 20:04:50
4670,4670,Google Pay,7.17,Success,2026-01-26 08:15:21,2026-02-14 08:15:21
4671,4671,Google Pay,2.55,Success,2026-06-11 04:00:46,2026-07-11 04:00:46
4672,4672,Google Pay,42.9,Success,2025-07-22 06:21:47,2025-08-16 06:21:47
4673,4673,Debit Card,49.16,Success,2026-03-07 09:20:05,2026-03-08 09:20:05
4674,4674,Google Pay,53.03,Success,2025-08-29 09:29:05,2025-09-11 09:29:05
4675,4675,Cash,63.62,Success,2026-04-17 18:50:19,2026-05-11 18:50:19
4676,4676,Credit Card,11.08,Success,2025-08-22 09:45:11,2025-09-07 09:45:11
4677,4677,Cash,93.17,Success,2026-04-30 14:26:34,2026-05-05 14:26:34
4678,4678,Debit Card,82.34,Success,2026-05-17 06:10:47,2026-06-06 06:10:47
4679,4679,Debit Card,78.35,Success,2025-11-09 11:13:46,2025-12-04 11:13:46
4680,4680,Cash,22.17,Success,2026-06-07 04:03:04,2026-06-12 04:03:04
4681,4681,Credit Card,30.63,Success,2025-11-15 19:11:58,2025-12-14 19:11:58
4682,4682,Debit Card,7.98,Success,2025-10-24 15:47:53,2025-10-26 15:47:53
4683,4683,Google Pay,97.97,Success,2025-09-24 14:10:21,2025-10-17 14:10:21
4684,4684,Debit Card,64.37,Success,2025-11-15 10:45:12,2025-12-09 10:45:12
4685,4685,Apple Pay,52.28,Success,2025-09-08 01:22:46,2025-09-10 01:22:46
4686,4686,Apple Pay,28.17,Success,2026-06-26 17:03:54,2026-07-13 17:03:54
4687,4687,Credit Card,5.81,Success,2026-04-08 21:10:57,2026-04-15 21:10:57
4688,4688,Debit Card,5.71,Success,2025-08-19 03:18:34,2025-09-17 03:18:34
4689,4689,Cash,42.34,Success,2026-04-17 05:03:51,2026-05-15 05:03:51
4690,4690,Debit Card,12.64,Success,2026-02-28 03:46:39,2026-03-21 03:46:39
4691,4691,Debit Card,32.88,Success,2025-09-25 22:10:48,2025-09-27 22:10:48
4692,4692,Google Pay,66.06,Success,2025-10-25 21:41:17,2025-10-30 21:41:17
4693,4693,Cash,32.52,Success,2025-08-09 00:25:56,2025-08-26 00:25:56
4694,4694,Apple Pay,37.11,Success,2025-12-17 09:05:32,2025-12-26 09:05:32
4695,4695,Apple Pay,104.68,Success,2026-04-16 13:26:08,2026-04-17 13:26:08
4696,4696,Google Pay,25.01,Success,2025-08-18 22:29:01,2025-09-09 22:29:01
4697,4697,Google Pay,63.3,Success,2025-10-07 21:22:02,2025-10-24 21:22:02
4698,4698,Debit Card,8.94,Success,2026-03-25 08:49:45,2026-04-07 08:49:45
4699,4699,Google Pay,13.57,Success,2025-11-25 05:51:20,2025-12-17 05:51:20
4700,4700,Apple Pay,41.67,Success,2026-01-07 07:11:35,2026-01-31 07:11:35
4701,4701,Credit Card,62.83,Success,2025-08-13 00:27:12,2025-08-27 00:27:12
4702,4702,Google Pay,103.02,Success,2025-08-23 01:35:52,2025-09-02 01:35:52
4703,4703,Credit Card,101.86,Success,2025-09-06 05:20:48,2025-09-24 05:20:48
4704,4704,Google Pay,109.27,Success,2026-02-24 04:58:11,2026-02-25 04:58:11
4705,4705,Google Pay,64.85,Success,2026-06-26 21:53:07,2026-07-17 21:53:07
4706,4706,Credit Card,23.11,Success,2025-08-22 00:57:35,2025-09-19 00:57:35
4707,4707,Credit Card,132.29,Success,2026-07-14 13:17:49,2026-08-02 13:17:49
4708,4708,Cash,106.93,Success,2025-09-11 23:05:06,2025-09-17 23:05:06
4709,4709,Apple Pay,99.52,Success,2025-11-10 04:05:30,2025-11-25 04:05:30
4710,4710,Credit Card,45.36,Success,2026-01-30 11:31:13,2026-02-14 11:31:13
4711,4711,Apple Pay,39.08,Success,2025-08-31 11:56:27,2025-09-26 11:56:27
4712,4712,Apple Pay,3.16,Success,2025-10-01 11:11:54,2025-10-25 11:11:54
4713,4713,Google Pay,28.39,Success,2025-09-10 15:11:31,2025-09-23 15:11:31
4714,4714,Apple Pay,105.52,Success,2025-08-10 11:11:34,2025-09-06 11:11:34
4715,4715,Credit Card,31.13,Success,2026-06-13 01:46:58,2026-07-12 01:46:58
4716,4716,Google Pay,79.01,Success,2026-05-24 18:47:17,2026-06-16 18:47:17
4717,4717,Debit Card,72.11,Success,2025-07-24 10:47:33,2025-08-08 10:47:33
4718,4718,Google Pay,14.0,Success,2026-02-13 08:47:32,2026-02-22 08:47:32
4719,4719,Credit Card,31.23,Success,2026-04-07 00:39:31,2026-04-23 00:39:31
4720,4720,Cash,109.46,Success,2026-01-05 12:36:42,2026-02-02 12:36:42
4721,4721,Google Pay,29.91,Success,2025-11-07 21:56:37,2025-12-06 21:56:37
4722,4722,Google Pay,36.45,Success,2026-01-06 03:29:41,2026-01-23 03:29:41
4723,4723,Debit Card,37.46,Success,2025-08-26 13:25:32,2025-09-24 13:25:32
4724,4724,Credit Card,87.56,Success,2025-12-29 18:11:03,2026-01-12 18:11:03
4725,4725,Apple Pay,68.8,Success,2026-01-21 21:55:47,2026-01-23 21:55:47
4726,4726,Google Pay,5.64,Success,2026-01-23 15:45:51,2026-01-27 15:45:51
4727,4727,Credit Card,132.17,Success,2026-03-27 12:37:23,2026-04-13 12:37:23
4728,4728,Apple Pay,62.34,Success,2026-05-07 09:36:01,2026-06-04 09:36:01
4729,4729,Debit Card,49.58,Success,2025-07-29 08:55:17,2025-08-06 08:55:17
4730,4730,Google Pay,31.26,Success,2025-10-16 00:01:40,2025-11-12 00:01:40
4731,4731,Credit Card,66.73,Success,2026-01-07 15:11:31,2026-01-20 15:11:31
4732,4732,Debit Card,75.23,Success,2025-10-04 20:30:16,2025-10-23 20:30:16
4733,4733,Credit Card,37.65,Success,2025-12-13 07:13:23,2025-12-21 07:13:23
4734,4734,Debit Card,56.48,Success,2026-04-29 18:18:51,2026-05-29 18:18:51
4735,4735,Apple Pay,28.43,Success,2026-02-16 22:42:00,2026-03-16 22:42:00
4736,4736,Google Pay,97.24,Success,2025-10-06 08:55:51,2025-10-28 08:55:51
4737,4737,Credit Card,8.64,Success,2025-09-03 20:35:02,2025-09-27 20:35:02
4738,4738,Cash,36.8,Success,2026-01-28 13:13:46,2026-01-31 13:13:46
4739,4739,Credit Card,62.09,Success,2026-03-24 20:36:29,2026-04-09 20:36:29
4740,4740,Cash,105.6,Success,2026-07-15 19:27:45,2026-07-27 19:27:45
4741,4741,Google Pay,52.31,Success,2025-12-30 22:43:22,2026-01-01 22:43:22
4742,4742,Debit Card,105.58,Success,2025-11-10 13:06:18,2025-11-22 13:06:18
4743,4743,Debit Card,60.69,Success,2026-06-19 23:47:42,2026-07-10 23:47:42
4744,4744,Cash,54.36,Success,2026-01-20 03:28:28,2026-02-19 03:28:28
4745,4745,Credit Card,15.44,Success,2025-11-25 08:53:18,2025-12-23 08:53:18
4746,4746,Debit Card,88.65,Success,2025-09-16 11:56:09,2025-10-05 11:56:09
4747,4747,Debit Card,110.36,Success,2026-01-07 09:03:02,2026-01-21 09:03:02
4748,4748,Credit Card,10.17,Success,2026-01-01 23:39:06,2026-01-08 23:39:06
4749,4749,Apple Pay,83.82,Success,2025-11-09 05:55:48,2025-11-26 05:55:48
4750,4750,Apple Pay,24.54,Success,2025-11-14 06:42:38,2025-11-17 06:42:38
4751,4751,Cash,73.99,Success,2025-11-25 17:51:11,2025-11-30 17:51:11
4752,4752,Cash,29.35,Success,2026-04-11 08:30:32,2026-05-06 08:30:32
4753,4753,Credit Card,115.91,Success,2026-06-15 10:58:08,2026-06-20 10:58:08
4754,4754,Apple Pay,26.49,Success,2026-02-07 06:55:50,2026-02-27 06:55:50
4755,4755,Credit Card,46.59,Success,2026-04-05 20:09:59,2026-05-03 20:09:59
4756,4756,Debit Card,120.44,Success,2026-03-21 23:58:55,2026-03-28 23:58:55
4757,4757,Apple Pay,22.64,Success,2026-07-16 21:16:20,2026-07-17 21:16:20
4758,4758,Credit Card,22.17,Success,2026-03-14 12:01:32,2026-04-01 12:01:32
4759,4759,Google Pay,10.77,Success,2025-09-01 08:55:43,2025-09-07 08:55:43
4760,4760,Apple Pay,58.93,Success,2026-02-23 23:48:55,2026-03-03 23:48:55
4761,4761,Credit Card,91.98,Success,2025-09-12 08:09:19,2025-09-22 08:09:19
4762,4762,Debit Card,105.71,Success,2025-12-05 04:39:32,2025-12-29 04:39:32
4763,4763,Cash,7.85,Success,2026-01-06 14:35:00,2026-01-13 14:35:00
4764,4764,Google Pay,75.62,Success,2025-12-10 07:02:43,2026-01-05 07:02:43
4765,4765,Cash,48.0,Success,2026-05-04 04:30:10,2026-05-06 04:30:10
4766,4766,Apple Pay,72.74,Success,2026-07-02 15:30:26,2026-07-29 15:30:26
4767,4767,Credit Card,67.39,Success,2026-04-21 12:21:38,2026-05-06 12:21:38
4768,4768,Google Pay,88.17,Success,2025-08-02 20:49:04,2025-08-06 20:49:04
4769,4769,Google Pay,19.42,Success,2026-03-15 19:49:38,2026-04-03 19:49:38
4770,4770,Debit Card,27.87,Success,2025-12-07 08:32:14,2025-12-12 08:32:14
4771,4771,Cash,27.46,Success,2025-10-29 01:22:02,2025-11-28 01:22:02
4772,4772,Cash,9.62,Success,2025-10-22 15:43:33,2025-10-27 15:43:33
4773,4773,Debit Card,81.51,Success,2025-08-08 16:18:22,2025-08-30 16:18:22
4774,4774,Apple Pay,31.87,Success,2025-11-30 15:14:34,2025-12-22 15:14:34
4775,4775,Google Pay,35.55,Success,2025-12-02 23:33:35,2025-12-06 23:33:35
4776,4776,Debit Card,43.78,Success,2025-08-04 22:38:59,2025-08-30 22:38:59
4777,4777,Cash,64.3,Success,2025-12-31 07:25:42,2026-01-06 07:25:42
4778,4778,Apple Pay,91.44,Success,2026-02-27 11:58:09,2026-03-11 11:58:09
4779,4779,Cash,11.96,Success,2025-12-26 11:26:12,2026-01-10 11:26:12
4780,4780,Apple Pay,62.45,Success,2026-03-22 20:12:29,2026-04-05 20:12:29
4781,4781,Credit Card,40.73,Success,2025-08-16 05:45:41,2025-09-08 05:45:41
4782,4782,Credit Card,103.14,Success,2025-11-23 14:56:50,2025-12-07 14:56:50
4783,4783,Cash,53.52,Success,2025-09-15 18:19:57,2025-09-17 18:19:57
4784,4784,Credit Card,20.28,Success,2025-09-17 08:37:41,2025-09-27 08:37:41
4785,4785,Credit Card,17.58,Success,2025-12-03 14:50:02,2026-01-02 14:50:02
4786,4786,Apple Pay,3.37,Success,2025-08-29 00:15:07,2025-09-19 00:15:07
4787,4787,Credit Card,3.46,Success,2025-07-23 19:57:56,2025-08-20 19:57:56
4788,4788,Credit Card,37.67,Success,2026-01-16 10:06:03,2026-01-18 10:06:03
4789,4789,Cash,54.25,Success,2026-02-08 23:40:19,2026-02-19 23:40:19
4790,4790,Google Pay,12.43,Success,2026-01-14 05:25:36,2026-01-20 05:25:36
4791,4791,Credit Card,45.47,Success,2026-01-19 04:44:29,2026-02-10 04:44:29
4792,4792,Cash,4.26,Success,2026-01-12 10:07:28,2026-02-06 10:07:28
4793,4793,Debit Card,45.02,Success,2025-10-28 02:58:43,2025-11-23 02:58:43
4794,4794,Cash,53.68,Success,2025-11-14 20:59:31,2025-11-26 20:59:31
4795,4795,Apple Pay,51.53,Success,2026-04-06 16:23:53,2026-04-10 16:23:53
4796,4796,Cash,43.13,Success,2026-04-18 14:47:26,2026-05-15 14:47:26
4797,4797,Cash,32.19,Success,2026-06-07 17:59:52,2026-06-15 17:59:52
4798,4798,Credit Card,70.3,Success,2026-03-16 15:39:57,2026-04-05 15:39:57
4799,4799,Debit Card,100.19,Success,2026-04-29 08:13:34,2026-05-23 08:13:34
4800,4800,Apple Pay,19.97,Success,2026-01-08 20:25:06,2026-01-28 20:25:06
4801,4801,Debit Card,39.89,Success,2026-03-11 08:12:28,2026-04-06 08:12:28
4802,4802,Debit Card,50.22,Success,2026-04-04 06:12:26,2026-04-10 06:12:26
4803,4803,Apple Pay,54.97,Success,2026-01-12 09:07:50,2026-01-27 09:07:50
4804,4804,Credit Card,40.02,Success,2025-07-24 18:27:34,2025-08-13 18:27:34
4805,4805,Google Pay,3.91,Success,2025-07-31 06:05:36,2025-08-27 06:05:36
4806,4806,Debit Card,14.22,Success,2025-10-10 08:17:23,2025-11-07 08:17:23
4807,4807,Debit Card,60.48,Success,2025-10-09 23:47:04,2025-10-21 23:47:04
4808,4808,Apple Pay,76.97,Success,2025-08-11 04:14:36,2025-08-13 04:14:36
4809,4809,Debit Card,89.92,Success,2026-05-13 01:55:17,2026-06-08 01:55:17
4810,4810,Google Pay,86.0,Success,2026-03-12 11:06:38,2026-03-30 11:06:38
4811,4811,Debit Card,5.91,Success,2025-11-30 16:16:23,2025-12-04 16:16:23
4812,4812,Cash,57.61,Success,2026-01-17 08:21:31,2026-02-16 08:21:31
4813,4813,Debit Card,61.96,Success,2026-05-28 20:02:18,2026-06-06 20:02:18
4814,4814,Google Pay,23.78,Success,2025-07-28 21:33:19,2025-08-17 21:33:19
4815,4815,Credit Card,27.42,Success,2026-01-28 17:40:52,2026-02-26 17:40:52
4816,4816,Apple Pay,77.2,Success,2026-01-03 21:10:28,2026-01-07 21:10:28
4817,4817,Credit Card,30.14,Success,2026-01-26 03:36:34,2026-02-20 03:36:34
4818,4818,Apple Pay,2.01,Success,2025-10-14 10:19:10,2025-10-17 10:19:10
4819,4819,Google Pay,4.65,Success,2026-07-11 01:01:21,2026-07-12 01:01:21
4820,4820,Credit Card,14.25,Success,2025-07-31 22:31:29,2025-08-04 22:31:29
4821,4821,Credit Card,25.35,Success,2026-01-28 06:52:14,2026-02-19 06:52:14
4822,4822,Apple Pay,132.17,Success,2026-04-13 19:16:40,2026-04-17 19:16:40
4823,4823,Google Pay,72.82,Success,2025-08-02 12:07:25,2025-08-24 12:07:25
4824,4824,Apple Pay,122.4,Success,2025-09-24 22:59:47,2025-10-17 22:59:47
4825,4825,Credit Card,85.87,Success,2026-01-05 01:38:48,2026-01-28 01:38:48
4826,4826,Google Pay,11.92,Success,2026-07-05 16:52:03,2026-07-30 16:52:03
4827,4827,Apple Pay,33.5,Success,2025-09-19 07:13:02,2025-09-28 07:13:02
4828,4828,Google Pay,32.37,Success,2025-11-10 18:38:07,2025-11-26 18:38:07
4829,4829,Google Pay,5.9,Success,2026-03-18 04:16:00,2026-03-19 04:16:00
4830,4830,Cash,60.57,Success,2026-04-16 23:51:24,2026-05-05 23:51:24
4831,4831,Credit Card,11.9,Success,2026-01-20 19:37:08,2026-02-03 19:37:08
4832,4832,Google Pay,81.36,Success,2026-03-07 02:02:30,2026-03-14 02:02:30
4833,4833,Google Pay,37.05,Success,2025-08-14 09:31:51,2025-08-22 09:31:51
4834,4834,Cash,83.91,Success,2025-12-01 12:54:52,2025-12-16 12:54:52
4835,4835,Google Pay,65.92,Success,2025-09-01 11:28:24,2025-09-02 11:28:24
4836,4836,Cash,34.39,Success,2026-06-28 02:44:15,2026-07-13 02:44:15
4837,4837,Apple Pay,36.48,Success,2025-11-06 04:26:49,2025-11-09 04:26:49
4838,4838,Apple Pay,2.69,Success,2025-07-21 23:38:03,2025-07-25 23:38:03
4839,4839,Cash,64.99,Success,2025-12-09 07:00:33,2025-12-23 07:00:33
4840,4840,Google Pay,68.31,Success,2025-08-27 02:20:53,2025-09-15 02:20:53
4841,4841,Cash,65.2,Success,2025-08-16 16:27:09,2025-08-24 16:27:09
4842,4842,Debit Card,54.03,Success,2025-10-14 08:49:02,2025-11-06 08:49:02
4843,4843,Apple Pay,95.28,Success,2025-11-17 14:35:01,2025-12-06 14:35:01
4844,4844,Debit Card,39.49,Success,2026-05-07 14:05:46,2026-05-11 14:05:46
4845,4845,Credit Card,70.2,Success,2026-03-25 08:32:30,2026-04-05 08:32:30
4846,4846,Google Pay,10.16,Success,2025-11-04 13:53:23,2025-11-24 13:53:23
4847,4847,Credit Card,117.52,Success,2026-06-16 00:19:03,2026-07-05 00:19:03
4848,4848,Debit Card,56.09,Success,2026-01-13 16:23:58,2026-02-05 16:23:58
4849,4849,Apple Pay,101.49,Success,2025-12-09 15:42:10,2025-12-16 15:42:10
4850,4850,Debit Card,68.51,Success,2026-06-25 10:00:31,2026-06-27 10:00:31
4851,4851,Debit Card,32.64,Success,2026-05-17 04:29:34,2026-05-31 04:29:34
4852,4852,Credit Card,2.29,Success,2026-03-17 02:12:21,2026-04-13 02:12:21
4853,4853,Google Pay,93.23,Success,2025-11-06 09:54:53,2025-11-11 09:54:53
4854,4854,Credit Card,77.09,Success,2026-03-15 13:11:50,2026-03-19 13:11:50
4855,4855,Debit Card,54.18,Success,2025-11-19 07:58:19,2025-11-22 07:58:19
4856,4856,Debit Card,40.02,Success,2025-10-03 20:45:29,2025-10-21 20:45:29
4857,4857,Credit Card,30.31,Success,2025-11-07 21:47:05,2025-11-10 21:47:05
4858,4858,Google Pay,111.36,Success,2025-12-27 10:07:13,2026-01-11 10:07:13
4859,4859,Debit Card,24.94,Success,2026-04-23 05:50:41,2026-05-16 05:50:41
4860,4860,Cash,37.22,Success,2026-06-28 10:18:34,2026-07-24 10:18:34
4861,4861,Credit Card,48.76,Success,2026-03-01 05:06:56,2026-03-12 05:06:56
4862,4862,Cash,47.55,Success,2026-01-18 02:15:27,2026-02-05 02:15:27
4863,4863,Google Pay,41.14,Success,2026-05-15 00:36:02,2026-06-14 00:36:02
4864,4864,Apple Pay,32.16,Success,2026-02-17 18:00:58,2026-03-14 18:00:58
4865,4865,Debit Card,65.46,Success,2025-12-16 01:07:20,2026-01-05 01:07:20
4866,4866,Debit Card,24.04,Success,2025-08-05 11:50:26,2025-08-09 11:50:26
4867,4867,Google Pay,25.34,Success,2026-01-23 13:36:04,2026-02-07 13:36:04
4868,4868,Google Pay,20.68,Success,2026-06-24 10:53:52,2026-06-28 10:53:52
4869,4869,Google Pay,48.6,Success,2026-01-04 14:39:16,2026-01-16 14:39:16
4870,4870,Cash,29.51,Success,2026-06-10 02:16:36,2026-06-12 02:16:36
4871,4871,Debit Card,30.84,Success,2026-04-04 23:35:03,2026-04-30 23:35:03
4872,4872,Debit Card,24.17,Success,2026-04-26 02:44:53,2026-04-29 02:44:53
4873,4873,Credit Card,5.5,Success,2025-08-10 03:04:28,2025-09-09 03:04:28
4874,4874,Cash,38.22,Success,2025-12-22 06:20:50,2026-01-12 06:20:50
4875,4875,Debit Card,33.37,Success,2026-01-16 19:57:27,2026-01-25 19:57:27
4876,4876,Google Pay,5.64,Success,2026-07-15 07:22:46,2026-08-09 07:22:46
4877,4877,Apple Pay,38.21,Success,2026-05-19 03:30:34,2026-06-11 03:30:34
4878,4878,Cash,49.33,Success,2025-10-28 12:51:31,2025-11-19 12:51:31
4879,4879,Google Pay,82.9,Success,2025-09-22 20:40:55,2025-10-08 20:40:55
4880,4880,Credit Card,3.65,Success,2025-10-10 16:49:17,2025-10-21 16:49:17
4881,4881,Debit Card,13.65,Success,2026-03-15 18:59:56,2026-04-13 18:59:56
4882,4882,Apple Pay,4.61,Success,2025-10-02 14:13:25,2025-10-04 14:13:25
4883,4883,Cash,91.69,Success,2026-02-22 11:25:09,2026-03-06 11:25:09
4884,4884,Apple Pay,24.51,Success,2026-07-11 17:27:24,2026-08-09 17:27:24
4885,4885,Credit Card,50.7,Success,2026-07-12 08:27:28,2026-08-10 08:27:28
4886,4886,Cash,26.36,Success,2026-05-02 03:51:46,2026-05-25 03:51:46
4887,4887,Apple Pay,47.4,Success,2026-05-08 20:03:18,2026-06-02 20:03:18
4888,4888,Google Pay,23.69,Success,2026-01-04 04:01:13,2026-01-28 04:01:13
4889,4889,Credit Card,124.72,Success,2025-08-31 21:00:26,2025-09-18 21:00:26
4890,4890,Apple Pay,5.7,Success,2026-06-05 18:11:26,2026-06-14 18:11:26
4891,4891,Cash,108.45,Success,2026-01-29 21:33:23,2026-02-28 21:33:23
4892,4892,Google Pay,60.21,Success,2026-01-07 11:19:47,2026-01-13 11:19:47
4893,4893,Credit Card,50.65,Success,2025-08-26 18:29:55,2025-09-13 18:29:55
4894,4894,Apple Pay,20.46,Success,2026-06-03 07:15:24,2026-06-17 07:15:24
4895,4895,Credit Card,47.03,Success,2025-09-02 22:58:02,2025-09-08 22:58:02
4896,4896,Cash,54.48,Success,2026-05-06 03:58:43,2026-06-05 03:58:43
4897,4897,Credit Card,64.41,Success,2026-04-27 02:22:12,2026-05-26 02:22:12
4898,4898,Cash,2.39,Success,2025-10-29 02:43:59,2025-11-06 02:43:59
4899,4899,Google Pay,4.25,Success,2026-04-20 14:49:29,2026-04-24 14:49:29
4900,4900,Apple Pay,63.16,Success,2026-06-17 13:50:13,2026-07-11 13:50:13
4901,4901,Apple Pay,31.85,Success,2026-02-26 19:40:31,2026-03-05 19:40:31
4902,4902,Apple Pay,104.28,Success,2026-01-16 19:29:47,2026-01-22 19:29:47
4903,4903,Apple Pay,20.28,Success,2026-01-17 03:08:49,2026-02-07 03:08:49
4904,4904,Apple Pay,72.02,Success,2025-10-03 10:38:41,2025-10-08 10:38:41
4905,4905,Cash,32.24,Success,2025-10-20 05:24:58,2025-11-04 05:24:58
4906,4906,Google Pay,87.77,Success,2026-03-08 15:31:06,2026-03-27 15:31:06
4907,4907,Apple Pay,92.32,Success,2026-02-09 15:59:18,2026-02-18 15:59:18
4908,4908,Credit Card,56.6,Success,2026-05-25 00:21:46,2026-06-09 00:21:46
4909,4909,Apple Pay,45.4,Success,2025-08-25 23:17:03,2025-08-30 23:17:03
4910,4910,Google Pay,26.62,Success,2026-02-23 16:31:42,2026-02-28 16:31:42
4911,4911,Debit Card,32.67,Success,2026-02-02 13:36:01,2026-02-16 13:36:01
4912,4912,Cash,17.88,Success,2026-05-16 21:23:33,2026-05-27 21:23:33
4913,4913,Cash,40.33,Success,2026-04-15 14:17:16,2026-05-15 14:17:16
4914,4914,Apple Pay,57.51,Success,2026-02-28 13:03:04,2026-03-29 13:03:04
4915,4915,Credit Card,61.4,Success,2025-10-10 16:57:45,2025-10-14 16:57:45
4916,4916,Credit Card,56.41,Success,2025-12-30 14:37:21,2026-01-01 14:37:21
4917,4917,Apple Pay,74.9,Success,2026-02-16 18:45:23,2026-03-15 18:45:23
4918,4918,Cash,88.84,Success,2026-05-12 12:47:36,2026-05-24 12:47:36
4919,4919,Credit Card,24.98,Success,2026-06-08 12:08:20,2026-07-02 12:08:20
4920,4920,Credit Card,106.73,Success,2025-10-09 13:55:40,2025-10-25 13:55:40
4921,4921,Debit Card,111.9,Success,2025-11-27 13:51:28,2025-12-18 13:51:28
4922,4922,Debit Card,11.64,Success,2025-10-29 17:54:34,2025-11-15 17:54:34
4923,4923,Debit Card,32.17,Success,2025-10-21 17:52:09,2025-11-19 17:52:09
4924,4924,Credit Card,90.13,Success,2025-10-02 13:29:02,2025-10-18 13:29:02
4925,4925,Google Pay,6.18,Success,2025-11-02 08:32:42,2025-11-25 08:32:42
4926,4926,Debit Card,25.09,Success,2026-02-18 00:54:45,2026-03-02 00:54:45
4927,4927,Debit Card,79.61,Success,2026-03-22 11:03:59,2026-04-01 11:03:59
4928,4928,Debit Card,48.5,Success,2026-01-15 08:55:38,2026-02-02 08:55:38
4929,4929,Cash,34.91,Success,2026-05-10 08:03:11,2026-05-28 08:03:11
4930,4930,Debit Card,50.4,Success,2026-03-13 00:58:54,2026-04-05 00:58:54
4931,4931,Google Pay,30.28,Success,2025-12-22 15:10:04,2026-01-10 15:10:04
4932,4932,Credit Card,28.54,Success,2026-05-29 22:08:30,2026-06-22 22:08:30
4933,4933,Credit Card,82.37,Success,2026-05-07 21:49:06,2026-05-09 21:49:06
4934,4934,Debit Card,27.82,Success,2026-06-02 23:08:42,2026-06-18 23:08:42
4935,4935,Credit Card,84.01,Success,2026-03-16 18:06:42,2026-04-08 18:06:42
4936,4936,Google Pay,60.63,Success,2026-04-01 08:36:02,2026-04-15 08:36:02
4937,4937,Google Pay,74.97,Success,2025-11-18 03:10:20,2025-12-14 03:10:20
4938,4938,Google Pay,27.64,Success,2026-03-29 01:10:17,2026-04-05 01:10:17
4939,4939,Cash,41.87,Success,2025-12-19 10:51:34,2026-01-13 10:51:34
4940,4940,Debit Card,34.76,Success,2025-08-03 02:32:27,2025-08-12 02:32:27
4941,4941,Apple Pay,52.65,Success,2025-12-04 11:11:59,2025-12-27 11:11:59
4942,4942,Debit Card,47.34,Success,2025-12-23 16:11:17,2026-01-19 16:11:17
4943,4943,Cash,72.05,Success,2025-10-01 02:02:47,2025-10-03 02:02:47
4944,4944,Google Pay,35.89,Success,2026-03-06 16:21:32,2026-03-15 16:21:32
4945,4945,Cash,40.92,Success,2026-07-05 05:44:16,2026-07-23 05:44:16
4946,4946,Apple Pay,11.16,Success,2026-03-27 19:30:41,2026-04-22 19:30:41
4947,4947,Cash,84.41,Success,2025-12-26 13:09:51,2026-01-23 13:09:51
4948,4948,Credit Card,65.58,Success,2026-04-26 20:41:28,2026-05-15 20:41:28
4949,4949,Credit Card,46.13,Success,2025-08-02 01:58:08,2025-08-20 01:58:08
4950,4950,Debit Card,15.52,Success,2025-11-01 06:17:18,2025-11-06 06:17:18
4951,4951,Debit Card,118.48,Success,2026-03-29 17:01:28,2026-04-09 17:01:28
4952,4952,Google Pay,70.29,Success,2026-03-18 20:15:20,2026-04-17 20:15:20
4953,4953,Credit Card,8.81,Success,2025-09-05 01:06:45,2025-09-25 01:06:45
4954,4954,Debit Card,8.57,Success,2026-04-23 10:20:14,2026-04-30 10:20:14
4955,4955,Cash,96.24,Success,2025-09-01 12:14:34,2025-09-10 12:14:34
4956,4956,Cash,62.19,Success,2026-04-21 16:32:53,2026-05-19 16:32:53
4957,4957,Debit Card,56.69,Success,2026-06-19 13:26:33,2026-07-17 13:26:33
4958,4958,Google Pay,83.83,Success,2025-11-23 12:21:07,2025-12-11 12:21:07
4959,4959,Debit Card,101.93,Success,2026-07-02 01:01:11,2026-07-09 01:01:11
4960,4960,Apple Pay,41.29,Success,2025-10-03 14:09:52,2025-10-25 14:09:52
4961,4961,Apple Pay,19.48,Success,2025-08-13 14:44:25,2025-08-20 14:44:25
4962,4962,Cash,51.36,Success,2025-08-02 03:38:56,2025-08-26 03:38:56
4963,4963,Credit Card,9.77,Success,2026-03-02 09:30:38,2026-03-13 09:30:38
4964,4964,Debit Card,71.21,Success,2025-11-26 03:16:32,2025-12-16 03:16:32
4965,4965,Google Pay,62.26,Success,2025-09-08 14:32:17,2025-09-28 14:32:17
4966,4966,Google Pay,67.33,Success,2025-09-30 10:26:37,2025-10-24 10:26:37
4967,4967,Credit Card,26.83,Success,2025-11-01 18:38:01,2025-11-11 18:38:01
4968,4968,Google Pay,15.37,Success,2025-12-01 11:22:01,2025-12-02 11:22:01
4969,4969,Google Pay,130.55,Success,2026-04-05 19:37:03,2026-04-16 19:37:03
4970,4970,Cash,95.77,Success,2026-03-10 15:38:27,2026-03-21 15:38:27
4971,4971,Apple Pay,137.81,Success,2026-01-14 10:32:37,2026-01-23 10:32:37
4972,4972,Cash,32.83,Success,2025-07-21 21:07:44,2025-07-26 21:07:44
4973,4973,Apple Pay,77.94,Success,2025-11-13 08:30:04,2025-11-20 08:30:04
4974,4974,Credit Card,56.42,Success,2025-10-07 09:25:23,2025-10-21 09:25:23
4975,4975,Apple Pay,11.13,Success,2026-05-04 01:37:59,2026-05-14 01:37:59
4976,4976,Credit Card,53.9,Success,2026-03-28 20:49:11,2026-04-06 20:49:11
4977,4977,Apple Pay,26.18,Success,2026-03-29 00:00:44,2026-03-31 00:00:44
4978,4978,Debit Card,54.13,Success,2026-02-10 20:21:21,2026-02-27 20:21:21
4979,4979,Cash,25.73,Success,2026-04-13 21:28:10,2026-05-13 21:28:10
4980,4980,Google Pay,60.81,Success,2026-05-24 03:21:26,2026-05-28 03:21:26
4981,4981,Debit Card,27.64,Success,2026-07-10 01:15:57,2026-07-30 01:15:57
4982,4982,Cash,10.3,Success,2025-10-12 19:11:17,2025-10-27 19:11:17
4983,4983,Debit Card,93.52,Success,2026-06-09 21:25:28,2026-06-16 21:25:28
4984,4984,Apple Pay,43.87,Success,2025-08-15 18:12:37,2025-09-09 18:12:37
4985,4985,Google Pay,32.69,Success,2025-08-20 18:46:04,2025-09-18 18:46:04
4986,4986,Google Pay,33.31,Success,2025-08-14 09:15:54,2025-08-15 09:15:54
4987,4987,Apple Pay,23.46,Success,2026-07-02 02:21:27,2026-07-28 02:21:27
4988,4988,Credit Card,42.34,Success,2026-06-26 14:09:46,2026-07-04 14:09:46
4989,4989,Debit Card,54.22,Success,2026-03-22 19:32:24,2026-04-06 19:32:24
4990,4990,Credit Card,37.27,Success,2026-03-12 12:09:18,2026-04-11 12:09:18
4991,4991,Google Pay,76.45,Success,2025-12-04 01:52:20,2025-12-08 01:52:20
4992,4992,Credit Card,85.45,Success,2025-12-03 22:47:36,2025-12-27 22:47:36
4993,4993,Google Pay,96.03,Success,2026-07-13 22:27:15,2026-08-01 22:27:15
4994,4994,Credit Card,21.55,Success,2026-05-22 09:19:14,2026-06-17 09:19:14
4995,4995,Apple Pay,106.55,Success,2025-11-13 17:45:53,2025-12-02 17:45:53
4996,4996,Debit Card,109.92,Success,2026-03-13 16:33:02,2026-03-17 16:33:02
4997,4997,Google Pay,43.0,Success,2025-10-28 23:47:54,2025-10-30 23:47:54
4998,4998,Apple Pay,98.06,Success,2026-04-30 11:09:34,2026-05-24 11:09:34
4999,4999,Debit Card,58.02,Success,2025-09-16 14:14:51,2025-09-30 14:14:51
5000,5000,Debit Card,31.46,Success,2025-08-12 02:08:41,2025-09-11 02:08:41
5001,5001,Cash,30.5,Success,2026-04-13 18:36:59,2026-04-29 18:36:59
5002,5002,Cash,110.46,Success,2026-06-17 07:24:50,2026-06-20 07:24:50
5003,5003,Credit Card,6.87,Success,2026-01-08 21:19:45,2026-01-16 21:19:45
5004,5004,Debit Card,32.17,Success,2026-03-26 12:27:42,2026-03-31 12:27:42
5005,5005,Credit Card,61.05,Success,2026-06-09 11:14:37,2026-06-17 11:14:37
5006,5006,Google Pay,24.05,Success,2025-09-25 06:30:08,2025-10-09 06:30:08
5007,5007,Credit Card,29.86,Success,2026-04-27 12:44:35,2026-05-15 12:44:35
5008,5008,Apple Pay,95.8,Success,2025-08-18 16:53:50,2025-09-15 16:53:50
5009,5009,Apple Pay,4.29,Success,2026-01-03 03:11:31,2026-01-04 03:11:31
5010,5010,Cash,84.82,Success,2025-08-29 13:30:35,2025-09-01 13:30:35
5011,5011,Cash,46.28,Success,2026-02-13 23:01:03,2026-03-01 23:01:03
5012,5012,Cash,39.1,Success,2025-11-08 11:14:36,2025-11-11 11:14:36
5013,5013,Google Pay,75.42,Success,2025-11-26 09:31:25,2025-12-07 09:31:25
5014,5014,Cash,15.43,Success,2025-09-01 14:20:17,2025-09-13 14:20:17
5015,5015,Apple Pay,48.03,Success,2026-03-03 17:41:38,2026-03-22 17:41:38
5016,5016,Credit Card,4.51,Success,2026-05-26 13:53:04,2026-06-16 13:53:04
5017,5017,Cash,100.38,Success,2025-12-19 14:09:40,2025-12-26 14:09:40
5018,5018,Credit Card,29.0,Success,2026-02-25 17:52:57,2026-03-09 17:52:57
5019,5019,Cash,5.82,Success,2025-11-04 15:19:30,2025-11-20 15:19:30
5020,5020,Google Pay,60.5,Success,2026-02-27 05:38:12,2026-03-05 05:38:12
5021,5021,Credit Card,78.41,Success,2025-08-05 21:30:42,2025-08-27 21:30:42
5022,5022,Credit Card,54.29,Success,2026-07-12 10:22:39,2026-08-06 10:22:39
5023,5023,Apple Pay,33.88,Success,2026-01-30 20:36:11,2026-02-23 20:36:11
5024,5024,Google Pay,37.18,Success,2026-05-10 22:59:30,2026-06-08 22:59:30
5025,5025,Cash,65.97,Success,2025-10-24 13:26:48,2025-11-05 13:26:48
5026,5026,Cash,36.08,Success,2025-09-27 15:29:26,2025-09-30 15:29:26
5027,5027,Google Pay,56.56,Success,2025-07-30 04:32:00,2025-08-21 04:32:00
5028,5028,Apple Pay,80.2,Success,2026-02-15 07:14:43,2026-03-09 07:14:43
5029,5029,Apple Pay,28.58,Success,2026-01-13 11:07:30,2026-01-28 11:07:30
5030,5030,Cash,13.83,Success,2025-07-26 07:32:32,2025-08-23 07:32:32
5031,5031,Debit Card,62.69,Success,2026-01-10 11:37:24,2026-01-30 11:37:24
5032,5032,Debit Card,112.91,Success,2025-10-19 18:03:31,2025-10-30 18:03:31
5033,5033,Google Pay,86.98,Success,2026-07-01 13:36:38,2026-07-20 13:36:38
5034,5034,Apple Pay,44.6,Success,2026-06-28 00:24:35,2026-07-26 00:24:35
5035,5035,Credit Card,42.04,Success,2026-05-09 19:00:21,2026-05-30 19:00:21
5036,5036,Apple Pay,6.38,Success,2025-12-16 12:44:50,2025-12-20 12:44:50
5037,5037,Debit Card,44.04,Success,2026-04-03 19:14:52,2026-05-01 19:14:52
5038,5038,Apple Pay,55.65,Success,2025-10-08 12:44:26,2025-10-16 12:44:26
5039,5039,Debit Card,54.84,Success,2025-07-20 23:32:51,2025-08-13 23:32:51
5040,5040,Apple Pay,129.23,Success,2026-06-21 13:11:30,2026-06-28 13:11:30
5041,5041,Apple Pay,26.83,Success,2025-09-07 17:36:28,2025-09-11 17:36:28
5042,5042,Credit Card,3.72,Success,2026-02-16 14:05:46,2026-03-01 14:05:46
5043,5043,Credit Card,80.38,Success,2026-01-17 03:32:52,2026-01-24 03:32:52
5044,5044,Debit Card,35.22,Success,2025-12-21 23:44:02,2026-01-01 23:44:02
5045,5045,Credit Card,49.54,Success,2026-01-02 19:38:34,2026-01-28 19:38:34
5046,5046,Google Pay,31.62,Success,2026-02-02 14:06:07,2026-02-06 14:06:07
5047,5047,Cash,16.86,Success,2026-03-31 18:02:53,2026-04-05 18:02:53
5048,5048,Cash,94.14,Success,2025-12-19 00:27:14,2025-12-20 00:27:14
5049,5049,Cash,65.6,Success,2026-04-25 13:08:37,2026-05-10 13:08:37
5050,5050,Debit Card,10.94,Success,2026-07-04 03:59:21,2026-07-16 03:59:21
5051,5051,Debit Card,20.96,Success,2025-10-20 12:42:51,2025-10-23 12:42:51
5052,5052,Debit Card,71.85,Success,2026-05-09 20:30:16,2026-06-07 20:30:16
5053,5053,Apple Pay,41.73,Success,2026-02-12 15:25:39,2026-03-04 15:25:39
5054,5054,Credit Card,76.4,Success,2026-04-09 10:23:10,2026-04-19 10:23:10
5055,5055,Cash,28.26,Success,2025-08-24 14:57:34,2025-08-25 14:57:34
5056,5056,Cash,60.66,Success,2026-05-01 12:41:13,2026-05-16 12:41:13
5057,5057,Google Pay,114.03,Success,2026-05-11 21:42:14,2026-05-27 21:42:14
5058,5058,Google Pay,99.98,Success,2025-08-12 22:20:52,2025-08-22 22:20:52
5059,5059,Credit Card,122.95,Success,2026-06-01 12:42:55,2026-06-30 12:42:55
5060,5060,Debit Card,24.63,Success,2025-10-22 20:43:52,2025-10-28 20:43:52
5061,5061,Google Pay,78.49,Success,2026-02-18 06:00:28,2026-02-21 06:00:28
5062,5062,Credit Card,19.75,Success,2025-12-01 07:26:51,2025-12-23 07:26:51
5063,5063,Cash,77.33,Success,2025-11-15 10:27:22,2025-11-29 10:27:22
5064,5064,Cash,27.9,Success,2026-01-02 13:25:14,2026-02-01 13:25:14
5065,5065,Apple Pay,44.62,Success,2025-12-18 20:23:51,2025-12-30 20:23:51
5066,5066,Credit Card,36.92,Success,2026-06-14 13:17:51,2026-06-20 13:17:51
5067,5067,Credit Card,51.93,Success,2026-01-01 07:14:07,2026-01-15 07:14:07
5068,5068,Apple Pay,11.22,Success,2026-01-18 19:11:46,2026-02-13 19:11:46
5069,5069,Debit Card,43.59,Success,2025-12-30 17:19:34,2026-01-06 17:19:34
5070,5070,Credit Card,81.07,Success,2025-09-01 19:27:45,2025-09-11 19:27:45
5071,5071,Credit Card,40.13,Success,2025-08-23 16:02:58,2025-09-13 16:02:58
5072,5072,Debit Card,118.21,Success,2026-04-28 09:46:27,2026-05-03 09:46:27
5073,5073,Apple Pay,61.36,Success,2025-11-01 04:23:31,2025-11-30 04:23:31
5074,5074,Cash,3.67,Success,2025-09-03 01:10:03,2025-09-09 01:10:03
5075,5075,Cash,5.06,Success,2026-04-22 18:45:09,2026-05-09 18:45:09
5076,5076,Credit Card,34.81,Success,2026-04-21 06:05:31,2026-04-24 06:05:31
5077,5077,Apple Pay,66.02,Success,2025-10-22 01:15:01,2025-11-07 01:15:01
5078,5078,Cash,56.48,Success,2026-02-21 21:56:39,2026-03-04 21:56:39
5079,5079,Google Pay,51.99,Success,2026-03-23 07:40:05,2026-04-12 07:40:05
5080,5080,Debit Card,70.36,Success,2026-03-17 22:04:20,2026-04-10 22:04:20
5081,5081,Credit Card,52.83,Success,2026-06-22 19:43:29,2026-07-09 19:43:29
5082,5082,Google Pay,28.11,Success,2025-10-01 06:45:16,2025-10-23 06:45:16
5083,5083,Cash,128.84,Success,2025-08-22 06:29:42,2025-08-27 06:29:42
5084,5084,Google Pay,45.79,Success,2026-02-16 04:30:39,2026-02-24 04:30:39
5085,5085,Apple Pay,43.21,Success,2026-03-17 07:04:44,2026-04-06 07:04:44
5086,5086,Cash,3.35,Success,2026-06-14 11:47:46,2026-07-06 11:47:46
5087,5087,Cash,30.78,Success,2026-01-02 09:20:00,2026-01-10 09:20:00
5088,5088,Credit Card,76.81,Success,2026-01-26 05:22:06,2026-01-31 05:22:06
5089,5089,Credit Card,4.91,Success,2026-01-16 22:03:14,2026-02-09 22:03:14
5090,5090,Credit Card,41.96,Success,2025-10-29 23:21:30,2025-11-17 23:21:30
5091,5091,Apple Pay,36.16,Success,2026-06-11 16:44:16,2026-07-02 16:44:16
5092,5092,Google Pay,46.95,Success,2025-11-01 11:57:17,2025-11-08 11:57:17
5093,5093,Apple Pay,58.86,Success,2025-12-17 13:50:56,2025-12-21 13:50:56
5094,5094,Google Pay,118.41,Success,2026-06-11 03:29:35,2026-07-06 03:29:35
5095,5095,Debit Card,22.45,Success,2026-02-04 12:20:59,2026-02-05 12:20:59
5096,5096,Google Pay,57.79,Success,2025-11-12 09:01:33,2025-11-18 09:01:33
5097,5097,Google Pay,40.93,Success,2026-04-08 14:41:02,2026-04-27 14:41:02
5098,5098,Google Pay,135.4,Success,2026-04-22 09:27:39,2026-04-29 09:27:39
5099,5099,Google Pay,4.29,Success,2025-12-17 22:55:36,2025-12-24 22:55:36
5100,5100,Google Pay,26.0,Success,2026-04-08 02:04:19,2026-04-17 02:04:19
5101,5101,Credit Card,4.16,Success,2025-12-03 15:21:59,2025-12-19 15:21:59
5102,5102,Debit Card,46.34,Success,2025-11-27 22:09:27,2025-12-10 22:09:27
5103,5103,Google Pay,41.93,Success,2025-08-01 02:20:57,2025-08-02 02:20:57
5104,5104,Apple Pay,78.0,Success,2026-03-06 11:01:53,2026-03-18 11:01:53
5105,5105,Credit Card,41.56,Success,2026-03-18 03:02:55,2026-04-02 03:02:55
5106,5106,Cash,81.15,Success,2026-06-04 20:43:50,2026-06-13 20:43:50
5107,5107,Cash,13.33,Success,2026-03-30 22:03:16,2026-04-01 22:03:16
5108,5108,Credit Card,81.81,Success,2026-04-18 21:57:52,2026-05-02 21:57:52
5109,5109,Credit Card,56.6,Success,2026-05-14 11:42:36,2026-05-26 11:42:36
5110,5110,Debit Card,29.97,Success,2025-12-19 23:10:53,2026-01-02 23:10:53
5111,5111,Cash,120.32,Success,2026-07-03 02:29:54,2026-07-27 02:29:54
5112,5112,Google Pay,52.79,Success,2025-09-22 00:32:31,2025-10-16 00:32:31
5113,5113,Google Pay,18.24,Success,2025-07-23 03:13:33,2025-07-24 03:13:33
5114,5114,Debit Card,71.16,Success,2026-04-29 14:50:52,2026-04-30 14:50:52
5115,5115,Debit Card,74.32,Success,2026-02-20 01:55:57,2026-03-11 01:55:57
5116,5116,Google Pay,13.31,Success,2025-08-06 10:26:24,2025-08-27 10:26:24
5117,5117,Google Pay,115.55,Success,2025-09-06 00:11:58,2025-09-21 00:11:58
5118,5118,Cash,75.84,Success,2026-02-02 16:39:18,2026-02-17 16:39:18
5119,5119,Cash,60.27,Success,2025-10-13 10:29:04,2025-11-02 10:29:04
5120,5120,Cash,32.66,Success,2026-03-25 05:08:10,2026-04-22 05:08:10
5121,5121,Credit Card,52.08,Success,2025-09-11 00:17:35,2025-09-29 00:17:35
5122,5122,Google Pay,7.34,Success,2026-04-12 10:40:00,2026-04-29 10:40:00
5123,5123,Credit Card,75.9,Success,2026-07-11 16:29:35,2026-07-18 16:29:35
5124,5124,Debit Card,58.91,Success,2025-08-17 07:06:17,2025-08-20 07:06:17
5125,5125,Debit Card,26.35,Success,2025-07-29 08:04:54,2025-07-30 08:04:54
5126,5126,Credit Card,79.12,Success,2026-06-20 02:31:31,2026-07-08 02:31:31
5127,5127,Google Pay,95.86,Success,2025-08-12 06:49:02,2025-09-02 06:49:02
5128,5128,Google Pay,17.13,Success,2025-07-26 06:14:48,2025-07-31 06:14:48
5129,5129,Apple Pay,41.75,Success,2026-04-26 16:13:28,2026-04-27 16:13:28
5130,5130,Apple Pay,36.94,Success,2026-05-19 15:49:54,2026-05-25 15:49:54
5131,5131,Google Pay,7.89,Success,2026-06-01 03:46:01,2026-06-17 03:46:01
5132,5132,Google Pay,124.96,Success,2025-10-14 04:44:03,2025-10-24 04:44:03
5133,5133,Debit Card,110.02,Success,2025-12-19 13:03:15,2025-12-25 13:03:15
5134,5134,Cash,53.13,Success,2026-02-11 13:35:50,2026-03-08 13:35:50
5135,5135,Debit Card,25.01,Success,2025-08-18 22:38:08,2025-09-13 22:38:08
5136,5136,Debit Card,33.53,Success,2025-08-22 16:11:52,2025-09-11 16:11:52
5137,5137,Apple Pay,62.13,Success,2026-01-27 20:51:57,2026-02-24 20:51:57
5138,5138,Debit Card,78.55,Success,2026-03-29 10:59:59,2026-04-19 10:59:59
5139,5139,Debit Card,20.45,Success,2026-03-14 01:10:42,2026-04-10 01:10:42
5140,5140,Google Pay,94.02,Success,2026-07-15 20:07:45,2026-07-19 20:07:45
5141,5141,Cash,39.82,Success,2026-07-09 11:52:43,2026-07-25 11:52:43
5142,5142,Debit Card,21.37,Success,2026-06-17 08:01:33,2026-07-10 08:01:33
5143,5143,Google Pay,116.75,Success,2026-07-01 06:54:23,2026-07-21 06:54:23
5144,5144,Cash,70.71,Success,2026-01-22 09:07:13,2026-02-17 09:07:13
5145,5145,Cash,44.24,Success,2025-07-26 07:44:09,2025-08-06 07:44:09
5146,5146,Google Pay,58.26,Success,2026-07-02 15:15:13,2026-07-10 15:15:13
5147,5147,Credit Card,47.86,Success,2025-11-18 17:58:52,2025-12-02 17:58:52
5148,5148,Cash,29.18,Success,2025-08-29 14:16:53,2025-09-01 14:16:53
5149,5149,Google Pay,52.24,Success,2026-03-06 02:04:09,2026-04-02 02:04:09
5150,5150,Apple Pay,9.31,Success,2025-07-21 20:29:40,2025-08-11 20:29:40
5151,5151,Cash,92.43,Success,2026-04-06 22:56:32,2026-04-14 22:56:32
5152,5152,Google Pay,99.53,Success,2026-06-09 10:56:51,2026-06-25 10:56:51
5153,5153,Debit Card,25.47,Success,2026-06-26 22:43:08,2026-07-19 22:43:08
5154,5154,Debit Card,42.56,Success,2026-05-06 13:16:18,2026-06-04 13:16:18
5155,5155,Debit Card,54.9,Success,2025-09-15 08:20:44,2025-09-19 08:20:44
5156,5156,Debit Card,25.06,Success,2026-02-24 06:54:46,2026-03-18 06:54:46
5157,5157,Credit Card,30.91,Success,2026-01-13 08:25:39,2026-02-04 08:25:39
5158,5158,Debit Card,49.22,Success,2026-01-05 08:56:14,2026-01-26 08:56:14
5159,5159,Google Pay,58.27,Success,2025-12-30 21:36:08,2026-01-16 21:36:08
5160,5160,Google Pay,8.03,Success,2025-10-17 20:16:41,2025-11-10 20:16:41
5161,5161,Credit Card,30.15,Success,2025-10-09 05:54:19,2025-10-31 05:54:19
5162,5162,Apple Pay,25.82,Success,2026-02-14 11:55:40,2026-02-15 11:55:40
5163,5163,Cash,110.18,Success,2026-04-15 04:11:43,2026-04-20 04:11:43
5164,5164,Apple Pay,90.9,Success,2026-01-21 09:56:35,2026-02-18 09:56:35
5165,5165,Credit Card,12.08,Success,2025-09-21 02:12:05,2025-10-16 02:12:05
5166,5166,Cash,17.15,Success,2026-06-25 02:21:01,2026-06-29 02:21:01
5167,5167,Apple Pay,63.89,Success,2026-04-12 22:28:17,2026-05-07 22:28:17
5168,5168,Apple Pay,55.51,Success,2026-02-23 13:47:12,2026-03-11 13:47:12
5169,5169,Cash,39.63,Success,2025-09-24 10:08:55,2025-10-01 10:08:55
5170,5170,Debit Card,50.61,Success,2025-10-17 10:33:30,2025-11-04 10:33:30
5171,5171,Debit Card,104.7,Success,2026-03-06 15:04:21,2026-03-28 15:04:21
5172,5172,Apple Pay,40.23,Success,2026-05-19 12:32:33,2026-05-26 12:32:33
5173,5173,Cash,89.57,Success,2025-08-16 10:48:42,2025-08-21 10:48:42
5174,5174,Apple Pay,37.04,Success,2025-10-19 02:07:22,2025-11-06 02:07:22
5175,5175,Apple Pay,37.41,Success,2025-08-03 10:03:00,2025-08-09 10:03:00
5176,5176,Google Pay,16.05,Success,2025-11-11 11:33:11,2025-12-05 11:33:11
5177,5177,Cash,42.42,Success,2025-12-27 22:31:54,2026-01-19 22:31:54
5178,5178,Apple Pay,98.35,Success,2025-12-15 01:32:49,2026-01-04 01:32:49
5179,5179,Apple Pay,74.79,Success,2025-12-01 11:58:43,2025-12-25 11:58:43
5180,5180,Debit Card,67.32,Success,2025-10-03 08:45:55,2025-10-27 08:45:55
5181,5181,Google Pay,100.56,Success,2025-09-22 16:56:55,2025-10-22 16:56:55
5182,5182,Google Pay,38.37,Success,2025-08-31 04:07:36,2025-09-14 04:07:36
5183,5183,Credit Card,86.85,Success,2026-02-09 04:10:42,2026-02-28 04:10:42
5184,5184,Google Pay,4.15,Success,2025-11-24 04:28:47,2025-11-26 04:28:47
5185,5185,Google Pay,133.41,Success,2026-06-26 21:00:58,2026-06-30 21:00:58
5186,5186,Cash,38.54,Success,2025-09-27 20:32:42,2025-10-08 20:32:42
5187,5187,Debit Card,6.71,Success,2025-10-09 07:25:28,2025-11-01 07:25:28
5188,5188,Cash,87.75,Success,2025-10-23 06:31:19,2025-11-13 06:31:19
5189,5189,Apple Pay,17.37,Success,2026-05-05 11:53:19,2026-06-02 11:53:19
5190,5190,Credit Card,38.12,Success,2025-09-02 20:25:00,2025-09-11 20:25:00
5191,5191,Credit Card,4.67,Success,2026-05-24 07:35:59,2026-05-30 07:35:59
5192,5192,Debit Card,60.79,Success,2026-06-03 18:13:21,2026-07-01 18:13:21
5193,5193,Debit Card,20.32,Success,2025-12-21 02:36:33,2026-01-08 02:36:33
5194,5194,Cash,66.17,Success,2026-02-13 01:37:48,2026-02-16 01:37:48
5195,5195,Apple Pay,49.07,Success,2026-05-31 10:21:34,2026-06-29 10:21:34
5196,5196,Debit Card,42.12,Success,2025-10-14 04:20:16,2025-10-30 04:20:16
5197,5197,Credit Card,53.08,Success,2025-10-25 06:32:33,2025-11-02 06:32:33
5198,5198,Google Pay,63.8,Success,2026-04-24 05:27:06,2026-05-02 05:27:06
5199,5199,Debit Card,23.34,Success,2025-11-08 13:18:45,2025-12-01 13:18:45
5200,5200,Cash,40.73,Success,2026-04-05 18:36:53,2026-04-24 18:36:53
5201,5201,Debit Card,8.11,Success,2025-12-15 23:32:39,2025-12-29 23:32:39
5202,5202,Apple Pay,2.89,Success,2026-04-17 10:30:24,2026-04-20 10:30:24
5203,5203,Google Pay,52.83,Success,2026-04-29 23:39:55,2026-05-16 23:39:55
5204,5204,Apple Pay,64.48,Success,2025-07-25 10:33:51,2025-07-30 10:33:51
5205,5205,Debit Card,29.96,Success,2026-06-14 23:53:59,2026-06-17 23:53:59
5206,5206,Credit Card,40.22,Success,2026-05-22 15:44:22,2026-05-25 15:44:22
5207,5207,Credit Card,3.64,Success,2025-10-09 02:53:30,2025-10-27 02:53:30
5208,5208,Cash,57.78,Success,2026-07-13 21:48:30,2026-07-22 21:48:30
5209,5209,Cash,88.69,Success,2025-09-01 23:35:28,2025-09-26 23:35:28
5210,5210,Cash,21.24,Success,2026-04-08 17:07:55,2026-04-18 17:07:55
5211,5211,Apple Pay,46.97,Success,2026-05-01 09:02:23,2026-05-29 09:02:23
5212,5212,Debit Card,60.74,Success,2025-11-12 05:40:20,2025-12-11 05:40:20
5213,5213,Credit Card,59.4,Success,2025-07-24 00:16:46,2025-08-16 00:16:46
5214,5214,Credit Card,94.82,Success,2025-08-30 21:47:40,2025-09-15 21:47:40
5215,5215,Apple Pay,42.3,Success,2025-11-15 11:04:20,2025-11-25 11:04:20
5216,5216,Credit Card,47.24,Success,2025-09-11 11:38:51,2025-10-07 11:38:51
5217,5217,Google Pay,34.28,Success,2026-02-24 21:50:13,2026-03-02 21:50:13
5218,5218,Debit Card,50.21,Success,2025-09-08 09:15:36,2025-09-25 09:15:36
5219,5219,Debit Card,71.24,Success,2025-12-19 04:08:48,2025-12-27 04:08:48
5220,5220,Debit Card,24.43,Success,2026-01-09 14:30:03,2026-01-22 14:30:03
5221,5221,Debit Card,82.93,Success,2025-07-28 15:43:52,2025-07-29 15:43:52
5222,5222,Apple Pay,48.68,Success,2026-02-24 09:29:50,2026-03-09 09:29:50
5223,5223,Credit Card,68.53,Success,2026-07-19 22:28:52,2026-08-11 22:28:52
5224,5224,Debit Card,22.05,Success,2025-09-21 05:08:20,2025-10-04 05:08:20
5225,5225,Google Pay,36.33,Success,2026-05-21 09:15:43,2026-05-29 09:15:43
5226,5226,Google Pay,50.86,Success,2026-03-15 22:05:20,2026-04-07 22:05:20
5227,5227,Google Pay,5.96,Success,2025-10-05 16:57:13,2025-10-30 16:57:13
5228,5228,Debit Card,2.16,Success,2025-12-13 05:25:16,2026-01-05 05:25:16
5229,5229,Google Pay,44.05,Success,2025-12-08 20:35:36,2025-12-22 20:35:36
5230,5230,Cash,83.19,Success,2026-04-17 04:19:45,2026-04-25 04:19:45
5231,5231,Cash,77.87,Success,2026-02-22 23:25:34,2026-03-24 23:25:34
5232,5232,Debit Card,101.97,Success,2025-10-25 20:17:28,2025-11-13 20:17:28
5233,5233,Google Pay,9.82,Success,2025-12-20 23:16:22,2026-01-05 23:16:22
5234,5234,Debit Card,14.69,Success,2025-11-26 00:17:29,2025-12-01 00:17:29
5235,5235,Debit Card,65.06,Success,2026-01-21 13:47:24,2026-02-14 13:47:24
5236,5236,Google Pay,44.99,Success,2026-05-16 11:13:32,2026-05-18 11:13:32
5237,5237,Debit Card,45.6,Success,2026-01-24 07:17:10,2026-02-19 07:17:10
5238,5238,Debit Card,11.78,Success,2026-04-24 20:13:02,2026-05-07 20:13:02
5239,5239,Debit Card,10.37,Success,2025-11-30 20:47:16,2025-12-14 20:47:16
5240,5240,Cash,9.47,Success,2026-06-26 21:01:49,2026-07-05 21:01:49
5241,5241,Google Pay,74.85,Success,2025-09-05 07:45:15,2025-09-12 07:45:15
5242,5242,Cash,14.69,Success,2026-05-06 22:35:49,2026-05-10 22:35:49
5243,5243,Cash,40.54,Success,2026-02-17 03:52:12,2026-02-27 03:52:12
5244,5244,Google Pay,51.04,Success,2025-09-22 01:01:56,2025-10-12 01:01:56
5245,5245,Credit Card,99.61,Success,2025-12-25 02:10:34,2025-12-28 02:10:34
5246,5246,Debit Card,124.0,Success,2025-10-04 11:54:09,2025-10-25 11:54:09
5247,5247,Apple Pay,106.92,Success,2025-12-12 20:46:41,2026-01-07 20:46:41
5248,5248,Google Pay,16.19,Success,2025-10-05 23:45:34,2025-10-18 23:45:34
5249,5249,Cash,61.01,Success,2026-06-14 05:05:40,2026-07-05 05:05:40
5250,5250,Apple Pay,4.19,Success,2025-12-02 14:09:38,2025-12-26 14:09:38
5251,5251,Credit Card,91.56,Success,2026-06-23 08:18:47,2026-07-19 08:18:47
5252,5252,Debit Card,58.16,Success,2026-04-21 10:11:18,2026-05-01 10:11:18
5253,5253,Apple Pay,124.95,Success,2026-05-13 05:14:04,2026-06-09 05:14:04
5254,5254,Credit Card,81.49,Success,2026-05-20 13:04:29,2026-06-04 13:04:29
5255,5255,Apple Pay,25.44,Success,2025-10-02 17:49:07,2025-10-19 17:49:07
5256,5256,Apple Pay,13.23,Success,2026-02-13 18:54:48,2026-02-25 18:54:48
5257,5257,Credit Card,47.65,Success,2025-11-15 16:26:55,2025-11-21 16:26:55
5258,5258,Cash,87.66,Success,2025-12-24 07:23:16,2026-01-09 07:23:16
5259,5259,Debit Card,48.52,Success,2026-05-26 01:48:43,2026-06-02 01:48:43
5260,5260,Cash,10.21,Success,2026-04-22 20:50:46,2026-05-21 20:50:46
5261,5261,Cash,33.74,Success,2025-11-18 14:43:42,2025-12-14 14:43:42
5262,5262,Credit Card,104.69,Success,2026-05-17 14:32:17,2026-05-22 14:32:17
5263,5263,Apple Pay,53.71,Success,2026-07-19 21:43:01,2026-08-01 21:43:01
5264,5264,Apple Pay,24.18,Success,2026-03-04 13:15:41,2026-03-23 13:15:41
5265,5265,Apple Pay,44.33,Success,2026-02-03 08:47:58,2026-02-28 08:47:58
5266,5266,Cash,108.46,Success,2026-05-22 21:08:08,2026-06-08 21:08:08
5267,5267,Debit Card,109.78,Success,2025-08-07 22:01:09,2025-08-17 22:01:09
5268,5268,Cash,34.23,Success,2026-04-18 16:03:18,2026-05-11 16:03:18
5269,5269,Apple Pay,28.24,Success,2026-01-18 12:53:47,2026-02-15 12:53:47
5270,5270,Apple Pay,75.05,Success,2025-11-12 00:51:48,2025-12-06 00:51:48
5271,5271,Debit Card,7.42,Success,2025-12-14 20:46:45,2025-12-27 20:46:45
5272,5272,Apple Pay,46.7,Success,2025-09-28 13:33:36,2025-10-12 13:33:36
5273,5273,Apple Pay,40.96,Success,2025-07-26 14:20:27,2025-08-13 14:20:27
5274,5274,Credit Card,36.51,Success,2026-05-22 21:10:31,2026-05-28 21:10:31
5275,5275,Cash,130.21,Success,2025-08-08 07:46:22,2025-08-20 07:46:22
5276,5276,Apple Pay,25.48,Success,2025-12-12 03:46:09,2025-12-28 03:46:09
5277,5277,Apple Pay,80.07,Success,2026-01-01 10:14:21,2026-01-29 10:14:21
5278,5278,Credit Card,129.1,Success,2026-07-02 03:14:07,2026-07-11 03:14:07
5279,5279,Cash,20.24,Success,2025-09-20 13:52:04,2025-10-20 13:52:04
5280,5280,Apple Pay,36.26,Success,2026-06-26 03:27:43,2026-07-22 03:27:43
5281,5281,Debit Card,59.18,Success,2025-11-27 07:29:12,2025-12-09 07:29:12
5282,5282,Google Pay,18.66,Success,2026-06-04 15:32:21,2026-06-26 15:32:21
5283,5283,Credit Card,42.59,Success,2026-03-13 09:39:00,2026-03-25 09:39:00
5284,5284,Apple Pay,128.58,Success,2025-08-31 20:03:22,2025-09-11 20:03:22
5285,5285,Google Pay,37.1,Success,2025-07-22 17:45:58,2025-08-19 17:45:58
5286,5286,Apple Pay,22.74,Success,2026-01-16 16:57:05,2026-02-07 16:57:05
5287,5287,Credit Card,26.52,Success,2026-06-13 03:33:42,2026-07-04 03:33:42
5288,5288,Apple Pay,31.15,Success,2026-05-14 23:18:42,2026-05-19 23:18:42
5289,5289,Google Pay,42.91,Success,2026-03-12 04:05:37,2026-03-13 04:05:37
5290,5290,Apple Pay,32.0,Success,2025-11-23 00:11:29,2025-12-09 00:11:29
5291,5291,Google Pay,2.93,Success,2025-09-28 14:06:36,2025-10-06 14:06:36
5292,5292,Google Pay,12.99,Success,2026-04-20 15:11:15,2026-04-28 15:11:15
5293,5293,Cash,47.39,Success,2026-02-10 20:14:23,2026-03-08 20:14:23
5294,5294,Debit Card,20.16,Success,2026-03-30 02:34:22,2026-04-20 02:34:22
5295,5295,Google Pay,98.13,Success,2026-04-19 08:33:20,2026-05-02 08:33:20
5296,5296,Apple Pay,16.43,Success,2025-09-30 16:35:00,2025-10-07 16:35:00
5297,5297,Cash,107.84,Success,2026-03-03 08:55:51,2026-04-02 08:55:51
5298,5298,Debit Card,37.58,Success,2025-11-09 01:20:44,2025-11-20 01:20:44
5299,5299,Debit Card,86.61,Success,2025-11-06 21:28:17,2025-11-29 21:28:17
5300,5300,Apple Pay,4.96,Success,2026-02-08 11:12:31,2026-02-25 11:12:31
5301,5301,Credit Card,19.15,Success,2026-01-16 16:05:44,2026-01-26 16:05:44
5302,5302,Debit Card,53.0,Success,2025-08-07 20:25:48,2025-08-08 20:25:48
5303,5303,Credit Card,41.63,Success,2025-10-21 07:58:23,2025-11-15 07:58:23
5304,5304,Credit Card,58.08,Success,2025-10-02 13:46:09,2025-10-15 13:46:09
5305,5305,Apple Pay,36.95,Success,2026-02-05 22:05:32,2026-02-13 22:05:32
5306,5306,Google Pay,81.25,Success,2025-10-11 10:17:28,2025-10-22 10:17:28
5307,5307,Debit Card,19.79,Success,2025-08-04 03:11:18,2025-08-19 03:11:18
5308,5308,Apple Pay,23.43,Success,2025-10-12 05:10:30,2025-10-26 05:10:30
5309,5309,Credit Card,124.05,Success,2025-10-01 06:06:05,2025-10-12 06:06:05
5310,5310,Google Pay,48.27,Success,2025-12-04 23:05:29,2025-12-28 23:05:29
5311,5311,Google Pay,54.37,Success,2026-04-25 10:25:24,2026-05-17 10:25:24
5312,5312,Debit Card,39.04,Success,2026-02-25 00:46:38,2026-03-14 00:46:38
5313,5313,Credit Card,75.92,Success,2026-06-24 07:19:46,2026-06-25 07:19:46
5314,5314,Credit Card,54.26,Success,2025-08-29 14:18:17,2025-09-01 14:18:17
5315,5315,Cash,12.16,Success,2025-12-29 14:19:21,2026-01-26 14:19:21
5316,5316,Credit Card,41.89,Success,2026-01-17 09:45:22,2026-01-23 09:45:22
5317,5317,Credit Card,13.26,Success,2026-06-10 05:17:11,2026-07-02 05:17:11
5318,5318,Apple Pay,37.57,Success,2025-08-17 18:22:23,2025-09-10 18:22:23
5319,5319,Apple Pay,53.91,Success,2026-03-13 14:13:25,2026-03-30 14:13:25
5320,5320,Credit Card,78.83,Success,2026-03-04 08:25:08,2026-03-24 08:25:08
5321,5321,Apple Pay,71.94,Success,2025-11-29 15:03:35,2025-12-24 15:03:35
5322,5322,Cash,93.52,Success,2026-03-28 23:25:07,2026-04-09 23:25:07
5323,5323,Debit Card,106.46,Success,2026-04-16 23:42:23,2026-05-03 23:42:23
5324,5324,Apple Pay,3.27,Success,2026-04-02 18:17:19,2026-04-10 18:17:19
5325,5325,Credit Card,20.67,Success,2025-11-22 20:45:47,2025-11-24 20:45:47
5326,5326,Cash,88.63,Success,2026-03-12 19:52:27,2026-03-27 19:52:27
5327,5327,Credit Card,36.09,Success,2026-06-04 12:23:18,2026-06-11 12:23:18
5328,5328,Credit Card,124.22,Success,2025-10-01 13:36:30,2025-10-17 13:36:30
5329,5329,Apple Pay,41.15,Success,2025-10-28 04:58:17,2025-11-04 04:58:17
5330,5330,Debit Card,19.74,Success,2026-03-21 21:53:45,2026-03-29 21:53:45
5331,5331,Apple Pay,17.04,Success,2026-05-09 13:30:49,2026-05-18 13:30:49
5332,5332,Cash,76.28,Success,2025-11-20 09:53:33,2025-12-19 09:53:33
5333,5333,Credit Card,11.88,Success,2025-08-02 20:28:04,2025-08-08 20:28:04
5334,5334,Cash,21.83,Success,2025-07-26 01:09:22,2025-08-11 01:09:22
5335,5335,Google Pay,30.8,Success,2025-07-30 01:26:28,2025-08-17 01:26:28
5336,5336,Debit Card,120.74,Success,2026-07-10 19:47:32,2026-07-25 19:47:32
5337,5337,Credit Card,68.53,Success,2025-10-25 03:06:26,2025-11-14 03:06:26
5338,5338,Debit Card,119.06,Success,2026-02-11 13:58:38,2026-02-22 13:58:38
5339,5339,Cash,119.66,Success,2025-09-15 19:27:12,2025-09-18 19:27:12
5340,5340,Credit Card,60.84,Success,2026-01-11 02:05:00,2026-01-31 02:05:00
5341,5341,Apple Pay,85.86,Success,2026-04-25 04:26:04,2026-05-22 04:26:04
5342,5342,Cash,87.51,Success,2025-09-17 06:51:57,2025-09-27 06:51:57
5343,5343,Apple Pay,5.6,Success,2026-06-17 07:44:32,2026-07-15 07:44:32
5344,5344,Credit Card,77.12,Success,2025-11-29 19:18:01,2025-12-09 19:18:01
5345,5345,Cash,19.66,Success,2025-12-18 18:46:26,2026-01-09 18:46:26
5346,5346,Apple Pay,15.69,Success,2025-12-11 10:24:54,2025-12-13 10:24:54
5347,5347,Debit Card,26.6,Success,2026-07-17 11:06:02,2026-08-12 11:06:02
5348,5348,Credit Card,73.62,Success,2026-04-05 14:11:33,2026-04-23 14:11:33
5349,5349,Credit Card,37.88,Success,2026-02-24 21:18:29,2026-03-03 21:18:29
5350,5350,Credit Card,64.28,Success,2025-09-12 11:18:08,2025-10-12 11:18:08
5351,5351,Apple Pay,110.42,Success,2025-10-02 20:36:56,2025-10-09 20:36:56
5352,5352,Apple Pay,47.05,Success,2026-07-11 06:33:56,2026-07-14 06:33:56
5353,5353,Credit Card,14.87,Success,2026-04-06 20:13:14,2026-04-07 20:13:14
5354,5354,Debit Card,43.39,Success,2026-06-11 20:40:21,2026-06-13 20:40:21
5355,5355,Cash,50.02,Success,2026-02-25 22:10:25,2026-03-04 22:10:25
5356,5356,Debit Card,12.03,Success,2026-02-21 10:28:34,2026-03-21 10:28:34
5357,5357,Google Pay,46.19,Success,2025-09-07 07:10:43,2025-09-08 07:10:43
5358,5358,Cash,46.58,Success,2025-09-10 14:34:21,2025-09-24 14:34:21
5359,5359,Google Pay,23.94,Success,2026-05-31 15:38:17,2026-06-18 15:38:17
5360,5360,Debit Card,23.59,Success,2026-06-02 02:45:26,2026-06-28 02:45:26
5361,5361,Cash,35.82,Success,2026-05-26 07:38:11,2026-05-29 07:38:11
5362,5362,Apple Pay,34.24,Success,2025-10-25 03:17:25,2025-10-30 03:17:25
5363,5363,Cash,41.08,Success,2026-05-27 15:57:06,2026-06-22 15:57:06
5364,5364,Google Pay,73.08,Success,2025-12-24 08:39:50,2026-01-02 08:39:50
5365,5365,Apple Pay,43.75,Success,2025-11-05 07:35:15,2025-11-15 07:35:15
5366,5366,Google Pay,39.06,Success,2026-01-25 20:06:55,2026-01-26 20:06:55
5367,5367,Apple Pay,43.29,Success,2026-01-19 04:26:01,2026-02-07 04:26:01
5368,5368,Debit Card,64.38,Success,2026-02-18 10:24:20,2026-02-24 10:24:20
5369,5369,Google Pay,15.23,Success,2025-09-20 22:06:50,2025-09-27 22:06:50
5370,5370,Cash,8.13,Success,2025-10-06 20:04:44,2025-10-22 20:04:44
5371,5371,Google Pay,100.15,Success,2026-01-25 03:23:08,2026-02-23 03:23:08
5372,5372,Debit Card,50.62,Success,2025-09-02 16:41:21,2025-09-19 16:41:21
5373,5373,Debit Card,33.37,Success,2026-03-15 10:15:50,2026-03-22 10:15:50
5374,5374,Apple Pay,81.53,Success,2026-06-28 00:07:59,2026-07-03 00:07:59
5375,5375,Credit Card,78.27,Success,2025-07-31 23:28:17,2025-08-20 23:28:17
5376,5376,Credit Card,43.87,Success,2025-08-21 10:57:04,2025-09-05 10:57:04
5377,5377,Apple Pay,47.76,Success,2025-10-29 23:09:54,2025-11-06 23:09:54
5378,5378,Google Pay,19.35,Success,2025-12-08 15:34:28,2025-12-29 15:34:28
5379,5379,Debit Card,98.98,Success,2025-12-04 04:12:08,2025-12-19 04:12:08
5380,5380,Apple Pay,92.21,Success,2026-04-17 00:43:26,2026-05-07 00:43:26
5381,5381,Cash,21.9,Success,2026-02-01 14:12:09,2026-02-15 14:12:09
5382,5382,Apple Pay,67.89,Success,2025-11-16 14:00:35,2025-12-10 14:00:35
5383,5383,Apple Pay,33.59,Success,2026-02-18 20:38:22,2026-03-19 20:38:22
5384,5384,Debit Card,48.22,Success,2026-06-20 16:03:23,2026-07-05 16:03:23
5385,5385,Google Pay,75.93,Success,2026-04-28 18:43:43,2026-05-10 18:43:43
5386,5386,Google Pay,21.18,Success,2026-05-16 19:12:08,2026-06-02 19:12:08
5387,5387,Google Pay,25.92,Success,2026-02-18 03:26:00,2026-03-01 03:26:00
5388,5388,Apple Pay,82.36,Success,2026-04-15 01:30:10,2026-04-29 01:30:10
5389,5389,Debit Card,54.85,Success,2026-04-23 07:11:08,2026-04-27 07:11:08
5390,5390,Debit Card,38.51,Success,2025-10-22 16:01:05,2025-11-14 16:01:05
5391,5391,Google Pay,40.03,Success,2025-12-21 02:02:49,2026-01-06 02:02:49
5392,5392,Apple Pay,44.26,Success,2025-12-13 15:32:27,2026-01-06 15:32:27
5393,5393,Google Pay,38.18,Success,2026-01-26 14:04:39,2026-01-27 14:04:39
5394,5394,Credit Card,4.16,Success,2025-08-25 16:11:29,2025-09-05 16:11:29
5395,5395,Credit Card,6.63,Success,2026-06-20 00:46:15,2026-07-07 00:46:15
5396,5396,Debit Card,17.22,Success,2026-02-28 12:49:43,2026-03-22 12:49:43
5397,5397,Cash,42.81,Success,2026-05-17 15:04:23,2026-05-21 15:04:23
5398,5398,Debit Card,29.63,Success,2026-05-07 09:15:17,2026-05-12 09:15:17
5399,5399,Cash,39.49,Success,2025-07-23 09:50:14,2025-08-10 09:50:14
5400,5400,Cash,60.02,Success,2025-11-24 15:04:06,2025-12-13 15:04:06
5401,5401,Apple Pay,26.6,Success,2026-05-13 19:28:15,2026-06-07 19:28:15
5402,5402,Google Pay,10.8,Success,2026-06-26 21:37:31,2026-06-27 21:37:31
5403,5403,Debit Card,12.11,Success,2025-08-23 08:47:45,2025-09-04 08:47:45
5404,5404,Apple Pay,50.9,Success,2025-12-04 11:37:51,2026-01-01 11:37:51
5405,5405,Apple Pay,32.1,Success,2025-08-28 18:58:54,2025-09-05 18:58:54
5406,5406,Debit Card,48.96,Success,2025-10-16 16:28:51,2025-10-31 16:28:51
5407,5407,Credit Card,21.77,Success,2026-02-21 15:10:54,2026-03-07 15:10:54
5408,5408,Credit Card,69.79,Success,2026-04-20 11:03:15,2026-05-03 11:03:15
5409,5409,Cash,103.68,Success,2025-09-30 16:47:49,2025-10-01 16:47:49
5410,5410,Credit Card,20.06,Success,2025-10-02 22:40:27,2025-10-30 22:40:27
5411,5411,Google Pay,43.64,Success,2025-12-30 05:10:24,2026-01-05 05:10:24
5412,5412,Credit Card,74.9,Success,2026-02-02 00:47:43,2026-02-06 00:47:43
5413,5413,Google Pay,28.0,Success,2026-04-17 20:30:13,2026-05-10 20:30:13
5414,5414,Google Pay,42.35,Success,2026-02-28 13:17:48,2026-03-26 13:17:48
5415,5415,Apple Pay,14.86,Success,2025-12-01 19:51:26,2025-12-24 19:51:26
5416,5416,Apple Pay,89.62,Success,2026-03-02 09:10:39,2026-03-23 09:10:39
5417,5417,Google Pay,32.78,Success,2026-04-15 17:20:04,2026-04-23 17:20:04
5418,5418,Debit Card,45.21,Success,2025-11-05 22:08:20,2025-11-10 22:08:20
5419,5419,Apple Pay,5.78,Success,2026-02-14 16:06:44,2026-03-02 16:06:44
5420,5420,Apple Pay,53.93,Success,2025-11-04 22:19:49,2025-11-27 22:19:49
5421,5421,Cash,34.76,Success,2026-05-21 06:36:33,2026-06-14 06:36:33
5422,5422,Credit Card,28.58,Success,2026-07-14 18:19:05,2026-08-08 18:19:05
5423,5423,Apple Pay,61.93,Success,2025-11-06 02:08:50,2025-11-13 02:08:50
5424,5424,Credit Card,90.79,Success,2026-06-18 19:41:52,2026-06-21 19:41:52
5425,5425,Credit Card,56.28,Success,2026-06-10 09:06:38,2026-07-08 09:06:38
5426,5426,Apple Pay,64.58,Success,2025-11-09 11:29:24,2025-11-15 11:29:24
5427,5427,Credit Card,92.77,Success,2026-01-12 18:35:43,2026-01-25 18:35:43
5428,5428,Credit Card,17.88,Success,2025-12-27 20:16:57,2026-01-12 20:16:57
5429,5429,Credit Card,84.45,Success,2025-10-05 11:58:56,2025-10-25 11:58:56
5430,5430,Debit Card,77.02,Success,2025-12-29 01:21:23,2026-01-16 01:21:23
5431,5431,Debit Card,57.62,Success,2026-04-05 17:07:01,2026-04-27 17:07:01
5432,5432,Debit Card,31.57,Success,2026-06-13 19:18:41,2026-06-21 19:18:41
5433,5433,Credit Card,80.9,Success,2026-05-11 07:29:50,2026-05-31 07:29:50
5434,5434,Google Pay,5.77,Success,2025-08-27 11:31:48,2025-09-09 11:31:48
5435,5435,Cash,51.85,Success,2025-08-11 15:10:40,2025-08-21 15:10:40
5436,5436,Google Pay,3.58,Success,2026-02-24 07:25:14,2026-03-02 07:25:14
5437,5437,Debit Card,76.15,Success,2025-07-22 13:24:19,2025-08-04 13:24:19
5438,5438,Debit Card,68.98,Success,2026-03-13 08:58:13,2026-03-22 08:58:13
5439,5439,Google Pay,40.55,Success,2026-05-14 20:37:22,2026-06-07 20:37:22
5440,5440,Apple Pay,16.88,Success,2025-10-15 12:13:31,2025-11-13 12:13:31
5441,5441,Debit Card,26.15,Success,2025-08-27 20:30:27,2025-09-15 20:30:27
5442,5442,Apple Pay,75.36,Success,2026-06-15 02:44:17,2026-06-24 02:44:17
5443,5443,Apple Pay,67.91,Success,2025-10-04 08:22:45,2025-10-18 08:22:45
5444,5444,Debit Card,32.32,Success,2026-03-20 11:34:08,2026-04-06 11:34:08
5445,5445,Credit Card,19.06,Success,2026-07-11 15:35:57,2026-07-17 15:35:57
5446,5446,Google Pay,91.52,Success,2025-11-19 17:17:36,2025-12-18 17:17:36
5447,5447,Credit Card,77.97,Success,2026-02-15 13:55:21,2026-02-21 13:55:21
5448,5448,Apple Pay,63.4,Success,2025-10-01 02:12:44,2025-10-03 02:12:44
5449,5449,Credit Card,7.81,Success,2026-03-23 22:15:05,2026-04-12 22:15:05
5450,5450,Credit Card,80.39,Success,2025-09-27 07:50:33,2025-10-07 07:50:33
5451,5451,Apple Pay,59.5,Success,2025-08-19 23:54:15,2025-09-10 23:54:15
5452,5452,Debit Card,35.72,Success,2026-02-07 13:48:41,2026-02-20 13:48:41
5453,5453,Debit Card,37.06,Success,2026-06-22 01:47:08,2026-06-30 01:47:08
5454,5454,Debit Card,22.21,Success,2026-06-22 19:22:59,2026-06-29 19:22:59
5455,5455,Credit Card,32.01,Success,2025-10-23 08:11:04,2025-11-10 08:11:04
5456,5456,Cash,87.02,Success,2026-05-13 10:56:24,2026-05-24 10:56:24
5457,5457,Google Pay,11.25,Success,2026-04-18 19:15:51,2026-05-18 19:15:51
5458,5458,Cash,92.63,Success,2026-01-21 09:08:45,2026-02-17 09:08:45
5459,5459,Cash,16.58,Success,2026-06-03 08:28:21,2026-06-09 08:28:21
5460,5460,Google Pay,14.1,Success,2026-06-24 19:11:41,2026-07-16 19:11:41
5461,5461,Google Pay,30.48,Success,2025-12-10 07:24:26,2025-12-29 07:24:26
5462,5462,Debit Card,96.7,Success,2026-06-19 23:08:10,2026-07-01 23:08:10
5463,5463,Apple Pay,72.1,Success,2026-03-13 01:28:52,2026-03-28 01:28:52
5464,5464,Debit Card,31.81,Success,2025-11-21 15:17:04,2025-11-26 15:17:04
5465,5465,Debit Card,58.93,Success,2026-03-23 01:30:24,2026-04-07 01:30:24
5466,5466,Google Pay,113.82,Success,2026-07-17 15:42:33,2026-07-18 15:42:33
5467,5467,Credit Card,3.81,Success,2025-11-15 17:18:36,2025-11-23 17:18:36
5468,5468,Apple Pay,16.64,Success,2025-08-10 09:23:13,2025-08-20 09:23:13
5469,5469,Debit Card,26.48,Success,2026-06-10 14:45:12,2026-06-30 14:45:12
5470,5470,Credit Card,53.11,Success,2025-10-21 02:34:17,2025-11-01 02:34:17
5471,5471,Debit Card,70.21,Success,2025-10-12 00:36:45,2025-10-31 00:36:45
5472,5472,Google Pay,114.87,Success,2025-12-22 06:20:39,2025-12-30 06:20:39
5473,5473,Debit Card,21.05,Success,2026-02-10 01:47:01,2026-03-09 01:47:01
5474,5474,Cash,71.77,Success,2025-09-09 15:09:09,2025-09-11 15:09:09
5475,5475,Credit Card,64.33,Success,2025-10-31 22:51:21,2025-11-04 22:51:21
5476,5476,Google Pay,50.72,Success,2026-01-31 00:58:46,2026-02-03 00:58:46
5477,5477,Cash,104.48,Success,2026-04-22 03:56:44,2026-05-13 03:56:44
5478,5478,Google Pay,70.02,Success,2026-03-31 06:15:28,2026-04-08 06:15:28
5479,5479,Cash,85.68,Success,2025-09-29 08:44:26,2025-10-10 08:44:26
5480,5480,Credit Card,44.29,Success,2026-03-19 20:08:54,2026-03-27 20:08:54
5481,5481,Credit Card,41.9,Success,2025-09-18 15:52:23,2025-10-01 15:52:23
5482,5482,Google Pay,60.68,Success,2025-09-04 10:09:23,2025-09-23 10:09:23
5483,5483,Debit Card,6.24,Success,2025-10-19 08:53:19,2025-10-29 08:53:19
5484,5484,Google Pay,54.19,Success,2025-08-30 11:34:02,2025-09-23 11:34:02
5485,5485,Apple Pay,44.71,Success,2026-06-01 12:15:32,2026-06-22 12:15:32
5486,5486,Apple Pay,54.75,Success,2026-02-09 02:01:16,2026-02-21 02:01:16
5487,5487,Credit Card,41.83,Success,2026-01-24 00:24:41,2026-01-29 00:24:41
5488,5488,Apple Pay,14.67,Success,2025-08-06 17:43:14,2025-09-02 17:43:14
5489,5489,Apple Pay,115.45,Success,2026-03-26 01:49:14,2026-03-31 01:49:14
5490,5490,Apple Pay,36.7,Success,2025-10-19 13:36:59,2025-10-25 13:36:59
5491,5491,Cash,44.21,Success,2025-07-27 19:57:48,2025-08-24 19:57:48
5492,5492,Apple Pay,68.68,Success,2026-02-22 01:16:55,2026-03-12 01:16:55
5493,5493,Apple Pay,18.65,Success,2026-02-20 17:34:53,2026-03-08 17:34:53
5494,5494,Apple Pay,68.1,Success,2025-12-17 13:48:11,2026-01-11 13:48:11
5495,5495,Debit Card,69.81,Success,2026-01-13 04:57:42,2026-01-31 04:57:42
5496,5496,Apple Pay,30.83,Success,2025-10-15 00:26:08,2025-11-02 00:26:08
5497,5497,Apple Pay,29.23,Success,2026-04-04 20:46:34,2026-04-27 20:46:34
5498,5498,Apple Pay,42.85,Success,2025-10-28 13:20:45,2025-11-04 13:20:45
5499,5499,Debit Card,40.23,Success,2026-04-21 22:47:48,2026-04-25 22:47:48
5500,5500,Credit Card,3.73,Success,2026-04-16 23:22:22,2026-05-10 23:22:22
5501,5501,Google Pay,37.76,Success,2026-01-25 08:58:58,2026-02-16 08:58:58
5502,5502,Credit Card,69.0,Success,2025-07-28 01:38:28,2025-08-10 01:38:28
5503,5503,Google Pay,31.9,Success,2026-04-13 03:33:16,2026-04-18 03:33:16
5504,5504,Apple Pay,39.6,Success,2025-10-27 14:48:30,2025-11-15 14:48:30
5505,5505,Cash,29.11,Success,2025-07-29 16:45:43,2025-08-06 16:45:43
5506,5506,Debit Card,54.9,Success,2025-12-22 07:49:10,2026-01-13 07:49:10
5507,5507,Cash,96.12,Success,2025-12-13 11:52:26,2025-12-27 11:52:26
5508,5508,Google Pay,31.3,Success,2025-10-21 13:18:34,2025-10-22 13:18:34
5509,5509,Debit Card,42.57,Success,2025-10-14 09:26:47,2025-11-13 09:26:47
5510,5510,Debit Card,80.76,Success,2026-04-09 22:57:55,2026-04-22 22:57:55
5511,5511,Cash,45.3,Success,2026-06-18 01:57:22,2026-07-01 01:57:22
5512,5512,Debit Card,53.41,Success,2025-10-22 01:07:46,2025-11-11 01:07:46
5513,5513,Credit Card,67.21,Success,2026-01-06 04:02:22,2026-01-18 04:02:22
5514,5514,Credit Card,48.49,Success,2026-04-17 18:25:05,2026-05-13 18:25:05
5515,5515,Apple Pay,23.85,Success,2026-04-28 16:00:07,2026-05-02 16:00:07
5516,5516,Credit Card,10.94,Success,2026-05-07 21:55:34,2026-06-05 21:55:34
5517,5517,Apple Pay,15.87,Success,2026-02-09 18:34:24,2026-03-02 18:34:24
5518,5518,Cash,32.08,Success,2026-07-06 12:28:28,2026-07-10 12:28:28
5519,5519,Credit Card,35.74,Success,2025-08-15 19:34:08,2025-08-19 19:34:08
5520,5520,Google Pay,97.76,Success,2025-07-28 01:25:00,2025-08-08 01:25:00
5521,5521,Credit Card,59.4,Success,2026-04-28 16:31:09,2026-05-18 16:31:09
5522,5522,Apple Pay,88.55,Success,2026-03-07 22:28:26,2026-03-13 22:28:26
5523,5523,Cash,55.75,Success,2026-04-26 17:02:17,2026-05-24 17:02:17
5524,5524,Debit Card,52.54,Success,2026-04-25 22:57:34,2026-05-10 22:57:34
5525,5525,Apple Pay,27.62,Success,2026-02-24 07:39:25,2026-03-25 07:39:25
5526,5526,Cash,71.68,Success,2025-12-06 01:55:00,2026-01-01 01:55:00
5527,5527,Credit Card,9.5,Success,2026-01-29 03:05:06,2026-02-10 03:05:06
5528,5528,Debit Card,118.99,Success,2026-03-25 18:48:13,2026-04-24 18:48:13
5529,5529,Cash,18.18,Success,2025-12-29 12:37:52,2026-01-01 12:37:52
5530,5530,Apple Pay,105.75,Success,2026-06-16 12:13:36,2026-07-10 12:13:36
5531,5531,Debit Card,43.75,Success,2025-12-08 16:27:26,2025-12-27 16:27:26
5532,5532,Cash,40.91,Success,2025-08-21 03:35:24,2025-08-27 03:35:24
5533,5533,Apple Pay,79.02,Success,2026-04-06 10:33:21,2026-04-16 10:33:21
5534,5534,Cash,59.12,Success,2025-08-21 02:34:48,2025-09-08 02:34:48
5535,5535,Credit Card,39.13,Success,2026-07-09 01:16:55,2026-07-29 01:16:55
5536,5536,Cash,124.63,Success,2026-06-12 09:38:09,2026-07-02 09:38:09
5537,5537,Cash,23.17,Success,2025-11-02 04:37:27,2025-11-16 04:37:27
5538,5538,Credit Card,63.07,Success,2026-04-17 18:01:36,2026-05-06 18:01:36
5539,5539,Cash,50.45,Success,2025-09-28 20:37:57,2025-10-12 20:37:57
5540,5540,Apple Pay,113.29,Success,2025-12-05 04:46:23,2025-12-12 04:46:23
5541,5541,Apple Pay,50.42,Success,2026-03-25 03:04:34,2026-03-26 03:04:34
5542,5542,Debit Card,47.48,Success,2025-10-22 04:33:50,2025-11-12 04:33:50
5543,5543,Google Pay,112.26,Success,2026-06-08 05:20:19,2026-06-25 05:20:19
5544,5544,Cash,28.81,Success,2025-12-12 14:34:46,2026-01-03 14:34:46
5545,5545,Google Pay,64.29,Success,2026-02-13 15:21:54,2026-03-01 15:21:54
5546,5546,Google Pay,42.39,Success,2026-01-08 14:53:07,2026-01-18 14:53:07
5547,5547,Apple Pay,11.45,Success,2025-09-21 04:51:46,2025-09-26 04:51:46
5548,5548,Debit Card,33.38,Success,2026-01-14 02:03:22,2026-02-06 02:03:22
5549,5549,Debit Card,23.94,Success,2026-05-14 22:47:47,2026-05-31 22:47:47
5550,5550,Debit Card,96.46,Success,2026-03-24 20:49:06,2026-04-22 20:49:06
5551,5551,Credit Card,4.86,Success,2026-07-07 12:53:38,2026-07-29 12:53:38
5552,5552,Debit Card,91.97,Success,2026-07-03 11:55:59,2026-07-31 11:55:59
5553,5553,Credit Card,38.83,Success,2026-04-04 17:31:38,2026-04-14 17:31:38
5554,5554,Credit Card,52.63,Success,2025-11-08 14:58:21,2025-11-30 14:58:21
5555,5555,Cash,62.98,Success,2026-07-17 18:03:05,2026-07-22 18:03:05
5556,5556,Credit Card,20.65,Success,2026-06-27 19:32:20,2026-07-18 19:32:20
5557,5557,Google Pay,10.67,Success,2026-02-26 04:42:23,2026-03-23 04:42:23
5558,5558,Google Pay,64.41,Success,2025-09-05 03:30:46,2025-09-06 03:30:46
5559,5559,Debit Card,98.57,Success,2025-09-08 15:01:57,2025-09-30 15:01:57
5560,5560,Google Pay,39.89,Success,2025-11-14 08:03:17,2025-12-07 08:03:17
5561,5561,Credit Card,25.04,Success,2026-06-19 10:28:37,2026-07-07 10:28:37
5562,5562,Google Pay,35.83,Success,2025-09-19 14:24:40,2025-09-25 14:24:40
5563,5563,Debit Card,95.66,Success,2025-11-08 11:56:51,2025-11-17 11:56:51
5564,5564,Apple Pay,44.64,Success,2026-02-21 06:11:38,2026-03-15 06:11:38
5565,5565,Google Pay,30.51,Success,2025-12-31 16:20:59,2026-01-19 16:20:59
5566,5566,Google Pay,28.85,Success,2026-01-24 16:28:01,2026-02-17 16:28:01
5567,5567,Credit Card,26.69,Success,2025-12-11 23:17:56,2026-01-05 23:17:56
5568,5568,Credit Card,23.73,Success,2025-08-31 15:32:43,2025-09-13 15:32:43
5569,5569,Debit Card,40.8,Success,2026-06-13 04:03:34,2026-06-17 04:03:34
5570,5570,Credit Card,75.67,Success,2026-01-16 19:59:19,2026-01-31 19:59:19
5571,5571,Google Pay,15.02,Success,2026-06-07 13:28:20,2026-06-29 13:28:20
5572,5572,Google Pay,58.08,Success,2025-08-10 11:15:42,2025-09-01 11:15:42
5573,5573,Apple Pay,58.02,Success,2025-08-19 02:05:34,2025-09-09 02:05:34
5574,5574,Apple Pay,30.47,Success,2026-03-01 04:06:19,2026-03-15 04:06:19
5575,5575,Google Pay,72.91,Success,2026-07-17 15:56:06,2026-08-03 15:56:06
5576,5576,Cash,15.34,Success,2025-08-06 13:25:34,2025-08-31 13:25:34
5577,5577,Debit Card,46.03,Success,2026-06-18 21:41:30,2026-07-17 21:41:30
5578,5578,Debit Card,106.03,Success,2025-09-25 19:34:08,2025-10-25 19:34:08
5579,5579,Cash,55.3,Success,2026-03-08 16:03:39,2026-03-18 16:03:39
5580,5580,Apple Pay,54.04,Success,2025-12-27 23:22:30,2025-12-30 23:22:30
5581,5581,Apple Pay,20.12,Success,2025-11-21 13:44:50,2025-12-10 13:44:50
5582,5582,Cash,43.71,Success,2025-08-25 20:24:39,2025-09-14 20:24:39
5583,5583,Apple Pay,11.84,Success,2025-11-30 10:36:58,2025-12-27 10:36:58
5584,5584,Credit Card,30.44,Success,2025-09-13 07:49:11,2025-09-28 07:49:11
5585,5585,Cash,83.08,Success,2025-09-14 06:46:21,2025-10-04 06:46:21
5586,5586,Cash,23.51,Success,2026-06-13 16:51:41,2026-07-04 16:51:41
5587,5587,Cash,103.93,Success,2026-03-01 13:18:03,2026-03-31 13:18:03
5588,5588,Apple Pay,10.06,Success,2025-08-07 04:51:52,2025-08-11 04:51:52
5589,5589,Cash,64.09,Success,2025-07-31 22:59:29,2025-08-28 22:59:29
5590,5590,Google Pay,132.3,Success,2025-11-30 00:33:47,2025-12-29 00:33:47
5591,5591,Credit Card,33.39,Success,2025-11-21 23:07:55,2025-12-21 23:07:55
5592,5592,Debit Card,56.24,Success,2025-07-22 22:35:22,2025-07-26 22:35:22
5593,5593,Credit Card,25.5,Success,2026-03-31 04:03:10,2026-04-23 04:03:10
5594,5594,Apple Pay,21.21,Success,2025-11-03 05:05:54,2025-11-29 05:05:54
5595,5595,Cash,45.02,Success,2026-05-11 17:14:10,2026-06-07 17:14:10
5596,5596,Credit Card,27.59,Success,2025-09-20 11:45:58,2025-10-20 11:45:58
5597,5597,Apple Pay,54.88,Success,2025-11-16 18:21:27,2025-12-13 18:21:27
5598,5598,Credit Card,32.44,Success,2026-07-14 15:02:37,2026-07-16 15:02:37
5599,5599,Debit Card,49.96,Success,2026-02-18 08:50:44,2026-03-04 08:50:44
5600,5600,Apple Pay,10.92,Success,2025-11-02 17:06:10,2025-11-15 17:06:10
5601,5601,Cash,25.97,Success,2025-09-12 15:44:10,2025-09-15 15:44:10
5602,5602,Cash,15.87,Success,2025-11-27 15:41:43,2025-12-21 15:41:43
5603,5603,Apple Pay,47.42,Success,2026-03-05 09:10:11,2026-03-15 09:10:11
5604,5604,Credit Card,92.87,Success,2025-11-30 18:55:28,2025-12-11 18:55:28
5605,5605,Cash,45.73,Success,2026-04-06 05:46:33,2026-04-16 05:46:33
5606,5606,Credit Card,56.3,Success,2026-05-20 14:22:42,2026-06-13 14:22:42
5607,5607,Google Pay,26.82,Success,2026-07-19 04:07:23,2026-08-17 04:07:23
5608,5608,Apple Pay,11.46,Success,2026-03-08 04:10:27,2026-04-03 04:10:27
5609,5609,Google Pay,87.32,Success,2026-01-18 10:51:27,2026-01-27 10:51:27
5610,5610,Google Pay,71.68,Success,2026-07-14 15:08:27,2026-08-03 15:08:27
5611,5611,Credit Card,74.32,Success,2026-01-04 06:38:20,2026-01-08 06:38:20
5612,5612,Apple Pay,38.04,Success,2026-06-05 02:59:21,2026-07-01 02:59:21
5613,5613,Google Pay,45.41,Success,2026-03-09 03:43:23,2026-03-25 03:43:23
5614,5614,Cash,82.92,Success,2026-03-01 00:37:05,2026-03-18 00:37:05
5615,5615,Debit Card,51.75,Success,2026-06-02 22:28:08,2026-06-13 22:28:08
5616,5616,Cash,48.76,Success,2025-09-22 15:03:12,2025-10-08 15:03:12
5617,5617,Google Pay,18.68,Success,2026-04-13 12:29:28,2026-04-25 12:29:28
5618,5618,Credit Card,61.96,Success,2026-03-14 06:33:05,2026-04-08 06:33:05
5619,5619,Debit Card,18.56,Success,2025-12-04 08:56:12,2026-01-03 08:56:12
5620,5620,Cash,53.08,Success,2026-06-14 16:16:24,2026-07-03 16:16:24
5621,5621,Debit Card,58.96,Success,2025-10-06 16:14:28,2025-10-14 16:14:28
5622,5622,Cash,20.2,Success,2026-05-19 04:29:37,2026-06-14 04:29:37
5623,5623,Debit Card,54.34,Success,2026-02-08 13:19:36,2026-03-05 13:19:36
5624,5624,Google Pay,72.54,Success,2025-12-21 13:27:17,2026-01-08 13:27:17
5625,5625,Google Pay,125.18,Success,2025-12-19 14:36:28,2026-01-04 14:36:28
5626,5626,Apple Pay,47.25,Success,2026-01-26 23:10:57,2026-02-14 23:10:57
5627,5627,Apple Pay,3.65,Success,2026-02-03 01:56:08,2026-02-27 01:56:08
5628,5628,Cash,22.54,Success,2025-11-04 12:47:59,2025-11-18 12:47:59
5629,5629,Google Pay,117.51,Success,2025-11-22 19:35:29,2025-12-14 19:35:29
5630,5630,Google Pay,4.76,Success,2025-10-26 09:53:18,2025-11-16 09:53:18
5631,5631,Cash,63.2,Success,2026-03-22 13:51:53,2026-04-12 13:51:53
5632,5632,Apple Pay,23.34,Success,2026-02-22 05:08:29,2026-03-11 05:08:29
5633,5633,Apple Pay,1.88,Success,2026-06-28 07:26:56,2026-07-03 07:26:56
5634,5634,Apple Pay,9.18,Success,2026-07-08 14:41:15,2026-07-30 14:41:15
5635,5635,Apple Pay,85.35,Success,2025-12-24 01:20:21,2026-01-05 01:20:21
5636,5636,Debit Card,18.01,Success,2026-06-09 16:05:56,2026-06-12 16:05:56
5637,5637,Cash,73.37,Success,2026-06-06 17:47:05,2026-06-20 17:47:05
5638,5638,Apple Pay,91.79,Success,2026-04-09 21:09:02,2026-04-25 21:09:02
5639,5639,Debit Card,79.79,Success,2026-04-10 02:16:27,2026-04-14 02:16:27
5640,5640,Apple Pay,24.63,Success,2026-06-23 13:51:01,2026-07-20 13:51:01
5641,5641,Apple Pay,96.54,Success,2025-10-02 01:43:46,2025-10-07 01:43:46
5642,5642,Cash,74.5,Success,2025-10-17 06:01:22,2025-11-13 06:01:22
5643,5643,Cash,13.4,Success,2026-01-12 07:38:33,2026-02-11 07:38:33
5644,5644,Apple Pay,62.96,Success,2025-10-27 03:51:05,2025-11-17 03:51:05
5645,5645,Apple Pay,2.12,Success,2025-10-13 10:49:54,2025-10-18 10:49:54
5646,5646,Cash,20.27,Success,2025-12-30 01:29:45,2026-01-10 01:29:45
5647,5647,Apple Pay,67.28,Success,2025-10-15 00:07:48,2025-11-04 00:07:48
5648,5648,Google Pay,31.84,Success,2026-03-03 08:27:16,2026-03-21 08:27:16
5649,5649,Cash,101.62,Success,2025-09-18 11:53:54,2025-09-21 11:53:54
5650,5650,Google Pay,37.31,Success,2025-11-05 08:07:03,2025-11-15 08:07:03
5651,5651,Google Pay,45.31,Success,2026-05-13 06:44:19,2026-06-10 06:44:19
5652,5652,Debit Card,76.1,Success,2025-12-05 19:37:42,2025-12-28 19:37:42
5653,5653,Apple Pay,69.16,Success,2026-07-04 11:04:44,2026-07-29 11:04:44
5654,5654,Google Pay,101.28,Success,2025-09-05 10:39:12,2025-09-24 10:39:12
5655,5655,Credit Card,115.05,Success,2025-08-11 12:49:20,2025-08-14 12:49:20
5656,5656,Cash,55.49,Success,2025-08-26 04:49:26,2025-09-11 04:49:26
5657,5657,Cash,25.02,Success,2025-08-04 15:18:39,2025-08-26 15:18:39
5658,5658,Google Pay,18.53,Success,2026-04-15 22:12:56,2026-05-07 22:12:56
5659,5659,Apple Pay,33.97,Success,2025-12-20 11:57:16,2026-01-11 11:57:16
5660,5660,Google Pay,133.75,Success,2025-12-18 01:47:58,2025-12-27 01:47:58
5661,5661,Cash,94.17,Success,2026-03-04 16:22:21,2026-03-24 16:22:21
5662,5662,Google Pay,112.81,Success,2026-05-03 19:23:29,2026-05-16 19:23:29
5663,5663,Cash,9.42,Success,2025-07-28 12:08:06,2025-07-30 12:08:06
5664,5664,Apple Pay,5.99,Success,2026-01-27 17:03:19,2026-02-11 17:03:19
5665,5665,Credit Card,52.76,Success,2025-12-30 05:59:31,2026-01-29 05:59:31
5666,5666,Cash,118.96,Success,2025-12-17 18:55:39,2025-12-21 18:55:39
5667,5667,Apple Pay,26.94,Success,2026-05-21 10:38:53,2026-05-30 10:38:53
5668,5668,Cash,113.44,Success,2025-08-25 09:02:09,2025-09-22 09:02:09
5669,5669,Cash,94.59,Success,2025-08-28 15:07:37,2025-09-02 15:07:37
5670,5670,Debit Card,50.59,Success,2026-02-12 23:07:51,2026-03-11 23:07:51
5671,5671,Debit Card,69.53,Success,2026-04-19 02:55:49,2026-05-04 02:55:49
5672,5672,Google Pay,24.09,Success,2026-03-12 04:56:55,2026-04-04 04:56:55
5673,5673,Debit Card,27.2,Success,2026-04-27 03:45:39,2026-05-20 03:45:39
5674,5674,Cash,51.82,Success,2026-01-12 12:05:56,2026-02-07 12:05:56
5675,5675,Debit Card,11.13,Success,2025-07-26 02:29:23,2025-07-30 02:29:23
5676,5676,Apple Pay,83.87,Success,2026-04-27 05:05:22,2026-05-06 05:05:22
5677,5677,Debit Card,28.54,Success,2026-04-08 02:31:21,2026-04-13 02:31:21
5678,5678,Credit Card,61.94,Success,2026-02-05 17:20:31,2026-03-04 17:20:31
5679,5679,Google Pay,76.04,Success,2025-10-23 06:25:25,2025-10-26 06:25:25
5680,5680,Cash,64.12,Success,2026-02-22 10:14:23,2026-03-13 10:14:23
5681,5681,Debit Card,36.71,Success,2026-07-18 01:02:55,2026-08-08 01:02:55
5682,5682,Cash,34.01,Success,2026-06-29 09:32:35,2026-07-11 09:32:35
5683,5683,Debit Card,63.37,Success,2026-04-06 05:40:54,2026-04-21 05:40:54
5684,5684,Credit Card,16.48,Success,2026-04-29 08:59:22,2026-05-16 08:59:22
5685,5685,Cash,96.66,Success,2025-10-12 18:58:03,2025-10-23 18:58:03
5686,5686,Apple Pay,11.05,Success,2025-07-29 07:46:14,2025-07-31 07:46:14
5687,5687,Apple Pay,94.87,Success,2026-02-13 08:24:59,2026-03-15 08:24:59
5688,5688,Google Pay,10.16,Success,2025-12-22 14:36:47,2026-01-07 14:36:47
5689,5689,Credit Card,90.53,Success,2026-03-12 06:31:15,2026-04-02 06:31:15
5690,5690,Google Pay,26.86,Success,2025-11-27 02:15:18,2025-12-11 02:15:18
5691,5691,Credit Card,18.13,Success,2026-02-12 18:14:27,2026-03-11 18:14:27
5692,5692,Apple Pay,105.45,Success,2026-04-19 15:46:22,2026-05-10 15:46:22
5693,5693,Debit Card,53.08,Success,2026-07-20 03:59:49,2026-08-19 03:59:49
5694,5694,Cash,59.61,Success,2026-04-11 21:48:54,2026-04-13 21:48:54
5695,5695,Apple Pay,45.55,Success,2026-01-20 15:18:55,2026-02-03 15:18:55
5696,5696,Google Pay,82.75,Success,2026-07-06 10:54:33,2026-08-03 10:54:33
5697,5697,Apple Pay,86.29,Success,2025-12-04 08:21:42,2025-12-07 08:21:42
5698,5698,Google Pay,112.94,Success,2026-03-28 19:23:52,2026-04-15 19:23:52
5699,5699,Apple Pay,75.53,Success,2026-05-31 20:17:27,2026-06-08 20:17:27
5700,5700,Credit Card,57.62,Success,2026-07-05 17:56:36,2026-07-29 17:56:36
5701,5701,Apple Pay,83.83,Success,2026-04-04 08:49:45,2026-04-29 08:49:45
5702,5702,Apple Pay,84.01,Success,2025-11-30 13:20:34,2025-12-30 13:20:34
5703,5703,Cash,42.95,Success,2026-05-16 17:26:58,2026-05-26 17:26:58
5704,5704,Apple Pay,15.08,Success,2026-05-13 05:05:05,2026-05-29 05:05:05
5705,5705,Google Pay,7.0,Success,2025-10-17 12:16:12,2025-11-16 12:16:12
5706,5706,Credit Card,62.84,Success,2025-07-27 05:39:20,2025-08-25 05:39:20
5707,5707,Google Pay,63.17,Success,2025-11-15 17:37:42,2025-11-20 17:37:42
5708,5708,Cash,4.02,Success,2026-04-29 06:18:06,2026-05-06 06:18:06
5709,5709,Google Pay,54.13,Success,2026-03-08 21:18:42,2026-03-11 21:18:42
5710,5710,Apple Pay,5.98,Success,2025-11-20 16:23:53,2025-12-06 16:23:53
5711,5711,Credit Card,26.77,Success,2026-01-13 20:33:11,2026-02-07 20:33:11
5712,5712,Apple Pay,30.59,Success,2025-12-24 17:42:52,2026-01-03 17:42:52
5713,5713,Apple Pay,87.9,Success,2025-09-29 23:52:54,2025-10-17 23:52:54
5714,5714,Cash,53.77,Success,2025-10-19 11:15:44,2025-10-26 11:15:44
5715,5715,Google Pay,65.97,Success,2026-06-08 14:45:44,2026-06-30 14:45:44
5716,5716,Apple Pay,101.13,Success,2025-08-03 23:12:03,2025-08-09 23:12:03
5717,5717,Debit Card,72.27,Success,2025-10-27 04:42:16,2025-11-11 04:42:16
5718,5718,Google Pay,118.85,Success,2025-11-16 10:32:05,2025-12-12 10:32:05
5719,5719,Cash,11.6,Success,2025-12-06 14:59:35,2025-12-07 14:59:35
5720,5720,Cash,69.58,Success,2026-05-05 14:36:20,2026-06-01 14:36:20
5721,5721,Cash,20.03,Success,2026-02-02 22:55:33,2026-02-20 22:55:33
5722,5722,Google Pay,69.02,Success,2025-12-10 23:16:47,2025-12-31 23:16:47
5723,5723,Debit Card,55.4,Success,2025-11-15 10:56:35,2025-11-19 10:56:35
5724,5724,Cash,7.5,Success,2025-08-13 23:22:01,2025-08-28 23:22:01
5725,5725,Cash,54.73,Success,2026-04-18 19:02:35,2026-05-08 19:02:35
5726,5726,Google Pay,81.62,Success,2026-05-30 21:02:17,2026-06-25 21:02:17
5727,5727,Apple Pay,109.31,Success,2025-11-16 10:15:35,2025-11-27 10:15:35
5728,5728,Cash,31.09,Success,2026-06-01 03:32:33,2026-06-03 03:32:33
5729,5729,Debit Card,13.51,Success,2025-09-28 05:47:00,2025-10-04 05:47:00
5730,5730,Cash,67.57,Success,2025-09-09 21:33:29,2025-09-21 21:33:29
5731,5731,Google Pay,53.35,Success,2026-03-15 16:20:57,2026-04-01 16:20:57
5732,5732,Debit Card,19.15,Success,2025-08-03 00:45:50,2025-08-08 00:45:50
5733,5733,Google Pay,87.45,Success,2026-05-03 04:49:13,2026-05-06 04:49:13
5734,5734,Credit Card,81.92,Success,2026-06-20 21:48:46,2026-07-17 21:48:46
5735,5735,Google Pay,41.68,Success,2026-04-05 16:04:12,2026-04-11 16:04:12
5736,5736,Google Pay,77.82,Success,2025-09-29 04:58:34,2025-10-03 04:58:34
5737,5737,Cash,17.19,Success,2025-08-28 01:04:39,2025-08-30 01:04:39
5738,5738,Debit Card,90.41,Success,2025-09-08 13:38:57,2025-09-17 13:38:57
5739,5739,Apple Pay,50.11,Success,2026-06-04 06:41:22,2026-06-19 06:41:22
5740,5740,Google Pay,62.2,Success,2025-12-12 02:22:07,2026-01-07 02:22:07
5741,5741,Debit Card,15.39,Success,2026-04-13 06:45:10,2026-04-26 06:45:10
5742,5742,Google Pay,28.2,Success,2025-11-25 10:40:30,2025-12-03 10:40:30
5743,5743,Google Pay,12.34,Success,2026-06-18 15:35:36,2026-07-06 15:35:36
5744,5744,Cash,28.8,Success,2026-06-01 17:38:32,2026-06-10 17:38:32
5745,5745,Credit Card,50.06,Success,2026-01-05 11:34:42,2026-01-27 11:34:42
5746,5746,Apple Pay,90.3,Success,2026-07-09 16:22:17,2026-07-25 16:22:17
5747,5747,Credit Card,33.76,Success,2025-08-02 21:23:08,2025-08-09 21:23:08
5748,5748,Debit Card,62.97,Success,2025-08-15 23:44:52,2025-09-09 23:44:52
5749,5749,Credit Card,52.83,Success,2026-04-08 19:19:44,2026-05-06 19:19:44
5750,5750,Google Pay,97.18,Success,2026-01-21 01:28:21,2026-02-04 01:28:21
5751,5751,Apple Pay,88.16,Success,2025-09-26 21:00:20,2025-10-18 21:00:20
5752,5752,Apple Pay,48.31,Success,2025-07-23 15:06:10,2025-08-03 15:06:10
5753,5753,Debit Card,106.48,Success,2025-09-02 13:35:34,2025-10-01 13:35:34
5754,5754,Cash,21.07,Success,2025-09-14 18:20:23,2025-09-27 18:20:23
5755,5755,Debit Card,55.57,Success,2025-11-17 03:15:23,2025-12-04 03:15:23
5756,5756,Debit Card,13.01,Success,2025-09-24 19:22:21,2025-10-23 19:22:21
5757,5757,Debit Card,35.92,Success,2026-01-26 22:30:25,2026-02-01 22:30:25
5758,5758,Credit Card,57.78,Success,2026-04-17 22:34:54,2026-04-30 22:34:54
5759,5759,Apple Pay,31.39,Success,2026-04-04 20:47:41,2026-04-20 20:47:41
5760,5760,Apple Pay,14.83,Success,2025-12-31 22:02:47,2026-01-08 22:02:47
5761,5761,Google Pay,80.43,Success,2025-08-09 19:55:01,2025-09-05 19:55:01
5762,5762,Debit Card,40.03,Success,2026-03-14 07:40:42,2026-04-02 07:40:42
5763,5763,Cash,7.42,Success,2025-08-07 01:09:28,2025-09-06 01:09:28
5764,5764,Apple Pay,23.86,Success,2026-05-06 03:38:40,2026-06-02 03:38:40
5765,5765,Credit Card,95.26,Success,2026-03-04 09:05:49,2026-03-25 09:05:49
5766,5766,Debit Card,30.67,Success,2026-07-12 14:15:12,2026-07-26 14:15:12
5767,5767,Credit Card,81.39,Success,2025-10-26 20:40:39,2025-11-17 20:40:39
5768,5768,Cash,53.27,Success,2026-06-07 07:31:37,2026-07-05 07:31:37
5769,5769,Debit Card,55.17,Success,2025-12-02 08:41:24,2025-12-15 08:41:24
5770,5770,Debit Card,63.7,Success,2026-06-13 10:49:56,2026-07-07 10:49:56
5771,5771,Credit Card,91.03,Success,2025-11-04 23:37:04,2025-12-03 23:37:04
5772,5772,Cash,56.83,Success,2025-09-17 01:31:56,2025-09-30 01:31:56
5773,5773,Debit Card,23.47,Success,2026-03-09 03:32:15,2026-03-12 03:32:15
5774,5774,Google Pay,39.06,Success,2026-05-20 04:00:19,2026-06-17 04:00:19
5775,5775,Debit Card,32.36,Success,2025-07-28 23:38:30,2025-08-18 23:38:30
5776,5776,Google Pay,91.15,Success,2025-10-23 02:30:51,2025-11-13 02:30:51
5777,5777,Apple Pay,99.85,Success,2025-07-21 12:41:13,2025-07-28 12:41:13
5778,5778,Google Pay,70.44,Success,2026-05-17 23:32:34,2026-05-26 23:32:34
5779,5779,Google Pay,46.77,Success,2026-07-13 21:58:52,2026-08-10 21:58:52
5780,5780,Google Pay,51.86,Success,2025-08-14 03:28:59,2025-08-19 03:28:59
5781,5781,Cash,84.44,Success,2026-07-03 14:25:31,2026-07-25 14:25:31
5782,5782,Credit Card,58.64,Success,2026-02-02 06:57:38,2026-02-20 06:57:38
5783,5783,Google Pay,99.01,Success,2026-04-25 11:42:45,2026-04-27 11:42:45
5784,5784,Credit Card,59.84,Success,2026-06-19 02:57:50,2026-06-25 02:57:50
5785,5785,Credit Card,26.57,Success,2026-06-15 14:15:38,2026-06-26 14:15:38
5786,5786,Credit Card,20.69,Success,2025-11-03 16:07:39,2025-11-25 16:07:39
5787,5787,Credit Card,127.3,Success,2026-04-03 12:48:43,2026-04-22 12:48:43
5788,5788,Credit Card,16.97,Success,2025-11-09 19:29:21,2025-11-14 19:29:21
5789,5789,Google Pay,88.94,Success,2026-02-05 17:26:47,2026-02-10 17:26:47
5790,5790,Credit Card,84.54,Success,2026-01-14 18:39:01,2026-02-01 18:39:01
5791,5791,Debit Card,28.64,Success,2025-09-01 06:38:23,2025-09-12 06:38:23
5792,5792,Apple Pay,64.81,Success,2025-12-03 15:41:02,2025-12-29 15:41:02
5793,5793,Credit Card,50.32,Success,2025-07-30 10:41:57,2025-08-24 10:41:57
5794,5794,Google Pay,91.76,Success,2025-12-24 17:28:17,2025-12-26 17:28:17
5795,5795,Cash,78.44,Success,2025-11-26 03:23:48,2025-12-12 03:23:48
5796,5796,Apple Pay,35.73,Success,2026-06-22 07:20:20,2026-07-21 07:20:20
5797,5797,Google Pay,14.66,Success,2026-01-04 16:37:42,2026-01-06 16:37:42
5798,5798,Apple Pay,47.71,Success,2026-01-01 04:57:03,2026-01-24 04:57:03
5799,5799,Google Pay,19.08,Success,2025-09-28 04:51:08,2025-10-08 04:51:08
5800,5800,Apple Pay,46.35,Success,2025-10-27 17:40:56,2025-11-03 17:40:56
5801,5801,Cash,75.14,Success,2026-05-15 00:00:22,2026-06-11 00:00:22
5802,5802,Cash,67.02,Success,2025-10-04 12:23:32,2025-10-28 12:23:32
5803,5803,Cash,39.47,Success,2025-09-08 04:12:20,2025-09-16 04:12:20
5804,5804,Credit Card,109.51,Success,2026-04-15 19:15:04,2026-04-28 19:15:04
5805,5805,Apple Pay,7.56,Success,2026-01-11 17:59:48,2026-01-28 17:59:48
5806,5806,Cash,25.85,Success,2025-11-20 15:20:40,2025-11-29 15:20:40
5807,5807,Google Pay,87.33,Success,2026-04-13 03:19:22,2026-04-30 03:19:22
5808,5808,Debit Card,26.67,Success,2026-05-15 13:40:42,2026-05-19 13:40:42
5809,5809,Apple Pay,96.06,Success,2025-08-03 05:03:04,2025-08-09 05:03:04
5810,5810,Apple Pay,104.75,Success,2026-07-07 22:34:53,2026-07-12 22:34:53
5811,5811,Google Pay,66.76,Success,2025-11-20 20:50:00,2025-11-26 20:50:00
5812,5812,Cash,49.9,Success,2026-04-26 16:30:22,2026-05-20 16:30:22
5813,5813,Apple Pay,72.9,Success,2025-08-29 06:34:00,2025-09-02 06:34:00
5814,5814,Cash,46.76,Success,2025-10-12 13:56:48,2025-10-21 13:56:48
5815,5815,Credit Card,8.29,Success,2025-07-22 04:26:54,2025-08-13 04:26:54
5816,5816,Debit Card,8.54,Success,2026-06-12 06:10:26,2026-06-17 06:10:26
5817,5817,Cash,37.58,Success,2025-08-28 06:47:04,2025-09-05 06:47:04
5818,5818,Apple Pay,9.0,Success,2026-06-23 00:52:47,2026-07-06 00:52:47
5819,5819,Apple Pay,75.88,Success,2025-11-23 06:27:20,2025-12-21 06:27:20
5820,5820,Credit Card,79.28,Success,2025-09-01 11:29:53,2025-09-02 11:29:53
5821,5821,Google Pay,3.69,Success,2025-09-09 00:09:40,2025-10-03 00:09:40
5822,5822,Apple Pay,35.82,Success,2026-01-25 00:22:55,2026-02-20 00:22:55
5823,5823,Apple Pay,21.38,Success,2026-01-11 18:09:07,2026-01-30 18:09:07
5824,5824,Cash,21.59,Success,2025-07-24 12:32:42,2025-07-31 12:32:42
5825,5825,Google Pay,4.86,Success,2025-08-21 23:54:16,2025-09-03 23:54:16
5826,5826,Apple Pay,90.78,Success,2026-04-25 09:20:03,2026-04-28 09:20:03
5827,5827,Cash,50.37,Success,2026-07-18 19:23:11,2026-08-16 19:23:11
5828,5828,Google Pay,34.7,Success,2025-10-31 22:40:07,2025-11-09 22:40:07
5829,5829,Apple Pay,91.41,Success,2026-01-11 16:02:00,2026-01-23 16:02:00
5830,5830,Credit Card,11.17,Success,2025-07-31 01:57:04,2025-08-25 01:57:04
5831,5831,Apple Pay,48.99,Success,2025-11-24 01:32:52,2025-11-30 01:32:52
5832,5832,Cash,60.13,Success,2025-12-04 06:54:24,2025-12-29 06:54:24
5833,5833,Credit Card,20.37,Success,2026-01-30 02:55:34,2026-02-17 02:55:34
5834,5834,Debit Card,44.56,Success,2025-09-30 08:03:38,2025-10-21 08:03:38
5835,5835,Google Pay,38.64,Success,2026-06-29 09:22:57,2026-07-26 09:22:57
5836,5836,Cash,13.21,Success,2025-10-31 14:00:35,2025-11-21 14:00:35
5837,5837,Apple Pay,66.26,Success,2026-06-14 02:09:12,2026-06-18 02:09:12
5838,5838,Cash,16.58,Success,2026-02-15 10:03:17,2026-03-10 10:03:17
5839,5839,Google Pay,46.78,Success,2026-02-11 17:00:10,2026-02-17 17:00:10
5840,5840,Credit Card,119.74,Success,2025-10-29 15:47:50,2025-11-17 15:47:50
5841,5841,Credit Card,59.92,Success,2025-11-12 19:47:42,2025-12-11 19:47:42
5842,5842,Apple Pay,66.27,Success,2025-08-30 16:03:01,2025-09-10 16:03:01
5843,5843,Apple Pay,27.09,Success,2025-07-29 12:08:30,2025-08-21 12:08:30
5844,5844,Apple Pay,88.34,Success,2026-02-20 01:51:00,2026-03-03 01:51:00
5845,5845,Debit Card,95.4,Success,2026-04-26 15:26:37,2026-05-23 15:26:37
5846,5846,Apple Pay,52.99,Success,2025-09-13 02:20:56,2025-09-30 02:20:56
5847,5847,Apple Pay,76.29,Success,2025-11-17 05:41:04,2025-12-01 05:41:04
5848,5848,Apple Pay,68.99,Success,2025-10-18 11:58:17,2025-11-14 11:58:17
5849,5849,Google Pay,45.55,Success,2026-02-08 07:14:45,2026-02-11 07:14:45
5850,5850,Google Pay,19.35,Success,2025-11-12 12:27:31,2025-11-19 12:27:31
5851,5851,Credit Card,58.81,Success,2025-10-25 10:53:55,2025-11-07 10:53:55
5852,5852,Apple Pay,96.67,Success,2026-07-04 08:50:24,2026-07-21 08:50:24
5853,5853,Debit Card,114.45,Success,2026-06-29 05:51:46,2026-07-27 05:51:46
5854,5854,Debit Card,36.28,Success,2026-07-02 22:49:24,2026-08-01 22:49:24
5855,5855,Apple Pay,14.03,Success,2026-01-09 17:02:48,2026-01-12 17:02:48
5856,5856,Google Pay,54.98,Success,2025-12-27 13:01:39,2025-12-31 13:01:39
5857,5857,Cash,53.14,Success,2026-05-11 18:25:08,2026-05-22 18:25:08
5858,5858,Apple Pay,65.0,Success,2026-02-08 23:59:24,2026-02-20 23:59:24
5859,5859,Debit Card,62.86,Success,2026-02-17 21:58:36,2026-03-04 21:58:36
5860,5860,Google Pay,29.52,Success,2026-07-18 17:26:55,2026-08-03 17:26:55
5861,5861,Credit Card,56.25,Success,2025-08-03 09:24:04,2025-08-25 09:24:04
5862,5862,Cash,76.03,Success,2025-11-04 01:43:27,2025-11-26 01:43:27
5863,5863,Cash,107.94,Success,2026-05-14 12:40:42,2026-06-11 12:40:42
5864,5864,Apple Pay,4.29,Success,2026-02-21 04:56:11,2026-02-27 04:56:11
5865,5865,Google Pay,23.43,Success,2025-08-30 21:08:21,2025-09-01 21:08:21
5866,5866,Apple Pay,31.73,Success,2025-07-24 00:55:16,2025-08-20 00:55:16
5867,5867,Credit Card,22.74,Success,2025-11-21 20:42:54,2025-12-17 20:42:54
5868,5868,Cash,71.62,Success,2026-02-28 22:05:14,2026-03-14 22:05:14
5869,5869,Google Pay,9.06,Success,2026-01-25 05:06:06,2026-02-08 05:06:06
5870,5870,Apple Pay,2.67,Success,2025-08-21 08:38:04,2025-08-24 08:38:04
5871,5871,Cash,10.36,Success,2026-01-17 23:57:14,2026-01-20 23:57:14
5872,5872,Credit Card,28.97,Success,2026-01-05 14:01:23,2026-01-14 14:01:23
5873,5873,Credit Card,15.55,Success,2025-11-03 02:04:01,2025-11-12 02:04:01
5874,5874,Google Pay,82.26,Success,2025-10-12 21:21:32,2025-10-15 21:21:32
5875,5875,Google Pay,76.5,Success,2025-11-07 07:48:36,2025-11-29 07:48:36
5876,5876,Apple Pay,59.77,Success,2026-04-19 22:45:17,2026-05-18 22:45:17
5877,5877,Debit Card,49.32,Success,2025-10-01 21:59:23,2025-10-06 21:59:23
5878,5878,Credit Card,25.15,Success,2025-12-13 15:14:48,2026-01-11 15:14:48
5879,5879,Google Pay,57.72,Success,2026-05-22 10:43:39,2026-06-06 10:43:39
5880,5880,Google Pay,18.06,Success,2025-08-23 14:46:11,2025-08-24 14:46:11
5881,5881,Debit Card,34.55,Success,2025-09-12 05:56:08,2025-10-07 05:56:08
5882,5882,Apple Pay,52.3,Success,2026-02-17 05:01:19,2026-02-22 05:01:19
5883,5883,Google Pay,115.81,Success,2026-07-14 23:23:17,2026-07-28 23:23:17
5884,5884,Debit Card,96.52,Success,2026-06-25 22:28:26,2026-07-13 22:28:26
5885,5885,Apple Pay,6.24,Success,2025-12-18 14:57:16,2026-01-03 14:57:16
5886,5886,Credit Card,60.75,Success,2026-03-12 12:21:20,2026-04-01 12:21:20
5887,5887,Cash,8.35,Success,2025-08-06 18:31:24,2025-08-13 18:31:24
5888,5888,Apple Pay,58.14,Success,2025-09-28 00:43:59,2025-10-13 00:43:59
5889,5889,Debit Card,25.98,Success,2026-03-10 22:31:22,2026-04-07 22:31:22
5890,5890,Debit Card,65.22,Success,2025-07-24 11:49:49,2025-08-09 11:49:49
5891,5891,Google Pay,67.2,Success,2025-08-06 15:18:39,2025-08-26 15:18:39
5892,5892,Cash,19.08,Success,2026-04-01 23:46:00,2026-04-09 23:46:00
5893,5893,Debit Card,73.2,Success,2025-08-04 08:41:08,2025-08-24 08:41:08
5894,5894,Cash,17.76,Success,2025-08-12 16:19:26,2025-09-08 16:19:26
5895,5895,Cash,71.43,Success,2025-11-17 20:19:05,2025-12-16 20:19:05
5896,5896,Credit Card,81.14,Success,2026-03-18 02:32:07,2026-04-05 02:32:07
5897,5897,Debit Card,47.53,Success,2026-02-24 16:28:18,2026-03-23 16:28:18
5898,5898,Credit Card,39.22,Success,2025-10-01 10:39:29,2025-10-30 10:39:29
5899,5899,Cash,83.44,Success,2025-09-12 08:23:28,2025-09-26 08:23:28
5900,5900,Credit Card,45.16,Success,2025-12-25 17:47:35,2026-01-06 17:47:35
5901,5901,Credit Card,60.17,Success,2026-06-07 02:54:31,2026-06-28 02:54:31
5902,5902,Google Pay,127.29,Success,2026-06-30 00:56:10,2026-07-17 00:56:10
5903,5903,Debit Card,84.05,Success,2025-09-25 08:21:21,2025-10-24 08:21:21
5904,5904,Credit Card,62.09,Success,2025-11-22 12:48:19,2025-11-30 12:48:19
5905,5905,Debit Card,39.39,Success,2025-08-31 05:56:19,2025-09-10 05:56:19
5906,5906,Google Pay,105.46,Success,2026-03-28 18:01:19,2026-03-31 18:01:19
5907,5907,Apple Pay,26.52,Success,2025-11-27 20:36:33,2025-11-29 20:36:33
5908,5908,Debit Card,102.01,Success,2026-03-26 09:13:16,2026-04-10 09:13:16
5909,5909,Cash,28.52,Success,2025-09-07 06:43:39,2025-09-19 06:43:39
5910,5910,Apple Pay,44.64,Success,2025-10-16 08:57:26,2025-10-30 08:57:26
5911,5911,Google Pay,14.75,Success,2025-12-22 19:14:46,2026-01-19 19:14:46
5912,5912,Credit Card,33.55,Success,2026-06-22 09:27:33,2026-07-10 09:27:33
5913,5913,Google Pay,102.57,Success,2026-02-26 18:31:43,2026-03-03 18:31:43
5914,5914,Cash,92.12,Success,2025-11-10 16:22:50,2025-11-27 16:22:50
5915,5915,Google Pay,89.49,Success,2025-07-29 06:30:08,2025-08-28 06:30:08
5916,5916,Apple Pay,66.85,Success,2026-06-24 11:15:19,2026-07-09 11:15:19
5917,5917,Google Pay,32.22,Success,2026-05-11 09:02:24,2026-05-21 09:02:24
5918,5918,Google Pay,29.21,Success,2025-08-02 06:06:48,2025-08-08 06:06:48
5919,5919,Apple Pay,44.34,Success,2026-05-13 08:53:41,2026-06-04 08:53:41
5920,5920,Credit Card,45.89,Success,2026-06-17 22:42:33,2026-07-06 22:42:33
5921,5921,Cash,44.87,Success,2025-08-17 06:31:27,2025-09-07 06:31:27
5922,5922,Apple Pay,89.53,Success,2026-06-25 19:23:20,2026-07-07 19:23:20
5923,5923,Cash,28.53,Success,2026-03-26 07:16:33,2026-04-11 07:16:33
5924,5924,Apple Pay,103.27,Success,2026-02-13 18:58:29,2026-02-20 18:58:29
5925,5925,Apple Pay,8.3,Success,2025-10-15 15:40:26,2025-10-19 15:40:26
5926,5926,Google Pay,3.96,Success,2026-02-07 18:38:04,2026-02-14 18:38:04
5927,5927,Credit Card,5.31,Success,2026-03-18 07:39:11,2026-04-15 07:39:11
5928,5928,Credit Card,21.98,Success,2026-01-22 00:11:24,2026-02-09 00:11:24
5929,5929,Credit Card,85.53,Success,2026-06-24 12:47:15,2026-07-08 12:47:15
5930,5930,Credit Card,25.32,Success,2025-08-24 23:10:11,2025-09-10 23:10:11
5931,5931,Apple Pay,30.02,Success,2025-11-08 01:25:04,2025-11-10 01:25:04
5932,5932,Apple Pay,84.32,Success,2026-04-10 03:07:28,2026-04-23 03:07:28
5933,5933,Debit Card,28.82,Success,2025-11-04 10:24:09,2025-11-15 10:24:09
5934,5934,Cash,30.5,Success,2026-06-13 05:24:35,2026-06-18 05:24:35
5935,5935,Credit Card,15.79,Success,2026-06-21 05:43:46,2026-07-05 05:43:46
5936,5936,Cash,5.39,Success,2025-12-09 14:46:54,2025-12-20 14:46:54
5937,5937,Google Pay,89.13,Success,2026-01-25 15:28:21,2026-02-03 15:28:21
5938,5938,Cash,30.7,Success,2025-10-22 05:58:33,2025-11-01 05:58:33
5939,5939,Apple Pay,38.94,Success,2025-08-08 07:38:46,2025-08-13 07:38:46
5940,5940,Cash,16.13,Success,2025-12-20 03:16:10,2026-01-10 03:16:10
5941,5941,Cash,37.69,Success,2025-09-16 13:39:40,2025-10-11 13:39:40
5942,5942,Google Pay,53.4,Success,2025-09-10 12:55:32,2025-10-07 12:55:32
5943,5943,Apple Pay,97.57,Success,2026-03-04 14:35:03,2026-03-25 14:35:03
5944,5944,Debit Card,6.72,Success,2026-06-19 03:49:04,2026-07-11 03:49:04
5945,5945,Credit Card,80.39,Success,2026-06-05 06:26:45,2026-06-15 06:26:45
5946,5946,Debit Card,97.71,Success,2025-12-13 18:23:18,2026-01-11 18:23:18
5947,5947,Debit Card,96.6,Success,2026-04-10 13:00:50,2026-04-17 13:00:50
5948,5948,Google Pay,22.91,Success,2025-12-12 16:17:44,2026-01-08 16:17:44
5949,5949,Cash,32.6,Success,2025-10-31 21:59:22,2025-11-22 21:59:22
5950,5950,Google Pay,79.04,Success,2026-03-16 08:29:03,2026-03-29 08:29:03
5951,5951,Apple Pay,25.06,Success,2025-10-13 18:46:46,2025-11-04 18:46:46
5952,5952,Credit Card,102.15,Success,2025-10-09 13:25:19,2025-10-22 13:25:19
5953,5953,Credit Card,69.27,Success,2026-04-08 12:32:53,2026-04-12 12:32:53
5954,5954,Apple Pay,27.01,Success,2025-10-10 22:29:33,2025-10-22 22:29:33
5955,5955,Google Pay,31.65,Success,2025-12-20 03:43:47,2026-01-19 03:43:47
5956,5956,Cash,50.2,Success,2025-07-21 12:59:29,2025-07-25 12:59:29
5957,5957,Cash,95.99,Success,2026-02-13 03:11:22,2026-03-15 03:11:22
5958,5958,Debit Card,67.39,Success,2026-05-21 02:12:51,2026-06-01 02:12:51
5959,5959,Cash,47.71,Success,2025-12-02 07:17:54,2025-12-20 07:17:54
5960,5960,Google Pay,88.38,Success,2025-10-08 03:12:12,2025-10-30 03:12:12
5961,5961,Credit Card,52.72,Success,2026-06-02 11:22:32,2026-06-16 11:22:32
5962,5962,Credit Card,52.11,Success,2025-07-28 03:23:02,2025-08-09 03:23:02
5963,5963,Apple Pay,72.07,Success,2026-07-11 03:15:54,2026-07-27 03:15:54
5964,5964,Credit Card,53.16,Success,2025-09-23 20:38:01,2025-09-30 20:38:01
5965,5965,Credit Card,2.44,Success,2026-03-27 02:57:39,2026-03-29 02:57:39
5966,5966,Cash,25.06,Success,2026-05-24 16:20:55,2026-06-17 16:20:55
5967,5967,Google Pay,24.26,Success,2025-11-28 18:03:06,2025-11-30 18:03:06
5968,5968,Apple Pay,6.67,Success,2026-06-27 20:23:38,2026-07-05 20:23:38
5969,5969,Google Pay,54.14,Success,2025-12-22 08:10:48,2026-01-20 08:10:48
5970,5970,Apple Pay,42.89,Success,2026-06-02 08:14:56,2026-06-19 08:14:56
5971,5971,Debit Card,64.81,Success,2025-10-19 10:04:05,2025-11-02 10:04:05
5972,5972,Credit Card,40.52,Success,2026-01-01 04:59:16,2026-01-02 04:59:16
5973,5973,Google Pay,76.26,Success,2025-10-28 07:18:55,2025-11-21 07:18:55
5974,5974,Google Pay,77.69,Success,2026-04-18 07:00:59,2026-05-03 07:00:59
5975,5975,Credit Card,64.83,Success,2025-10-11 19:02:49,2025-10-30 19:02:49
5976,5976,Apple Pay,51.82,Success,2025-12-06 08:55:22,2025-12-13 08:55:22
5977,5977,Google Pay,30.16,Success,2025-09-02 18:55:04,2025-10-01 18:55:04
5978,5978,Apple Pay,32.44,Success,2026-07-13 03:39:23,2026-07-24 03:39:23
5979,5979,Apple Pay,33.12,Success,2025-08-13 19:44:17,2025-08-31 19:44:17
5980,5980,Credit Card,55.66,Success,2025-12-26 21:01:49,2026-01-04 21:01:49
5981,5981,Debit Card,47.04,Success,2026-02-26 00:37:26,2026-03-02 00:37:26
5982,5982,Debit Card,54.28,Success,2026-05-20 01:43:59,2026-05-31 01:43:59
5983,5983,Credit Card,53.88,Success,2025-11-22 15:35:46,2025-11-23 15:35:46
5984,5984,Debit Card,118.36,Success,2025-12-21 23:54:39,2026-01-01 23:54:39
5985,5985,Apple Pay,113.72,Success,2026-05-15 08:48:27,2026-06-13 08:48:27
5986,5986,Apple Pay,55.22,Success,2026-05-27 11:26:54,2026-06-25 11:26:54
5987,5987,Debit Card,26.28,Success,2026-02-20 07:55:59,2026-02-21 07:55:59
5988,5988,Cash,50.22,Success,2026-04-11 02:39:31,2026-04-22 02:39:31
5989,5989,Credit Card,53.46,Success,2026-05-31 20:06:54,2026-06-21 20:06:54
5990,5990,Google Pay,129.56,Success,2025-08-19 20:00:33,2025-09-03 20:00:33
5991,5991,Google Pay,72.09,Success,2026-05-02 07:40:56,2026-05-03 07:40:56
5992,5992,Cash,87.29,Success,2026-05-21 02:59:47,2026-06-20 02:59:47
5993,5993,Google Pay,66.71,Success,2025-11-27 23:51:23,2025-12-17 23:51:23
5994,5994,Debit Card,117.82,Success,2025-11-28 16:16:01,2025-12-06 16:16:01
5995,5995,Cash,57.55,Success,2025-12-14 00:13:50,2025-12-26 00:13:50
5996,5996,Debit Card,51.53,Success,2026-02-23 01:44:05,2026-03-16 01:44:05
5997,5997,Cash,50.4,Success,2026-05-19 16:48:35,2026-06-08 16:48:35
5998,5998,Debit Card,54.64,Success,2025-10-03 18:22:09,2025-10-09 18:22:09
5999,5999,Debit Card,4.72,Success,2026-03-08 18:32:14,2026-03-30 18:32:14
6000,6000,Debit Card,2.22,Success,2025-08-09 06:17:12,2025-09-04 06:17:12
6001,6001,Debit Card,73.83,Success,2026-05-10 18:04:05,2026-05-21 18:04:05
6002,6002,Debit Card,57.22,Success,2026-04-04 05:08:10,2026-04-12 05:08:10
6003,6003,Debit Card,37.19,Success,2026-06-12 21:54:51,2026-06-25 21:54:51
6004,6004,Debit Card,26.29,Success,2026-05-02 18:59:12,2026-05-07 18:59:12
6005,6005,Apple Pay,64.41,Success,2025-11-16 10:00:19,2025-12-15 10:00:19
6006,6006,Google Pay,104.97,Success,2025-10-07 02:53:23,2025-10-08 02:53:23
6007,6007,Apple Pay,73.86,Success,2026-01-05 16:41:43,2026-01-26 16:41:43
6008,6008,Cash,111.12,Success,2026-07-05 20:47:57,2026-07-21 20:47:57
6009,6009,Credit Card,87.4,Success,2025-08-03 00:57:33,2025-08-23 00:57:33
6010,6010,Credit Card,44.37,Success,2026-02-08 10:08:10,2026-02-12 10:08:10
6011,6011,Apple Pay,31.12,Success,2026-01-22 02:07:23,2026-02-21 02:07:23
6012,6012,Credit Card,67.11,Success,2026-07-02 10:00:37,2026-07-28 10:00:37
6013,6013,Apple Pay,54.47,Success,2026-05-08 17:11:16,2026-05-22 17:11:16
6014,6014,Apple Pay,68.53,Success,2025-11-02 19:31:57,2025-11-19 19:31:57
6015,6015,Cash,80.21,Success,2026-04-19 18:05:59,2026-04-26 18:05:59
6016,6016,Cash,41.15,Success,2025-11-12 16:44:48,2025-12-03 16:44:48
6017,6017,Debit Card,22.99,Success,2025-08-26 15:30:44,2025-09-07 15:30:44
6018,6018,Google Pay,42.85,Success,2026-07-01 16:28:15,2026-07-11 16:28:15
6019,6019,Apple Pay,4.88,Success,2026-01-01 01:49:31,2026-01-03 01:49:31
6020,6020,Credit Card,30.18,Success,2025-11-17 02:53:20,2025-12-04 02:53:20
6021,6021,Debit Card,88.9,Success,2026-01-17 07:18:01,2026-01-24 07:18:01
6022,6022,Credit Card,31.66,Success,2026-06-14 16:08:22,2026-06-21 16:08:22
6023,6023,Debit Card,85.82,Success,2026-07-14 05:13:59,2026-07-30 05:13:59
6024,6024,Credit Card,29.18,Success,2026-03-07 00:27:13,2026-03-21 00:27:13
6025,6025,Cash,35.14,Success,2026-07-11 08:58:22,2026-07-13 08:58:22
6026,6026,Debit Card,31.23,Success,2025-09-02 02:58:47,2025-09-26 02:58:47
6027,6027,Credit Card,71.13,Success,2025-11-11 20:01:27,2025-12-10 20:01:27
6028,6028,Apple Pay,50.99,Success,2026-01-22 17:57:06,2026-01-30 17:57:06
6029,6029,Google Pay,29.03,Success,2025-08-27 08:38:50,2025-09-21 08:38:50
6030,6030,Cash,41.51,Success,2026-01-31 20:34:01,2026-02-22 20:34:01
6031,6031,Debit Card,25.89,Success,2025-09-27 18:34:34,2025-10-11 18:34:34
6032,6032,Cash,102.4,Success,2026-01-19 21:20:49,2026-02-17 21:20:49
6033,6033,Credit Card,72.79,Success,2026-01-24 12:20:53,2026-02-01 12:20:53
6034,6034,Debit Card,14.15,Success,2026-07-15 12:47:40,2026-08-10 12:47:40
6035,6035,Credit Card,30.83,Success,2026-04-07 08:56:17,2026-04-13 08:56:17
6036,6036,Debit Card,92.47,Success,2026-05-23 15:44:14,2026-05-29 15:44:14
6037,6037,Apple Pay,22.54,Success,2025-07-28 02:23:45,2025-08-26 02:23:45
6038,6038,Google Pay,24.91,Success,2026-05-01 12:22:14,2026-05-06 12:22:14
6039,6039,Debit Card,12.62,Success,2025-09-15 09:44:03,2025-10-06 09:44:03
6040,6040,Apple Pay,58.98,Success,2026-05-03 13:52:43,2026-05-04 13:52:43
6041,6041,Debit Card,53.81,Success,2026-03-21 23:45:55,2026-04-10 23:45:55
6042,6042,Credit Card,43.06,Success,2025-07-25 17:03:48,2025-07-26 17:03:48
6043,6043,Apple Pay,48.67,Success,2025-09-22 19:55:53,2025-10-03 19:55:53
6044,6044,Credit Card,52.09,Success,2026-05-15 12:24:28,2026-05-16 12:24:28
6045,6045,Google Pay,8.23,Success,2025-11-12 17:57:24,2025-11-20 17:57:24
6046,6046,Cash,14.7,Success,2025-10-14 19:16:45,2025-10-15 19:16:45
6047,6047,Google Pay,52.15,Success,2026-01-01 18:48:16,2026-01-15 18:48:16
6048,6048,Apple Pay,51.78,Success,2026-03-09 11:17:11,2026-03-24 11:17:11
6049,6049,Google Pay,52.39,Success,2026-05-09 23:22:34,2026-06-08 23:22:34
6050,6050,Apple Pay,12.97,Success,2025-11-05 04:00:10,2025-11-14 04:00:10
6051,6051,Google Pay,10.88,Success,2026-01-29 14:20:25,2026-02-20 14:20:25
6052,6052,Credit Card,80.9,Success,2025-12-31 22:33:49,2026-01-25 22:33:49
6053,6053,Credit Card,20.31,Success,2025-09-10 14:46:35,2025-09-17 14:46:35
6054,6054,Debit Card,71.98,Success,2026-02-15 03:28:53,2026-02-21 03:28:53
6055,6055,Debit Card,38.44,Success,2026-06-27 17:24:34,2026-07-23 17:24:34
6056,6056,Cash,81.84,Success,2025-10-04 12:28:26,2025-10-14 12:28:26
6057,6057,Debit Card,55.74,Success,2025-11-03 20:17:07,2025-11-07 20:17:07
6058,6058,Google Pay,97.77,Success,2026-04-04 07:55:14,2026-04-14 07:55:14
6059,6059,Debit Card,89.4,Success,2026-04-25 16:17:29,2026-04-30 16:17:29
6060,6060,Debit Card,32.54,Success,2025-08-27 17:26:59,2025-09-25 17:26:59
6061,6061,Credit Card,94.59,Success,2025-11-07 17:38:07,2025-12-06 17:38:07
6062,6062,Credit Card,58.81,Success,2025-10-11 09:21:48,2025-10-21 09:21:48
6063,6063,Google Pay,42.17,Success,2026-05-14 07:14:40,2026-05-25 07:14:40
6064,6064,Credit Card,121.28,Success,2026-02-25 23:39:54,2026-03-04 23:39:54
6065,6065,Debit Card,34.93,Success,2025-11-04 13:22:03,2025-11-24 13:22:03
6066,6066,Credit Card,10.52,Success,2025-11-24 06:53:41,2025-12-13 06:53:41
6067,6067,Google Pay,90.73,Success,2025-09-12 12:03:19,2025-09-28 12:03:19
6068,6068,Credit Card,56.83,Success,2026-02-08 06:22:03,2026-02-14 06:22:03
6069,6069,Apple Pay,25.36,Success,2026-01-30 23:28:48,2026-02-11 23:28:48
6070,6070,Credit Card,72.06,Success,2025-11-10 00:29:55,2025-11-11 00:29:55
6071,6071,Cash,11.11,Success,2025-10-24 20:41:30,2025-11-05 20:41:30
6072,6072,Google Pay,40.8,Success,2026-05-12 23:01:19,2026-05-19 23:01:19
6073,6073,Google Pay,53.97,Success,2025-12-15 21:44:27,2025-12-29 21:44:27
6074,6074,Apple Pay,11.8,Success,2025-11-18 10:45:01,2025-12-11 10:45:01
6075,6075,Debit Card,28.92,Success,2025-12-20 16:15:02,2026-01-16 16:15:02
6076,6076,Cash,32.72,Success,2026-01-28 13:22:37,2026-02-05 13:22:37
6077,6077,Apple Pay,34.74,Success,2025-08-10 01:49:01,2025-08-20 01:49:01
6078,6078,Debit Card,79.63,Success,2025-09-18 06:16:09,2025-10-04 06:16:09
6079,6079,Credit Card,55.66,Success,2026-01-28 09:45:11,2026-02-09 09:45:11
6080,6080,Cash,10.08,Success,2025-07-29 10:26:57,2025-08-18 10:26:57
6081,6081,Debit Card,121.2,Success,2025-07-26 02:48:13,2025-08-11 02:48:13
6082,6082,Debit Card,16.52,Success,2026-02-09 01:42:07,2026-02-10 01:42:07
6083,6083,Google Pay,14.94,Success,2026-02-09 00:14:30,2026-02-25 00:14:30
6084,6084,Debit Card,62.57,Success,2025-08-20 08:44:43,2025-09-19 08:44:43
6085,6085,Cash,8.94,Success,2025-10-11 09:44:51,2025-10-16 09:44:51
6086,6086,Debit Card,52.35,Success,2025-08-20 07:23:21,2025-09-09 07:23:21
6087,6087,Apple Pay,87.56,Success,2026-06-16 11:40:21,2026-07-02 11:40:21
6088,6088,Google Pay,80.5,Success,2026-02-28 11:07:52,2026-03-18 11:07:52
6089,6089,Debit Card,98.65,Success,2026-04-21 07:17:47,2026-05-10 07:17:47
6090,6090,Cash,56.17,Success,2025-08-18 16:59:08,2025-08-23 16:59:08
6091,6091,Debit Card,16.47,Success,2026-06-04 05:16:51,2026-06-20 05:16:51
6092,6092,Apple Pay,25.86,Success,2025-08-14 05:15:28,2025-09-03 05:15:28
6093,6093,Credit Card,24.97,Success,2025-10-04 21:54:01,2025-10-30 21:54:01
6094,6094,Debit Card,107.0,Success,2025-12-14 16:15:06,2025-12-17 16:15:06
6095,6095,Credit Card,72.32,Success,2026-05-30 00:14:36,2026-06-03 00:14:36
6096,6096,Google Pay,5.89,Success,2025-08-03 10:24:48,2025-08-20 10:24:48
6097,6097,Apple Pay,88.59,Success,2025-10-30 13:47:48,2025-11-22 13:47:48
6098,6098,Cash,54.39,Success,2026-01-13 00:23:29,2026-01-19 00:23:29
6099,6099,Cash,3.78,Success,2026-02-03 05:18:33,2026-02-11 05:18:33
6100,6100,Apple Pay,51.15,Success,2026-04-01 03:18:48,2026-04-05 03:18:48
6101,6101,Google Pay,90.74,Success,2026-05-17 16:43:55,2026-05-26 16:43:55
6102,6102,Google Pay,40.41,Success,2026-02-10 02:40:20,2026-03-11 02:40:20
6103,6103,Credit Card,104.6,Success,2025-11-16 17:25:16,2025-12-12 17:25:16
6104,6104,Google Pay,35.62,Success,2025-12-18 12:44:44,2026-01-12 12:44:44
6105,6105,Cash,69.13,Success,2025-12-24 02:51:00,2026-01-07 02:51:00
6106,6106,Google Pay,49.42,Success,2025-12-13 08:23:35,2025-12-14 08:23:35
6107,6107,Google Pay,46.47,Success,2026-01-25 13:53:17,2026-02-19 13:53:17
6108,6108,Debit Card,80.12,Success,2026-06-03 04:45:43,2026-06-06 04:45:43
6109,6109,Credit Card,89.93,Success,2026-02-10 09:40:27,2026-02-12 09:40:27
6110,6110,Credit Card,90.73,Success,2025-08-27 11:52:41,2025-09-09 11:52:41
6111,6111,Google Pay,31.62,Success,2026-02-19 07:41:57,2026-03-20 07:41:57
6112,6112,Credit Card,105.12,Success,2026-05-30 20:35:15,2026-06-27 20:35:15
6113,6113,Cash,45.76,Success,2026-04-16 03:00:17,2026-05-05 03:00:17
6114,6114,Cash,70.03,Success,2025-10-03 07:59:29,2025-10-21 07:59:29
6115,6115,Credit Card,7.41,Success,2025-11-10 00:54:25,2025-11-17 00:54:25
6116,6116,Credit Card,33.83,Success,2026-02-24 03:51:16,2026-03-13 03:51:16
6117,6117,Credit Card,55.26,Success,2026-05-08 08:26:49,2026-05-16 08:26:49
6118,6118,Cash,119.96,Success,2026-03-30 02:04:59,2026-04-23 02:04:59
6119,6119,Google Pay,88.86,Success,2026-01-05 21:45:43,2026-01-31 21:45:43
6120,6120,Google Pay,86.7,Success,2025-11-22 15:15:44,2025-12-09 15:15:44
6121,6121,Debit Card,127.56,Success,2025-09-06 21:17:05,2025-10-02 21:17:05
6122,6122,Cash,101.9,Success,2026-01-26 06:54:40,2026-02-15 06:54:40
6123,6123,Credit Card,99.78,Success,2025-10-14 06:40:22,2025-10-19 06:40:22
6124,6124,Apple Pay,66.23,Success,2026-02-07 13:59:02,2026-02-26 13:59:02
6125,6125,Credit Card,25.15,Success,2025-08-14 10:48:08,2025-09-12 10:48:08
6126,6126,Google Pay,44.7,Success,2026-07-17 01:20:40,2026-07-20 01:20:40
6127,6127,Cash,3.72,Success,2026-04-10 07:58:40,2026-05-01 07:58:40
6128,6128,Debit Card,97.66,Success,2025-09-10 12:17:36,2025-10-02 12:17:36
6129,6129,Debit Card,41.35,Success,2026-07-04 01:06:20,2026-07-09 01:06:20
6130,6130,Cash,113.29,Success,2025-11-29 03:23:46,2025-12-13 03:23:46
6131,6131,Apple Pay,38.25,Success,2025-12-12 12:13:44,2025-12-23 12:13:44
6132,6132,Apple Pay,46.57,Success,2025-09-30 19:08:15,2025-10-04 19:08:15
6133,6133,Apple Pay,60.76,Success,2026-07-08 06:17:55,2026-07-30 06:17:55
6134,6134,Debit Card,50.91,Success,2025-09-24 14:57:53,2025-10-21 14:57:53
6135,6135,Cash,126.38,Success,2025-10-27 20:10:48,2025-11-18 20:10:48
6136,6136,Credit Card,43.13,Success,2026-04-06 19:40:55,2026-04-22 19:40:55
6137,6137,Apple Pay,100.7,Success,2025-11-10 12:25:38,2025-11-19 12:25:38
6138,6138,Cash,63.46,Success,2025-11-11 15:00:42,2025-11-26 15:00:42
6139,6139,Debit Card,45.5,Success,2025-12-16 09:55:11,2025-12-31 09:55:11
6140,6140,Cash,76.86,Success,2025-12-23 10:29:05,2026-01-11 10:29:05
6141,6141,Cash,50.52,Success,2025-08-23 16:32:01,2025-09-22 16:32:01
6142,6142,Apple Pay,4.42,Success,2025-08-10 13:21:32,2025-08-14 13:21:32
6143,6143,Debit Card,49.39,Success,2025-11-12 08:54:37,2025-11-23 08:54:37
6144,6144,Apple Pay,74.39,Success,2026-03-05 06:51:08,2026-03-07 06:51:08
6145,6145,Google Pay,68.1,Success,2026-03-15 13:30:27,2026-03-25 13:30:27
6146,6146,Apple Pay,93.78,Success,2026-05-19 02:12:59,2026-06-12 02:12:59
6147,6147,Apple Pay,8.34,Success,2026-01-27 12:30:19,2026-02-20 12:30:19
6148,6148,Cash,28.34,Success,2026-05-22 01:54:42,2026-05-23 01:54:42
6149,6149,Credit Card,52.47,Success,2025-09-10 00:36:44,2025-10-02 00:36:44
6150,6150,Apple Pay,49.29,Success,2025-10-24 08:28:06,2025-10-25 08:28:06
6151,6151,Google Pay,76.83,Success,2026-05-16 19:18:31,2026-05-31 19:18:31
6152,6152,Credit Card,75.54,Success,2026-04-08 13:35:00,2026-05-02 13:35:00
6153,6153,Credit Card,44.82,Success,2026-06-08 19:15:57,2026-06-12 19:15:57
6154,6154,Apple Pay,30.93,Success,2025-12-03 15:33:45,2025-12-13 15:33:45
6155,6155,Credit Card,116.94,Success,2025-11-28 04:05:00,2025-12-27 04:05:00
6156,6156,Debit Card,86.11,Success,2025-09-11 19:41:09,2025-09-16 19:41:09
6157,6157,Google Pay,72.77,Success,2026-07-12 11:25:46,2026-07-25 11:25:46
6158,6158,Google Pay,21.31,Success,2025-10-05 16:08:16,2025-10-31 16:08:16
6159,6159,Credit Card,56.79,Success,2026-04-06 05:39:02,2026-04-08 05:39:02
6160,6160,Google Pay,65.82,Success,2026-05-25 15:20:01,2026-06-24 15:20:01
6161,6161,Cash,98.85,Success,2026-06-28 02:55:34,2026-07-15 02:55:34
6162,6162,Google Pay,59.54,Success,2026-02-28 06:19:47,2026-03-21 06:19:47
6163,6163,Cash,37.37,Success,2025-11-26 23:12:25,2025-12-09 23:12:25
6164,6164,Cash,23.16,Success,2026-05-07 05:49:59,2026-05-10 05:49:59
6165,6165,Debit Card,8.58,Success,2026-06-29 19:20:09,2026-07-08 19:20:09
6166,6166,Debit Card,67.0,Success,2025-08-12 22:08:52,2025-09-01 22:08:52
6167,6167,Credit Card,79.41,Success,2025-09-22 18:17:45,2025-10-06 18:17:45
6168,6168,Credit Card,53.93,Success,2025-08-31 06:47:09,2025-09-08 06:47:09
6169,6169,Debit Card,106.89,Success,2026-02-27 12:22:40,2026-03-25 12:22:40
6170,6170,Apple Pay,126.24,Success,2026-06-28 22:16:44,2026-07-21 22:16:44
6171,6171,Google Pay,9.31,Success,2025-09-24 09:08:56,2025-10-05 09:08:56
6172,6172,Credit Card,6.29,Success,2026-06-01 00:29:33,2026-06-19 00:29:33
6173,6173,Apple Pay,46.63,Success,2025-09-11 09:13:26,2025-09-26 09:13:26
6174,6174,Debit Card,54.75,Success,2026-06-09 18:29:24,2026-06-16 18:29:24
6175,6175,Apple Pay,31.46,Success,2025-08-08 20:37:24,2025-08-24 20:37:24
6176,6176,Apple Pay,84.72,Success,2026-02-06 08:45:52,2026-03-02 08:45:52
6177,6177,Apple Pay,52.65,Success,2026-04-28 11:23:48,2026-05-21 11:23:48
6178,6178,Google Pay,109.89,Success,2026-05-07 08:30:39,2026-05-17 08:30:39
6179,6179,Apple Pay,8.29,Success,2026-06-14 11:05:30,2026-06-22 11:05:30
6180,6180,Google Pay,40.17,Success,2026-02-17 06:57:42,2026-03-05 06:57:42
6181,6181,Cash,103.23,Success,2026-03-08 22:32:39,2026-03-19 22:32:39
6182,6182,Apple Pay,25.81,Success,2025-09-12 02:38:49,2025-10-12 02:38:49
6183,6183,Credit Card,55.25,Success,2025-10-27 05:37:42,2025-11-21 05:37:42
6184,6184,Google Pay,73.83,Success,2025-07-21 15:35:09,2025-08-19 15:35:09
6185,6185,Debit Card,15.57,Success,2025-10-17 07:59:20,2025-10-27 07:59:20
6186,6186,Credit Card,61.37,Success,2026-02-23 23:04:42,2026-03-12 23:04:42
6187,6187,Credit Card,68.73,Success,2026-06-17 06:44:40,2026-07-17 06:44:40
6188,6188,Debit Card,56.81,Success,2025-10-31 02:56:38,2025-11-07 02:56:38
6189,6189,Google Pay,23.08,Success,2026-03-31 02:18:57,2026-04-27 02:18:57
6190,6190,Cash,51.4,Success,2025-08-31 06:17:11,2025-09-15 06:17:11
6191,6191,Apple Pay,17.65,Success,2025-11-29 19:22:59,2025-12-24 19:22:59
6192,6192,Debit Card,34.4,Success,2025-09-11 12:03:27,2025-09-17 12:03:27
6193,6193,Google Pay,53.15,Success,2026-01-04 09:12:07,2026-01-08 09:12:07
6194,6194,Apple Pay,14.27,Success,2025-11-27 01:50:53,2025-11-30 01:50:53
6195,6195,Google Pay,4.23,Success,2025-09-01 16:23:09,2025-09-09 16:23:09
6196,6196,Cash,31.28,Success,2025-09-22 15:21:55,2025-09-24 15:21:55
6197,6197,Apple Pay,53.84,Success,2025-11-19 03:48:39,2025-11-24 03:48:39
6198,6198,Debit Card,54.11,Success,2026-02-10 19:01:26,2026-03-04 19:01:26
6199,6199,Debit Card,104.87,Success,2026-04-07 00:18:54,2026-05-04 00:18:54
6200,6200,Apple Pay,73.22,Success,2025-11-24 14:19:55,2025-12-04 14:19:55
6201,6201,Cash,62.55,Success,2026-07-17 07:19:08,2026-08-09 07:19:08
6202,6202,Apple Pay,64.88,Success,2026-01-04 22:19:38,2026-01-10 22:19:38
6203,6203,Credit Card,29.63,Success,2025-12-27 17:22:18,2026-01-17 17:22:18
6204,6204,Debit Card,86.59,Success,2026-05-05 15:22:11,2026-05-14 15:22:11
6205,6205,Google Pay,75.8,Success,2025-10-31 05:18:37,2025-11-30 05:18:37
6206,6206,Debit Card,7.85,Success,2025-09-02 15:35:00,2025-09-10 15:35:00
6207,6207,Cash,48.44,Success,2025-08-18 18:56:56,2025-09-09 18:56:56
6208,6208,Cash,53.82,Success,2026-01-14 07:15:45,2026-01-20 07:15:45
6209,6209,Cash,31.33,Success,2025-09-29 15:43:29,2025-10-16 15:43:29
6210,6210,Cash,12.9,Success,2025-11-29 02:00:47,2025-12-27 02:00:47
6211,6211,Cash,48.78,Success,2026-06-20 23:30:49,2026-07-14 23:30:49
6212,6212,Cash,72.86,Success,2026-03-29 03:45:12,2026-04-06 03:45:12
6213,6213,Debit Card,21.71,Success,2025-08-29 12:38:38,2025-09-16 12:38:38
6214,6214,Cash,9.89,Success,2025-08-25 03:56:48,2025-08-27 03:56:48
6215,6215,Google Pay,94.95,Success,2025-11-01 20:19:19,2025-12-01 20:19:19
6216,6216,Google Pay,40.86,Success,2025-07-27 06:24:17,2025-08-25 06:24:17
6217,6217,Debit Card,38.54,Success,2026-06-30 15:31:45,2026-07-02 15:31:45
6218,6218,Credit Card,86.32,Success,2026-05-15 15:57:19,2026-05-17 15:57:19
6219,6219,Cash,32.01,Success,2025-08-31 11:22:22,2025-09-23 11:22:22
6220,6220,Cash,61.21,Success,2026-01-08 12:04:05,2026-01-27 12:04:05
6221,6221,Google Pay,59.93,Success,2026-05-11 07:45:51,2026-06-05 07:45:51
6222,6222,Google Pay,45.37,Success,2025-10-24 05:12:55,2025-10-31 05:12:55
6223,6223,Google Pay,34.29,Success,2025-09-12 11:41:56,2025-09-22 11:41:56
6224,6224,Google Pay,88.38,Success,2025-09-12 10:50:10,2025-09-20 10:50:10
6225,6225,Debit Card,77.62,Success,2026-02-07 09:53:39,2026-02-22 09:53:39
6226,6226,Apple Pay,100.61,Success,2025-08-25 01:24:40,2025-08-26 01:24:40
6227,6227,Apple Pay,26.92,Success,2025-08-17 17:42:41,2025-09-07 17:42:41
6228,6228,Cash,61.51,Success,2026-02-13 02:48:30,2026-03-05 02:48:30
6229,6229,Apple Pay,94.71,Success,2025-09-24 14:32:40,2025-10-04 14:32:40
6230,6230,Debit Card,97.05,Success,2025-12-09 05:58:47,2025-12-22 05:58:47
6231,6231,Credit Card,75.82,Success,2025-12-05 12:24:59,2025-12-21 12:24:59
6232,6232,Debit Card,12.5,Success,2026-05-13 11:47:44,2026-06-07 11:47:44
6233,6233,Cash,51.32,Success,2025-09-05 00:57:03,2025-09-11 00:57:03
6234,6234,Debit Card,98.41,Success,2026-06-11 10:06:58,2026-06-21 10:06:58
6235,6235,Apple Pay,29.43,Success,2025-12-13 01:13:32,2026-01-03 01:13:32
6236,6236,Google Pay,70.86,Success,2025-12-16 22:07:09,2026-01-08 22:07:09
6237,6237,Credit Card,21.32,Success,2025-07-31 08:01:24,2025-08-22 08:01:24
6238,6238,Apple Pay,58.38,Success,2025-07-27 20:11:07,2025-07-29 20:11:07
6239,6239,Cash,57.51,Success,2026-02-26 02:27:47,2026-03-04 02:27:47
6240,6240,Cash,71.83,Success,2026-05-15 22:12:30,2026-06-12 22:12:30
6241,6241,Apple Pay,32.03,Success,2025-09-26 21:46:51,2025-09-27 21:46:51
6242,6242,Credit Card,13.57,Success,2026-06-23 16:11:22,2026-06-27 16:11:22
6243,6243,Apple Pay,41.73,Success,2025-09-13 10:53:18,2025-10-11 10:53:18
6244,6244,Apple Pay,41.96,Success,2026-07-02 20:21:55,2026-07-08 20:21:55
6245,6245,Google Pay,7.93,Success,2025-09-24 09:44:34,2025-10-16 09:44:34
6246,6246,Cash,27.16,Success,2025-11-18 15:58:11,2025-12-18 15:58:11
6247,6247,Debit Card,46.45,Success,2026-04-30 15:06:04,2026-05-15 15:06:04
6248,6248,Google Pay,18.75,Success,2026-07-04 05:21:16,2026-07-13 05:21:16
6249,6249,Credit Card,75.57,Success,2025-11-08 05:25:51,2025-11-20 05:25:51
6250,6250,Credit Card,103.02,Success,2026-03-18 19:00:38,2026-03-21 19:00:38
6251,6251,Google Pay,41.36,Success,2026-05-05 19:15:39,2026-06-01 19:15:39
6252,6252,Credit Card,60.19,Success,2026-06-22 10:55:12,2026-07-08 10:55:12
6253,6253,Apple Pay,93.33,Success,2025-08-25 03:37:41,2025-09-18 03:37:41
6254,6254,Cash,75.75,Success,2026-06-19 22:37:19,2026-07-18 22:37:19
6255,6255,Credit Card,32.52,Success,2026-03-15 12:35:51,2026-03-27 12:35:51
6256,6256,Debit Card,91.46,Success,2026-02-07 15:18:46,2026-02-21 15:18:46
6257,6257,Google Pay,13.3,Success,2026-07-11 18:56:37,2026-07-24 18:56:37
6258,6258,Apple Pay,16.39,Success,2026-01-08 15:51:51,2026-01-29 15:51:51
6259,6259,Credit Card,44.38,Success,2026-07-02 12:34:31,2026-07-12 12:34:31
6260,6260,Apple Pay,17.3,Success,2026-07-06 10:30:23,2026-07-25 10:30:23
6261,6261,Credit Card,78.72,Success,2025-07-31 01:36:54,2025-08-25 01:36:54
6262,6262,Debit Card,37.88,Success,2026-05-04 20:45:59,2026-05-21 20:45:59
6263,6263,Debit Card,51.9,Success,2026-02-02 00:15:33,2026-02-15 00:15:33
6264,6264,Cash,66.45,Success,2025-10-01 11:19:27,2025-10-21 11:19:27
6265,6265,Google Pay,62.01,Success,2026-04-24 08:34:05,2026-05-15 08:34:05
6266,6266,Google Pay,50.32,Success,2025-09-15 02:10:49,2025-10-01 02:10:49
6267,6267,Credit Card,36.56,Success,2026-05-28 00:49:58,2026-06-24 00:49:58
6268,6268,Apple Pay,23.01,Success,2026-01-09 01:13:02,2026-01-17 01:13:02
6269,6269,Cash,54.43,Success,2026-03-27 13:53:16,2026-04-03 13:53:16
6270,6270,Debit Card,74.5,Success,2026-06-29 03:17:28,2026-07-07 03:17:28
6271,6271,Credit Card,24.12,Success,2025-10-08 07:09:46,2025-10-31 07:09:46
6272,6272,Apple Pay,19.43,Success,2025-12-12 18:41:50,2026-01-05 18:41:50
6273,6273,Apple Pay,31.4,Success,2025-10-20 20:15:56,2025-11-13 20:15:56
6274,6274,Cash,45.17,Success,2026-05-17 20:27:14,2026-05-27 20:27:14
6275,6275,Google Pay,18.41,Success,2025-12-31 20:21:15,2026-01-26 20:21:15
6276,6276,Google Pay,9.81,Success,2025-08-09 22:41:27,2025-09-02 22:41:27
6277,6277,Credit Card,31.98,Success,2026-02-26 09:18:47,2026-03-07 09:18:47
6278,6278,Apple Pay,32.64,Success,2026-04-28 09:09:50,2026-05-18 09:09:50
6279,6279,Credit Card,37.29,Success,2025-12-05 04:59:54,2025-12-13 04:59:54
6280,6280,Debit Card,65.17,Success,2026-06-21 15:24:46,2026-06-29 15:24:46
6281,6281,Google Pay,11.71,Success,2026-07-02 00:02:30,2026-07-22 00:02:30
6282,6282,Apple Pay,47.68,Success,2026-06-07 22:35:52,2026-06-10 22:35:52
6283,6283,Cash,68.23,Success,2026-03-21 03:52:58,2026-04-13 03:52:58
6284,6284,Debit Card,102.66,Success,2026-04-22 06:21:23,2026-05-12 06:21:23
6285,6285,Apple Pay,81.73,Success,2026-04-08 05:45:54,2026-04-23 05:45:54
6286,6286,Apple Pay,13.7,Success,2026-03-02 01:45:48,2026-03-11 01:45:48
6287,6287,Credit Card,15.99,Success,2026-02-11 04:41:11,2026-03-03 04:41:11
6288,6288,Credit Card,57.26,Success,2026-06-27 12:22:06,2026-07-20 12:22:06
6289,6289,Apple Pay,111.17,Success,2025-09-28 13:52:46,2025-10-13 13:52:46
6290,6290,Credit Card,60.15,Success,2026-06-23 04:36:13,2026-07-03 04:36:13
6291,6291,Apple Pay,127.82,Success,2026-04-01 14:57:25,2026-04-20 14:57:25
6292,6292,Apple Pay,19.56,Success,2025-09-22 10:24:36,2025-09-23 10:24:36
6293,6293,Cash,37.9,Success,2026-03-28 07:29:30,2026-04-07 07:29:30
6294,6294,Google Pay,23.38,Success,2026-03-10 02:04:10,2026-03-24 02:04:10
6295,6295,Cash,19.45,Success,2025-11-26 09:23:39,2025-12-12 09:23:39
6296,6296,Credit Card,76.85,Success,2025-07-21 23:45:33,2025-08-17 23:45:33
6297,6297,Google Pay,42.91,Success,2026-07-19 14:26:32,2026-08-16 14:26:32
6298,6298,Credit Card,134.39,Success,2026-01-14 02:25:10,2026-01-29 02:25:10
6299,6299,Cash,44.49,Success,2025-10-16 13:20:16,2025-10-26 13:20:16
6300,6300,Credit Card,93.99,Success,2026-03-02 12:33:10,2026-03-10 12:33:10
6301,6301,Google Pay,25.2,Success,2026-01-21 19:51:23,2026-02-17 19:51:23
6302,6302,Cash,37.04,Success,2026-07-04 15:00:16,2026-07-22 15:00:16
6303,6303,Debit Card,54.56,Success,2025-07-23 07:15:41,2025-08-17 07:15:41
6304,6304,Cash,75.26,Success,2026-02-18 20:03:53,2026-02-23 20:03:53
6305,6305,Debit Card,99.47,Success,2026-01-09 18:36:30,2026-01-24 18:36:30
6306,6306,Debit Card,24.43,Success,2026-05-13 08:17:21,2026-05-31 08:17:21
6307,6307,Apple Pay,35.77,Success,2026-05-26 21:48:41,2026-06-20 21:48:41
6308,6308,Apple Pay,81.18,Success,2025-10-24 17:15:08,2025-11-09 17:15:08
6309,6309,Google Pay,53.2,Success,2026-05-12 01:05:45,2026-05-29 01:05:45
6310,6310,Credit Card,13.16,Success,2025-12-07 03:56:42,2025-12-17 03:56:42
6311,6311,Google Pay,6.92,Success,2025-12-29 13:40:20,2026-01-21 13:40:20
6312,6312,Credit Card,28.91,Success,2025-10-27 01:21:56,2025-10-28 01:21:56
6313,6313,Debit Card,84.85,Success,2025-08-27 21:48:14,2025-08-31 21:48:14
6314,6314,Cash,85.23,Success,2025-09-22 06:13:03,2025-10-12 06:13:03
6315,6315,Credit Card,96.95,Success,2026-03-15 09:02:45,2026-03-30 09:02:45
6316,6316,Credit Card,43.48,Success,2025-08-09 00:00:32,2025-08-18 00:00:32
6317,6317,Cash,28.96,Success,2026-02-18 20:20:54,2026-03-07 20:20:54
6318,6318,Google Pay,24.49,Success,2025-08-15 00:45:21,2025-08-30 00:45:21
6319,6319,Apple Pay,68.15,Success,2025-07-25 14:45:17,2025-08-14 14:45:17
6320,6320,Apple Pay,17.9,Success,2026-06-12 15:49:07,2026-07-08 15:49:07
6321,6321,Debit Card,19.72,Success,2026-03-11 22:04:46,2026-03-29 22:04:46
6322,6322,Credit Card,32.18,Success,2026-01-25 21:02:31,2026-01-27 21:02:31
6323,6323,Debit Card,62.62,Success,2025-09-13 02:40:55,2025-09-15 02:40:55
6324,6324,Google Pay,19.89,Success,2025-12-28 13:37:14,2026-01-01 13:37:14
6325,6325,Cash,99.92,Success,2026-05-31 13:39:20,2026-06-20 13:39:20
6326,6326,Google Pay,82.98,Success,2025-09-18 13:18:36,2025-09-23 13:18:36
6327,6327,Apple Pay,23.97,Success,2026-06-18 12:05:02,2026-07-06 12:05:02
6328,6328,Credit Card,26.92,Success,2026-04-02 18:34:21,2026-04-21 18:34:21
6329,6329,Google Pay,117.51,Success,2025-11-14 14:45:57,2025-11-23 14:45:57
6330,6330,Google Pay,12.57,Success,2026-04-28 00:17:20,2026-05-05 00:17:20
6331,6331,Google Pay,9.31,Success,2026-05-06 07:17:11,2026-06-02 07:17:11
6332,6332,Apple Pay,59.35,Success,2025-09-22 22:42:46,2025-10-22 22:42:46
6333,6333,Apple Pay,2.89,Success,2026-06-10 16:05:22,2026-06-30 16:05:22
6334,6334,Apple Pay,91.64,Success,2026-01-02 05:06:07,2026-01-23 05:06:07
6335,6335,Credit Card,13.24,Success,2025-11-21 12:13:21,2025-12-11 12:13:21
6336,6336,Credit Card,52.21,Success,2025-11-29 19:26:49,2025-12-07 19:26:49
6337,6337,Google Pay,110.43,Success,2025-12-03 16:54:22,2025-12-27 16:54:22
6338,6338,Debit Card,38.47,Success,2026-03-30 04:51:37,2026-04-21 04:51:37
6339,6339,Google Pay,95.7,Success,2025-11-22 03:13:22,2025-12-13 03:13:22
6340,6340,Debit Card,106.57,Success,2025-08-12 01:11:43,2025-08-20 01:11:43
6341,6341,Debit Card,21.42,Success,2025-10-15 23:33:27,2025-10-30 23:33:27
6342,6342,Cash,79.97,Success,2026-05-12 02:46:31,2026-06-03 02:46:31
6343,6343,Debit Card,81.29,Success,2025-10-26 00:19:26,2025-11-10 00:19:26
6344,6344,Cash,67.85,Success,2026-01-30 16:56:46,2026-02-19 16:56:46
6345,6345,Cash,100.54,Success,2025-07-28 17:06:19,2025-07-29 17:06:19
6346,6346,Google Pay,3.77,Success,2026-01-31 02:43:43,2026-02-28 02:43:43
6347,6347,Apple Pay,41.83,Success,2026-03-04 14:57:04,2026-03-09 14:57:04
6348,6348,Apple Pay,20.44,Success,2026-03-05 10:11:31,2026-03-25 10:11:31
6349,6349,Cash,19.44,Success,2025-09-07 14:03:15,2025-10-05 14:03:15
6350,6350,Apple Pay,75.13,Success,2026-03-13 12:18:13,2026-03-26 12:18:13
6351,6351,Apple Pay,11.36,Success,2025-10-19 15:12:02,2025-11-06 15:12:02
6352,6352,Apple Pay,67.52,Success,2026-02-23 19:59:02,2026-02-27 19:59:02
6353,6353,Credit Card,29.76,Success,2025-08-10 04:21:45,2025-08-27 04:21:45
6354,6354,Google Pay,37.81,Success,2025-08-10 13:26:59,2025-08-17 13:26:59
6355,6355,Apple Pay,27.99,Success,2026-04-29 04:25:34,2026-05-04 04:25:34
6356,6356,Credit Card,36.22,Success,2025-12-19 02:56:57,2026-01-01 02:56:57
6357,6357,Debit Card,29.33,Success,2025-09-29 06:56:28,2025-10-04 06:56:28
6358,6358,Cash,28.36,Success,2026-05-14 02:41:15,2026-05-28 02:41:15
6359,6359,Google Pay,65.92,Success,2026-03-29 07:54:12,2026-04-16 07:54:12
6360,6360,Cash,94.74,Success,2025-08-04 15:44:57,2025-08-19 15:44:57
6361,6361,Google Pay,58.34,Success,2026-02-20 22:18:42,2026-03-17 22:18:42
6362,6362,Debit Card,13.89,Success,2026-01-05 13:01:55,2026-01-18 13:01:55
6363,6363,Credit Card,73.65,Success,2026-05-26 01:07:18,2026-06-09 01:07:18
6364,6364,Google Pay,52.14,Success,2026-07-09 03:23:46,2026-08-01 03:23:46
6365,6365,Cash,68.98,Success,2025-10-31 20:06:02,2025-11-01 20:06:02
6366,6366,Debit Card,67.5,Success,2026-07-01 15:18:21,2026-07-18 15:18:21
6367,6367,Cash,35.52,Success,2025-09-03 03:07:24,2025-09-24 03:07:24
6368,6368,Cash,89.38,Success,2025-11-01 16:45:28,2025-11-08 16:45:28
6369,6369,Google Pay,17.71,Success,2026-02-27 03:50:09,2026-02-28 03:50:09
6370,6370,Cash,25.62,Success,2026-01-14 21:53:20,2026-02-11 21:53:20
6371,6371,Credit Card,73.35,Success,2026-06-20 04:09:23,2026-07-02 04:09:23
6372,6372,Credit Card,54.05,Success,2025-11-11 01:01:43,2025-12-06 01:01:43
6373,6373,Google Pay,47.66,Success,2025-10-21 09:20:50,2025-10-28 09:20:50
6374,6374,Debit Card,77.59,Success,2026-04-26 16:08:14,2026-05-06 16:08:14
6375,6375,Cash,40.65,Success,2026-07-14 22:34:57,2026-08-04 22:34:57
6376,6376,Cash,87.41,Success,2026-04-19 08:57:41,2026-05-15 08:57:41
6377,6377,Cash,22.47,Success,2025-08-06 09:11:43,2025-08-17 09:11:43
6378,6378,Credit Card,4.95,Success,2025-12-12 00:44:33,2025-12-21 00:44:33
6379,6379,Apple Pay,97.56,Success,2025-11-24 22:22:29,2025-12-11 22:22:29
6380,6380,Debit Card,22.52,Success,2026-03-17 08:38:19,2026-04-15 08:38:19
6381,6381,Apple Pay,44.46,Success,2025-10-21 06:47:01,2025-10-22 06:47:01
6382,6382,Google Pay,70.85,Success,2026-02-01 21:48:21,2026-02-25 21:48:21
6383,6383,Debit Card,83.75,Success,2026-06-06 02:45:38,2026-07-01 02:45:38
6384,6384,Apple Pay,8.84,Success,2026-06-12 06:13:27,2026-07-04 06:13:27
6385,6385,Google Pay,75.4,Success,2025-12-17 20:14:13,2025-12-21 20:14:13
6386,6386,Google Pay,41.82,Success,2025-08-13 18:54:42,2025-08-25 18:54:42
6387,6387,Cash,23.57,Success,2026-03-08 11:18:00,2026-03-13 11:18:00
6388,6388,Apple Pay,49.85,Success,2025-12-04 10:26:59,2025-12-29 10:26:59
6389,6389,Debit Card,94.92,Success,2026-03-06 01:18:01,2026-03-31 01:18:01
6390,6390,Credit Card,85.07,Success,2025-11-26 23:00:30,2025-12-05 23:00:30
6391,6391,Cash,106.78,Success,2026-02-17 17:49:02,2026-03-08 17:49:02
6392,6392,Credit Card,30.61,Success,2025-08-03 12:47:29,2025-08-12 12:47:29
6393,6393,Credit Card,10.55,Success,2025-09-21 22:07:24,2025-10-11 22:07:24
6394,6394,Google Pay,53.44,Success,2026-04-29 13:24:26,2026-05-25 13:24:26
6395,6395,Google Pay,86.01,Success,2026-06-07 07:10:49,2026-06-26 07:10:49
6396,6396,Credit Card,33.82,Success,2026-05-05 09:42:54,2026-05-28 09:42:54
6397,6397,Cash,90.37,Success,2026-06-05 04:39:09,2026-06-13 04:39:09
6398,6398,Cash,80.95,Success,2026-06-26 12:46:44,2026-07-23 12:46:44
6399,6399,Cash,66.97,Success,2026-02-11 01:02:51,2026-02-27 01:02:51
6400,6400,Debit Card,36.82,Success,2025-12-03 20:12:17,2025-12-13 20:12:17
6401,6401,Cash,31.41,Success,2026-01-09 15:22:27,2026-01-28 15:22:27
6402,6402,Credit Card,28.58,Success,2026-04-27 09:55:30,2026-05-03 09:55:30
6403,6403,Google Pay,79.34,Success,2026-02-12 15:12:22,2026-02-25 15:12:22
6404,6404,Cash,50.82,Success,2025-11-09 04:03:15,2025-11-14 04:03:15
6405,6405,Debit Card,45.5,Success,2026-02-15 22:34:13,2026-03-15 22:34:13
6406,6406,Debit Card,42.56,Success,2025-09-11 00:52:55,2025-09-15 00:52:55
6407,6407,Apple Pay,62.34,Success,2026-06-16 15:31:31,2026-06-21 15:31:31
6408,6408,Apple Pay,16.72,Success,2026-01-06 04:49:55,2026-01-24 04:49:55
6409,6409,Debit Card,57.92,Success,2026-06-22 04:50:41,2026-06-26 04:50:41
6410,6410,Credit Card,60.44,Success,2026-06-29 21:01:09,2026-07-22 21:01:09
6411,6411,Debit Card,80.23,Success,2025-10-30 01:56:24,2025-11-10 01:56:24
6412,6412,Credit Card,37.3,Success,2025-12-14 19:42:52,2025-12-17 19:42:52
6413,6413,Debit Card,94.86,Success,2026-04-17 15:48:39,2026-05-11 15:48:39
6414,6414,Apple Pay,97.65,Success,2025-11-22 15:20:13,2025-11-23 15:20:13
6415,6415,Cash,32.5,Success,2025-08-14 06:50:52,2025-09-09 06:50:52
6416,6416,Cash,53.66,Success,2026-05-31 21:52:48,2026-06-17 21:52:48
6417,6417,Debit Card,69.83,Success,2026-05-16 04:21:53,2026-05-25 04:21:53
6418,6418,Credit Card,2.99,Success,2025-09-28 00:01:21,2025-10-04 00:01:21
6419,6419,Google Pay,37.79,Success,2026-06-15 09:09:41,2026-06-26 09:09:41
6420,6420,Google Pay,4.91,Success,2025-07-22 18:27:10,2025-08-09 18:27:10
6421,6421,Cash,44.68,Success,2026-06-12 14:50:15,2026-07-11 14:50:15
6422,6422,Debit Card,129.3,Success,2025-08-26 17:20:01,2025-09-15 17:20:01
6423,6423,Google Pay,34.9,Success,2025-09-11 21:20:37,2025-09-27 21:20:37
6424,6424,Debit Card,56.97,Success,2025-10-22 06:27:47,2025-11-12 06:27:47
6425,6425,Credit Card,105.66,Success,2026-04-26 14:56:04,2026-05-14 14:56:04
6426,6426,Cash,84.31,Success,2026-04-03 22:21:59,2026-04-05 22:21:59
6427,6427,Apple Pay,55.66,Success,2025-08-26 14:42:10,2025-09-01 14:42:10
6428,6428,Google Pay,90.44,Success,2026-07-08 05:23:03,2026-07-28 05:23:03
6429,6429,Cash,28.69,Success,2026-04-17 23:26:52,2026-05-12 23:26:52
6430,6430,Cash,112.92,Success,2025-09-23 18:01:56,2025-09-30 18:01:56
6431,6431,Cash,24.56,Success,2026-06-15 19:22:01,2026-07-05 19:22:01
6432,6432,Apple Pay,70.53,Success,2025-11-05 12:27:52,2025-11-25 12:27:52
6433,6433,Apple Pay,16.0,Success,2025-10-17 05:20:32,2025-10-23 05:20:32
6434,6434,Apple Pay,62.86,Success,2026-04-28 06:36:32,2026-04-30 06:36:32
6435,6435,Apple Pay,42.45,Success,2025-11-15 02:04:29,2025-12-08 02:04:29
6436,6436,Google Pay,40.56,Success,2026-03-25 01:43:57,2026-04-12 01:43:57
6437,6437,Google Pay,65.0,Success,2025-10-02 01:00:16,2025-10-28 01:00:16
6438,6438,Apple Pay,25.74,Success,2025-09-01 10:28:19,2025-09-08 10:28:19
6439,6439,Debit Card,60.16,Success,2025-07-26 23:33:18,2025-08-24 23:33:18
6440,6440,Credit Card,91.89,Success,2025-07-23 11:43:32,2025-08-04 11:43:32
6441,6441,Apple Pay,47.87,Success,2026-05-17 23:31:59,2026-06-16 23:31:59
6442,6442,Debit Card,47.21,Success,2025-10-23 10:42:48,2025-11-07 10:42:48
6443,6443,Google Pay,63.37,Success,2026-04-09 14:14:26,2026-05-05 14:14:26
6444,6444,Credit Card,51.89,Success,2025-12-30 11:17:43,2026-01-17 11:17:43
6445,6445,Cash,71.25,Success,2026-04-06 01:45:08,2026-04-24 01:45:08
6446,6446,Google Pay,41.0,Success,2025-11-13 04:39:58,2025-12-02 04:39:58
6447,6447,Cash,67.42,Success,2025-12-29 16:41:38,2026-01-03 16:41:38
6448,6448,Credit Card,15.79,Success,2025-08-13 16:34:12,2025-08-31 16:34:12
6449,6449,Cash,23.5,Success,2025-12-29 12:17:26,2025-12-31 12:17:26
6450,6450,Credit Card,123.67,Success,2025-10-31 06:21:01,2025-11-02 06:21:01
6451,6451,Cash,58.34,Success,2025-10-07 12:50:17,2025-11-02 12:50:17
6452,6452,Google Pay,61.95,Success,2026-04-26 05:35:09,2026-05-11 05:35:09
6453,6453,Debit Card,70.43,Success,2026-02-08 12:22:26,2026-02-19 12:22:26
6454,6454,Debit Card,31.83,Success,2026-07-01 14:40:25,2026-07-05 14:40:25
6455,6455,Credit Card,47.21,Success,2026-02-19 18:10:06,2026-02-25 18:10:06
6456,6456,Credit Card,111.63,Success,2025-12-08 00:11:44,2025-12-16 00:11:44
6457,6457,Debit Card,55.3,Success,2026-05-20 02:55:23,2026-06-19 02:55:23
6458,6458,Cash,72.29,Success,2025-12-03 20:36:56,2025-12-05 20:36:56
6459,6459,Debit Card,22.21,Success,2026-05-11 18:38:05,2026-05-18 18:38:05
6460,6460,Credit Card,81.47,Success,2025-09-18 20:15:08,2025-10-14 20:15:08
6461,6461,Apple Pay,105.13,Success,2025-12-24 17:06:04,2026-01-02 17:06:04
6462,6462,Google Pay,87.13,Success,2025-10-16 09:50:59,2025-11-09 09:50:59
6463,6463,Credit Card,15.91,Success,2026-01-06 15:33:54,2026-02-02 15:33:54
6464,6464,Credit Card,73.48,Success,2025-09-13 07:09:24,2025-10-03 07:09:24
6465,6465,Debit Card,38.93,Success,2025-11-01 09:02:29,2025-11-17 09:02:29
6466,6466,Google Pay,17.58,Success,2025-11-30 19:16:33,2025-12-18 19:16:33
6467,6467,Cash,58.15,Success,2026-06-10 05:26:48,2026-06-27 05:26:48
6468,6468,Credit Card,32.88,Success,2026-04-28 12:59:35,2026-04-29 12:59:35
6469,6469,Credit Card,86.53,Success,2026-05-15 20:44:42,2026-06-11 20:44:42
6470,6470,Apple Pay,67.76,Success,2026-06-14 15:14:05,2026-06-25 15:14:05
6471,6471,Google Pay,122.15,Success,2026-04-24 07:43:10,2026-05-23 07:43:10
6472,6472,Google Pay,124.42,Success,2026-04-28 15:00:30,2026-05-24 15:00:30
6473,6473,Debit Card,15.95,Success,2026-05-10 13:32:12,2026-06-05 13:32:12
6474,6474,Credit Card,25.72,Success,2026-05-18 06:15:56,2026-06-13 06:15:56
6475,6475,Credit Card,54.65,Success,2025-10-23 10:42:30,2025-11-04 10:42:30
6476,6476,Cash,22.3,Success,2026-04-22 04:49:46,2026-05-20 04:49:46
6477,6477,Credit Card,1.99,Success,2026-01-05 18:34:45,2026-01-25 18:34:45
6478,6478,Apple Pay,49.63,Success,2025-08-24 22:09:21,2025-09-09 22:09:21
6479,6479,Google Pay,38.35,Success,2026-05-04 05:42:44,2026-05-27 05:42:44
6480,6480,Google Pay,19.11,Success,2025-08-05 10:47:46,2025-08-16 10:47:46
6481,6481,Cash,25.45,Success,2025-07-26 01:01:42,2025-08-10 01:01:42
6482,6482,Credit Card,36.4,Success,2026-05-24 08:06:47,2026-06-21 08:06:47
6483,6483,Debit Card,121.57,Success,2026-05-15 20:42:41,2026-05-20 20:42:41
6484,6484,Credit Card,52.61,Success,2025-08-26 06:43:09,2025-08-29 06:43:09
6485,6485,Apple Pay,27.08,Success,2025-11-28 16:10:31,2025-12-09 16:10:31
6486,6486,Credit Card,77.52,Success,2026-01-01 01:24:00,2026-01-16 01:24:00
6487,6487,Google Pay,30.97,Success,2026-07-15 12:48:54,2026-08-05 12:48:54
6488,6488,Credit Card,54.82,Success,2025-07-24 19:24:50,2025-08-13 19:24:50
6489,6489,Debit Card,42.58,Success,2025-10-19 20:05:26,2025-11-16 20:05:26
6490,6490,Debit Card,49.88,Success,2026-03-06 19:45:08,2026-03-20 19:45:08
6491,6491,Cash,18.25,Success,2026-06-21 12:54:14,2026-07-12 12:54:14
6492,6492,Apple Pay,51.46,Success,2025-11-01 15:06:33,2025-11-02 15:06:33
6493,6493,Credit Card,49.51,Success,2026-04-01 18:02:29,2026-04-15 18:02:29
6494,6494,Credit Card,37.91,Success,2025-11-01 21:58:14,2025-11-25 21:58:14
6495,6495,Apple Pay,74.2,Success,2025-12-31 06:06:11,2026-01-20 06:06:11
6496,6496,Cash,68.57,Success,2026-03-09 16:45:19,2026-03-14 16:45:19
6497,6497,Debit Card,60.41,Success,2026-01-20 17:52:26,2026-02-08 17:52:26
6498,6498,Debit Card,14.3,Success,2025-07-24 06:20:25,2025-07-27 06:20:25
6499,6499,Debit Card,64.76,Success,2026-03-27 22:38:21,2026-04-20 22:38:21
6500,6500,Google Pay,57.23,Success,2025-08-10 15:51:23,2025-08-27 15:51:23
6501,6501,Debit Card,75.39,Success,2025-09-05 00:05:51,2025-10-05 00:05:51
6502,6502,Google Pay,113.05,Success,2026-01-07 02:01:39,2026-01-30 02:01:39
6503,6503,Google Pay,103.63,Success,2026-03-01 14:32:33,2026-03-16 14:32:33
6504,6504,Credit Card,43.17,Success,2025-10-29 00:25:55,2025-11-12 00:25:55
6505,6505,Cash,10.09,Success,2025-11-28 22:07:47,2025-12-20 22:07:47
6506,6506,Cash,32.58,Success,2026-03-07 02:00:13,2026-03-19 02:00:13
6507,6507,Apple Pay,52.06,Success,2026-01-07 04:26:01,2026-01-27 04:26:01
6508,6508,Credit Card,88.31,Success,2025-11-14 02:29:15,2025-11-21 02:29:15
6509,6509,Credit Card,125.81,Success,2026-03-09 19:52:42,2026-03-17 19:52:42
6510,6510,Credit Card,66.34,Success,2025-12-13 10:38:01,2026-01-09 10:38:01
6511,6511,Cash,59.58,Success,2026-07-20 15:04:20,2026-08-09 15:04:20
6512,6512,Google Pay,26.02,Success,2025-09-30 19:01:23,2025-10-11 19:01:23
6513,6513,Credit Card,14.07,Success,2025-12-10 23:26:32,2025-12-21 23:26:32
6514,6514,Debit Card,22.25,Success,2025-12-19 01:31:55,2026-01-09 01:31:55
6515,6515,Cash,76.51,Success,2025-10-16 04:01:10,2025-10-24 04:01:10
6516,6516,Debit Card,95.22,Success,2026-01-02 06:22:52,2026-01-22 06:22:52
6517,6517,Google Pay,83.06,Success,2025-08-26 14:16:42,2025-08-30 14:16:42
6518,6518,Cash,67.63,Success,2026-01-27 01:21:41,2026-02-05 01:21:41
6519,6519,Google Pay,83.51,Success,2025-10-03 11:27:52,2025-10-12 11:27:52
6520,6520,Credit Card,29.05,Success,2026-03-14 07:21:53,2026-03-28 07:21:53
6521,6521,Credit Card,21.79,Success,2026-07-10 00:53:11,2026-07-29 00:53:11
6522,6522,Debit Card,50.1,Success,2025-09-08 02:16:59,2025-10-02 02:16:59
6523,6523,Google Pay,81.09,Success,2026-04-06 06:26:39,2026-04-17 06:26:39
6524,6524,Apple Pay,86.76,Success,2025-12-28 10:08:20,2025-12-30 10:08:20
6525,6525,Debit Card,52.28,Success,2025-12-12 15:47:18,2025-12-24 15:47:18
6526,6526,Google Pay,46.39,Success,2026-05-31 09:21:18,2026-06-07 09:21:18
6527,6527,Debit Card,27.54,Success,2025-09-30 04:38:08,2025-10-26 04:38:08
6528,6528,Debit Card,47.18,Success,2025-09-27 18:22:42,2025-09-29 18:22:42
6529,6529,Google Pay,63.42,Success,2026-07-05 02:09:13,2026-07-11 02:09:13
6530,6530,Credit Card,130.21,Success,2025-11-24 07:55:28,2025-12-05 07:55:28
6531,6531,Google Pay,74.61,Success,2026-06-14 07:52:07,2026-06-24 07:52:07
6532,6532,Debit Card,4.65,Success,2026-03-15 19:58:56,2026-04-02 19:58:56
6533,6533,Debit Card,55.58,Success,2025-11-26 16:48:08,2025-12-05 16:48:08
6534,6534,Apple Pay,35.11,Success,2025-09-25 19:26:16,2025-10-12 19:26:16
6535,6535,Apple Pay,29.0,Success,2026-06-02 11:44:56,2026-07-02 11:44:56
6536,6536,Debit Card,50.79,Success,2025-08-06 19:23:35,2025-09-02 19:23:35
6537,6537,Debit Card,31.48,Success,2026-04-29 12:40:31,2026-05-12 12:40:31
6538,6538,Credit Card,37.09,Success,2025-08-30 14:38:47,2025-09-01 14:38:47
6539,6539,Google Pay,75.28,Success,2026-04-01 16:45:01,2026-04-06 16:45:01
6540,6540,Credit Card,41.23,Success,2026-05-29 15:10:43,2026-06-15 15:10:43
6541,6541,Debit Card,9.59,Success,2025-11-27 14:16:51,2025-11-28 14:16:51
6542,6542,Credit Card,48.79,Success,2026-01-01 16:19:17,2026-01-23 16:19:17
6543,6543,Cash,60.28,Success,2026-04-16 12:33:51,2026-05-12 12:33:51
6544,6544,Credit Card,45.54,Success,2025-12-10 20:14:18,2025-12-18 20:14:18
6545,6545,Google Pay,75.13,Success,2025-07-29 22:26:34,2025-08-23 22:26:34
6546,6546,Google Pay,25.99,Success,2026-01-06 11:37:47,2026-01-19 11:37:47
6547,6547,Google Pay,30.44,Success,2026-07-07 09:27:02,2026-07-17 09:27:02
6548,6548,Apple Pay,98.98,Success,2025-09-17 15:28:34,2025-09-27 15:28:34
6549,6549,Apple Pay,12.21,Success,2026-06-19 07:11:21,2026-07-14 07:11:21
6550,6550,Credit Card,91.12,Success,2026-02-18 09:52:50,2026-03-06 09:52:50
6551,6551,Debit Card,66.3,Success,2025-09-08 06:55:55,2025-09-18 06:55:55
6552,6552,Apple Pay,56.79,Success,2026-04-10 05:32:26,2026-04-16 05:32:26
6553,6553,Cash,49.23,Success,2025-07-31 04:16:43,2025-08-12 04:16:43
6554,6554,Debit Card,21.07,Success,2026-05-30 20:26:01,2026-06-15 20:26:01
6555,6555,Debit Card,27.73,Success,2026-04-20 03:15:18,2026-05-18 03:15:18
6556,6556,Apple Pay,88.48,Success,2025-11-03 01:49:11,2025-11-22 01:49:11
6557,6557,Google Pay,7.49,Success,2026-01-08 03:25:35,2026-02-06 03:25:35
6558,6558,Apple Pay,75.65,Success,2025-09-09 16:50:30,2025-09-21 16:50:30
6559,6559,Cash,103.66,Success,2026-06-09 10:34:19,2026-06-13 10:34:19
6560,6560,Credit Card,68.81,Success,2025-12-06 17:18:22,2025-12-15 17:18:22
6561,6561,Cash,13.73,Success,2025-07-20 14:17:51,2025-08-17 14:17:51
6562,6562,Credit Card,34.34,Success,2025-11-23 04:50:16,2025-12-07 04:50:16
6563,6563,Cash,37.03,Success,2026-05-22 10:29:13,2026-06-15 10:29:13
6564,6564,Google Pay,64.85,Success,2026-02-06 12:57:30,2026-03-02 12:57:30
6565,6565,Google Pay,51.3,Success,2026-06-15 08:30:56,2026-06-20 08:30:56
6566,6566,Credit Card,67.75,Success,2025-07-31 05:44:19,2025-08-21 05:44:19
6567,6567,Google Pay,6.64,Success,2026-05-09 06:22:43,2026-05-26 06:22:43
6568,6568,Apple Pay,80.33,Success,2026-02-02 02:31:49,2026-02-15 02:31:49
6569,6569,Credit Card,88.27,Success,2026-04-04 16:37:15,2026-05-02 16:37:15
6570,6570,Apple Pay,91.99,Success,2026-02-22 16:55:49,2026-03-22 16:55:49
6571,6571,Credit Card,40.06,Success,2025-10-13 08:01:48,2025-10-28 08:01:48
6572,6572,Google Pay,29.45,Success,2026-01-12 21:57:47,2026-02-06 21:57:47
6573,6573,Google Pay,8.35,Success,2026-07-14 14:52:08,2026-08-09 14:52:08
6574,6574,Credit Card,41.37,Success,2026-02-03 09:03:14,2026-02-17 09:03:14
6575,6575,Google Pay,3.85,Success,2025-09-26 16:10:53,2025-09-28 16:10:53
6576,6576,Credit Card,17.62,Success,2025-09-14 07:17:40,2025-10-14 07:17:40
6577,6577,Credit Card,17.26,Success,2025-11-30 17:05:30,2025-12-12 17:05:30
6578,6578,Apple Pay,36.15,Success,2026-02-16 21:57:27,2026-03-17 21:57:27
6579,6579,Apple Pay,40.36,Success,2025-12-17 20:12:49,2026-01-14 20:12:49
6580,6580,Debit Card,9.28,Success,2026-05-09 06:07:21,2026-05-13 06:07:21
6581,6581,Debit Card,89.46,Success,2026-03-27 20:48:39,2026-04-08 20:48:39
6582,6582,Debit Card,62.29,Success,2026-02-03 06:26:18,2026-02-24 06:26:18
6583,6583,Cash,87.65,Success,2026-04-27 16:43:33,2026-05-07 16:43:33
6584,6584,Credit Card,12.39,Success,2025-11-08 01:47:35,2025-11-23 01:47:35
6585,6585,Cash,71.06,Success,2025-12-03 16:49:30,2025-12-13 16:49:30
6586,6586,Google Pay,45.93,Success,2026-03-26 15:22:14,2026-04-24 15:22:14
6587,6587,Google Pay,55.27,Success,2025-07-28 13:34:12,2025-08-01 13:34:12
6588,6588,Cash,85.35,Success,2026-05-20 04:57:07,2026-06-09 04:57:07
6589,6589,Google Pay,33.77,Success,2026-07-01 18:20:10,2026-07-19 18:20:10
6590,6590,Apple Pay,135.77,Success,2025-11-13 17:22:10,2025-11-29 17:22:10
6591,6591,Credit Card,92.14,Success,2025-11-14 23:24:59,2025-12-12 23:24:59
6592,6592,Debit Card,90.61,Success,2026-02-08 23:15:47,2026-02-19 23:15:47
6593,6593,Credit Card,37.21,Success,2025-09-15 09:29:06,2025-10-01 09:29:06
6594,6594,Debit Card,81.9,Success,2026-02-27 12:23:37,2026-03-05 12:23:37
6595,6595,Debit Card,48.1,Success,2026-07-13 13:16:43,2026-07-14 13:16:43
6596,6596,Apple Pay,86.19,Success,2026-03-28 03:40:12,2026-04-21 03:40:12
6597,6597,Apple Pay,61.02,Success,2026-05-27 11:43:35,2026-05-28 11:43:35
6598,6598,Credit Card,31.2,Success,2026-01-15 00:49:46,2026-01-25 00:49:46
6599,6599,Debit Card,64.42,Success,2025-12-26 10:26:55,2026-01-25 10:26:55
6600,6600,Debit Card,56.23,Success,2026-01-16 00:31:38,2026-01-24 00:31:38
6601,6601,Google Pay,32.02,Success,2025-10-13 09:31:24,2025-10-17 09:31:24
6602,6602,Debit Card,24.88,Success,2026-03-06 12:19:29,2026-03-27 12:19:29
6603,6603,Cash,2.81,Success,2026-02-24 13:04:37,2026-03-21 13:04:37
6604,6604,Apple Pay,95.79,Success,2025-08-06 20:20:22,2025-08-25 20:20:22
6605,6605,Google Pay,39.43,Success,2025-08-17 04:43:54,2025-08-28 04:43:54
6606,6606,Google Pay,102.13,Success,2026-01-02 11:28:04,2026-01-12 11:28:04
6607,6607,Credit Card,74.82,Success,2026-07-02 15:21:25,2026-07-31 15:21:25
6608,6608,Credit Card,69.64,Success,2026-05-04 03:50:12,2026-05-27 03:50:12
6609,6609,Cash,55.79,Success,2026-05-22 09:22:52,2026-06-05 09:22:52
6610,6610,Credit Card,37.1,Success,2025-11-09 06:59:07,2025-11-29 06:59:07
6611,6611,Debit Card,34.83,Success,2025-10-26 18:40:41,2025-11-18 18:40:41
6612,6612,Credit Card,27.55,Success,2026-02-16 17:42:31,2026-03-09 17:42:31
6613,6613,Google Pay,39.18,Success,2026-04-11 09:30:25,2026-04-13 09:30:25
6614,6614,Debit Card,28.18,Success,2025-08-20 23:08:19,2025-09-19 23:08:19
6615,6615,Credit Card,94.4,Success,2025-11-06 17:54:08,2025-11-14 17:54:08
6616,6616,Debit Card,43.34,Success,2025-09-07 14:58:11,2025-10-06 14:58:11
6617,6617,Credit Card,11.16,Success,2026-06-24 21:46:08,2026-07-24 21:46:08
6618,6618,Apple Pay,20.76,Success,2026-03-29 03:27:26,2026-04-03 03:27:26
6619,6619,Apple Pay,41.12,Success,2025-12-11 16:24:42,2025-12-18 16:24:42
6620,6620,Credit Card,47.85,Success,2026-07-10 14:37:15,2026-07-22 14:37:15
6621,6621,Apple Pay,86.33,Success,2025-10-14 11:45:33,2025-11-11 11:45:33
6622,6622,Debit Card,124.75,Success,2026-04-15 22:50:44,2026-05-15 22:50:44
6623,6623,Google Pay,47.78,Success,2026-03-20 11:19:16,2026-04-17 11:19:16
6624,6624,Cash,117.46,Success,2026-05-09 11:18:41,2026-05-27 11:18:41
6625,6625,Apple Pay,13.29,Success,2026-06-07 11:18:58,2026-06-15 11:18:58
6626,6626,Credit Card,56.31,Success,2025-12-16 08:41:33,2026-01-08 08:41:33
6627,6627,Credit Card,68.77,Success,2025-10-28 03:30:17,2025-11-14 03:30:17
6628,6628,Debit Card,80.44,Success,2026-05-27 13:07:24,2026-05-29 13:07:24
6629,6629,Google Pay,73.96,Success,2026-02-11 19:16:45,2026-02-26 19:16:45
6630,6630,Cash,45.01,Success,2025-10-31 19:09:14,2025-11-06 19:09:14
6631,6631,Debit Card,29.75,Success,2025-10-24 13:24:16,2025-11-15 13:24:16
6632,6632,Credit Card,53.55,Success,2026-06-29 14:24:21,2026-07-23 14:24:21
6633,6633,Cash,44.3,Success,2026-06-20 04:11:12,2026-07-15 04:11:12
6634,6634,Cash,3.43,Success,2026-01-29 22:51:40,2026-02-10 22:51:40
6635,6635,Cash,50.08,Success,2025-10-09 16:57:40,2025-11-05 16:57:40
6636,6636,Google Pay,24.3,Success,2026-01-02 04:13:18,2026-01-19 04:13:18
6637,6637,Debit Card,36.75,Success,2026-05-23 22:56:16,2026-05-29 22:56:16
6638,6638,Google Pay,68.4,Success,2026-02-14 19:28:56,2026-02-17 19:28:56
6639,6639,Credit Card,68.76,Success,2025-10-26 05:52:05,2025-11-01 05:52:05
6640,6640,Credit Card,82.43,Success,2025-12-07 20:21:37,2025-12-27 20:21:37
6641,6641,Google Pay,59.35,Success,2025-12-30 17:37:07,2026-01-02 17:37:07
6642,6642,Apple Pay,45.41,Success,2026-02-28 16:03:43,2026-03-23 16:03:43
6643,6643,Credit Card,69.16,Success,2026-05-27 19:22:26,2026-06-15 19:22:26
6644,6644,Debit Card,43.7,Success,2025-11-22 19:16:01,2025-12-19 19:16:01
6645,6645,Apple Pay,59.03,Success,2025-12-22 17:18:14,2026-01-12 17:18:14
6646,6646,Apple Pay,32.03,Success,2026-04-16 23:06:32,2026-05-05 23:06:32
6647,6647,Apple Pay,67.3,Success,2026-04-19 00:43:21,2026-05-05 00:43:21
6648,6648,Cash,41.13,Success,2026-06-19 12:58:37,2026-07-10 12:58:37
6649,6649,Apple Pay,10.49,Success,2026-02-01 15:33:12,2026-02-28 15:33:12
6650,6650,Apple Pay,73.32,Success,2025-08-31 21:01:09,2025-09-04 21:01:09
6651,6651,Credit Card,6.02,Success,2025-11-08 01:03:21,2025-12-01 01:03:21
6652,6652,Apple Pay,94.89,Success,2025-08-14 13:09:39,2025-09-06 13:09:39
6653,6653,Cash,51.47,Success,2025-09-27 13:23:10,2025-10-07 13:23:10
6654,6654,Cash,68.95,Success,2026-06-21 13:14:59,2026-07-18 13:14:59
6655,6655,Cash,89.21,Success,2026-03-26 07:28:33,2026-04-10 07:28:33
6656,6656,Debit Card,113.92,Success,2025-12-18 05:12:14,2026-01-16 05:12:14
6657,6657,Cash,21.07,Success,2026-07-13 11:16:51,2026-08-10 11:16:51
6658,6658,Google Pay,82.95,Success,2026-07-16 20:10:12,2026-07-22 20:10:12
6659,6659,Google Pay,84.76,Success,2025-10-20 10:34:03,2025-10-23 10:34:03
6660,6660,Debit Card,36.01,Success,2025-09-19 16:01:01,2025-10-19 16:01:01
6661,6661,Credit Card,4.33,Success,2025-11-30 01:59:52,2025-12-17 01:59:52
6662,6662,Credit Card,7.02,Success,2025-12-13 06:25:49,2025-12-19 06:25:49
6663,6663,Cash,40.94,Success,2026-04-05 22:50:27,2026-04-17 22:50:27
6664,6664,Cash,97.13,Success,2026-07-16 12:30:52,2026-08-07 12:30:52
6665,6665,Cash,65.13,Success,2025-09-14 19:19:30,2025-09-29 19:19:30
6666,6666,Cash,59.47,Success,2026-01-03 03:29:03,2026-01-09 03:29:03
6667,6667,Cash,35.32,Success,2025-12-11 03:50:15,2025-12-13 03:50:15
6668,6668,Credit Card,45.37,Success,2026-03-13 16:03:02,2026-04-05 16:03:02
6669,6669,Google Pay,43.4,Success,2025-07-29 17:45:00,2025-08-01 17:45:00
6670,6670,Credit Card,42.17,Success,2026-03-08 05:57:56,2026-03-10 05:57:56
6671,6671,Apple Pay,27.52,Success,2026-04-07 10:45:25,2026-05-07 10:45:25
6672,6672,Debit Card,11.82,Success,2025-12-14 08:16:35,2025-12-30 08:16:35
6673,6673,Credit Card,7.55,Success,2025-07-31 12:43:23,2025-08-24 12:43:23
6674,6674,Cash,64.4,Success,2026-03-03 16:25:38,2026-03-17 16:25:38
6675,6675,Cash,79.16,Success,2026-06-28 22:06:08,2026-07-07 22:06:08
6676,6676,Credit Card,28.94,Success,2026-01-20 14:49:49,2026-02-10 14:49:49
6677,6677,Google Pay,30.69,Success,2026-01-16 08:14:11,2026-01-18 08:14:11
6678,6678,Google Pay,94.1,Success,2026-06-14 07:25:23,2026-07-11 07:25:23
6679,6679,Apple Pay,81.68,Success,2025-08-13 08:42:03,2025-08-24 08:42:03
6680,6680,Debit Card,12.52,Success,2025-10-02 23:17:50,2025-10-27 23:17:50
6681,6681,Cash,12.19,Success,2026-07-15 07:59:50,2026-07-30 07:59:50
6682,6682,Google Pay,132.71,Success,2026-06-06 18:21:59,2026-06-25 18:21:59
6683,6683,Apple Pay,27.42,Success,2026-02-14 23:16:25,2026-03-11 23:16:25
6684,6684,Debit Card,50.01,Success,2025-10-03 08:56:28,2025-10-18 08:56:28
6685,6685,Credit Card,28.95,Success,2026-06-09 14:43:56,2026-06-29 14:43:56
6686,6686,Credit Card,16.37,Success,2026-07-16 22:20:09,2026-07-19 22:20:09
6687,6687,Google Pay,24.97,Success,2025-09-19 15:43:31,2025-10-17 15:43:31
6688,6688,Debit Card,114.68,Success,2025-11-10 04:58:29,2025-12-07 04:58:29
6689,6689,Debit Card,39.66,Success,2025-08-27 13:59:50,2025-09-11 13:59:50
6690,6690,Credit Card,45.24,Success,2026-03-16 03:43:35,2026-03-28 03:43:35
6691,6691,Cash,52.65,Success,2025-10-20 16:20:51,2025-11-14 16:20:51
6692,6692,Cash,118.53,Success,2026-02-10 06:27:48,2026-03-05 06:27:48
6693,6693,Credit Card,10.3,Success,2026-06-11 09:54:35,2026-07-11 09:54:35
6694,6694,Apple Pay,36.42,Success,2025-07-27 01:40:46,2025-08-19 01:40:46
6695,6695,Debit Card,53.34,Success,2025-11-19 05:18:34,2025-11-25 05:18:34
6696,6696,Credit Card,65.83,Success,2025-10-15 04:01:01,2025-11-02 04:01:01
6697,6697,Google Pay,112.42,Success,2026-02-22 17:10:36,2026-03-01 17:10:36
6698,6698,Debit Card,27.43,Success,2026-03-12 03:16:41,2026-03-18 03:16:41
6699,6699,Apple Pay,101.61,Success,2026-03-07 12:55:52,2026-03-19 12:55:52
6700,6700,Credit Card,63.11,Success,2025-12-09 07:05:00,2025-12-16 07:05:00
6701,6701,Credit Card,70.44,Success,2025-11-16 10:16:39,2025-12-06 10:16:39
6702,6702,Credit Card,111.6,Success,2026-05-03 23:38:32,2026-05-27 23:38:32
6703,6703,Credit Card,15.85,Success,2025-10-05 10:49:14,2025-10-14 10:49:14
6704,6704,Cash,40.6,Success,2025-09-29 05:28:24,2025-10-09 05:28:24
6705,6705,Apple Pay,18.33,Success,2026-04-30 09:21:54,2026-05-05 09:21:54
6706,6706,Cash,89.77,Success,2026-01-13 23:36:07,2026-01-30 23:36:07
6707,6707,Google Pay,26.95,Success,2025-10-14 15:56:09,2025-10-29 15:56:09
6708,6708,Credit Card,33.49,Success,2025-11-13 18:27:43,2025-11-29 18:27:43
6709,6709,Cash,67.01,Success,2026-03-05 20:17:43,2026-03-10 20:17:43
6710,6710,Apple Pay,37.41,Success,2026-02-14 01:32:55,2026-02-28 01:32:55
6711,6711,Debit Card,111.31,Success,2025-11-27 22:29:36,2025-12-24 22:29:36
6712,6712,Cash,19.27,Success,2026-07-13 12:02:45,2026-08-03 12:02:45
6713,6713,Google Pay,36.97,Success,2026-07-19 14:07:11,2026-07-30 14:07:11
6714,6714,Google Pay,36.41,Success,2025-10-05 15:47:00,2025-10-10 15:47:00
6715,6715,Credit Card,107.9,Success,2025-09-14 09:41:00,2025-09-30 09:41:00
6716,6716,Google Pay,81.19,Success,2026-03-07 04:02:46,2026-04-03 04:02:46
6717,6717,Google Pay,37.88,Success,2026-06-20 09:48:18,2026-06-25 09:48:18
6718,6718,Cash,96.04,Success,2026-02-03 17:32:32,2026-02-09 17:32:32
6719,6719,Credit Card,58.24,Success,2025-12-28 12:14:14,2026-01-24 12:14:14
6720,6720,Debit Card,100.55,Success,2025-11-17 09:54:22,2025-12-07 09:54:22
6721,6721,Apple Pay,54.45,Success,2026-06-20 12:20:33,2026-06-24 12:20:33
6722,6722,Debit Card,28.39,Success,2026-02-26 15:06:44,2026-03-15 15:06:44
6723,6723,Credit Card,53.52,Success,2026-05-28 14:45:55,2026-06-26 14:45:55
6724,6724,Credit Card,111.48,Success,2026-07-15 00:38:16,2026-07-31 00:38:16
6725,6725,Cash,33.62,Success,2025-10-05 18:10:34,2025-10-06 18:10:34
6726,6726,Apple Pay,15.22,Success,2026-04-23 06:05:03,2026-05-11 06:05:03
6727,6727,Debit Card,58.29,Success,2026-04-05 23:34:57,2026-04-21 23:34:57
6728,6728,Google Pay,116.83,Success,2025-11-30 06:25:57,2025-12-02 06:25:57
6729,6729,Debit Card,40.2,Success,2026-01-24 01:59:34,2026-01-28 01:59:34
6730,6730,Credit Card,4.15,Success,2026-02-12 13:26:02,2026-02-17 13:26:02
6731,6731,Apple Pay,23.03,Success,2025-09-25 13:43:49,2025-10-25 13:43:49
6732,6732,Google Pay,102.7,Success,2025-10-10 07:11:52,2025-11-07 07:11:52
6733,6733,Credit Card,45.71,Success,2026-06-10 01:45:27,2026-07-01 01:45:27
6734,6734,Apple Pay,109.78,Success,2026-04-19 16:05:39,2026-05-11 16:05:39
6735,6735,Credit Card,15.02,Success,2025-12-29 01:15:06,2026-01-12 01:15:06
6736,6736,Google Pay,9.06,Success,2026-05-22 08:51:02,2026-06-02 08:51:02
6737,6737,Credit Card,66.41,Success,2026-05-06 22:10:32,2026-06-05 22:10:32
6738,6738,Apple Pay,63.65,Success,2026-02-06 05:18:38,2026-02-22 05:18:38
6739,6739,Google Pay,47.87,Success,2026-03-23 04:50:01,2026-04-05 04:50:01
6740,6740,Apple Pay,7.55,Success,2026-02-14 20:40:56,2026-03-02 20:40:56
6741,6741,Credit Card,106.12,Success,2026-02-26 12:47:12,2026-03-20 12:47:12
6742,6742,Apple Pay,36.65,Success,2026-07-12 14:32:58,2026-08-08 14:32:58
6743,6743,Apple Pay,80.83,Success,2025-09-04 16:18:48,2025-09-13 16:18:48
6744,6744,Cash,3.24,Success,2026-03-26 11:30:04,2026-04-23 11:30:04
6745,6745,Google Pay,26.07,Success,2026-03-27 13:01:56,2026-04-14 13:01:56
6746,6746,Cash,51.08,Success,2026-01-19 21:56:31,2026-01-28 21:56:31
6747,6747,Cash,92.18,Success,2026-05-06 23:13:28,2026-05-17 23:13:28
6748,6748,Cash,17.19,Success,2026-04-30 19:18:52,2026-05-24 19:18:52
6749,6749,Google Pay,61.32,Success,2025-09-29 13:11:32,2025-10-16 13:11:32
6750,6750,Cash,21.71,Success,2025-10-25 14:10:35,2025-11-22 14:10:35
6751,6751,Debit Card,76.46,Success,2025-08-15 16:32:06,2025-09-01 16:32:06
6752,6752,Google Pay,34.41,Success,2026-02-04 05:15:54,2026-02-28 05:15:54
6753,6753,Cash,58.8,Success,2025-08-02 12:27:58,2025-08-06 12:27:58
6754,6754,Apple Pay,61.67,Success,2026-01-31 18:39:57,2026-02-11 18:39:57
6755,6755,Apple Pay,125.25,Success,2025-09-17 19:34:19,2025-10-16 19:34:19
6756,6756,Apple Pay,73.64,Success,2026-06-24 19:52:56,2026-07-09 19:52:56
6757,6757,Credit Card,48.99,Success,2026-04-05 19:55:47,2026-04-16 19:55:47
6758,6758,Debit Card,106.08,Success,2025-12-30 16:18:28,2026-01-10 16:18:28
6759,6759,Credit Card,18.36,Success,2025-08-18 14:02:13,2025-09-10 14:02:13
6760,6760,Google Pay,42.98,Success,2026-01-14 17:17:17,2026-01-21 17:17:17
6761,6761,Credit Card,36.57,Success,2026-01-14 04:30:51,2026-01-17 04:30:51
6762,6762,Apple Pay,20.59,Success,2025-11-24 09:39:48,2025-12-12 09:39:48
6763,6763,Google Pay,20.82,Success,2026-06-16 10:47:11,2026-06-30 10:47:11
6764,6764,Cash,62.59,Success,2025-11-26 13:18:51,2025-11-27 13:18:51
6765,6765,Debit Card,35.59,Success,2025-07-26 19:15:54,2025-08-05 19:15:54
6766,6766,Google Pay,32.93,Success,2025-09-19 14:57:18,2025-10-11 14:57:18
6767,6767,Apple Pay,3.19,Success,2025-11-19 00:48:45,2025-12-13 00:48:45
6768,6768,Apple Pay,30.4,Success,2026-04-10 03:15:22,2026-05-10 03:15:22
6769,6769,Credit Card,68.09,Success,2025-12-16 11:34:30,2025-12-17 11:34:30
6770,6770,Cash,4.62,Success,2026-02-02 11:14:07,2026-02-23 11:14:07
6771,6771,Google Pay,63.13,Success,2025-09-29 00:03:48,2025-10-26 00:03:48
6772,6772,Debit Card,40.73,Success,2025-09-28 10:26:14,2025-10-12 10:26:14
6773,6773,Cash,14.78,Success,2025-08-26 03:05:37,2025-09-01 03:05:37
6774,6774,Debit Card,71.07,Success,2025-11-23 18:51:54,2025-11-30 18:51:54
6775,6775,Google Pay,32.17,Success,2026-01-13 22:47:17,2026-01-19 22:47:17
6776,6776,Google Pay,37.7,Success,2025-08-25 20:26:37,2025-09-15 20:26:37
6777,6777,Credit Card,9.41,Success,2025-08-16 12:23:52,2025-09-15 12:23:52
6778,6778,Cash,69.34,Success,2026-05-31 06:12:02,2026-06-05 06:12:02
6779,6779,Credit Card,33.33,Success,2025-09-24 23:46:03,2025-10-20 23:46:03
6780,6780,Apple Pay,84.17,Success,2026-05-03 10:00:10,2026-05-09 10:00:10
6781,6781,Debit Card,49.21,Success,2025-12-27 05:18:23,2026-01-07 05:18:23
6782,6782,Apple Pay,60.02,Success,2026-05-02 20:59:23,2026-05-06 20:59:23
6783,6783,Debit Card,20.7,Success,2025-11-25 20:52:16,2025-11-29 20:52:16
6784,6784,Cash,92.03,Success,2026-05-19 00:38:33,2026-05-20 00:38:33
6785,6785,Cash,11.63,Success,2025-11-24 12:01:14,2025-12-18 12:01:14
6786,6786,Apple Pay,78.12,Success,2025-08-06 10:26:35,2025-08-15 10:26:35
6787,6787,Apple Pay,77.46,Success,2025-11-14 23:35:21,2025-11-18 23:35:21
6788,6788,Cash,2.39,Success,2025-11-28 14:49:05,2025-12-13 14:49:05
6789,6789,Debit Card,86.25,Success,2025-09-19 14:22:03,2025-09-22 14:22:03
6790,6790,Debit Card,29.45,Success,2026-02-02 21:11:07,2026-02-18 21:11:07
6791,6791,Apple Pay,69.94,Success,2025-12-09 06:09:20,2025-12-30 06:09:20
6792,6792,Debit Card,8.08,Success,2025-08-22 15:04:09,2025-09-20 15:04:09
6793,6793,Credit Card,54.05,Success,2025-10-15 05:35:18,2025-10-16 05:35:18
6794,6794,Credit Card,10.64,Success,2025-08-12 08:22:52,2025-08-16 08:22:52
6795,6795,Debit Card,105.28,Success,2025-10-13 05:27:33,2025-10-27 05:27:33
6796,6796,Google Pay,77.16,Success,2026-06-10 00:34:16,2026-06-22 00:34:16
6797,6797,Google Pay,24.37,Success,2026-01-01 18:18:59,2026-01-24 18:18:59
6798,6798,Cash,64.72,Success,2026-02-10 04:05:30,2026-03-08 04:05:30
6799,6799,Credit Card,99.27,Success,2026-05-01 14:28:51,2026-05-07 14:28:51
6800,6800,Debit Card,37.88,Success,2026-04-23 11:32:10,2026-05-14 11:32:10
6801,6801,Debit Card,9.76,Success,2025-11-17 23:06:18,2025-11-25 23:06:18
6802,6802,Google Pay,7.97,Success,2026-04-05 23:18:32,2026-04-26 23:18:32
6803,6803,Cash,55.46,Success,2025-12-08 06:33:00,2025-12-28 06:33:00
6804,6804,Debit Card,29.15,Success,2025-12-21 23:24:52,2026-01-16 23:24:52
6805,6805,Debit Card,41.32,Success,2025-08-27 20:22:27,2025-09-18 20:22:27
6806,6806,Cash,35.6,Success,2025-09-30 03:38:59,2025-10-13 03:38:59
6807,6807,Apple Pay,56.39,Success,2025-08-30 00:02:40,2025-09-09 00:02:40
6808,6808,Credit Card,9.85,Success,2026-04-30 16:41:37,2026-05-13 16:41:37
6809,6809,Google Pay,17.86,Success,2026-05-22 14:08:45,2026-06-19 14:08:45
6810,6810,Cash,54.21,Success,2026-05-22 08:30:49,2026-06-02 08:30:49
6811,6811,Apple Pay,72.73,Success,2026-05-23 06:38:40,2026-05-27 06:38:40
6812,6812,Google Pay,74.73,Success,2025-11-08 07:56:20,2025-11-22 07:56:20
6813,6813,Cash,70.93,Success,2025-12-01 14:38:32,2025-12-17 14:38:32
6814,6814,Credit Card,29.88,Success,2025-09-15 02:00:19,2025-10-13 02:00:19
6815,6815,Cash,45.58,Success,2025-11-03 19:01:16,2025-11-09 19:01:16
6816,6816,Debit Card,45.7,Success,2025-12-23 06:43:16,2026-01-03 06:43:16
6817,6817,Cash,85.83,Success,2025-12-15 01:15:22,2025-12-28 01:15:22
6818,6818,Google Pay,121.64,Success,2026-07-15 15:02:39,2026-08-03 15:02:39
6819,6819,Debit Card,11.87,Success,2026-06-15 13:33:48,2026-06-22 13:33:48
6820,6820,Cash,77.75,Success,2025-12-28 09:44:18,2026-01-13 09:44:18
6821,6821,Apple Pay,107.13,Success,2026-05-28 16:44:30,2026-06-27 16:44:30
6822,6822,Google Pay,11.39,Success,2026-03-09 11:12:21,2026-04-04 11:12:21
6823,6823,Debit Card,47.5,Success,2026-03-01 23:16:28,2026-03-18 23:16:28
6824,6824,Google Pay,74.28,Success,2025-10-03 12:16:14,2025-10-23 12:16:14
6825,6825,Credit Card,29.58,Success,2026-01-02 16:44:22,2026-01-19 16:44:22
6826,6826,Apple Pay,102.64,Success,2026-01-26 13:27:49,2026-02-10 13:27:49
6827,6827,Apple Pay,6.94,Success,2026-03-28 10:21:52,2026-04-17 10:21:52
6828,6828,Debit Card,53.97,Success,2026-06-04 05:31:23,2026-06-21 05:31:23
6829,6829,Google Pay,50.5,Success,2026-06-09 05:03:58,2026-07-07 05:03:58
6830,6830,Apple Pay,60.45,Success,2025-08-03 12:57:54,2025-08-18 12:57:54
6831,6831,Cash,35.41,Success,2026-01-16 03:21:27,2026-01-17 03:21:27
6832,6832,Cash,46.5,Success,2026-03-05 13:28:26,2026-03-31 13:28:26
6833,6833,Cash,80.78,Success,2025-07-27 13:55:19,2025-07-29 13:55:19
6834,6834,Apple Pay,79.45,Success,2025-10-11 02:44:10,2025-10-31 02:44:10
6835,6835,Credit Card,51.82,Success,2025-12-04 19:01:21,2025-12-20 19:01:21
6836,6836,Apple Pay,16.29,Success,2026-03-18 07:12:16,2026-03-22 07:12:16
6837,6837,Google Pay,6.32,Success,2025-07-28 16:45:47,2025-08-08 16:45:47
6838,6838,Cash,33.96,Success,2025-10-07 01:37:42,2025-10-12 01:37:42
6839,6839,Cash,110.51,Success,2026-04-09 09:13:27,2026-04-15 09:13:27
6840,6840,Apple Pay,47.22,Success,2026-07-02 05:06:52,2026-07-12 05:06:52
6841,6841,Credit Card,68.81,Success,2026-04-15 09:04:24,2026-05-08 09:04:24
6842,6842,Credit Card,62.9,Success,2026-07-05 16:18:56,2026-07-29 16:18:56
6843,6843,Credit Card,78.18,Success,2025-10-19 09:22:28,2025-11-05 09:22:28
6844,6844,Google Pay,58.65,Success,2025-12-04 08:02:45,2025-12-15 08:02:45
6845,6845,Google Pay,10.75,Success,2026-05-01 12:32:33,2026-05-22 12:32:33
6846,6846,Debit Card,10.88,Success,2026-02-28 18:31:42,2026-03-03 18:31:42
6847,6847,Debit Card,47.11,Success,2026-05-25 11:22:42,2026-05-29 11:22:42
6848,6848,Google Pay,30.3,Success,2025-09-25 18:52:40,2025-10-24 18:52:40
6849,6849,Apple Pay,13.61,Success,2025-11-19 08:51:44,2025-11-27 08:51:44
6850,6850,Debit Card,95.07,Success,2026-04-11 08:26:04,2026-04-29 08:26:04
6851,6851,Apple Pay,84.59,Success,2026-03-11 17:28:20,2026-03-30 17:28:20
6852,6852,Cash,34.36,Success,2025-10-19 23:12:08,2025-10-24 23:12:08
6853,6853,Apple Pay,102.38,Success,2026-01-04 07:58:54,2026-02-03 07:58:54
6854,6854,Credit Card,14.84,Success,2026-04-20 10:50:44,2026-04-24 10:50:44
6855,6855,Apple Pay,18.58,Success,2026-06-20 16:08:29,2026-06-21 16:08:29
6856,6856,Google Pay,14.98,Success,2026-03-04 10:18:22,2026-03-25 10:18:22
6857,6857,Cash,71.21,Success,2026-06-27 07:08:52,2026-07-27 07:08:52
6858,6858,Debit Card,83.51,Success,2025-07-30 06:50:02,2025-08-14 06:50:02
6859,6859,Credit Card,110.73,Success,2025-11-08 18:24:58,2025-11-28 18:24:58
6860,6860,Apple Pay,52.21,Success,2026-01-18 01:18:20,2026-01-26 01:18:20
6861,6861,Google Pay,32.35,Success,2026-07-16 13:11:31,2026-08-02 13:11:31
6862,6862,Cash,26.55,Success,2026-07-16 04:13:42,2026-08-15 04:13:42
6863,6863,Cash,11.61,Success,2026-05-28 03:16:55,2026-06-18 03:16:55
6864,6864,Apple Pay,48.79,Success,2026-06-15 03:27:11,2026-06-24 03:27:11
6865,6865,Debit Card,35.06,Success,2025-12-02 18:50:53,2025-12-21 18:50:53
6866,6866,Google Pay,29.38,Success,2026-03-06 18:16:50,2026-03-08 18:16:50
6867,6867,Cash,44.1,Success,2025-09-30 08:41:40,2025-10-23 08:41:40
6868,6868,Debit Card,26.78,Success,2025-12-13 10:40:07,2025-12-16 10:40:07
6869,6869,Credit Card,7.0,Success,2025-12-02 07:33:23,2025-12-28 07:33:23
6870,6870,Debit Card,11.05,Success,2025-11-24 22:16:14,2025-12-07 22:16:14
6871,6871,Credit Card,11.99,Success,2025-08-28 17:47:06,2025-09-03 17:47:06
6872,6872,Google Pay,106.1,Success,2026-06-07 19:28:31,2026-07-03 19:28:31
6873,6873,Credit Card,59.38,Success,2026-05-17 19:58:27,2026-05-27 19:58:27
6874,6874,Apple Pay,54.97,Success,2026-06-27 13:41:39,2026-07-23 13:41:39
6875,6875,Google Pay,65.4,Success,2026-04-29 03:17:27,2026-05-21 03:17:27
6876,6876,Credit Card,10.17,Success,2025-10-29 08:07:20,2025-11-13 08:07:20
6877,6877,Cash,14.84,Success,2025-11-08 15:10:32,2025-12-07 15:10:32
6878,6878,Apple Pay,53.38,Success,2026-03-20 02:39:27,2026-03-22 02:39:27
6879,6879,Apple Pay,23.34,Success,2026-05-12 03:13:45,2026-05-31 03:13:45
6880,6880,Cash,119.98,Success,2026-03-03 11:22:08,2026-03-05 11:22:08
6881,6881,Apple Pay,81.12,Success,2025-11-09 10:33:33,2025-11-26 10:33:33
6882,6882,Apple Pay,18.93,Success,2025-10-19 03:24:05,2025-10-28 03:24:05
6883,6883,Google Pay,61.9,Success,2025-11-13 00:36:49,2025-12-06 00:36:49
6884,6884,Cash,29.28,Success,2026-02-25 00:31:59,2026-03-23 00:31:59
6885,6885,Google Pay,69.67,Success,2026-01-12 01:48:55,2026-01-20 01:48:55
6886,6886,Cash,108.56,Success,2025-11-19 22:11:16,2025-12-07 22:11:16
6887,6887,Apple Pay,64.35,Success,2026-07-02 01:11:56,2026-07-21 01:11:56
6888,6888,Cash,59.68,Success,2026-02-21 14:37:19,2026-03-07 14:37:19
6889,6889,Credit Card,102.94,Success,2025-11-08 08:37:57,2025-11-09 08:37:57
6890,6890,Debit Card,104.81,Success,2025-09-19 21:08:38,2025-09-20 21:08:38
6891,6891,Apple Pay,42.52,Success,2026-03-15 10:47:39,2026-03-29 10:47:39
6892,6892,Apple Pay,39.6,Success,2025-09-30 19:45:54,2025-10-12 19:45:54
6893,6893,Credit Card,19.63,Success,2026-03-04 18:45:41,2026-03-27 18:45:41
6894,6894,Cash,76.74,Success,2026-06-15 17:27:51,2026-07-08 17:27:51
6895,6895,Cash,103.87,Success,2026-03-15 16:33:01,2026-04-03 16:33:01
6896,6896,Debit Card,38.12,Success,2025-09-01 05:34:38,2025-09-23 05:34:38
6897,6897,Cash,28.87,Success,2026-03-22 00:19:58,2026-03-27 00:19:58
6898,6898,Debit Card,41.54,Success,2025-12-14 04:07:13,2025-12-24 04:07:13
6899,6899,Debit Card,17.69,Success,2026-03-19 12:05:06,2026-04-06 12:05:06
6900,6900,Cash,79.16,Success,2026-04-09 15:02:47,2026-05-06 15:02:47
6901,6901,Apple Pay,99.05,Success,2026-04-09 03:07:37,2026-04-10 03:07:37
6902,6902,Apple Pay,11.26,Success,2026-02-07 06:09:04,2026-02-18 06:09:04
6903,6903,Apple Pay,29.62,Success,2026-06-13 13:51:19,2026-07-11 13:51:19
6904,6904,Apple Pay,33.17,Success,2026-06-20 02:10:28,2026-07-07 02:10:28
6905,6905,Apple Pay,57.59,Success,2026-01-11 19:16:14,2026-01-23 19:16:14
6906,6906,Google Pay,73.55,Success,2026-02-22 18:57:20,2026-02-25 18:57:20
6907,6907,Google Pay,109.66,Success,2026-04-11 13:56:51,2026-04-15 13:56:51
6908,6908,Google Pay,7.84,Success,2026-03-02 13:13:46,2026-03-11 13:13:46
6909,6909,Google Pay,49.37,Success,2026-02-02 13:17:13,2026-02-28 13:17:13
6910,6910,Debit Card,29.22,Success,2026-04-09 23:33:45,2026-04-17 23:33:45
6911,6911,Apple Pay,36.98,Success,2026-07-20 04:43:29,2026-08-02 04:43:29
6912,6912,Credit Card,67.33,Success,2025-11-30 04:44:56,2025-12-13 04:44:56
6913,6913,Google Pay,24.89,Success,2025-12-12 20:56:41,2025-12-29 20:56:41
6914,6914,Google Pay,103.32,Success,2025-10-25 21:02:13,2025-10-29 21:02:13
6915,6915,Apple Pay,83.61,Success,2026-02-13 19:08:34,2026-02-18 19:08:34
6916,6916,Cash,75.98,Success,2025-10-07 03:28:21,2025-10-11 03:28:21
6917,6917,Cash,114.95,Success,2026-05-10 03:32:05,2026-05-26 03:32:05
6918,6918,Google Pay,61.15,Success,2026-07-04 19:45:59,2026-07-08 19:45:59
6919,6919,Debit Card,110.33,Success,2026-02-10 10:52:52,2026-02-16 10:52:52
6920,6920,Apple Pay,65.87,Success,2026-06-16 06:27:07,2026-07-07 06:27:07
6921,6921,Apple Pay,31.16,Success,2026-04-21 03:45:14,2026-05-19 03:45:14
6922,6922,Google Pay,76.82,Success,2025-11-05 16:41:12,2025-11-22 16:41:12
6923,6923,Google Pay,36.95,Success,2025-11-07 22:21:34,2025-11-08 22:21:34
6924,6924,Cash,11.66,Success,2026-02-26 00:38:08,2026-03-10 00:38:08
6925,6925,Debit Card,15.33,Success,2025-10-10 00:48:14,2025-10-12 00:48:14
6926,6926,Credit Card,51.62,Success,2025-12-23 00:13:41,2026-01-12 00:13:41
6927,6927,Debit Card,64.7,Success,2026-05-17 03:59:14,2026-06-06 03:59:14
6928,6928,Credit Card,15.71,Success,2026-01-02 15:32:41,2026-01-04 15:32:41
6929,6929,Google Pay,86.54,Success,2026-05-23 14:08:31,2026-06-11 14:08:31
6930,6930,Google Pay,55.94,Success,2025-10-31 13:22:44,2025-11-25 13:22:44
6931,6931,Cash,80.61,Success,2025-12-12 17:48:49,2026-01-06 17:48:49
6932,6932,Apple Pay,83.21,Success,2025-09-19 15:57:18,2025-09-23 15:57:18
6933,6933,Apple Pay,28.26,Success,2026-05-30 11:12:33,2026-06-05 11:12:33
6934,6934,Google Pay,7.25,Success,2025-09-21 05:17:54,2025-09-26 05:17:54
6935,6935,Apple Pay,13.96,Success,2025-10-27 10:10:54,2025-11-08 10:10:54
6936,6936,Credit Card,31.73,Success,2025-12-19 14:10:45,2025-12-27 14:10:45
6937,6937,Google Pay,69.25,Success,2025-10-20 16:01:15,2025-11-14 16:01:15
6938,6938,Cash,53.84,Success,2025-09-09 00:35:13,2025-09-24 00:35:13
6939,6939,Apple Pay,97.26,Success,2026-05-03 02:50:36,2026-05-26 02:50:36
6940,6940,Credit Card,60.51,Success,2026-04-11 09:48:26,2026-04-12 09:48:26
6941,6941,Debit Card,22.72,Success,2025-10-23 17:01:53,2025-10-25 17:01:53
6942,6942,Debit Card,5.34,Success,2026-06-24 08:36:28,2026-07-03 08:36:28
6943,6943,Credit Card,45.2,Success,2025-07-31 11:53:37,2025-08-16 11:53:37
6944,6944,Debit Card,50.24,Success,2026-06-18 23:03:11,2026-07-06 23:03:11
6945,6945,Cash,69.3,Success,2026-02-03 07:34:51,2026-02-23 07:34:51
6946,6946,Cash,23.33,Success,2026-02-01 16:41:19,2026-02-08 16:41:19
6947,6947,Debit Card,115.76,Success,2026-01-16 03:34:30,2026-01-25 03:34:30
6948,6948,Apple Pay,54.73,Success,2026-06-08 08:45:29,2026-06-17 08:45:29
6949,6949,Credit Card,76.8,Success,2026-05-11 21:04:19,2026-06-08 21:04:19
6950,6950,Cash,104.08,Success,2026-06-27 14:29:27,2026-06-28 14:29:27
6951,6951,Debit Card,63.69,Success,2026-01-15 17:39:03,2026-01-30 17:39:03
6952,6952,Credit Card,47.15,Success,2025-07-23 03:42:38,2025-08-20 03:42:38
6953,6953,Credit Card,54.88,Success,2025-07-23 16:35:38,2025-07-27 16:35:38
6954,6954,Cash,86.27,Success,2026-02-28 02:22:16,2026-03-17 02:22:16
6955,6955,Debit Card,26.6,Success,2025-10-31 21:03:53,2025-11-14 21:03:53
6956,6956,Apple Pay,45.26,Success,2025-09-18 19:44:32,2025-10-11 19:44:32
6957,6957,Cash,6.7,Success,2025-11-14 05:59:52,2025-11-16 05:59:52
6958,6958,Credit Card,3.3,Success,2025-12-24 00:56:04,2026-01-22 00:56:04
6959,6959,Credit Card,104.61,Success,2025-11-30 18:03:00,2025-12-02 18:03:00
6960,6960,Apple Pay,31.17,Success,2026-06-16 17:55:21,2026-06-22 17:55:21
6961,6961,Google Pay,40.14,Success,2026-04-19 01:20:40,2026-05-01 01:20:40
6962,6962,Debit Card,79.67,Success,2026-03-26 10:58:09,2026-04-10 10:58:09
6963,6963,Credit Card,17.14,Success,2026-03-11 05:56:17,2026-03-28 05:56:17
6964,6964,Debit Card,40.62,Success,2025-10-20 04:12:50,2025-10-28 04:12:50
6965,6965,Apple Pay,87.25,Success,2025-08-31 02:01:58,2025-09-16 02:01:58
6966,6966,Apple Pay,132.22,Success,2025-10-08 23:48:44,2025-10-13 23:48:44
6967,6967,Google Pay,32.12,Success,2026-02-19 18:48:16,2026-03-05 18:48:16
6968,6968,Credit Card,64.49,Success,2026-06-15 03:56:55,2026-07-07 03:56:55
6969,6969,Cash,45.5,Success,2025-10-18 09:08:20,2025-10-28 09:08:20
6970,6970,Credit Card,70.32,Success,2025-09-07 19:07:46,2025-09-17 19:07:46
6971,6971,Debit Card,72.97,Success,2026-01-13 23:03:51,2026-02-03 23:03:51
6972,6972,Debit Card,9.85,Success,2025-10-19 23:48:10,2025-10-31 23:48:10
6973,6973,Credit Card,8.98,Success,2025-10-02 01:00:41,2025-10-13 01:00:41
6974,6974,Credit Card,50.68,Success,2025-12-16 08:00:24,2025-12-21 08:00:24
6975,6975,Debit Card,56.62,Success,2025-12-30 18:25:34,2026-01-09 18:25:34
6976,6976,Cash,55.35,Success,2025-11-15 15:02:45,2025-12-15 15:02:45
6977,6977,Google Pay,68.13,Success,2025-09-02 09:57:22,2025-09-18 09:57:22
6978,6978,Debit Card,51.1,Success,2025-09-23 23:47:18,2025-10-09 23:47:18
6979,6979,Google Pay,71.98,Success,2025-08-16 01:31:28,2025-08-28 01:31:28
6980,6980,Credit Card,51.25,Success,2025-12-31 21:38:05,2026-01-08 21:38:05
6981,6981,Credit Card,86.69,Success,2025-12-24 23:10:42,2025-12-31 23:10:42
6982,6982,Google Pay,25.91,Success,2025-09-22 13:35:47,2025-10-07 13:35:47
6983,6983,Apple Pay,2.96,Success,2025-10-08 11:21:18,2025-11-05 11:21:18
6984,6984,Credit Card,9.93,Success,2025-09-24 23:10:42,2025-10-12 23:10:42
6985,6985,Google Pay,65.36,Success,2026-05-27 15:17:53,2026-06-17 15:17:53
6986,6986,Credit Card,28.3,Success,2026-02-15 20:03:46,2026-03-02 20:03:46
6987,6987,Apple Pay,17.59,Success,2025-07-20 17:24:11,2025-08-18 17:24:11
6988,6988,Google Pay,73.27,Success,2025-12-16 16:21:51,2026-01-06 16:21:51
6989,6989,Google Pay,80.23,Success,2026-02-23 14:26:25,2026-03-20 14:26:25
6990,6990,Apple Pay,114.0,Success,2026-04-16 09:16:03,2026-05-06 09:16:03
6991,6991,Google Pay,51.12,Success,2026-07-10 17:55:47,2026-07-20 17:55:47
6992,6992,Google Pay,110.08,Success,2025-11-14 20:40:29,2025-12-06 20:40:29
6993,6993,Apple Pay,29.49,Success,2025-10-10 15:26:55,2025-10-16 15:26:55
6994,6994,Debit Card,109.9,Success,2025-12-18 12:26:35,2025-12-20 12:26:35
6995,6995,Cash,13.96,Success,2026-03-14 23:14:27,2026-03-20 23:14:27
6996,6996,Credit Card,23.13,Success,2025-12-03 13:12:24,2025-12-13 13:12:24
6997,6997,Credit Card,91.71,Success,2026-03-20 10:51:16,2026-03-24 10:51:16
6998,6998,Apple Pay,65.9,Success,2026-02-09 05:18:25,2026-02-26 05:18:25
6999,6999,Debit Card,118.57,Success,2025-09-16 03:01:16,2025-10-15 03:01:16
7000,7000,Google Pay,105.93,Success,2026-05-17 22:24:31,2026-06-10 22:24:31
7001,7001,Debit Card,6.79,Success,2026-07-14 14:04:20,2026-07-17 14:04:20
7002,7002,Google Pay,100.73,Success,2026-06-11 10:46:34,2026-06-25 10:46:34
7003,7003,Cash,127.3,Success,2025-09-13 21:57:17,2025-10-02 21:57:17
7004,7004,Debit Card,95.1,Success,2026-04-29 15:00:23,2026-05-25 15:00:23
7005,7005,Debit Card,107.12,Success,2026-06-02 07:42:48,2026-06-26 07:42:48
7006,7006,Google Pay,55.17,Success,2025-10-06 20:00:22,2025-10-13 20:00:22
7007,7007,Credit Card,33.41,Success,2026-05-11 19:56:51,2026-05-13 19:56:51
7008,7008,Credit Card,42.21,Success,2026-02-06 14:07:17,2026-02-21 14:07:17
7009,7009,Debit Card,77.45,Success,2026-01-08 05:15:50,2026-02-03 05:15:50
7010,7010,Cash,64.72,Success,2026-06-04 11:25:59,2026-07-01 11:25:59
7011,7011,Credit Card,53.81,Success,2026-05-04 04:04:55,2026-05-12 04:04:55
7012,7012,Credit Card,7.72,Success,2026-07-20 13:16:54,2026-08-03 13:16:54
7013,7013,Credit Card,62.87,Success,2026-04-16 01:55:05,2026-05-10 01:55:05
7014,7014,Credit Card,19.0,Success,2025-12-06 05:18:37,2025-12-14 05:18:37
7015,7015,Apple Pay,33.36,Success,2026-05-24 17:35:19,2026-06-18 17:35:19
7016,7016,Debit Card,21.92,Success,2025-08-18 15:40:40,2025-08-22 15:40:40
7017,7017,Google Pay,48.97,Success,2026-07-16 15:10:52,2026-08-15 15:10:52
7018,7018,Credit Card,11.08,Success,2025-07-22 16:29:22,2025-08-05 16:29:22
7019,7019,Credit Card,127.95,Success,2026-05-26 09:59:50,2026-06-04 09:59:50
7020,7020,Google Pay,4.79,Success,2026-06-13 04:24:06,2026-07-02 04:24:06
7021,7021,Credit Card,9.97,Success,2026-05-14 06:56:02,2026-05-24 06:56:02
7022,7022,Debit Card,52.37,Success,2026-03-05 13:57:35,2026-03-08 13:57:35
7023,7023,Google Pay,21.27,Success,2026-04-08 22:04:14,2026-05-04 22:04:14
7024,7024,Debit Card,92.76,Success,2025-07-30 13:26:21,2025-07-31 13:26:21
7025,7025,Debit Card,23.01,Success,2026-06-04 01:34:11,2026-07-01 01:34:11
7026,7026,Cash,75.82,Success,2026-05-07 11:55:26,2026-05-10 11:55:26
7027,7027,Cash,52.6,Success,2026-01-31 20:41:10,2026-02-25 20:41:10
7028,7028,Credit Card,95.4,Success,2026-06-14 13:17:21,2026-07-06 13:17:21
7029,7029,Apple Pay,32.08,Success,2026-06-18 22:21:52,2026-07-12 22:21:52
7030,7030,Credit Card,6.55,Success,2026-07-20 01:38:56,2026-07-31 01:38:56
7031,7031,Google Pay,59.58,Success,2026-03-30 21:24:02,2026-04-19 21:24:02
7032,7032,Apple Pay,16.89,Success,2025-11-06 05:05:50,2025-11-30 05:05:50
7033,7033,Apple Pay,24.44,Success,2026-02-14 17:01:12,2026-03-03 17:01:12
7034,7034,Credit Card,29.47,Success,2025-08-17 11:29:50,2025-09-07 11:29:50
7035,7035,Cash,7.95,Success,2025-08-11 23:21:47,2025-08-19 23:21:47
7036,7036,Cash,38.61,Success,2026-03-05 22:43:36,2026-03-13 22:43:36
7037,7037,Google Pay,80.45,Success,2025-11-03 19:38:42,2025-11-11 19:38:42
7038,7038,Cash,3.96,Success,2026-05-15 10:35:58,2026-06-03 10:35:58
7039,7039,Google Pay,15.46,Success,2025-11-10 07:42:55,2025-11-15 07:42:55
7040,7040,Debit Card,39.63,Success,2026-06-01 19:09:38,2026-06-26 19:09:38
7041,7041,Debit Card,110.99,Success,2026-05-21 08:07:12,2026-06-02 08:07:12
7042,7042,Apple Pay,70.07,Success,2026-06-18 21:03:02,2026-06-26 21:03:02
7043,7043,Apple Pay,48.07,Success,2025-09-30 12:44:22,2025-10-27 12:44:22
7044,7044,Apple Pay,72.04,Success,2026-05-15 21:03:20,2026-05-21 21:03:20
7045,7045,Apple Pay,100.13,Success,2025-08-23 21:34:36,2025-08-27 21:34:36
7046,7046,Debit Card,55.31,Success,2026-02-07 15:17:24,2026-02-26 15:17:24
7047,7047,Apple Pay,39.43,Success,2025-12-23 19:18:52,2026-01-03 19:18:52
7048,7048,Apple Pay,28.15,Success,2026-03-24 18:54:57,2026-04-15 18:54:57
7049,7049,Debit Card,32.79,Success,2025-11-15 06:41:21,2025-11-16 06:41:21
7050,7050,Apple Pay,103.65,Success,2026-03-02 20:02:57,2026-03-25 20:02:57
7051,7051,Cash,84.53,Success,2026-01-30 17:46:32,2026-02-28 17:46:32
7052,7052,Debit Card,105.42,Success,2026-06-19 00:15:38,2026-07-02 00:15:38
7053,7053,Google Pay,25.76,Success,2025-12-20 02:43:33,2026-01-14 02:43:33
7054,7054,Credit Card,93.79,Success,2026-03-31 07:41:28,2026-04-29 07:41:28
7055,7055,Cash,34.7,Success,2025-09-11 12:35:05,2025-10-08 12:35:05
7056,7056,Credit Card,2.7,Success,2026-01-06 07:34:12,2026-01-20 07:34:12
7057,7057,Apple Pay,42.01,Success,2026-04-17 10:03:52,2026-05-09 10:03:52
7058,7058,Apple Pay,66.38,Success,2026-04-14 13:01:15,2026-04-26 13:01:15
7059,7059,Apple Pay,71.09,Success,2026-01-06 15:07:53,2026-01-11 15:07:53
7060,7060,Apple Pay,3.91,Success,2025-10-08 04:18:15,2025-11-07 04:18:15
7061,7061,Debit Card,39.34,Success,2025-08-04 11:10:38,2025-08-10 11:10:38
7062,7062,Credit Card,37.3,Success,2025-11-15 07:36:14,2025-11-20 07:36:14
7063,7063,Apple Pay,75.76,Success,2026-02-07 14:32:30,2026-02-18 14:32:30
7064,7064,Apple Pay,91.1,Success,2025-12-21 14:04:34,2025-12-31 14:04:34
7065,7065,Credit Card,3.55,Success,2026-04-19 08:21:48,2026-04-28 08:21:48
7066,7066,Debit Card,15.74,Success,2025-10-07 06:36:31,2025-10-08 06:36:31
7067,7067,Credit Card,32.24,Success,2025-12-19 15:05:15,2026-01-12 15:05:15
7068,7068,Google Pay,17.35,Success,2025-11-04 04:04:00,2025-11-05 04:04:00
7069,7069,Google Pay,94.23,Success,2025-11-05 20:49:05,2025-11-11 20:49:05
7070,7070,Credit Card,108.0,Success,2025-08-18 12:52:47,2025-08-26 12:52:47
7071,7071,Google Pay,6.85,Success,2026-04-11 07:07:49,2026-04-17 07:07:49
7072,7072,Google Pay,5.44,Success,2026-03-06 12:35:16,2026-03-14 12:35:16
7073,7073,Debit Card,116.18,Success,2026-05-14 16:32:28,2026-05-27 16:32:28
7074,7074,Cash,70.58,Success,2025-09-10 17:39:50,2025-09-22 17:39:50
7075,7075,Apple Pay,77.87,Success,2026-01-08 22:42:20,2026-01-15 22:42:20
7076,7076,Google Pay,22.14,Success,2026-07-19 03:19:30,2026-08-14 03:19:30
7077,7077,Apple Pay,106.8,Success,2026-04-08 02:55:32,2026-04-22 02:55:32
7078,7078,Cash,87.5,Success,2026-07-13 20:42:42,2026-07-31 20:42:42
7079,7079,Cash,21.48,Success,2026-01-21 01:42:46,2026-02-15 01:42:46
7080,7080,Cash,92.78,Success,2025-11-20 18:31:47,2025-11-21 18:31:47
7081,7081,Apple Pay,76.03,Success,2026-07-03 02:06:56,2026-07-30 02:06:56
7082,7082,Cash,43.29,Success,2026-04-20 23:09:10,2026-05-04 23:09:10
7083,7083,Credit Card,38.54,Success,2026-06-15 18:19:41,2026-06-26 18:19:41
7084,7084,Credit Card,36.39,Success,2026-04-05 11:16:58,2026-04-21 11:16:58
7085,7085,Debit Card,82.79,Success,2026-05-23 01:31:52,2026-06-15 01:31:52
7086,7086,Credit Card,91.52,Success,2025-08-20 01:16:21,2025-08-21 01:16:21
7087,7087,Google Pay,107.85,Success,2026-06-21 06:36:15,2026-07-08 06:36:15
7088,7088,Cash,18.03,Success,2026-06-13 08:20:30,2026-07-02 08:20:30
7089,7089,Google Pay,71.33,Success,2026-06-28 20:30:47,2026-07-07 20:30:47
7090,7090,Cash,2.08,Success,2025-09-13 06:24:34,2025-09-24 06:24:34
7091,7091,Apple Pay,41.01,Success,2025-08-28 17:48:00,2025-09-07 17:48:00
7092,7092,Google Pay,52.87,Success,2025-07-22 14:12:38,2025-08-13 14:12:38
7093,7093,Debit Card,91.6,Success,2026-07-09 14:18:21,2026-08-06 14:18:21
7094,7094,Credit Card,49.22,Success,2026-01-27 21:04:48,2026-02-03 21:04:48
7095,7095,Google Pay,4.07,Success,2025-08-09 04:32:21,2025-08-31 04:32:21
7096,7096,Cash,107.74,Success,2026-02-21 05:10:33,2026-02-22 05:10:33
7097,7097,Credit Card,35.87,Success,2026-04-19 18:52:15,2026-04-22 18:52:15
7098,7098,Cash,31.22,Success,2025-11-16 10:35:34,2025-11-30 10:35:34
7099,7099,Google Pay,64.19,Success,2026-01-08 04:34:40,2026-02-07 04:34:40
7100,7100,Apple Pay,98.91,Success,2026-07-12 05:45:55,2026-08-01 05:45:55
7101,7101,Debit Card,74.86,Success,2025-10-01 13:57:08,2025-10-25 13:57:08
7102,7102,Cash,58.86,Success,2026-06-21 01:57:37,2026-07-20 01:57:37
7103,7103,Apple Pay,86.01,Success,2025-09-30 06:18:18,2025-10-10 06:18:18
7104,7104,Debit Card,31.83,Success,2026-05-22 19:12:15,2026-06-13 19:12:15
7105,7105,Credit Card,61.35,Success,2026-05-12 18:33:47,2026-06-08 18:33:47
7106,7106,Google Pay,9.43,Success,2026-07-18 15:01:56,2026-08-01 15:01:56
7107,7107,Google Pay,76.29,Success,2026-06-10 14:19:39,2026-07-06 14:19:39
7108,7108,Google Pay,58.29,Success,2026-01-13 07:31:12,2026-01-27 07:31:12
7109,7109,Apple Pay,80.32,Success,2025-12-22 09:05:31,2026-01-10 09:05:31
7110,7110,Google Pay,35.74,Success,2026-04-18 01:46:04,2026-04-26 01:46:04
7111,7111,Google Pay,21.35,Success,2025-08-28 00:32:13,2025-09-25 00:32:13
7112,7112,Google Pay,56.06,Success,2025-07-24 15:06:11,2025-08-07 15:06:11
7113,7113,Cash,13.06,Success,2025-11-26 04:05:16,2025-12-12 04:05:16
7114,7114,Debit Card,61.52,Success,2026-05-21 14:36:48,2026-06-16 14:36:48
7115,7115,Credit Card,56.15,Success,2025-12-11 12:25:56,2025-12-22 12:25:56
7116,7116,Apple Pay,72.21,Success,2026-04-15 16:28:20,2026-04-17 16:28:20
7117,7117,Apple Pay,91.03,Success,2025-10-14 23:13:19,2025-11-02 23:13:19
7118,7118,Google Pay,96.36,Success,2026-07-07 08:00:17,2026-07-10 08:00:17
7119,7119,Apple Pay,47.77,Success,2026-04-02 06:23:13,2026-04-13 06:23:13
7120,7120,Credit Card,61.0,Success,2025-11-19 10:42:50,2025-11-20 10:42:50
7121,7121,Credit Card,95.87,Success,2026-07-06 16:09:25,2026-07-30 16:09:25
7122,7122,Cash,34.61,Success,2025-08-02 12:27:26,2025-08-12 12:27:26
7123,7123,Cash,14.05,Success,2026-06-17 21:25:03,2026-06-20 21:25:03
7124,7124,Cash,46.51,Success,2026-05-09 18:33:25,2026-05-21 18:33:25
7125,7125,Debit Card,62.44,Success,2026-03-31 06:00:19,2026-04-16 06:00:19
7126,7126,Google Pay,33.45,Success,2026-05-01 10:47:44,2026-05-10 10:47:44
7127,7127,Credit Card,61.69,Success,2025-11-24 03:44:08,2025-12-17 03:44:08
7128,7128,Debit Card,19.44,Success,2026-05-06 18:42:41,2026-06-01 18:42:41
7129,7129,Debit Card,53.74,Success,2025-09-23 21:56:02,2025-09-29 21:56:02
7130,7130,Apple Pay,7.62,Success,2025-11-29 17:52:46,2025-12-27 17:52:46
7131,7131,Apple Pay,7.65,Success,2025-08-18 18:58:29,2025-09-04 18:58:29
7132,7132,Apple Pay,18.05,Success,2025-11-13 09:54:41,2025-12-06 09:54:41
7133,7133,Apple Pay,69.32,Success,2026-06-28 23:42:28,2026-07-15 23:42:28
7134,7134,Debit Card,65.79,Success,2026-06-07 08:32:43,2026-06-29 08:32:43
7135,7135,Cash,82.99,Success,2025-11-24 02:14:08,2025-12-16 02:14:08
7136,7136,Google Pay,124.22,Success,2026-05-26 08:08:08,2026-06-18 08:08:08
7137,7137,Cash,29.95,Success,2025-12-26 16:16:19,2026-01-19 16:16:19
7138,7138,Apple Pay,108.1,Success,2025-10-13 18:52:59,2025-10-21 18:52:59
7139,7139,Debit Card,54.41,Success,2026-01-21 14:09:26,2026-01-26 14:09:26
7140,7140,Debit Card,12.61,Success,2026-03-26 13:23:27,2026-04-18 13:23:27
7141,7141,Apple Pay,88.92,Success,2026-07-17 23:48:09,2026-08-15 23:48:09
7142,7142,Credit Card,74.25,Success,2025-08-22 09:26:46,2025-09-06 09:26:46
7143,7143,Cash,42.11,Success,2025-09-14 19:21:57,2025-09-19 19:21:57
7144,7144,Google Pay,17.22,Success,2025-12-05 11:40:53,2025-12-29 11:40:53
7145,7145,Google Pay,46.66,Success,2025-08-10 10:27:02,2025-09-04 10:27:02
7146,7146,Debit Card,47.81,Success,2026-02-09 01:12:03,2026-02-11 01:12:03
7147,7147,Google Pay,58.17,Success,2026-01-01 15:39:25,2026-01-28 15:39:25
7148,7148,Debit Card,87.45,Success,2026-01-01 17:58:21,2026-01-10 17:58:21
7149,7149,Debit Card,18.29,Success,2026-02-12 22:00:36,2026-02-22 22:00:36
7150,7150,Debit Card,56.63,Success,2025-12-02 15:30:20,2025-12-23 15:30:20
7151,7151,Credit Card,55.57,Success,2026-01-23 14:32:37,2026-02-16 14:32:37
7152,7152,Credit Card,54.33,Success,2025-11-18 13:43:55,2025-12-11 13:43:55
7153,7153,Cash,20.68,Success,2025-12-03 00:07:26,2025-12-28 00:07:26
7154,7154,Apple Pay,34.7,Success,2026-02-08 12:02:42,2026-03-03 12:02:42
7155,7155,Debit Card,104.76,Success,2025-08-17 13:16:40,2025-09-01 13:16:40
7156,7156,Cash,39.63,Success,2025-10-24 11:08:00,2025-11-09 11:08:00
7157,7157,Credit Card,3.98,Success,2025-11-17 05:05:31,2025-11-22 05:05:31
7158,7158,Google Pay,111.43,Success,2026-02-12 17:35:22,2026-03-11 17:35:22
7159,7159,Google Pay,80.47,Success,2026-06-30 21:00:45,2026-07-10 21:00:45
7160,7160,Apple Pay,16.77,Success,2025-11-05 09:04:16,2025-11-08 09:04:16
7161,7161,Apple Pay,132.11,Success,2025-08-26 21:38:27,2025-09-11 21:38:27
7162,7162,Debit Card,30.84,Success,2026-05-04 05:58:44,2026-05-25 05:58:44
7163,7163,Credit Card,33.24,Success,2026-06-20 00:50:19,2026-07-10 00:50:19
7164,7164,Credit Card,92.82,Success,2025-12-19 23:11:03,2025-12-27 23:11:03
7165,7165,Credit Card,29.03,Success,2025-09-27 21:18:37,2025-10-01 21:18:37
7166,7166,Debit Card,44.34,Success,2025-09-21 14:41:35,2025-10-18 14:41:35
7167,7167,Apple Pay,35.01,Success,2025-10-01 20:01:07,2025-10-10 20:01:07
7168,7168,Debit Card,31.08,Success,2025-10-18 09:26:31,2025-10-22 09:26:31
7169,7169,Google Pay,22.2,Success,2026-05-04 10:25:20,2026-05-14 10:25:20
7170,7170,Cash,32.93,Success,2026-02-21 01:52:50,2026-03-01 01:52:50
7171,7171,Credit Card,44.04,Success,2025-11-21 17:32:11,2025-12-09 17:32:11
7172,7172,Credit Card,22.85,Success,2026-05-30 10:42:11,2026-06-24 10:42:11
7173,7173,Apple Pay,31.89,Success,2025-12-02 14:39:34,2025-12-23 14:39:34
7174,7174,Cash,70.91,Success,2025-11-07 16:19:36,2025-11-10 16:19:36
7175,7175,Credit Card,63.89,Success,2025-11-24 14:57:54,2025-11-29 14:57:54
7176,7176,Google Pay,51.09,Success,2026-05-16 07:07:00,2026-05-29 07:07:00
7177,7177,Cash,58.7,Success,2025-11-20 03:59:26,2025-12-10 03:59:26
7178,7178,Debit Card,92.01,Success,2025-11-14 11:58:08,2025-11-17 11:58:08
7179,7179,Cash,10.3,Success,2026-01-16 02:42:48,2026-01-20 02:42:48
7180,7180,Credit Card,66.26,Success,2025-12-02 09:58:36,2025-12-18 09:58:36
7181,7181,Debit Card,51.98,Success,2025-08-19 08:32:50,2025-09-05 08:32:50
7182,7182,Credit Card,118.07,Success,2025-09-24 06:54:28,2025-10-12 06:54:28
7183,7183,Credit Card,51.36,Success,2026-04-04 14:50:50,2026-04-22 14:50:50
7184,7184,Cash,8.64,Success,2026-05-15 17:51:57,2026-06-14 17:51:57
7185,7185,Debit Card,8.19,Success,2025-07-30 13:48:47,2025-08-28 13:48:47
7186,7186,Debit Card,23.03,Success,2026-04-13 22:26:37,2026-04-18 22:26:37
7187,7187,Debit Card,82.07,Success,2026-02-09 06:35:25,2026-02-21 06:35:25
7188,7188,Cash,87.16,Success,2026-05-20 03:21:51,2026-06-08 03:21:51
7189,7189,Cash,16.07,Success,2026-05-10 07:35:33,2026-05-17 07:35:33
7190,7190,Apple Pay,42.51,Success,2026-05-31 07:34:15,2026-06-06 07:34:15
7191,7191,Cash,9.08,Success,2025-12-26 21:48:03,2026-01-22 21:48:03
7192,7192,Credit Card,67.55,Success,2026-05-14 23:20:48,2026-05-15 23:20:48
7193,7193,Cash,40.09,Success,2025-09-08 10:09:10,2025-10-06 10:09:10
7194,7194,Credit Card,63.52,Success,2026-04-30 20:03:34,2026-05-20 20:03:34
7195,7195,Debit Card,30.78,Success,2026-04-21 12:09:35,2026-05-19 12:09:35
7196,7196,Google Pay,24.54,Success,2026-02-10 06:49:30,2026-02-26 06:49:30
7197,7197,Google Pay,12.8,Success,2026-03-15 05:42:06,2026-04-11 05:42:06
7198,7198,Apple Pay,57.91,Success,2026-01-18 17:09:53,2026-02-13 17:09:53
7199,7199,Apple Pay,25.08,Success,2025-10-15 18:07:48,2025-11-10 18:07:48
7200,7200,Credit Card,135.8,Success,2025-08-25 10:25:35,2025-09-07 10:25:35
7201,7201,Credit Card,63.18,Success,2026-04-08 12:42:56,2026-05-02 12:42:56
7202,7202,Debit Card,10.7,Success,2026-06-10 12:18:41,2026-07-01 12:18:41
7203,7203,Debit Card,96.49,Success,2025-10-30 04:05:42,2025-11-04 04:05:42
7204,7204,Debit Card,24.13,Success,2026-06-22 23:09:42,2026-07-14 23:09:42
7205,7205,Debit Card,6.72,Success,2026-01-25 08:31:34,2026-02-06 08:31:34
7206,7206,Debit Card,46.71,Success,2026-03-12 22:27:57,2026-03-19 22:27:57
7207,7207,Cash,4.83,Success,2026-04-08 16:34:37,2026-04-19 16:34:37
7208,7208,Apple Pay,58.88,Success,2025-08-15 11:39:07,2025-09-07 11:39:07
7209,7209,Apple Pay,37.56,Success,2025-08-14 09:28:30,2025-08-16 09:28:30
7210,7210,Apple Pay,75.62,Success,2026-01-31 05:43:25,2026-02-16 05:43:25
7211,7211,Credit Card,80.71,Success,2025-12-04 01:42:27,2026-01-01 01:42:27
7212,7212,Credit Card,97.4,Success,2026-07-04 22:34:29,2026-08-01 22:34:29
7213,7213,Debit Card,36.93,Success,2026-06-05 09:45:58,2026-06-22 09:45:58
7214,7214,Cash,34.41,Success,2025-09-02 18:06:14,2025-09-13 18:06:14
7215,7215,Apple Pay,43.85,Success,2026-07-17 00:45:39,2026-08-16 00:45:39
7216,7216,Debit Card,35.64,Success,2026-05-19 17:53:08,2026-05-27 17:53:08
7217,7217,Apple Pay,64.27,Success,2026-05-20 12:14:41,2026-05-25 12:14:41
7218,7218,Google Pay,69.76,Success,2026-05-27 18:13:58,2026-06-23 18:13:58
7219,7219,Debit Card,3.31,Success,2025-10-18 04:43:11,2025-11-06 04:43:11
7220,7220,Credit Card,52.12,Success,2026-04-01 14:13:36,2026-04-21 14:13:36
7221,7221,Apple Pay,62.76,Success,2026-05-06 02:48:53,2026-05-29 02:48:53
7222,7222,Apple Pay,89.79,Success,2026-06-24 14:46:29,2026-07-13 14:46:29
7223,7223,Google Pay,107.41,Success,2026-06-19 01:50:37,2026-07-17 01:50:37
7224,7224,Credit Card,97.88,Success,2026-04-06 23:43:24,2026-04-18 23:43:24
7225,7225,Cash,36.71,Success,2025-08-30 23:31:30,2025-09-20 23:31:30
7226,7226,Apple Pay,84.45,Success,2026-06-25 09:30:17,2026-06-28 09:30:17
7227,7227,Google Pay,6.39,Success,2025-09-21 10:00:16,2025-10-18 10:00:16
7228,7228,Apple Pay,36.58,Success,2026-07-15 06:55:46,2026-08-09 06:55:46
7229,7229,Debit Card,48.32,Success,2025-08-03 16:42:02,2025-08-26 16:42:02
7230,7230,Google Pay,35.55,Success,2026-03-08 01:37:02,2026-03-31 01:37:02
7231,7231,Cash,6.89,Success,2026-03-15 19:35:58,2026-04-08 19:35:58
7232,7232,Cash,99.0,Success,2026-06-16 15:50:25,2026-07-07 15:50:25
7233,7233,Debit Card,40.82,Success,2026-03-20 20:57:53,2026-03-22 20:57:53
7234,7234,Debit Card,30.81,Success,2025-08-13 02:39:31,2025-08-31 02:39:31
7235,7235,Cash,44.92,Success,2026-03-31 02:27:29,2026-04-08 02:27:29
7236,7236,Debit Card,2.86,Success,2026-05-18 13:27:25,2026-06-08 13:27:25
7237,7237,Google Pay,2.48,Success,2026-04-03 11:56:51,2026-04-14 11:56:51
7238,7238,Credit Card,12.97,Success,2025-12-06 03:53:42,2025-12-17 03:53:42
7239,7239,Google Pay,23.72,Success,2025-11-20 17:45:43,2025-11-21 17:45:43
7240,7240,Apple Pay,15.57,Success,2026-02-27 19:18:34,2026-03-08 19:18:34
7241,7241,Apple Pay,22.53,Success,2026-05-12 04:54:37,2026-05-16 04:54:37
7242,7242,Apple Pay,74.27,Success,2026-07-04 16:28:10,2026-07-26 16:28:10
7243,7243,Google Pay,83.6,Success,2025-11-05 02:44:35,2025-11-24 02:44:35
7244,7244,Debit Card,25.72,Success,2025-10-17 17:46:14,2025-10-26 17:46:14
7245,7245,Google Pay,62.36,Success,2025-11-26 04:07:38,2025-12-17 04:07:38
7246,7246,Cash,67.24,Success,2026-02-12 04:57:25,2026-03-04 04:57:25
7247,7247,Google Pay,57.79,Success,2026-02-03 17:14:37,2026-03-05 17:14:37
7248,7248,Apple Pay,33.63,Success,2026-03-20 03:23:35,2026-03-27 03:23:35
7249,7249,Google Pay,95.4,Success,2025-07-31 06:13:35,2025-08-21 06:13:35
7250,7250,Google Pay,4.53,Success,2025-09-25 00:29:34,2025-10-09 00:29:34
7251,7251,Credit Card,34.54,Success,2026-03-16 08:54:10,2026-03-20 08:54:10
7252,7252,Apple Pay,106.24,Success,2025-09-16 04:21:03,2025-09-29 04:21:03
7253,7253,Google Pay,43.49,Success,2026-03-28 07:50:58,2026-04-04 07:50:58
7254,7254,Credit Card,79.53,Success,2025-07-27 12:55:26,2025-08-07 12:55:26
7255,7255,Apple Pay,70.13,Success,2026-01-20 14:40:09,2026-02-02 14:40:09
7256,7256,Debit Card,56.71,Success,2025-08-13 19:34:59,2025-09-06 19:34:59
7257,7257,Google Pay,6.54,Success,2026-06-07 13:43:52,2026-06-16 13:43:52
7258,7258,Debit Card,60.16,Success,2026-03-27 14:49:55,2026-04-20 14:49:55
7259,7259,Debit Card,8.46,Success,2025-08-24 19:44:04,2025-09-20 19:44:04
7260,7260,Credit Card,15.18,Success,2025-10-15 00:50:55,2025-11-13 00:50:55
7261,7261,Debit Card,3.92,Success,2026-02-24 04:32:39,2026-03-01 04:32:39
7262,7262,Cash,34.82,Success,2025-08-21 22:28:38,2025-08-24 22:28:38
7263,7263,Apple Pay,5.99,Success,2026-03-23 21:55:14,2026-04-05 21:55:14
7264,7264,Credit Card,53.35,Success,2025-07-24 21:36:23,2025-08-09 21:36:23
7265,7265,Debit Card,71.24,Success,2025-08-07 02:01:31,2025-09-03 02:01:31
7266,7266,Debit Card,80.71,Success,2025-12-10 03:23:39,2025-12-30 03:23:39
7267,7267,Debit Card,84.63,Success,2026-01-14 11:34:38,2026-01-18 11:34:38
7268,7268,Apple Pay,13.67,Success,2026-07-09 03:46:04,2026-07-29 03:46:04
7269,7269,Google Pay,47.69,Success,2025-12-20 14:31:36,2026-01-02 14:31:36
7270,7270,Credit Card,54.8,Success,2025-08-09 10:42:23,2025-08-15 10:42:23
7271,7271,Google Pay,73.43,Success,2026-04-27 22:55:55,2026-05-10 22:55:55
7272,7272,Credit Card,30.58,Success,2026-01-23 00:24:20,2026-02-06 00:24:20
7273,7273,Credit Card,52.56,Success,2026-06-15 03:38:16,2026-06-19 03:38:16
7274,7274,Cash,45.64,Success,2026-02-24 19:00:02,2026-03-23 19:00:02
7275,7275,Cash,65.2,Success,2025-12-12 19:46:17,2026-01-03 19:46:17
7276,7276,Debit Card,43.17,Success,2025-10-06 20:27:14,2025-10-16 20:27:14
7277,7277,Apple Pay,39.62,Success,2026-03-30 03:52:32,2026-04-13 03:52:32
7278,7278,Google Pay,65.73,Success,2025-12-29 16:22:59,2026-01-14 16:22:59
7279,7279,Debit Card,79.8,Success,2026-05-29 14:07:38,2026-06-28 14:07:38
7280,7280,Apple Pay,93.89,Success,2026-03-07 19:42:09,2026-03-23 19:42:09
7281,7281,Debit Card,57.68,Success,2026-03-14 06:03:28,2026-03-31 06:03:28
7282,7282,Cash,28.63,Success,2025-09-08 21:05:59,2025-09-09 21:05:59
7283,7283,Apple Pay,30.53,Success,2025-11-14 23:50:07,2025-12-11 23:50:07
7284,7284,Cash,11.85,Success,2025-09-05 20:53:19,2025-10-02 20:53:19
7285,7285,Credit Card,89.23,Success,2025-08-24 04:47:57,2025-09-15 04:47:57
7286,7286,Apple Pay,73.21,Success,2025-08-08 05:54:09,2025-09-03 05:54:09
7287,7287,Cash,29.56,Success,2026-05-17 22:07:25,2026-06-02 22:07:25
7288,7288,Apple Pay,62.76,Success,2025-08-26 20:42:17,2025-09-02 20:42:17
7289,7289,Google Pay,13.27,Success,2026-04-03 14:09:09,2026-04-25 14:09:09
7290,7290,Debit Card,43.66,Success,2025-11-08 12:42:27,2025-11-09 12:42:27
7291,7291,Debit Card,11.3,Success,2026-06-18 21:49:46,2026-06-23 21:49:46
7292,7292,Google Pay,35.09,Success,2026-06-27 23:34:41,2026-07-07 23:34:41
7293,7293,Cash,8.97,Success,2025-09-18 17:42:46,2025-09-26 17:42:46
7294,7294,Cash,8.46,Success,2025-09-21 05:03:24,2025-10-18 05:03:24
7295,7295,Credit Card,75.4,Success,2026-07-11 05:56:06,2026-07-28 05:56:06
7296,7296,Credit Card,46.74,Success,2025-10-26 13:36:39,2025-11-16 13:36:39
7297,7297,Credit Card,37.93,Success,2025-10-18 21:36:57,2025-11-07 21:36:57
7298,7298,Debit Card,7.41,Success,2026-06-30 17:43:44,2026-07-29 17:43:44
7299,7299,Credit Card,102.81,Success,2025-07-22 00:22:34,2025-08-16 00:22:34
7300,7300,Debit Card,55.51,Success,2026-02-24 06:13:57,2026-03-20 06:13:57
7301,7301,Google Pay,104.78,Success,2026-06-03 12:37:06,2026-07-01 12:37:06
7302,7302,Debit Card,75.14,Success,2025-09-07 02:05:50,2025-10-05 02:05:50
7303,7303,Cash,45.78,Success,2025-09-07 09:55:48,2025-09-08 09:55:48
7304,7304,Cash,39.47,Success,2025-08-11 06:43:26,2025-09-01 06:43:26
7305,7305,Apple Pay,69.24,Success,2025-11-05 19:12:45,2025-11-15 19:12:45
7306,7306,Debit Card,27.6,Success,2026-07-14 08:39:48,2026-07-31 08:39:48
7307,7307,Cash,79.98,Success,2026-03-15 19:44:10,2026-04-13 19:44:10
7308,7308,Apple Pay,51.18,Success,2026-04-09 07:11:50,2026-04-14 07:11:50
7309,7309,Debit Card,75.74,Success,2025-11-16 19:51:25,2025-11-27 19:51:25
7310,7310,Google Pay,14.97,Success,2025-12-05 07:46:10,2025-12-21 07:46:10
7311,7311,Cash,5.04,Success,2026-03-14 20:13:49,2026-04-12 20:13:49
7312,7312,Debit Card,95.33,Success,2025-09-12 23:12:02,2025-10-01 23:12:02
7313,7313,Debit Card,30.86,Success,2025-12-26 20:54:20,2026-01-02 20:54:20
7314,7314,Debit Card,8.07,Success,2026-03-29 18:32:36,2026-04-14 18:32:36
7315,7315,Credit Card,53.08,Success,2025-08-28 01:11:38,2025-09-25 01:11:38
7316,7316,Google Pay,25.85,Success,2026-04-26 05:20:37,2026-05-02 05:20:37
7317,7317,Google Pay,62.6,Success,2026-04-03 22:59:09,2026-04-07 22:59:09
7318,7318,Cash,38.76,Success,2025-12-19 22:43:02,2026-01-05 22:43:02
7319,7319,Apple Pay,73.05,Success,2025-12-28 13:39:49,2026-01-06 13:39:49
7320,7320,Google Pay,101.34,Success,2025-09-11 19:04:35,2025-09-23 19:04:35
7321,7321,Credit Card,41.05,Success,2026-06-09 19:34:01,2026-06-14 19:34:01
7322,7322,Google Pay,71.14,Success,2025-10-22 02:22:58,2025-11-08 02:22:58
7323,7323,Apple Pay,77.74,Success,2026-04-06 20:59:18,2026-04-29 20:59:18
7324,7324,Credit Card,53.49,Success,2025-08-05 18:46:55,2025-08-22 18:46:55
7325,7325,Cash,44.15,Success,2025-08-03 22:43:14,2025-08-20 22:43:14
7326,7326,Credit Card,91.29,Success,2026-03-09 18:07:37,2026-03-29 18:07:37
7327,7327,Apple Pay,36.04,Success,2025-08-18 23:20:25,2025-09-06 23:20:25
7328,7328,Cash,25.03,Success,2025-12-13 15:35:45,2025-12-26 15:35:45
7329,7329,Cash,55.68,Success,2026-06-13 02:13:47,2026-06-14 02:13:47
7330,7330,Apple Pay,68.57,Success,2026-03-17 20:32:03,2026-03-25 20:32:03
7331,7331,Google Pay,103.65,Success,2025-10-12 19:06:36,2025-11-08 19:06:36
7332,7332,Cash,83.7,Success,2026-01-24 11:04:48,2026-02-22 11:04:48
7333,7333,Debit Card,20.6,Success,2026-06-30 16:29:21,2026-07-28 16:29:21
7334,7334,Apple Pay,64.37,Success,2026-04-20 16:51:17,2026-05-02 16:51:17
7335,7335,Debit Card,125.32,Success,2026-01-19 13:51:23,2026-01-31 13:51:23
7336,7336,Cash,59.9,Success,2025-08-26 14:35:10,2025-09-16 14:35:10
7337,7337,Google Pay,16.4,Success,2025-09-18 04:22:35,2025-10-14 04:22:35
7338,7338,Debit Card,3.08,Success,2026-07-02 12:39:36,2026-08-01 12:39:36
7339,7339,Debit Card,55.99,Success,2025-12-20 03:21:31,2026-01-10 03:21:31
7340,7340,Debit Card,17.47,Success,2025-09-15 23:51:47,2025-09-22 23:51:47
7341,7341,Credit Card,14.63,Success,2026-03-25 17:47:33,2026-04-07 17:47:33
7342,7342,Google Pay,13.27,Success,2026-02-02 12:44:11,2026-02-27 12:44:11
7343,7343,Cash,10.03,Success,2026-05-11 07:22:10,2026-05-19 07:22:10
7344,7344,Google Pay,45.72,Success,2025-09-12 10:11:45,2025-10-02 10:11:45
7345,7345,Debit Card,22.54,Success,2025-11-13 04:57:28,2025-11-24 04:57:28
7346,7346,Apple Pay,116.63,Success,2025-09-28 20:41:36,2025-10-22 20:41:36
7347,7347,Debit Card,104.67,Success,2025-11-21 13:05:25,2025-12-07 13:05:25
7348,7348,Credit Card,23.54,Success,2025-11-01 06:54:44,2025-11-28 06:54:44
7349,7349,Apple Pay,19.66,Success,2026-01-26 05:34:25,2026-02-04 05:34:25
7350,7350,Google Pay,57.97,Success,2025-08-30 06:09:38,2025-09-11 06:09:38
7351,7351,Apple Pay,78.4,Success,2025-09-23 12:45:06,2025-10-19 12:45:06
7352,7352,Apple Pay,111.65,Success,2025-11-06 20:21:05,2025-11-23 20:21:05
7353,7353,Debit Card,41.74,Success,2026-05-31 10:58:58,2026-06-13 10:58:58
7354,7354,Cash,7.83,Success,2025-08-29 08:53:51,2025-09-21 08:53:51
7355,7355,Credit Card,25.53,Success,2025-12-31 03:07:34,2026-01-05 03:07:34
7356,7356,Credit Card,116.99,Success,2026-06-26 19:01:41,2026-07-20 19:01:41
7357,7357,Credit Card,95.86,Success,2026-03-01 09:15:14,2026-03-18 09:15:14
7358,7358,Apple Pay,59.98,Success,2026-01-21 11:20:37,2026-01-23 11:20:37
7359,7359,Debit Card,62.46,Success,2026-02-28 20:46:48,2026-03-26 20:46:48
7360,7360,Credit Card,23.9,Success,2026-03-10 14:24:59,2026-04-05 14:24:59
7361,7361,Cash,4.48,Success,2026-07-15 06:05:03,2026-07-25 06:05:03
7362,7362,Apple Pay,31.82,Success,2026-05-24 19:23:48,2026-06-16 19:23:48
7363,7363,Credit Card,13.08,Success,2025-12-11 12:05:21,2025-12-22 12:05:21
7364,7364,Credit Card,71.43,Success,2026-04-29 12:46:33,2026-05-26 12:46:33
7365,7365,Debit Card,85.48,Success,2025-12-25 21:34:20,2026-01-24 21:34:20
7366,7366,Google Pay,42.16,Success,2026-04-05 14:56:08,2026-04-19 14:56:08
7367,7367,Cash,3.53,Success,2025-10-25 16:14:00,2025-11-05 16:14:00
7368,7368,Google Pay,63.32,Success,2026-02-17 07:45:38,2026-02-27 07:45:38
7369,7369,Debit Card,77.39,Success,2025-09-28 12:24:51,2025-10-19 12:24:51
7370,7370,Debit Card,110.03,Success,2026-03-23 02:45:16,2026-03-28 02:45:16
7371,7371,Google Pay,42.96,Success,2026-01-16 20:42:40,2026-01-19 20:42:40
7372,7372,Credit Card,74.12,Success,2026-01-12 07:19:28,2026-01-15 07:19:28
7373,7373,Credit Card,117.69,Success,2026-02-23 22:47:49,2026-03-17 22:47:49
7374,7374,Google Pay,91.44,Success,2025-12-17 19:12:42,2025-12-18 19:12:42
7375,7375,Credit Card,9.87,Success,2026-05-19 23:46:16,2026-06-10 23:46:16
7376,7376,Cash,112.7,Success,2026-02-26 22:08:37,2026-03-22 22:08:37
7377,7377,Google Pay,60.17,Success,2026-03-07 03:01:01,2026-03-11 03:01:01
7378,7378,Cash,124.3,Success,2025-11-29 05:07:26,2025-12-10 05:07:26
7379,7379,Credit Card,81.69,Success,2025-09-08 16:36:06,2025-09-29 16:36:06
7380,7380,Credit Card,50.7,Success,2025-10-08 20:56:07,2025-10-10 20:56:07
7381,7381,Debit Card,124.6,Success,2025-08-04 13:02:17,2025-09-03 13:02:17
7382,7382,Cash,91.58,Success,2026-02-12 16:05:09,2026-02-16 16:05:09
7383,7383,Apple Pay,12.89,Success,2026-01-13 01:15:52,2026-02-08 01:15:52
7384,7384,Apple Pay,5.01,Success,2026-01-10 04:25:50,2026-01-17 04:25:50
7385,7385,Cash,16.17,Success,2025-09-04 10:21:55,2025-09-16 10:21:55
7386,7386,Apple Pay,13.2,Success,2025-10-13 06:59:27,2025-10-25 06:59:27
7387,7387,Debit Card,2.77,Success,2026-05-09 23:16:31,2026-05-19 23:16:31
7388,7388,Apple Pay,44.45,Success,2025-12-23 00:48:50,2026-01-10 00:48:50
7389,7389,Cash,103.06,Success,2026-01-30 14:55:41,2026-03-01 14:55:41
7390,7390,Cash,41.0,Success,2026-02-10 10:52:50,2026-02-22 10:52:50
7391,7391,Apple Pay,7.33,Success,2025-10-13 18:55:45,2025-10-18 18:55:45
7392,7392,Credit Card,15.9,Success,2026-04-19 07:03:37,2026-05-01 07:03:37
7393,7393,Credit Card,43.67,Success,2026-02-28 02:58:30,2026-03-22 02:58:30
7394,7394,Apple Pay,19.71,Success,2026-06-20 05:05:52,2026-06-21 05:05:52
7395,7395,Debit Card,10.27,Success,2026-07-16 02:30:37,2026-07-30 02:30:37
7396,7396,Cash,92.38,Success,2025-09-14 18:41:10,2025-10-06 18:41:10
7397,7397,Apple Pay,27.35,Success,2025-10-10 18:20:55,2025-10-26 18:20:55
7398,7398,Apple Pay,9.33,Success,2026-04-10 15:36:12,2026-04-24 15:36:12
7399,7399,Google Pay,100.94,Success,2026-02-15 14:28:42,2026-02-21 14:28:42
7400,7400,Debit Card,115.55,Success,2026-05-06 02:49:52,2026-05-25 02:49:52
7401,7401,Apple Pay,3.36,Success,2025-09-24 09:59:46,2025-10-02 09:59:46
7402,7402,Apple Pay,29.38,Success,2025-12-16 01:04:35,2025-12-27 01:04:35
7403,7403,Cash,35.8,Success,2025-11-21 13:40:15,2025-12-13 13:40:15
7404,7404,Google Pay,37.22,Success,2026-01-23 14:11:36,2026-02-20 14:11:36
7405,7405,Debit Card,73.64,Success,2025-07-26 09:20:05,2025-07-30 09:20:05
7406,7406,Debit Card,24.39,Success,2025-10-20 14:35:13,2025-11-17 14:35:13
7407,7407,Apple Pay,3.76,Success,2025-07-30 00:49:39,2025-08-14 00:49:39
7408,7408,Credit Card,15.69,Success,2026-07-16 20:44:21,2026-07-29 20:44:21
7409,7409,Cash,82.6,Success,2025-12-25 09:18:12,2026-01-01 09:18:12
7410,7410,Debit Card,45.42,Success,2025-09-15 12:59:35,2025-09-20 12:59:35
7411,7411,Debit Card,3.72,Success,2026-04-21 01:09:43,2026-05-16 01:09:43
7412,7412,Apple Pay,81.69,Success,2025-07-28 18:15:24,2025-08-03 18:15:24
7413,7413,Credit Card,37.82,Success,2026-01-25 05:21:32,2026-02-12 05:21:32
7414,7414,Google Pay,25.63,Success,2026-02-05 11:04:35,2026-02-12 11:04:35
7415,7415,Cash,32.2,Success,2025-09-02 18:14:36,2025-09-22 18:14:36
7416,7416,Apple Pay,40.2,Success,2026-07-15 13:36:32,2026-08-05 13:36:32
7417,7417,Apple Pay,42.71,Success,2025-09-14 06:28:12,2025-09-26 06:28:12
7418,7418,Debit Card,15.28,Success,2025-11-05 18:52:18,2025-11-08 18:52:18
7419,7419,Google Pay,94.54,Success,2025-08-11 02:27:19,2025-09-04 02:27:19
7420,7420,Debit Card,36.01,Success,2025-11-13 09:58:08,2025-12-11 09:58:08
7421,7421,Apple Pay,6.79,Success,2026-03-18 00:27:03,2026-03-21 00:27:03
7422,7422,Google Pay,51.82,Success,2025-08-16 20:31:40,2025-09-04 20:31:40
7423,7423,Apple Pay,84.64,Success,2026-06-14 03:16:51,2026-07-06 03:16:51
7424,7424,Google Pay,89.8,Success,2026-02-12 00:40:50,2026-02-23 00:40:50
7425,7425,Credit Card,51.58,Success,2025-11-13 08:55:25,2025-11-28 08:55:25
7426,7426,Cash,56.8,Success,2026-05-25 10:10:13,2026-06-24 10:10:13
7427,7427,Debit Card,43.55,Success,2025-12-20 12:42:38,2026-01-09 12:42:38
7428,7428,Cash,34.39,Success,2025-08-20 05:23:43,2025-08-23 05:23:43
7429,7429,Debit Card,10.58,Success,2025-08-28 18:40:07,2025-09-04 18:40:07
7430,7430,Cash,3.78,Success,2026-01-22 02:48:49,2026-02-18 02:48:49
7431,7431,Debit Card,21.72,Success,2026-07-19 23:13:04,2026-08-09 23:13:04
7432,7432,Cash,74.61,Success,2025-10-10 08:32:06,2025-10-12 08:32:06
7433,7433,Google Pay,80.76,Success,2025-09-17 08:58:27,2025-09-30 08:58:27
7434,7434,Debit Card,40.84,Success,2026-01-11 12:40:52,2026-02-04 12:40:52
7435,7435,Apple Pay,57.91,Success,2026-07-07 16:55:37,2026-08-01 16:55:37
7436,7436,Apple Pay,49.84,Success,2025-10-30 16:16:11,2025-11-09 16:16:11
7437,7437,Cash,36.86,Success,2025-10-16 01:25:48,2025-10-28 01:25:48
7438,7438,Debit Card,64.73,Success,2026-02-08 07:27:54,2026-02-24 07:27:54
7439,7439,Credit Card,66.96,Success,2025-07-20 14:42:31,2025-07-24 14:42:31
7440,7440,Credit Card,69.45,Success,2025-09-08 08:43:50,2025-09-19 08:43:50
7441,7441,Apple Pay,52.74,Success,2026-03-01 00:57:24,2026-03-25 00:57:24
7442,7442,Cash,34.11,Success,2025-11-11 16:19:54,2025-12-09 16:19:54
7443,7443,Google Pay,10.4,Success,2025-08-01 05:13:37,2025-08-29 05:13:37
7444,7444,Credit Card,74.29,Success,2026-06-28 21:34:05,2026-07-28 21:34:05
7445,7445,Debit Card,87.07,Success,2026-07-03 14:40:29,2026-07-19 14:40:29
7446,7446,Google Pay,61.12,Success,2025-08-19 23:59:50,2025-09-04 23:59:50
7447,7447,Cash,51.41,Success,2026-02-01 22:19:56,2026-02-17 22:19:56
7448,7448,Google Pay,118.08,Success,2026-03-23 03:11:56,2026-04-04 03:11:56
7449,7449,Cash,80.46,Success,2025-11-08 11:33:19,2025-11-13 11:33:19
7450,7450,Apple Pay,27.71,Success,2026-06-20 15:35:25,2026-07-02 15:35:25
7451,7451,Google Pay,36.04,Success,2026-03-24 20:21:28,2026-04-21 20:21:28
7452,7452,Google Pay,5.93,Success,2025-09-08 20:46:44,2025-09-10 20:46:44
7453,7453,Cash,73.77,Success,2025-10-24 11:34:00,2025-11-03 11:34:00
7454,7454,Credit Card,97.2,Success,2025-07-26 16:07:53,2025-08-11 16:07:53
7455,7455,Cash,31.42,Success,2025-11-30 09:08:35,2025-12-29 09:08:35
7456,7456,Apple Pay,32.57,Success,2026-02-24 08:52:22,2026-03-13 08:52:22
7457,7457,Apple Pay,69.51,Success,2026-04-29 07:15:47,2026-05-09 07:15:47
7458,7458,Google Pay,131.72,Success,2026-05-17 02:34:24,2026-06-05 02:34:24
7459,7459,Apple Pay,88.52,Success,2025-09-05 20:03:27,2025-09-09 20:03:27
7460,7460,Credit Card,22.93,Success,2026-02-05 21:07:16,2026-02-27 21:07:16
7461,7461,Credit Card,23.07,Success,2026-03-10 06:15:52,2026-03-11 06:15:52
7462,7462,Credit Card,32.1,Success,2026-04-04 05:35:58,2026-04-13 05:35:58
7463,7463,Debit Card,91.55,Success,2026-04-02 23:53:10,2026-04-14 23:53:10
7464,7464,Debit Card,74.91,Success,2025-10-16 00:59:58,2025-11-13 00:59:58
7465,7465,Credit Card,25.26,Success,2026-02-09 00:13:44,2026-02-10 00:13:44
7466,7466,Apple Pay,22.5,Success,2026-01-16 01:51:03,2026-02-07 01:51:03
7467,7467,Credit Card,24.95,Success,2025-09-17 03:06:47,2025-10-13 03:06:47
7468,7468,Apple Pay,46.16,Success,2026-04-10 22:56:52,2026-04-11 22:56:52
7469,7469,Cash,68.49,Success,2025-10-28 18:52:57,2025-11-22 18:52:57
7470,7470,Debit Card,99.8,Success,2025-09-20 14:50:11,2025-09-21 14:50:11
7471,7471,Apple Pay,73.16,Success,2026-05-02 11:34:21,2026-05-23 11:34:21
7472,7472,Cash,66.05,Success,2025-12-08 01:02:48,2025-12-11 01:02:48
7473,7473,Debit Card,64.86,Success,2026-06-04 07:07:15,2026-06-20 07:07:15
7474,7474,Debit Card,31.28,Success,2026-07-13 18:54:45,2026-08-06 18:54:45
7475,7475,Debit Card,61.95,Success,2025-11-09 19:44:51,2025-11-27 19:44:51
7476,7476,Debit Card,45.86,Success,2026-02-24 05:56:02,2026-03-03 05:56:02
7477,7477,Google Pay,79.37,Success,2026-04-19 14:00:15,2026-04-29 14:00:15
7478,7478,Google Pay,16.66,Success,2026-04-30 18:52:14,2026-05-02 18:52:14
7479,7479,Google Pay,17.67,Success,2026-02-27 21:39:40,2026-03-27 21:39:40
7480,7480,Google Pay,100.1,Success,2026-02-21 19:34:52,2026-03-09 19:34:52
7481,7481,Debit Card,25.45,Success,2025-10-27 16:59:10,2025-11-11 16:59:10
7482,7482,Credit Card,24.51,Success,2026-04-24 10:26:37,2026-05-23 10:26:37
7483,7483,Apple Pay,100.31,Success,2026-03-09 01:13:49,2026-03-10 01:13:49
7484,7484,Debit Card,100.05,Success,2025-08-19 14:07:41,2025-09-18 14:07:41
7485,7485,Apple Pay,36.08,Success,2025-09-13 17:00:35,2025-09-22 17:00:35
7486,7486,Google Pay,80.78,Success,2025-11-28 19:57:25,2025-12-11 19:57:25
7487,7487,Google Pay,78.06,Success,2026-03-18 12:21:32,2026-04-06 12:21:32
7488,7488,Debit Card,23.39,Success,2026-01-23 13:14:08,2026-02-17 13:14:08
7489,7489,Apple Pay,80.51,Success,2026-01-22 20:38:32,2026-01-27 20:38:32
7490,7490,Google Pay,56.64,Success,2026-06-13 10:17:26,2026-07-01 10:17:26
7491,7491,Google Pay,23.57,Success,2025-08-10 19:57:36,2025-08-15 19:57:36
7492,7492,Debit Card,23.78,Success,2025-11-20 18:34:24,2025-12-15 18:34:24
7493,7493,Debit Card,37.31,Success,2026-01-04 07:02:06,2026-01-16 07:02:06
7494,7494,Apple Pay,5.75,Success,2025-09-17 15:56:53,2025-09-29 15:56:53
7495,7495,Debit Card,2.44,Success,2025-11-12 02:09:04,2025-11-17 02:09:04
7496,7496,Cash,26.99,Success,2025-11-14 08:25:42,2025-11-21 08:25:42
7497,7497,Cash,35.29,Success,2026-05-25 05:02:25,2026-06-22 05:02:25
7498,7498,Credit Card,18.04,Success,2025-08-04 10:31:56,2025-08-12 10:31:56
7499,7499,Debit Card,14.18,Success,2026-06-25 03:44:40,2026-07-07 03:44:40
7500,7500,Cash,35.92,Success,2025-11-15 21:54:34,2025-11-30 21:54:34
7501,7501,Apple Pay,43.61,Success,2026-06-22 04:43:25,2026-07-19 04:43:25
7502,7502,Google Pay,44.11,Success,2026-04-14 05:32:37,2026-04-25 05:32:37
7503,7503,Apple Pay,34.57,Success,2025-10-09 15:30:33,2025-10-24 15:30:33
7504,7504,Debit Card,93.39,Success,2025-10-16 02:45:31,2025-11-05 02:45:31
7505,7505,Cash,19.7,Success,2026-07-16 05:00:24,2026-07-26 05:00:24
7506,7506,Google Pay,49.03,Success,2026-01-27 00:16:02,2026-02-08 00:16:02
7507,7507,Apple Pay,56.59,Success,2026-03-24 02:00:30,2026-03-27 02:00:30
7508,7508,Debit Card,25.46,Success,2025-09-22 18:50:55,2025-10-09 18:50:55
7509,7509,Cash,43.49,Success,2026-02-01 18:17:07,2026-02-04 18:17:07
7510,7510,Apple Pay,118.68,Success,2026-06-12 01:44:56,2026-06-20 01:44:56
7511,7511,Cash,21.4,Success,2026-06-19 02:51:36,2026-07-04 02:51:36
7512,7512,Cash,58.13,Success,2025-09-30 00:07:44,2025-10-18 00:07:44
7513,7513,Google Pay,65.27,Success,2025-12-07 01:56:45,2025-12-30 01:56:45
7514,7514,Cash,66.41,Success,2025-08-23 04:44:27,2025-09-21 04:44:27
7515,7515,Apple Pay,51.61,Success,2025-12-01 08:15:06,2025-12-15 08:15:06
7516,7516,Credit Card,30.48,Success,2026-03-18 02:05:16,2026-04-01 02:05:16
7517,7517,Debit Card,30.05,Success,2025-11-09 22:13:25,2025-12-02 22:13:25
7518,7518,Google Pay,23.88,Success,2026-07-20 08:32:25,2026-08-18 08:32:25
7519,7519,Apple Pay,76.61,Success,2026-01-19 12:27:39,2026-01-26 12:27:39
7520,7520,Credit Card,51.3,Success,2025-12-20 01:57:04,2026-01-19 01:57:04
7521,7521,Credit Card,9.61,Success,2025-11-07 12:25:35,2025-11-30 12:25:35
7522,7522,Apple Pay,50.79,Success,2026-01-17 04:08:08,2026-01-30 04:08:08
7523,7523,Apple Pay,95.27,Success,2025-07-22 08:30:44,2025-08-18 08:30:44
7524,7524,Debit Card,29.93,Success,2026-07-17 09:22:01,2026-07-22 09:22:01
7525,7525,Cash,34.45,Success,2026-03-10 16:45:33,2026-04-03 16:45:33
7526,7526,Apple Pay,29.83,Success,2026-07-05 18:44:26,2026-07-11 18:44:26
7527,7527,Cash,37.15,Success,2025-09-29 15:45:18,2025-10-11 15:45:18
7528,7528,Cash,127.14,Success,2025-09-24 11:19:41,2025-10-06 11:19:41
7529,7529,Google Pay,71.14,Success,2026-06-20 17:35:30,2026-07-01 17:35:30
7530,7530,Credit Card,24.94,Success,2025-11-23 04:55:51,2025-12-11 04:55:51
7531,7531,Google Pay,13.38,Success,2025-12-31 11:42:32,2026-01-19 11:42:32
7532,7532,Credit Card,9.43,Success,2026-02-07 07:39:45,2026-02-27 07:39:45
7533,7533,Credit Card,64.64,Success,2026-03-10 19:23:05,2026-04-09 19:23:05
7534,7534,Credit Card,18.49,Success,2025-11-21 09:42:31,2025-11-27 09:42:31
7535,7535,Debit Card,77.23,Success,2025-12-15 07:16:33,2026-01-12 07:16:33
7536,7536,Credit Card,57.71,Success,2025-09-23 23:34:58,2025-09-24 23:34:58
7537,7537,Google Pay,59.31,Success,2026-05-26 18:36:43,2026-06-14 18:36:43
7538,7538,Apple Pay,30.12,Success,2026-04-14 09:59:21,2026-05-08 09:59:21
7539,7539,Google Pay,90.98,Success,2026-01-08 21:47:57,2026-01-17 21:47:57
7540,7540,Google Pay,86.87,Success,2025-12-14 05:30:28,2025-12-22 05:30:28
7541,7541,Credit Card,101.97,Success,2026-01-19 23:44:27,2026-02-16 23:44:27
7542,7542,Google Pay,8.33,Success,2025-08-07 13:32:42,2025-08-09 13:32:42
7543,7543,Credit Card,79.38,Success,2025-08-13 12:16:43,2025-08-28 12:16:43
7544,7544,Credit Card,43.88,Success,2026-02-27 22:07:54,2026-03-28 22:07:54
7545,7545,Apple Pay,69.65,Success,2025-08-20 06:34:07,2025-08-26 06:34:07
7546,7546,Apple Pay,34.87,Success,2025-10-18 11:00:27,2025-10-20 11:00:27
7547,7547,Cash,55.58,Success,2026-07-03 10:37:33,2026-07-14 10:37:33
7548,7548,Cash,119.85,Success,2025-09-25 06:59:32,2025-10-13 06:59:32
7549,7549,Debit Card,21.52,Success,2025-12-14 16:08:01,2026-01-05 16:08:01
7550,7550,Debit Card,84.46,Success,2025-12-04 00:31:10,2025-12-13 00:31:10
7551,7551,Apple Pay,119.99,Success,2025-08-25 19:56:50,2025-09-16 19:56:50
7552,7552,Cash,49.83,Success,2026-06-01 12:42:11,2026-06-22 12:42:11
7553,7553,Google Pay,5.56,Success,2025-08-20 20:50:40,2025-09-10 20:50:40
7554,7554,Cash,8.52,Success,2025-10-31 01:07:18,2025-11-06 01:07:18
7555,7555,Cash,67.47,Success,2026-06-12 06:54:23,2026-06-28 06:54:23
7556,7556,Google Pay,103.18,Success,2026-04-23 00:41:40,2026-05-17 00:41:40
7557,7557,Debit Card,15.65,Success,2025-07-24 02:11:32,2025-07-25 02:11:32
7558,7558,Debit Card,18.73,Success,2026-07-06 16:34:56,2026-07-10 16:34:56
7559,7559,Cash,106.16,Success,2025-08-23 07:34:49,2025-08-30 07:34:49
7560,7560,Debit Card,82.76,Success,2026-03-17 07:45:27,2026-04-16 07:45:27
7561,7561,Debit Card,30.88,Success,2025-07-23 13:49:45,2025-07-29 13:49:45
7562,7562,Debit Card,50.09,Success,2025-12-31 11:12:30,2026-01-23 11:12:30
7563,7563,Credit Card,45.03,Success,2025-09-04 21:45:53,2025-10-02 21:45:53
7564,7564,Debit Card,35.96,Success,2026-07-19 16:35:24,2026-08-06 16:35:24
7565,7565,Google Pay,75.17,Success,2025-09-15 17:21:26,2025-10-10 17:21:26
7566,7566,Debit Card,89.49,Success,2025-08-07 01:45:07,2025-08-20 01:45:07
7567,7567,Debit Card,10.91,Success,2026-03-20 22:16:05,2026-03-28 22:16:05
7568,7568,Apple Pay,41.28,Success,2025-12-05 22:55:38,2025-12-09 22:55:38
7569,7569,Google Pay,45.14,Success,2026-06-28 10:38:19,2026-07-26 10:38:19
7570,7570,Debit Card,26.87,Success,2026-03-30 10:34:57,2026-04-13 10:34:57
7571,7571,Cash,19.94,Success,2025-10-31 18:29:56,2025-11-16 18:29:56
7572,7572,Apple Pay,72.57,Success,2026-06-13 22:56:51,2026-06-18 22:56:51
7573,7573,Apple Pay,111.85,Success,2025-12-09 07:34:00,2025-12-27 07:34:00
7574,7574,Debit Card,70.75,Success,2026-06-17 20:22:26,2026-06-25 20:22:26
7575,7575,Cash,93.43,Success,2025-10-04 12:25:48,2025-10-11 12:25:48
7576,7576,Google Pay,17.52,Success,2026-01-25 05:05:24,2026-02-24 05:05:24
7577,7577,Cash,45.6,Success,2025-12-01 19:49:32,2025-12-29 19:49:32
7578,7578,Apple Pay,33.66,Success,2025-11-21 08:14:48,2025-12-11 08:14:48
7579,7579,Cash,47.66,Success,2026-03-13 02:35:01,2026-03-30 02:35:01
7580,7580,Debit Card,44.89,Success,2026-05-24 00:52:55,2026-06-04 00:52:55
7581,7581,Debit Card,46.64,Success,2025-08-05 04:45:31,2025-08-15 04:45:31
7582,7582,Credit Card,21.42,Success,2026-06-10 18:30:06,2026-07-07 18:30:06
7583,7583,Google Pay,64.39,Success,2026-05-12 23:19:37,2026-06-02 23:19:37
7584,7584,Credit Card,38.41,Success,2026-01-23 23:44:46,2026-01-27 23:44:46
7585,7585,Apple Pay,52.15,Success,2025-10-05 11:14:36,2025-10-08 11:14:36
7586,7586,Google Pay,31.15,Success,2025-10-25 12:26:01,2025-11-18 12:26:01
7587,7587,Google Pay,67.55,Success,2026-06-17 03:31:14,2026-06-30 03:31:14
7588,7588,Cash,113.34,Success,2025-09-30 09:12:50,2025-10-02 09:12:50
7589,7589,Cash,83.76,Success,2025-10-22 00:10:07,2025-11-21 00:10:07
7590,7590,Credit Card,124.64,Success,2025-10-10 19:07:33,2025-10-15 19:07:33
7591,7591,Cash,35.04,Success,2025-12-08 09:06:56,2025-12-21 09:06:56
7592,7592,Credit Card,77.14,Success,2025-09-01 17:22:15,2025-09-11 17:22:15
7593,7593,Apple Pay,10.07,Success,2025-11-22 18:41:52,2025-12-07 18:41:52
7594,7594,Cash,35.35,Success,2025-12-14 20:38:40,2026-01-11 20:38:40
7595,7595,Credit Card,57.64,Success,2025-12-22 15:55:54,2026-01-14 15:55:54
7596,7596,Cash,87.9,Success,2025-09-01 18:32:16,2025-09-11 18:32:16
7597,7597,Cash,89.92,Success,2026-07-12 04:54:53,2026-08-05 04:54:53
7598,7598,Debit Card,72.66,Success,2025-12-17 23:54:41,2026-01-01 23:54:41
7599,7599,Google Pay,42.96,Success,2025-08-07 14:49:33,2025-08-15 14:49:33
7600,7600,Google Pay,15.27,Success,2025-12-05 17:54:22,2025-12-26 17:54:22
7601,7601,Google Pay,87.61,Success,2025-12-09 18:18:55,2025-12-28 18:18:55
7602,7602,Debit Card,35.84,Success,2026-01-30 23:06:29,2026-02-19 23:06:29
7603,7603,Credit Card,3.95,Success,2026-07-10 18:04:10,2026-08-02 18:04:10
7604,7604,Credit Card,6.4,Success,2025-11-11 01:10:05,2025-11-26 01:10:05
7605,7605,Google Pay,75.22,Success,2025-10-05 00:46:52,2025-11-02 00:46:52
7606,7606,Google Pay,37.71,Success,2026-01-20 04:36:08,2026-02-14 04:36:08
7607,7607,Google Pay,51.36,Success,2025-10-03 18:09:00,2025-10-29 18:09:00
7608,7608,Credit Card,17.35,Success,2026-03-30 13:12:01,2026-04-21 13:12:01
7609,7609,Debit Card,45.34,Success,2026-04-22 16:31:13,2026-05-09 16:31:13
7610,7610,Debit Card,54.77,Success,2026-04-02 18:53:13,2026-04-06 18:53:13
7611,7611,Apple Pay,51.02,Success,2025-07-24 09:49:57,2025-08-20 09:49:57
7612,7612,Apple Pay,119.6,Success,2026-06-11 04:06:12,2026-07-07 04:06:12
7613,7613,Debit Card,5.58,Success,2025-12-02 08:35:18,2025-12-20 08:35:18
7614,7614,Cash,31.98,Success,2026-02-01 16:14:32,2026-02-17 16:14:32
7615,7615,Apple Pay,126.11,Success,2025-12-05 08:50:02,2025-12-10 08:50:02
7616,7616,Cash,8.93,Success,2025-11-15 20:48:00,2025-11-29 20:48:00
7617,7617,Apple Pay,48.31,Success,2026-05-25 09:53:21,2026-05-29 09:53:21
7618,7618,Credit Card,11.04,Success,2026-07-01 13:08:08,2026-07-04 13:08:08
7619,7619,Apple Pay,98.87,Success,2025-10-15 06:59:24,2025-10-16 06:59:24
7620,7620,Credit Card,45.49,Success,2025-11-13 11:06:42,2025-11-21 11:06:42
7621,7621,Credit Card,47.37,Success,2025-10-22 08:49:28,2025-11-20 08:49:28
7622,7622,Credit Card,51.66,Success,2026-06-27 13:27:58,2026-07-18 13:27:58
7623,7623,Google Pay,70.69,Success,2026-07-13 23:04:57,2026-08-07 23:04:57
7624,7624,Credit Card,6.12,Success,2026-03-24 18:57:04,2026-04-21 18:57:04
7625,7625,Cash,60.43,Success,2025-12-26 18:30:39,2025-12-27 18:30:39
7626,7626,Apple Pay,64.07,Success,2026-01-10 22:40:32,2026-01-25 22:40:32
7627,7627,Debit Card,73.89,Success,2025-10-05 10:36:14,2025-10-15 10:36:14
7628,7628,Credit Card,73.19,Success,2025-11-17 23:20:13,2025-11-19 23:20:13
7629,7629,Debit Card,40.07,Success,2026-04-13 00:38:34,2026-04-26 00:38:34
7630,7630,Apple Pay,112.14,Success,2026-01-30 17:01:28,2026-02-09 17:01:28
7631,7631,Cash,99.48,Success,2025-12-03 09:04:03,2025-12-16 09:04:03
7632,7632,Debit Card,101.33,Success,2025-10-05 05:45:46,2025-10-27 05:45:46
7633,7633,Credit Card,25.67,Success,2025-10-24 02:00:17,2025-11-14 02:00:17
7634,7634,Cash,18.97,Success,2025-12-27 04:22:30,2026-01-11 04:22:30
7635,7635,Debit Card,23.95,Success,2026-04-27 01:43:24,2026-04-30 01:43:24
7636,7636,Google Pay,93.03,Success,2025-09-22 18:06:14,2025-10-19 18:06:14
7637,7637,Debit Card,78.28,Success,2025-11-28 00:37:47,2025-12-22 00:37:47
7638,7638,Debit Card,16.4,Success,2025-11-27 01:46:39,2025-12-21 01:46:39
7639,7639,Google Pay,91.36,Success,2025-11-11 00:14:42,2025-11-19 00:14:42
7640,7640,Credit Card,18.1,Success,2026-01-08 13:43:51,2026-01-21 13:43:51
7641,7641,Cash,16.64,Success,2025-12-19 23:51:33,2026-01-07 23:51:33
7642,7642,Credit Card,77.83,Success,2025-12-02 12:35:24,2025-12-17 12:35:24
7643,7643,Google Pay,90.28,Success,2026-01-25 15:51:04,2026-02-13 15:51:04
7644,7644,Cash,77.88,Success,2026-03-26 06:40:38,2026-04-11 06:40:38
7645,7645,Credit Card,35.28,Success,2026-03-21 10:40:26,2026-03-25 10:40:26
7646,7646,Credit Card,8.16,Success,2026-01-18 06:42:17,2026-01-27 06:42:17
7647,7647,Credit Card,75.97,Success,2026-06-08 14:32:21,2026-07-06 14:32:21
7648,7648,Cash,124.52,Success,2026-06-16 21:39:17,2026-06-22 21:39:17
7649,7649,Apple Pay,92.18,Success,2026-01-12 12:51:33,2026-01-23 12:51:33
7650,7650,Apple Pay,28.19,Success,2026-03-03 13:38:57,2026-03-10 13:38:57
7651,7651,Credit Card,40.73,Success,2026-04-04 06:35:30,2026-04-29 06:35:30
7652,7652,Credit Card,39.76,Success,2025-07-30 17:58:20,2025-08-14 17:58:20
7653,7653,Apple Pay,53.76,Success,2026-05-31 12:15:36,2026-06-01 12:15:36
7654,7654,Apple Pay,95.57,Success,2026-04-07 18:36:09,2026-04-27 18:36:09
7655,7655,Debit Card,59.56,Success,2025-08-10 09:26:21,2025-08-24 09:26:21
7656,7656,Cash,57.76,Success,2025-11-08 15:59:29,2025-11-17 15:59:29
7657,7657,Google Pay,26.38,Success,2025-08-22 07:06:50,2025-09-08 07:06:50
7658,7658,Apple Pay,4.53,Success,2026-06-21 11:45:32,2026-07-11 11:45:32
7659,7659,Credit Card,100.01,Success,2025-09-03 23:24:24,2025-09-11 23:24:24
7660,7660,Debit Card,56.02,Success,2026-06-06 18:34:50,2026-06-16 18:34:50
7661,7661,Credit Card,6.89,Success,2026-02-09 04:39:04,2026-02-11 04:39:04
7662,7662,Debit Card,50.3,Success,2025-09-16 10:19:07,2025-09-23 10:19:07
7663,7663,Cash,41.43,Success,2026-04-18 23:54:55,2026-04-25 23:54:55
7664,7664,Debit Card,52.47,Success,2026-07-12 12:59:01,2026-07-16 12:59:01
7665,7665,Cash,81.33,Success,2025-08-05 14:34:16,2025-08-29 14:34:16
7666,7666,Debit Card,74.7,Success,2026-04-05 10:56:27,2026-04-08 10:56:27
7667,7667,Cash,9.75,Success,2025-07-21 16:22:21,2025-08-09 16:22:21
7668,7668,Credit Card,48.17,Success,2025-12-05 18:02:27,2025-12-08 18:02:27
7669,7669,Apple Pay,30.8,Success,2025-10-19 23:26:27,2025-11-13 23:26:27
7670,7670,Credit Card,94.24,Success,2025-09-18 00:13:52,2025-09-25 00:13:52
7671,7671,Apple Pay,77.25,Success,2025-10-23 04:55:53,2025-11-14 04:55:53
7672,7672,Google Pay,10.97,Success,2026-01-11 14:56:38,2026-01-22 14:56:38
7673,7673,Apple Pay,59.6,Success,2025-09-24 16:37:21,2025-10-14 16:37:21
7674,7674,Google Pay,46.62,Success,2025-08-29 05:32:34,2025-08-31 05:32:34
7675,7675,Debit Card,53.73,Success,2025-07-26 17:51:33,2025-08-15 17:51:33
7676,7676,Google Pay,14.42,Success,2026-01-25 19:20:13,2026-01-30 19:20:13
7677,7677,Google Pay,37.24,Success,2025-08-01 04:20:50,2025-08-04 04:20:50
7678,7678,Debit Card,31.3,Success,2025-07-23 23:20:18,2025-08-12 23:20:18
7679,7679,Credit Card,98.57,Success,2026-07-14 11:29:33,2026-07-21 11:29:33
7680,7680,Credit Card,22.88,Success,2025-12-25 14:57:39,2026-01-16 14:57:39
7681,7681,Google Pay,36.21,Success,2026-02-25 09:16:10,2026-03-24 09:16:10
7682,7682,Cash,65.31,Success,2025-12-06 08:42:53,2025-12-08 08:42:53
7683,7683,Cash,65.14,Success,2026-07-03 03:15:44,2026-07-29 03:15:44
7684,7684,Cash,37.89,Success,2026-04-16 06:35:04,2026-05-08 06:35:04
7685,7685,Credit Card,38.37,Success,2025-07-31 00:42:24,2025-08-28 00:42:24
7686,7686,Debit Card,56.11,Success,2025-10-12 07:00:23,2025-10-16 07:00:23
7687,7687,Debit Card,34.19,Success,2026-05-04 04:37:32,2026-05-22 04:37:32
7688,7688,Debit Card,24.65,Success,2025-10-08 04:22:06,2025-10-27 04:22:06
7689,7689,Cash,7.23,Success,2025-10-16 06:33:57,2025-10-28 06:33:57
7690,7690,Apple Pay,26.28,Success,2025-09-29 02:54:43,2025-10-01 02:54:43
7691,7691,Cash,41.53,Success,2026-05-28 18:05:36,2026-06-27 18:05:36
7692,7692,Debit Card,3.0,Success,2026-06-09 16:00:01,2026-06-15 16:00:01
7693,7693,Debit Card,55.39,Success,2026-03-30 08:11:20,2026-04-10 08:11:20
7694,7694,Cash,15.22,Success,2026-04-27 00:48:47,2026-05-18 00:48:47
7695,7695,Debit Card,66.13,Success,2025-11-28 04:53:55,2025-12-03 04:53:55
7696,7696,Cash,80.62,Success,2026-02-24 08:22:47,2026-03-19 08:22:47
7697,7697,Google Pay,43.89,Success,2025-08-12 04:02:47,2025-08-18 04:02:47
7698,7698,Credit Card,31.11,Success,2026-02-09 19:22:34,2026-02-24 19:22:34
7699,7699,Credit Card,83.25,Success,2025-10-11 13:50:38,2025-11-07 13:50:38
7700,7700,Cash,3.16,Success,2026-01-14 18:01:51,2026-02-07 18:01:51
7701,7701,Google Pay,73.16,Success,2025-10-26 04:11:48,2025-11-14 04:11:48
7702,7702,Google Pay,109.93,Success,2026-02-23 19:55:55,2026-03-18 19:55:55
7703,7703,Credit Card,36.68,Success,2025-11-26 14:32:04,2025-12-20 14:32:04
7704,7704,Credit Card,66.25,Success,2026-05-26 04:08:59,2026-06-08 04:08:59
7705,7705,Debit Card,24.73,Success,2025-10-13 02:20:05,2025-10-21 02:20:05
7706,7706,Apple Pay,77.74,Success,2025-08-14 06:31:55,2025-09-02 06:31:55
7707,7707,Cash,75.47,Success,2025-09-11 05:23:03,2025-09-15 05:23:03
7708,7708,Apple Pay,3.51,Success,2025-12-09 02:07:46,2025-12-16 02:07:46
7709,7709,Cash,78.13,Success,2025-09-21 01:12:06,2025-09-24 01:12:06
7710,7710,Debit Card,89.68,Success,2026-05-15 02:39:40,2026-05-25 02:39:40
7711,7711,Cash,81.98,Success,2026-03-11 03:33:54,2026-03-25 03:33:54
7712,7712,Google Pay,9.0,Success,2026-03-21 10:16:59,2026-03-31 10:16:59
7713,7713,Cash,73.08,Success,2026-05-25 05:01:56,2026-06-04 05:01:56
7714,7714,Google Pay,93.96,Success,2026-06-19 17:04:01,2026-06-29 17:04:01
7715,7715,Credit Card,25.03,Success,2025-10-21 06:26:30,2025-11-05 06:26:30
7716,7716,Cash,5.0,Success,2025-09-06 18:22:42,2025-09-17 18:22:42
7717,7717,Debit Card,17.61,Success,2026-02-23 07:56:52,2026-03-21 07:56:52
7718,7718,Google Pay,59.78,Success,2025-11-18 23:44:08,2025-12-13 23:44:08
7719,7719,Credit Card,72.32,Success,2026-03-24 01:10:44,2026-04-10 01:10:44
7720,7720,Credit Card,78.07,Success,2026-03-10 17:46:22,2026-04-02 17:46:22
7721,7721,Credit Card,55.08,Success,2026-04-27 10:05:51,2026-05-05 10:05:51
7722,7722,Credit Card,101.78,Success,2025-12-26 23:07:37,2026-01-08 23:07:37
7723,7723,Cash,64.43,Success,2025-11-30 08:09:42,2025-12-02 08:09:42
7724,7724,Apple Pay,74.19,Success,2026-04-14 23:41:16,2026-05-10 23:41:16
7725,7725,Debit Card,41.7,Success,2025-08-02 00:38:20,2025-08-31 00:38:20
7726,7726,Google Pay,26.39,Success,2026-03-27 22:38:57,2026-04-02 22:38:57
7727,7727,Debit Card,67.61,Success,2026-04-20 02:33:16,2026-05-12 02:33:16
7728,7728,Apple Pay,78.49,Success,2026-02-10 22:46:56,2026-02-14 22:46:56
7729,7729,Credit Card,11.28,Success,2025-08-24 00:36:37,2025-09-05 00:36:37
7730,7730,Google Pay,79.5,Success,2026-01-26 10:29:29,2026-02-10 10:29:29
7731,7731,Apple Pay,6.81,Success,2025-10-12 18:21:51,2025-10-22 18:21:51
7732,7732,Debit Card,15.05,Success,2026-06-15 03:34:15,2026-06-30 03:34:15
7733,7733,Google Pay,23.27,Success,2025-11-08 01:16:43,2025-11-19 01:16:43
7734,7734,Apple Pay,27.15,Success,2026-07-16 07:59:11,2026-08-15 07:59:11
7735,7735,Credit Card,116.85,Success,2025-12-30 07:17:15,2026-01-20 07:17:15
7736,7736,Apple Pay,8.83,Success,2026-07-08 11:00:49,2026-07-20 11:00:49
7737,7737,Debit Card,57.94,Success,2025-12-05 12:34:21,2025-12-12 12:34:21
7738,7738,Debit Card,95.18,Success,2025-12-01 22:39:08,2025-12-28 22:39:08
7739,7739,Cash,48.43,Success,2025-09-14 18:48:57,2025-10-05 18:48:57
7740,7740,Credit Card,27.03,Success,2025-08-01 08:30:31,2025-08-07 08:30:31
7741,7741,Debit Card,44.23,Success,2025-12-18 02:21:05,2026-01-06 02:21:05
7742,7742,Credit Card,71.07,Success,2026-06-10 10:59:59,2026-07-06 10:59:59
7743,7743,Credit Card,75.06,Success,2025-09-05 09:07:47,2025-09-28 09:07:47
7744,7744,Cash,85.3,Success,2026-02-07 03:47:01,2026-02-27 03:47:01
7745,7745,Cash,32.87,Success,2026-05-23 08:21:01,2026-05-27 08:21:01
7746,7746,Google Pay,117.25,Success,2025-11-24 15:50:29,2025-12-24 15:50:29
7747,7747,Debit Card,29.99,Success,2025-10-16 22:42:02,2025-10-19 22:42:02
7748,7748,Credit Card,96.9,Success,2026-06-08 08:57:26,2026-07-03 08:57:26
7749,7749,Credit Card,5.88,Success,2026-03-14 08:50:41,2026-03-18 08:50:41
7750,7750,Google Pay,65.24,Success,2026-05-14 04:20:09,2026-06-01 04:20:09
7751,7751,Google Pay,68.57,Success,2026-05-21 00:09:57,2026-06-08 00:09:57
7752,7752,Cash,49.77,Success,2026-02-25 15:44:41,2026-03-27 15:44:41
7753,7753,Apple Pay,84.83,Success,2025-11-19 22:41:35,2025-12-03 22:41:35
7754,7754,Google Pay,49.58,Success,2025-07-25 05:12:47,2025-08-20 05:12:47
7755,7755,Cash,33.31,Success,2026-03-04 10:09:30,2026-03-17 10:09:30
7756,7756,Cash,122.63,Success,2025-07-27 14:47:42,2025-08-24 14:47:42
7757,7757,Credit Card,55.54,Success,2026-01-19 01:57:07,2026-02-06 01:57:07
7758,7758,Cash,45.11,Success,2025-09-07 16:47:52,2025-09-29 16:47:52
7759,7759,Debit Card,17.31,Success,2026-03-31 03:37:44,2026-04-29 03:37:44
7760,7760,Apple Pay,24.64,Success,2025-12-23 14:56:39,2025-12-24 14:56:39
7761,7761,Google Pay,64.04,Success,2026-01-12 09:35:32,2026-01-31 09:35:32
7762,7762,Credit Card,59.2,Success,2026-04-26 13:03:59,2026-05-12 13:03:59
7763,7763,Cash,76.01,Success,2025-10-17 05:04:02,2025-11-02 05:04:02
7764,7764,Apple Pay,87.2,Success,2025-08-02 00:51:58,2025-08-11 00:51:58
7765,7765,Cash,83.97,Success,2025-09-03 18:52:39,2025-09-09 18:52:39
7766,7766,Cash,22.09,Success,2026-03-03 22:39:45,2026-03-23 22:39:45
7767,7767,Cash,99.24,Success,2026-03-30 10:24:37,2026-04-21 10:24:37
7768,7768,Google Pay,111.68,Success,2025-08-18 17:29:57,2025-09-06 17:29:57
7769,7769,Apple Pay,15.04,Success,2026-05-03 17:22:21,2026-06-01 17:22:21
7770,7770,Google Pay,13.71,Success,2026-01-10 11:47:34,2026-01-14 11:47:34
7771,7771,Credit Card,52.21,Success,2026-05-06 02:05:05,2026-05-08 02:05:05
7772,7772,Apple Pay,73.29,Success,2026-03-25 21:14:56,2026-04-13 21:14:56
7773,7773,Credit Card,81.93,Success,2025-11-01 01:33:22,2025-11-24 01:33:22
7774,7774,Cash,69.49,Success,2026-06-10 08:43:09,2026-07-02 08:43:09
7775,7775,Apple Pay,72.3,Success,2026-03-07 18:50:26,2026-03-08 18:50:26
7776,7776,Cash,37.99,Success,2026-07-04 02:54:38,2026-07-09 02:54:38
7777,7777,Cash,36.66,Success,2026-06-14 07:47:32,2026-06-16 07:47:32
7778,7778,Debit Card,36.18,Success,2025-10-28 00:12:04,2025-11-22 00:12:04
7779,7779,Cash,12.3,Success,2026-05-11 09:46:33,2026-05-15 09:46:33
7780,7780,Apple Pay,22.55,Success,2025-12-18 19:43:43,2026-01-04 19:43:43
7781,7781,Debit Card,101.82,Success,2026-02-21 03:49:58,2026-02-22 03:49:58
7782,7782,Cash,52.53,Success,2025-08-03 07:28:16,2025-08-14 07:28:16
7783,7783,Apple Pay,41.27,Success,2025-08-02 05:04:09,2025-08-27 05:04:09
7784,7784,Google Pay,13.36,Success,2026-03-30 01:00:53,2026-04-16 01:00:53
7785,7785,Google Pay,15.64,Success,2025-07-27 09:19:00,2025-08-17 09:19:00
7786,7786,Debit Card,55.13,Success,2026-05-25 14:47:48,2026-06-21 14:47:48
7787,7787,Cash,17.69,Success,2026-03-06 15:59:32,2026-03-31 15:59:32
7788,7788,Debit Card,29.64,Success,2025-12-25 08:28:56,2026-01-05 08:28:56
7789,7789,Google Pay,15.33,Success,2025-12-19 16:01:01,2026-01-18 16:01:01
7790,7790,Credit Card,18.05,Success,2026-05-01 03:18:54,2026-05-29 03:18:54
7791,7791,Debit Card,56.73,Success,2026-04-22 08:43:41,2026-05-21 08:43:41
7792,7792,Cash,100.9,Success,2025-10-05 00:29:57,2025-11-03 00:29:57
7793,7793,Credit Card,26.02,Success,2025-11-02 19:59:21,2025-11-15 19:59:21
7794,7794,Apple Pay,53.49,Success,2025-09-19 02:03:15,2025-10-13 02:03:15
7795,7795,Google Pay,79.69,Success,2026-07-16 04:10:33,2026-07-28 04:10:33
7796,7796,Credit Card,70.57,Success,2025-09-18 20:37:45,2025-09-29 20:37:45
7797,7797,Apple Pay,31.94,Success,2025-12-27 02:33:04,2025-12-28 02:33:04
7798,7798,Google Pay,8.31,Success,2025-07-22 06:05:37,2025-08-10 06:05:37
7799,7799,Debit Card,7.99,Success,2026-01-15 14:50:15,2026-01-20 14:50:15
7800,7800,Google Pay,44.69,Success,2025-10-10 21:10:00,2025-10-25 21:10:00
7801,7801,Apple Pay,29.78,Success,2026-03-29 16:53:46,2026-04-10 16:53:46
7802,7802,Debit Card,125.13,Success,2025-09-14 15:09:49,2025-10-05 15:09:49
7803,7803,Debit Card,27.82,Success,2026-04-23 23:15:29,2026-05-05 23:15:29
7804,7804,Google Pay,39.09,Success,2025-08-31 15:26:37,2025-09-02 15:26:37
7805,7805,Google Pay,15.15,Success,2026-04-10 17:24:00,2026-04-25 17:24:00
7806,7806,Credit Card,75.79,Success,2025-11-20 01:53:46,2025-12-16 01:53:46
7807,7807,Apple Pay,41.98,Success,2026-07-16 02:51:54,2026-08-08 02:51:54
7808,7808,Google Pay,74.17,Success,2025-12-03 21:09:46,2025-12-06 21:09:46
7809,7809,Google Pay,84.63,Success,2025-11-27 09:50:36,2025-12-16 09:50:36
7810,7810,Credit Card,68.5,Success,2025-10-10 18:24:44,2025-10-15 18:24:44
7811,7811,Google Pay,3.1,Success,2026-03-18 13:46:22,2026-04-03 13:46:22
7812,7812,Credit Card,2.96,Success,2026-02-18 22:16:50,2026-02-24 22:16:50
7813,7813,Google Pay,4.87,Success,2025-07-26 21:56:54,2025-08-14 21:56:54
7814,7814,Apple Pay,49.87,Success,2026-05-08 15:35:17,2026-05-19 15:35:17
7815,7815,Credit Card,5.78,Success,2026-05-01 11:13:54,2026-05-25 11:13:54
7816,7816,Credit Card,104.16,Success,2025-11-04 01:12:11,2025-11-24 01:12:11
7817,7817,Google Pay,16.21,Success,2026-01-13 03:28:55,2026-01-24 03:28:55
7818,7818,Google Pay,75.66,Success,2026-02-05 05:26:08,2026-03-06 05:26:08
7819,7819,Debit Card,101.22,Success,2026-07-13 08:42:32,2026-07-24 08:42:32
7820,7820,Cash,11.54,Success,2026-01-01 23:32:08,2026-01-29 23:32:08
7821,7821,Debit Card,115.64,Success,2025-10-25 00:54:09,2025-10-26 00:54:09
7822,7822,Apple Pay,12.04,Success,2026-04-12 10:35:15,2026-04-24 10:35:15
7823,7823,Credit Card,33.74,Success,2025-12-27 09:10:58,2026-01-11 09:10:58
7824,7824,Cash,12.78,Success,2025-11-07 05:24:57,2025-12-04 05:24:57
7825,7825,Apple Pay,19.6,Success,2026-02-19 05:18:50,2026-02-21 05:18:50
7826,7826,Cash,20.22,Success,2026-02-10 11:59:00,2026-03-07 11:59:00
7827,7827,Debit Card,20.56,Success,2026-05-17 20:09:38,2026-06-02 20:09:38
7828,7828,Credit Card,67.7,Success,2026-06-13 11:53:21,2026-06-16 11:53:21
7829,7829,Google Pay,30.73,Success,2025-11-12 16:23:15,2025-11-14 16:23:15
7830,7830,Apple Pay,78.76,Success,2025-11-16 20:50:32,2025-11-21 20:50:32
7831,7831,Debit Card,66.69,Success,2026-03-01 02:07:38,2026-03-07 02:07:38
7832,7832,Cash,58.41,Success,2025-11-27 12:32:52,2025-12-09 12:32:52
7833,7833,Apple Pay,54.7,Success,2026-02-03 12:29:48,2026-02-22 12:29:48
7834,7834,Cash,6.18,Success,2026-01-05 20:56:48,2026-01-23 20:56:48
7835,7835,Credit Card,126.12,Success,2025-11-25 01:53:02,2025-12-12 01:53:02
7836,7836,Debit Card,68.5,Success,2026-01-03 09:59:23,2026-01-28 09:59:23
7837,7837,Google Pay,47.46,Success,2025-12-27 06:20:11,2026-01-10 06:20:11
7838,7838,Google Pay,67.99,Success,2025-11-01 22:20:09,2025-11-18 22:20:09
7839,7839,Apple Pay,17.04,Success,2026-03-01 01:14:40,2026-03-06 01:14:40
7840,7840,Credit Card,13.61,Success,2025-07-29 22:10:00,2025-08-11 22:10:00
7841,7841,Apple Pay,25.5,Success,2026-05-12 22:23:21,2026-05-26 22:23:21
7842,7842,Debit Card,14.41,Success,2025-09-20 21:09:56,2025-10-15 21:09:56
7843,7843,Google Pay,30.99,Success,2025-10-21 16:15:55,2025-11-15 16:15:55
7844,7844,Apple Pay,111.35,Success,2026-01-04 00:52:20,2026-01-09 00:52:20
7845,7845,Debit Card,16.76,Success,2025-09-12 22:44:30,2025-10-09 22:44:30
7846,7846,Credit Card,74.26,Success,2025-09-05 00:57:54,2025-10-02 00:57:54
7847,7847,Apple Pay,61.28,Success,2025-08-08 13:50:59,2025-08-25 13:50:59
7848,7848,Google Pay,5.48,Success,2026-01-13 17:35:44,2026-02-12 17:35:44
7849,7849,Cash,29.56,Success,2025-12-12 01:58:21,2025-12-18 01:58:21
7850,7850,Google Pay,45.0,Success,2026-05-31 19:18:06,2026-06-16 19:18:06
7851,7851,Google Pay,69.2,Success,2026-06-28 20:51:47,2026-07-04 20:51:47
7852,7852,Google Pay,13.61,Success,2026-03-17 21:00:21,2026-04-03 21:00:21
7853,7853,Apple Pay,6.28,Success,2026-04-10 08:16:05,2026-05-03 08:16:05
7854,7854,Cash,36.45,Success,2026-02-25 13:13:21,2026-03-01 13:13:21
7855,7855,Cash,29.14,Success,2026-05-03 09:44:01,2026-05-13 09:44:01
7856,7856,Cash,74.12,Success,2026-01-28 16:54:25,2026-02-13 16:54:25
7857,7857,Apple Pay,43.22,Success,2025-12-01 22:10:18,2025-12-15 22:10:18
7858,7858,Apple Pay,55.79,Success,2025-12-24 10:53:07,2026-01-12 10:53:07
7859,7859,Apple Pay,42.73,Success,2026-07-18 16:02:57,2026-08-14 16:02:57
7860,7860,Google Pay,28.12,Success,2025-09-27 23:07:18,2025-10-16 23:07:18
7861,7861,Cash,1.9,Success,2026-06-15 00:19:59,2026-07-01 00:19:59
7862,7862,Cash,91.52,Success,2026-03-28 00:12:01,2026-04-08 00:12:01
7863,7863,Credit Card,48.87,Success,2025-08-03 23:03:14,2025-08-12 23:03:14
7864,7864,Cash,16.73,Success,2026-02-20 16:34:14,2026-03-12 16:34:14
7865,7865,Google Pay,48.57,Success,2025-09-01 20:36:52,2025-09-09 20:36:52
7866,7866,Cash,18.15,Success,2026-06-06 09:33:14,2026-06-13 09:33:14
7867,7867,Google Pay,25.11,Success,2025-09-22 01:06:26,2025-10-22 01:06:26
7868,7868,Cash,25.93,Success,2026-04-24 05:12:56,2026-05-02 05:12:56
7869,7869,Credit Card,101.28,Success,2026-06-26 11:13:57,2026-07-14 11:13:57
7870,7870,Debit Card,20.44,Success,2026-06-03 11:49:49,2026-06-07 11:49:49
7871,7871,Debit Card,14.95,Success,2025-09-12 09:53:00,2025-09-14 09:53:00
7872,7872,Google Pay,50.75,Success,2025-11-10 14:05:11,2025-12-04 14:05:11
7873,7873,Cash,61.09,Success,2026-02-21 08:25:06,2026-03-02 08:25:06
7874,7874,Debit Card,35.7,Success,2026-05-12 16:25:01,2026-06-08 16:25:01
7875,7875,Google Pay,23.73,Success,2025-08-28 11:34:29,2025-09-15 11:34:29
7876,7876,Apple Pay,36.38,Success,2026-01-30 07:59:40,2026-02-15 07:59:40
7877,7877,Google Pay,30.13,Success,2025-08-12 05:09:39,2025-08-16 05:09:39
7878,7878,Cash,116.94,Success,2025-09-15 03:13:00,2025-09-21 03:13:00
7879,7879,Credit Card,5.82,Success,2025-12-09 07:44:52,2025-12-26 07:44:52
7880,7880,Google Pay,69.74,Success,2025-08-20 05:40:49,2025-09-04 05:40:49
7881,7881,Apple Pay,13.57,Success,2026-07-20 07:00:39,2026-08-02 07:00:39
7882,7882,Credit Card,31.75,Success,2026-05-02 11:02:34,2026-05-29 11:02:34
7883,7883,Cash,6.27,Success,2025-10-03 06:53:02,2025-10-31 06:53:02
7884,7884,Cash,32.84,Success,2026-01-15 10:14:38,2026-02-12 10:14:38
7885,7885,Google Pay,67.06,Success,2026-01-23 07:08:18,2026-02-07 07:08:18
7886,7886,Google Pay,5.21,Success,2026-03-10 22:10:29,2026-03-23 22:10:29
7887,7887,Debit Card,4.7,Success,2026-03-22 16:21:12,2026-04-12 16:21:12
7888,7888,Debit Card,51.53,Success,2026-04-21 06:06:31,2026-04-30 06:06:31
7889,7889,Cash,61.11,Success,2025-12-06 08:42:08,2025-12-28 08:42:08
7890,7890,Cash,46.82,Success,2025-11-05 10:35:45,2025-12-02 10:35:45
7891,7891,Credit Card,16.75,Success,2025-10-06 18:38:27,2025-10-16 18:38:27
7892,7892,Credit Card,10.82,Success,2025-12-30 11:14:29,2026-01-17 11:14:29
7893,7893,Credit Card,18.49,Success,2026-01-23 04:04:42,2026-01-24 04:04:42
7894,7894,Credit Card,9.1,Success,2026-01-13 03:32:02,2026-01-20 03:32:02
7895,7895,Apple Pay,45.6,Success,2026-01-23 22:41:59,2026-02-17 22:41:59
7896,7896,Google Pay,124.02,Success,2026-04-11 02:19:14,2026-04-21 02:19:14
7897,7897,Apple Pay,53.64,Success,2025-09-07 23:15:41,2025-09-15 23:15:41
7898,7898,Google Pay,2.27,Success,2026-03-20 23:39:51,2026-04-02 23:39:51
7899,7899,Cash,98.03,Success,2025-11-15 21:46:57,2025-12-09 21:46:57
7900,7900,Cash,45.58,Success,2026-05-02 11:19:58,2026-05-20 11:19:58
7901,7901,Apple Pay,60.5,Success,2026-02-04 15:54:02,2026-02-24 15:54:02
7902,7902,Cash,98.57,Success,2025-10-01 21:26:46,2025-10-28 21:26:46
7903,7903,Cash,89.81,Success,2025-12-11 10:26:38,2025-12-29 10:26:38
7904,7904,Google Pay,48.3,Success,2025-11-02 03:45:17,2025-12-02 03:45:17
7905,7905,Google Pay,108.13,Success,2026-06-16 14:52:48,2026-07-09 14:52:48
7906,7906,Credit Card,18.25,Success,2025-09-07 20:44:38,2025-09-14 20:44:38
7907,7907,Credit Card,72.75,Success,2026-04-07 22:19:35,2026-04-22 22:19:35
7908,7908,Apple Pay,78.39,Success,2025-11-05 02:53:59,2025-11-06 02:53:59
7909,7909,Debit Card,59.33,Success,2026-07-14 02:42:30,2026-08-10 02:42:30
7910,7910,Credit Card,63.56,Success,2025-09-22 17:46:33,2025-10-01 17:46:33
7911,7911,Credit Card,93.2,Success,2025-08-16 15:18:51,2025-09-02 15:18:51
7912,7912,Apple Pay,21.33,Success,2025-11-05 15:07:35,2025-11-26 15:07:35
7913,7913,Apple Pay,17.8,Success,2025-10-18 01:20:37,2025-11-10 01:20:37
7914,7914,Apple Pay,22.96,Success,2026-06-06 02:30:19,2026-06-23 02:30:19
7915,7915,Credit Card,68.65,Success,2025-12-30 23:39:27,2026-01-15 23:39:27
7916,7916,Apple Pay,21.51,Success,2025-10-01 18:57:35,2025-10-30 18:57:35
7917,7917,Cash,50.74,Success,2025-10-19 10:51:10,2025-11-15 10:51:10
7918,7918,Apple Pay,16.04,Success,2025-08-29 02:29:18,2025-08-30 02:29:18
7919,7919,Apple Pay,39.95,Success,2026-07-12 02:24:55,2026-08-07 02:24:55
7920,7920,Debit Card,70.22,Success,2026-07-16 17:46:57,2026-07-17 17:46:57
7921,7921,Credit Card,56.69,Success,2026-03-13 11:23:49,2026-04-03 11:23:49
7922,7922,Google Pay,30.13,Success,2026-03-17 11:45:29,2026-03-19 11:45:29
7923,7923,Credit Card,2.1,Success,2025-10-11 12:08:04,2025-10-14 12:08:04
7924,7924,Debit Card,95.13,Success,2026-03-06 17:19:09,2026-03-20 17:19:09
7925,7925,Apple Pay,4.6,Success,2026-01-25 17:43:41,2026-01-31 17:43:41
7926,7926,Credit Card,66.41,Success,2026-02-18 15:27:49,2026-02-22 15:27:49
7927,7927,Google Pay,64.82,Success,2026-06-07 03:40:50,2026-06-08 03:40:50
7928,7928,Google Pay,33.42,Success,2026-04-02 02:26:54,2026-04-20 02:26:54
7929,7929,Credit Card,64.22,Success,2025-08-20 18:03:58,2025-09-13 18:03:58
7930,7930,Credit Card,8.38,Success,2026-01-29 00:12:14,2026-02-17 00:12:14
7931,7931,Cash,119.99,Success,2026-01-22 19:33:08,2026-01-28 19:33:08
7932,7932,Debit Card,20.0,Success,2025-12-17 00:48:19,2025-12-31 00:48:19
7933,7933,Debit Card,4.39,Success,2025-12-02 13:34:30,2025-12-25 13:34:30
7934,7934,Cash,92.31,Success,2026-07-07 03:39:05,2026-07-20 03:39:05
7935,7935,Cash,17.37,Success,2025-10-31 04:35:53,2025-11-02 04:35:53
7936,7936,Credit Card,41.03,Success,2026-02-02 19:10:35,2026-02-25 19:10:35
7937,7937,Google Pay,47.97,Success,2025-12-19 23:54:54,2026-01-10 23:54:54
7938,7938,Debit Card,46.72,Success,2025-10-16 03:37:18,2025-11-06 03:37:18
7939,7939,Google Pay,4.86,Success,2025-07-27 01:07:13,2025-08-01 01:07:13
7940,7940,Credit Card,76.01,Success,2026-06-14 21:37:02,2026-06-20 21:37:02
7941,7941,Debit Card,11.43,Success,2025-11-12 07:24:13,2025-12-02 07:24:13
7942,7942,Debit Card,35.83,Success,2026-06-28 20:42:08,2026-06-29 20:42:08
7943,7943,Apple Pay,53.07,Success,2026-04-08 06:36:19,2026-05-07 06:36:19
7944,7944,Debit Card,122.21,Success,2026-06-07 14:37:12,2026-06-18 14:37:12
7945,7945,Debit Card,30.15,Success,2025-08-25 21:27:57,2025-08-30 21:27:57
7946,7946,Apple Pay,51.64,Success,2026-03-03 18:07:06,2026-04-02 18:07:06
7947,7947,Google Pay,51.56,Success,2025-07-23 08:02:49,2025-08-18 08:02:49
7948,7948,Apple Pay,3.1,Success,2026-03-05 21:52:09,2026-03-07 21:52:09
7949,7949,Cash,34.23,Success,2026-03-27 05:04:03,2026-04-11 05:04:03
7950,7950,Cash,66.26,Success,2025-11-01 10:42:36,2025-11-11 10:42:36
7951,7951,Apple Pay,55.42,Success,2025-10-20 19:37:04,2025-11-19 19:37:04
7952,7952,Debit Card,71.4,Success,2026-04-27 13:52:39,2026-05-01 13:52:39
7953,7953,Cash,65.62,Success,2026-07-02 20:20:14,2026-07-26 20:20:14
7954,7954,Google Pay,13.4,Success,2025-10-09 16:59:04,2025-10-19 16:59:04
7955,7955,Cash,80.61,Success,2025-12-16 03:01:51,2026-01-01 03:01:51
7956,7956,Apple Pay,84.47,Success,2026-01-30 03:10:17,2026-02-20 03:10:17
7957,7957,Debit Card,86.88,Success,2026-04-21 04:34:29,2026-05-05 04:34:29
7958,7958,Apple Pay,24.82,Success,2025-12-04 19:44:44,2025-12-26 19:44:44
7959,7959,Apple Pay,68.88,Success,2026-05-14 21:23:55,2026-06-01 21:23:55
7960,7960,Apple Pay,115.22,Success,2026-04-02 14:16:52,2026-04-20 14:16:52
7961,7961,Cash,22.84,Success,2026-01-10 19:33:53,2026-02-01 19:33:53
7962,7962,Cash,29.7,Success,2026-01-22 11:11:49,2026-02-02 11:11:49
7963,7963,Credit Card,28.53,Success,2026-06-03 17:02:59,2026-06-24 17:02:59
7964,7964,Cash,43.86,Success,2025-10-27 19:43:49,2025-11-24 19:43:49
7965,7965,Credit Card,30.16,Success,2026-05-04 09:43:17,2026-05-05 09:43:17
7966,7966,Credit Card,31.49,Success,2026-04-22 22:24:44,2026-05-20 22:24:44
7967,7967,Apple Pay,43.99,Success,2025-12-14 12:09:56,2025-12-21 12:09:56
7968,7968,Apple Pay,67.47,Success,2025-10-08 05:21:48,2025-10-19 05:21:48
7969,7969,Credit Card,82.4,Success,2026-04-17 05:45:07,2026-04-21 05:45:07
7970,7970,Google Pay,16.71,Success,2026-02-12 20:36:00,2026-03-05 20:36:00
7971,7971,Credit Card,86.5,Success,2026-02-24 13:13:20,2026-03-04 13:13:20
7972,7972,Google Pay,88.07,Success,2026-07-07 20:29:40,2026-07-24 20:29:40
7973,7973,Google Pay,38.94,Success,2026-06-28 19:16:03,2026-07-09 19:16:03
7974,7974,Apple Pay,61.39,Success,2026-06-24 14:25:12,2026-06-26 14:25:12
7975,7975,Apple Pay,53.56,Success,2025-07-28 21:25:42,2025-07-29 21:25:42
7976,7976,Apple Pay,92.0,Success,2026-05-23 13:10:59,2026-05-26 13:10:59
7977,7977,Google Pay,37.72,Success,2025-10-07 09:08:36,2025-10-31 09:08:36
7978,7978,Google Pay,83.45,Success,2025-07-29 10:14:23,2025-08-08 10:14:23
7979,7979,Cash,88.7,Success,2025-09-02 06:21:12,2025-09-25 06:21:12
7980,7980,Cash,76.12,Success,2026-05-25 01:00:56,2026-06-19 01:00:56
7981,7981,Cash,110.8,Success,2025-08-27 14:45:23,2025-09-04 14:45:23
7982,7982,Credit Card,53.71,Success,2026-07-14 15:43:52,2026-08-03 15:43:52
7983,7983,Debit Card,63.97,Success,2026-05-08 21:49:35,2026-05-09 21:49:35
7984,7984,Cash,53.44,Success,2025-11-25 22:42:10,2025-12-15 22:42:10
7985,7985,Google Pay,22.13,Success,2025-10-30 06:10:27,2025-11-28 06:10:27
7986,7986,Cash,39.2,Success,2025-08-29 23:40:47,2025-09-07 23:40:47
7987,7987,Google Pay,14.61,Success,2026-01-24 01:19:04,2026-01-25 01:19:04
7988,7988,Google Pay,53.99,Success,2026-02-10 15:17:55,2026-02-21 15:17:55
7989,7989,Google Pay,81.85,Success,2025-11-30 23:33:22,2025-12-05 23:33:22
7990,7990,Debit Card,20.99,Success,2025-11-28 04:21:23,2025-12-25 04:21:23
7991,7991,Cash,65.91,Success,2025-11-12 07:22:07,2025-12-08 07:22:07
7992,7992,Google Pay,6.46,Success,2026-07-15 19:07:52,2026-08-09 19:07:52
7993,7993,Debit Card,39.61,Success,2025-10-20 20:10:43,2025-10-21 20:10:43
7994,7994,Debit Card,105.29,Success,2025-09-23 01:17:44,2025-10-13 01:17:44
7995,7995,Apple Pay,28.03,Success,2026-03-16 15:25:51,2026-03-21 15:25:51
7996,7996,Credit Card,95.56,Success,2026-01-03 13:47:23,2026-01-21 13:47:23
7997,7997,Debit Card,34.23,Success,2026-05-23 07:38:34,2026-05-30 07:38:34
7998,7998,Google Pay,38.73,Success,2026-03-13 03:35:07,2026-03-24 03:35:07
7999,7999,Cash,5.34,Success,2025-09-16 20:54:04,2025-10-13 20:54:04
8000,8000,Credit Card,5.9,Success,2025-10-22 14:36:32,2025-10-24 14:36:32
8001,8001,Apple Pay,43.07,Success,2026-04-17 07:45:46,2026-04-25 07:45:46
8002,8002,Google Pay,62.46,Success,2025-12-01 02:47:08,2025-12-25 02:47:08
8003,8003,Cash,94.48,Success,2025-09-19 03:59:52,2025-10-08 03:59:52
8004,8004,Cash,32.93,Success,2026-01-28 07:25:21,2026-02-07 07:25:21
8005,8005,Google Pay,85.44,Success,2026-01-15 09:00:11,2026-02-04 09:00:11
8006,8006,Credit Card,47.95,Success,2026-04-26 08:14:22,2026-05-11 08:14:22
8007,8007,Cash,38.93,Success,2026-03-11 05:58:31,2026-03-21 05:58:31
8008,8008,Debit Card,28.09,Success,2026-03-08 12:35:02,2026-03-26 12:35:02
8009,8009,Debit Card,21.81,Success,2025-12-27 07:46:39,2026-01-01 07:46:39
8010,8010,Cash,104.47,Success,2026-07-12 12:16:29,2026-07-13 12:16:29
8011,8011,Credit Card,28.81,Success,2025-09-01 20:46:51,2025-09-16 20:46:51
8012,8012,Google Pay,69.61,Success,2026-04-27 04:11:37,2026-05-20 04:11:37
8013,8013,Cash,77.03,Success,2025-09-15 19:56:56,2025-10-14 19:56:56
8014,8014,Cash,114.18,Success,2026-05-03 08:56:52,2026-06-01 08:56:52
8015,8015,Google Pay,60.27,Success,2025-07-30 19:40:31,2025-08-04 19:40:31
8016,8016,Apple Pay,11.06,Success,2025-08-29 04:24:19,2025-09-15 04:24:19
8017,8017,Google Pay,88.3,Success,2025-08-31 22:54:46,2025-09-06 22:54:46
8018,8018,Cash,43.29,Success,2026-05-25 11:31:25,2026-06-13 11:31:25
8019,8019,Apple Pay,16.34,Success,2025-09-04 13:53:12,2025-09-17 13:53:12
8020,8020,Credit Card,47.56,Success,2026-03-23 14:14:52,2026-04-07 14:14:52
8021,8021,Google Pay,23.32,Success,2026-05-26 18:00:33,2026-06-20 18:00:33
8022,8022,Credit Card,3.74,Success,2025-08-02 03:47:13,2025-08-29 03:47:13
8023,8023,Credit Card,86.0,Success,2026-04-14 22:15:12,2026-05-07 22:15:12
8024,8024,Credit Card,54.46,Success,2026-04-04 23:51:43,2026-04-14 23:51:43
8025,8025,Google Pay,17.74,Success,2025-09-13 03:07:22,2025-10-10 03:07:22
8026,8026,Google Pay,46.24,Success,2025-09-21 19:59:56,2025-10-18 19:59:56
8027,8027,Debit Card,18.88,Success,2025-11-02 13:49:52,2025-11-09 13:49:52
8028,8028,Apple Pay,119.16,Success,2026-02-05 04:39:46,2026-03-01 04:39:46
8029,8029,Cash,5.33,Success,2026-04-02 16:48:43,2026-04-14 16:48:43
8030,8030,Apple Pay,77.82,Success,2025-09-25 13:34:52,2025-10-01 13:34:52
8031,8031,Apple Pay,22.81,Success,2025-11-11 12:04:30,2025-12-07 12:04:30
8032,8032,Apple Pay,81.35,Success,2025-12-26 04:14:50,2025-12-31 04:14:50
8033,8033,Cash,61.93,Success,2026-07-07 10:41:44,2026-07-31 10:41:44
8034,8034,Cash,44.8,Success,2025-12-28 01:06:22,2026-01-26 01:06:22
8035,8035,Google Pay,27.77,Success,2026-06-26 20:14:43,2026-06-29 20:14:43
8036,8036,Cash,9.34,Success,2026-06-28 23:44:09,2026-07-25 23:44:09
8037,8037,Apple Pay,36.11,Success,2025-08-26 23:44:47,2025-09-07 23:44:47
8038,8038,Apple Pay,39.15,Success,2025-11-23 03:09:31,2025-12-01 03:09:31
8039,8039,Apple Pay,11.42,Success,2025-08-02 07:22:14,2025-08-20 07:22:14
8040,8040,Credit Card,63.74,Success,2026-06-13 05:38:23,2026-06-25 05:38:23
8041,8041,Apple Pay,39.67,Success,2026-01-17 06:38:48,2026-01-27 06:38:48
8042,8042,Credit Card,38.49,Success,2025-08-08 03:18:55,2025-08-12 03:18:55
8043,8043,Debit Card,78.41,Success,2026-07-11 12:01:26,2026-07-21 12:01:26
8044,8044,Credit Card,28.2,Success,2025-07-23 19:12:08,2025-08-09 19:12:08
8045,8045,Credit Card,25.06,Success,2026-05-17 08:01:09,2026-06-12 08:01:09
8046,8046,Credit Card,50.74,Success,2026-03-23 17:10:21,2026-03-24 17:10:21
8047,8047,Credit Card,83.55,Success,2026-01-09 20:00:10,2026-02-07 20:00:10
8048,8048,Debit Card,4.17,Success,2025-11-27 23:16:34,2025-12-08 23:16:34
8049,8049,Apple Pay,83.44,Success,2026-07-02 10:05:10,2026-07-13 10:05:10
8050,8050,Apple Pay,103.21,Success,2026-02-24 23:08:16,2026-03-17 23:08:16
8051,8051,Google Pay,69.89,Success,2026-05-22 05:23:29,2026-06-04 05:23:29
8052,8052,Debit Card,29.18,Success,2026-04-17 15:17:08,2026-04-26 15:17:08
8053,8053,Cash,31.07,Success,2026-02-20 11:46:24,2026-03-18 11:46:24
8054,8054,Apple Pay,95.95,Success,2026-04-09 12:03:57,2026-05-08 12:03:57
8055,8055,Debit Card,40.44,Success,2026-04-28 11:02:18,2026-05-12 11:02:18
8056,8056,Credit Card,95.73,Success,2026-05-10 11:18:40,2026-06-08 11:18:40
8057,8057,Google Pay,70.42,Success,2025-09-12 10:26:59,2025-09-29 10:26:59
8058,8058,Cash,15.16,Success,2026-03-13 19:50:20,2026-04-03 19:50:20
8059,8059,Google Pay,37.92,Success,2026-04-10 14:31:37,2026-04-16 14:31:37
8060,8060,Credit Card,10.69,Success,2026-03-22 11:21:10,2026-04-01 11:21:10
8061,8061,Credit Card,106.71,Success,2025-08-25 01:00:39,2025-09-09 01:00:39
8062,8062,Apple Pay,69.43,Success,2026-01-20 13:29:30,2026-01-21 13:29:30
8063,8063,Google Pay,36.44,Success,2026-01-08 00:50:20,2026-01-27 00:50:20
8064,8064,Debit Card,61.73,Success,2025-11-09 02:12:37,2025-11-26 02:12:37
8065,8065,Apple Pay,126.87,Success,2025-10-31 10:31:13,2025-11-25 10:31:13
8066,8066,Credit Card,107.0,Success,2026-07-07 14:18:21,2026-07-23 14:18:21
8067,8067,Google Pay,47.29,Success,2026-02-16 00:09:44,2026-02-24 00:09:44
8068,8068,Credit Card,58.03,Success,2025-11-27 09:20:28,2025-12-11 09:20:28
8069,8069,Apple Pay,60.45,Success,2025-08-04 21:12:45,2025-08-18 21:12:45
8070,8070,Google Pay,88.8,Success,2026-01-10 10:18:35,2026-02-04 10:18:35
8071,8071,Cash,109.01,Success,2026-07-07 04:43:19,2026-07-25 04:43:19
8072,8072,Google Pay,38.31,Success,2025-08-02 18:00:05,2025-08-12 18:00:05
8073,8073,Debit Card,24.63,Success,2026-05-04 00:54:22,2026-05-07 00:54:22
8074,8074,Debit Card,71.02,Success,2025-07-21 02:34:46,2025-07-28 02:34:46
8075,8075,Debit Card,54.95,Success,2026-06-15 17:04:27,2026-06-16 17:04:27
8076,8076,Debit Card,68.37,Success,2025-07-21 16:53:38,2025-07-30 16:53:38
8077,8077,Credit Card,100.82,Success,2025-08-19 21:35:44,2025-09-03 21:35:44
8078,8078,Apple Pay,35.44,Success,2025-08-21 04:41:00,2025-08-31 04:41:00
8079,8079,Cash,124.03,Success,2026-04-30 21:56:03,2026-05-27 21:56:03
8080,8080,Cash,13.81,Success,2025-08-24 02:29:31,2025-09-06 02:29:31
8081,8081,Debit Card,3.86,Success,2026-05-20 20:29:28,2026-06-17 20:29:28
8082,8082,Google Pay,110.56,Success,2025-08-03 04:26:12,2025-08-19 04:26:12
8083,8083,Debit Card,2.99,Success,2026-05-25 06:25:05,2026-06-23 06:25:05
8084,8084,Debit Card,24.47,Success,2025-11-27 17:19:39,2025-12-25 17:19:39
8085,8085,Cash,69.97,Success,2025-10-20 07:00:28,2025-10-21 07:00:28
8086,8086,Cash,103.69,Success,2026-02-01 23:42:55,2026-02-03 23:42:55
8087,8087,Credit Card,59.54,Success,2025-10-08 00:46:40,2025-10-20 00:46:40
8088,8088,Google Pay,23.23,Success,2025-11-05 05:11:53,2025-11-26 05:11:53
8089,8089,Cash,72.98,Success,2026-04-18 23:33:00,2026-04-30 23:33:00
8090,8090,Debit Card,42.38,Success,2025-12-16 11:11:34,2026-01-13 11:11:34
8091,8091,Debit Card,20.4,Success,2026-03-29 13:33:32,2026-04-10 13:33:32
8092,8092,Google Pay,7.26,Success,2025-12-09 18:16:04,2025-12-15 18:16:04
8093,8093,Google Pay,50.01,Success,2026-02-28 17:55:03,2026-03-06 17:55:03
8094,8094,Debit Card,60.95,Success,2025-08-15 02:49:19,2025-08-29 02:49:19
8095,8095,Apple Pay,71.36,Success,2026-03-28 14:24:26,2026-04-09 14:24:26
8096,8096,Cash,108.03,Success,2026-05-05 11:30:31,2026-06-02 11:30:31
8097,8097,Credit Card,70.2,Success,2025-09-23 11:45:56,2025-10-10 11:45:56
8098,8098,Debit Card,71.58,Success,2025-11-12 18:11:14,2025-12-11 18:11:14
8099,8099,Google Pay,61.16,Success,2026-04-28 08:57:57,2026-05-13 08:57:57
8100,8100,Credit Card,54.76,Success,2026-02-26 22:08:25,2026-03-03 22:08:25
8101,8101,Debit Card,66.45,Success,2025-12-05 20:36:32,2025-12-19 20:36:32
8102,8102,Debit Card,26.18,Success,2025-11-01 08:35:21,2025-11-21 08:35:21
8103,8103,Google Pay,64.16,Success,2026-06-13 01:01:23,2026-07-09 01:01:23
8104,8104,Debit Card,5.31,Success,2026-07-19 07:02:09,2026-07-24 07:02:09
8105,8105,Google Pay,12.77,Success,2026-07-05 18:11:23,2026-07-27 18:11:23
8106,8106,Apple Pay,44.2,Success,2026-05-17 11:53:06,2026-06-13 11:53:06
8107,8107,Cash,78.13,Success,2026-04-20 05:36:01,2026-05-01 05:36:01
8108,8108,Debit Card,67.76,Success,2025-07-30 15:54:53,2025-08-04 15:54:53
8109,8109,Apple Pay,41.79,Success,2025-07-26 03:52:45,2025-08-16 03:52:45
8110,8110,Apple Pay,8.95,Success,2026-07-06 04:11:12,2026-08-02 04:11:12
8111,8111,Apple Pay,101.09,Success,2025-09-06 14:31:53,2025-09-20 14:31:53
8112,8112,Apple Pay,14.84,Success,2026-01-05 10:57:35,2026-02-04 10:57:35
8113,8113,Cash,55.79,Success,2025-08-16 14:07:44,2025-08-26 14:07:44
8114,8114,Credit Card,21.42,Success,2026-06-11 03:15:38,2026-07-11 03:15:38
8115,8115,Credit Card,17.95,Success,2026-01-04 18:37:27,2026-01-20 18:37:27
8116,8116,Credit Card,110.82,Success,2025-12-01 02:14:12,2025-12-09 02:14:12
8117,8117,Google Pay,55.06,Success,2025-10-29 15:22:11,2025-11-18 15:22:11
8118,8118,Debit Card,60.46,Success,2026-05-15 01:33:54,2026-06-14 01:33:54
8119,8119,Credit Card,108.1,Success,2025-09-12 05:39:15,2025-09-18 05:39:15
8120,8120,Google Pay,28.45,Success,2025-11-15 06:56:46,2025-12-04 06:56:46
8121,8121,Cash,26.31,Success,2026-02-15 05:29:02,2026-02-19 05:29:02
8122,8122,Google Pay,4.65,Success,2026-03-09 06:08:07,2026-04-02 06:08:07
8123,8123,Credit Card,73.29,Success,2026-02-09 20:21:57,2026-02-21 20:21:57
8124,8124,Debit Card,65.85,Success,2026-02-14 02:05:47,2026-02-21 02:05:47
8125,8125,Credit Card,20.34,Success,2025-10-15 18:13:28,2025-11-05 18:13:28
8126,8126,Apple Pay,94.75,Success,2025-11-01 11:38:08,2025-12-01 11:38:08
8127,8127,Cash,65.45,Success,2026-04-26 21:18:31,2026-05-21 21:18:31
8128,8128,Cash,14.0,Success,2026-02-05 22:12:30,2026-02-22 22:12:30
8129,8129,Cash,66.19,Success,2026-05-02 09:45:58,2026-05-15 09:45:58
8130,8130,Apple Pay,60.49,Success,2026-07-15 10:14:54,2026-07-25 10:14:54
8131,8131,Cash,34.97,Success,2026-07-05 22:48:01,2026-07-16 22:48:01
8132,8132,Cash,12.67,Success,2025-07-22 19:19:48,2025-08-06 19:19:48
8133,8133,Credit Card,71.43,Success,2026-03-02 07:11:54,2026-03-21 07:11:54
8134,8134,Debit Card,69.87,Success,2026-02-02 20:36:37,2026-02-11 20:36:37
8135,8135,Cash,52.68,Success,2026-04-21 14:07:56,2026-04-30 14:07:56
8136,8136,Debit Card,85.56,Success,2025-11-11 18:51:10,2025-12-02 18:51:10
8137,8137,Credit Card,61.52,Success,2025-12-08 19:39:51,2025-12-26 19:39:51
8138,8138,Credit Card,19.47,Success,2026-02-10 18:24:21,2026-02-13 18:24:21
8139,8139,Cash,25.24,Success,2026-02-26 05:46:28,2026-03-24 05:46:28
8140,8140,Cash,65.24,Success,2026-02-14 19:22:47,2026-03-01 19:22:47
8141,8141,Credit Card,46.77,Success,2025-12-23 01:24:06,2026-01-14 01:24:06
8142,8142,Apple Pay,5.42,Success,2025-08-29 05:44:22,2025-09-28 05:44:22
8143,8143,Debit Card,55.88,Success,2026-06-06 18:42:58,2026-06-15 18:42:58
8144,8144,Cash,61.99,Success,2026-07-03 09:23:49,2026-07-13 09:23:49
8145,8145,Debit Card,7.77,Success,2026-03-21 20:58:18,2026-04-15 20:58:18
8146,8146,Google Pay,33.79,Success,2025-07-30 23:23:42,2025-07-31 23:23:42
8147,8147,Debit Card,22.11,Success,2025-10-01 06:19:39,2025-10-15 06:19:39
8148,8148,Debit Card,99.77,Success,2026-07-08 10:19:26,2026-07-27 10:19:26
8149,8149,Cash,27.81,Success,2026-01-17 16:33:12,2026-02-11 16:33:12
8150,8150,Credit Card,78.31,Success,2026-01-29 03:20:34,2026-02-25 03:20:34
8151,8151,Apple Pay,17.43,Success,2026-06-05 05:56:21,2026-06-25 05:56:21
8152,8152,Google Pay,51.5,Success,2026-01-05 07:35:11,2026-01-20 07:35:11
8153,8153,Debit Card,21.46,Success,2026-01-23 23:52:23,2026-02-17 23:52:23
8154,8154,Debit Card,112.91,Success,2025-10-19 04:29:02,2025-10-21 04:29:02
8155,8155,Google Pay,37.45,Success,2025-11-10 15:16:50,2025-11-28 15:16:50
8156,8156,Apple Pay,62.65,Success,2025-09-21 15:38:04,2025-10-04 15:38:04
8157,8157,Credit Card,53.59,Success,2026-03-24 09:59:44,2026-03-26 09:59:44
8158,8158,Apple Pay,15.59,Success,2025-12-29 06:48:09,2026-01-25 06:48:09
8159,8159,Debit Card,29.38,Success,2026-07-12 19:46:51,2026-07-14 19:46:51
8160,8160,Google Pay,35.82,Success,2026-06-26 02:55:29,2026-07-25 02:55:29
8161,8161,Apple Pay,81.76,Success,2026-02-12 23:38:44,2026-03-12 23:38:44
8162,8162,Debit Card,22.51,Success,2026-04-07 23:11:41,2026-04-19 23:11:41
8163,8163,Credit Card,41.63,Success,2026-04-24 01:49:20,2026-05-12 01:49:20
8164,8164,Google Pay,52.79,Success,2026-02-06 23:30:24,2026-02-18 23:30:24
8165,8165,Google Pay,84.33,Success,2025-10-14 02:56:48,2025-11-12 02:56:48
8166,8166,Apple Pay,47.15,Success,2026-04-02 21:40:00,2026-04-08 21:40:00
8167,8167,Cash,50.5,Success,2026-01-18 07:04:40,2026-02-04 07:04:40
8168,8168,Google Pay,6.48,Success,2025-12-12 02:22:31,2025-12-30 02:22:31
8169,8169,Debit Card,30.18,Success,2025-12-14 17:24:28,2026-01-01 17:24:28
8170,8170,Cash,67.25,Success,2026-05-29 11:33:38,2026-06-02 11:33:38
8171,8171,Credit Card,72.42,Success,2026-03-29 13:15:36,2026-03-30 13:15:36
8172,8172,Debit Card,11.84,Success,2026-02-24 04:23:33,2026-03-25 04:23:33
8173,8173,Apple Pay,65.44,Success,2025-08-21 00:47:16,2025-09-04 00:47:16
8174,8174,Debit Card,43.66,Success,2026-07-16 15:28:51,2026-07-18 15:28:51
8175,8175,Google Pay,71.24,Success,2026-01-05 18:22:39,2026-01-06 18:22:39
8176,8176,Google Pay,56.46,Success,2026-04-26 01:57:06,2026-05-18 01:57:06
8177,8177,Google Pay,26.37,Success,2026-01-17 19:32:15,2026-01-20 19:32:15
8178,8178,Apple Pay,41.07,Success,2025-08-10 08:25:33,2025-09-04 08:25:33
8179,8179,Apple Pay,32.39,Success,2026-01-25 00:40:25,2026-02-17 00:40:25
8180,8180,Apple Pay,66.97,Success,2026-03-09 01:53:37,2026-03-10 01:53:37
8181,8181,Credit Card,56.92,Success,2025-11-18 10:24:27,2025-12-13 10:24:27
8182,8182,Credit Card,110.45,Success,2026-07-07 10:13:47,2026-07-19 10:13:47
8183,8183,Apple Pay,36.67,Success,2026-01-14 23:55:25,2026-01-22 23:55:25
8184,8184,Credit Card,8.97,Success,2025-11-12 16:23:37,2025-11-13 16:23:37
8185,8185,Cash,28.39,Success,2025-09-15 07:47:31,2025-10-03 07:47:31
8186,8186,Cash,73.89,Success,2026-05-19 15:00:01,2026-06-03 15:00:01
8187,8187,Debit Card,40.75,Success,2025-12-01 05:32:47,2025-12-29 05:32:47
8188,8188,Debit Card,64.81,Success,2026-07-06 20:53:06,2026-08-02 20:53:06
8189,8189,Credit Card,17.99,Success,2025-09-27 03:18:52,2025-10-26 03:18:52
8190,8190,Cash,81.61,Success,2026-02-18 03:16:12,2026-02-19 03:16:12
8191,8191,Cash,93.21,Success,2025-11-26 10:38:26,2025-12-12 10:38:26
8192,8192,Apple Pay,35.62,Success,2026-01-04 06:03:54,2026-01-23 06:03:54
8193,8193,Cash,7.54,Success,2026-07-08 14:54:52,2026-07-26 14:54:52
8194,8194,Apple Pay,26.27,Success,2025-11-04 23:08:10,2025-11-07 23:08:10
8195,8195,Google Pay,64.14,Success,2026-05-16 03:15:41,2026-05-20 03:15:41
8196,8196,Credit Card,35.94,Success,2026-03-06 18:42:03,2026-03-16 18:42:03
8197,8197,Debit Card,36.75,Success,2026-01-28 00:07:53,2026-02-27 00:07:53
8198,8198,Apple Pay,65.45,Success,2025-08-11 06:20:50,2025-09-01 06:20:50
8199,8199,Apple Pay,69.97,Success,2025-10-02 15:58:58,2025-10-24 15:58:58
8200,8200,Credit Card,13.53,Success,2026-05-02 03:34:39,2026-05-11 03:34:39
8201,8201,Credit Card,35.11,Success,2025-10-08 17:17:14,2025-11-07 17:17:14
8202,8202,Debit Card,21.9,Success,2025-07-20 18:43:50,2025-08-06 18:43:50
8203,8203,Cash,73.72,Success,2026-07-01 02:48:00,2026-07-02 02:48:00
8204,8204,Debit Card,77.88,Success,2025-11-03 03:56:46,2025-11-06 03:56:46
8205,8205,Apple Pay,48.8,Success,2026-04-05 07:01:43,2026-04-28 07:01:43
8206,8206,Apple Pay,32.41,Success,2026-02-16 19:13:29,2026-02-24 19:13:29
8207,8207,Cash,5.66,Success,2025-09-04 06:30:03,2025-09-26 06:30:03
8208,8208,Google Pay,51.79,Success,2025-11-05 10:33:58,2025-11-21 10:33:58
8209,8209,Apple Pay,34.94,Success,2026-05-11 11:17:02,2026-05-27 11:17:02
8210,8210,Debit Card,15.0,Success,2026-06-18 06:04:11,2026-07-16 06:04:11
8211,8211,Apple Pay,45.12,Success,2025-10-02 14:52:39,2025-10-15 14:52:39
8212,8212,Credit Card,74.67,Success,2026-07-19 21:47:51,2026-08-17 21:47:51
8213,8213,Apple Pay,47.13,Success,2026-03-15 04:59:49,2026-03-21 04:59:49
8214,8214,Google Pay,124.21,Success,2026-03-30 15:52:13,2026-04-10 15:52:13
8215,8215,Cash,33.32,Success,2025-07-31 21:49:38,2025-08-12 21:49:38
8216,8216,Apple Pay,29.96,Success,2026-04-03 08:46:57,2026-04-23 08:46:57
8217,8217,Debit Card,26.53,Success,2025-12-04 05:30:40,2025-12-22 05:30:40
8218,8218,Google Pay,119.19,Success,2026-03-25 10:17:44,2026-04-21 10:17:44
8219,8219,Debit Card,47.66,Success,2026-01-28 05:09:01,2026-02-13 05:09:01
8220,8220,Cash,58.49,Success,2025-07-25 16:19:22,2025-08-13 16:19:22
8221,8221,Apple Pay,32.16,Success,2026-01-11 08:24:21,2026-01-15 08:24:21
8222,8222,Google Pay,6.54,Success,2025-12-31 16:31:22,2026-01-20 16:31:22
8223,8223,Debit Card,42.56,Success,2026-01-21 10:33:35,2026-02-18 10:33:35
8224,8224,Cash,35.0,Success,2026-06-22 02:27:43,2026-06-23 02:27:43
8225,8225,Cash,82.6,Success,2025-09-09 20:40:59,2025-09-27 20:40:59
8226,8226,Credit Card,44.72,Success,2026-02-10 20:56:47,2026-03-12 20:56:47
8227,8227,Apple Pay,38.52,Success,2025-08-20 22:07:07,2025-08-21 22:07:07
8228,8228,Apple Pay,111.38,Success,2025-08-04 04:09:21,2025-09-01 04:09:21
8229,8229,Apple Pay,4.14,Success,2026-04-06 08:52:56,2026-04-18 08:52:56
8230,8230,Apple Pay,62.41,Success,2026-01-14 07:24:33,2026-01-17 07:24:33
8231,8231,Cash,58.92,Success,2026-05-28 05:35:35,2026-06-02 05:35:35
8232,8232,Debit Card,39.69,Success,2026-05-31 21:16:18,2026-06-07 21:16:18
8233,8233,Cash,55.93,Success,2025-10-31 21:01:55,2025-11-10 21:01:55
8234,8234,Cash,23.01,Success,2026-05-30 03:27:20,2026-06-09 03:27:20
8235,8235,Apple Pay,67.52,Success,2025-11-05 05:37:15,2025-11-23 05:37:15
8236,8236,Credit Card,19.75,Success,2026-02-25 22:20:33,2026-03-08 22:20:33
8237,8237,Apple Pay,23.03,Success,2026-05-03 06:48:27,2026-05-30 06:48:27
8238,8238,Apple Pay,18.29,Success,2026-01-08 12:41:13,2026-01-18 12:41:13
8239,8239,Apple Pay,42.43,Success,2025-10-31 12:50:43,2025-11-19 12:50:43
8240,8240,Debit Card,56.1,Success,2025-08-01 07:36:23,2025-08-12 07:36:23
8241,8241,Google Pay,111.55,Success,2026-05-30 08:43:34,2026-06-06 08:43:34
8242,8242,Apple Pay,37.36,Success,2025-10-11 02:50:30,2025-11-04 02:50:30
8243,8243,Cash,125.34,Success,2026-04-16 01:03:57,2026-05-01 01:03:57
8244,8244,Credit Card,28.46,Success,2026-06-26 02:58:15,2026-07-19 02:58:15
8245,8245,Apple Pay,81.8,Success,2026-04-06 13:38:43,2026-04-17 13:38:43
8246,8246,Credit Card,20.84,Success,2026-06-09 19:25:36,2026-06-19 19:25:36
8247,8247,Cash,40.36,Success,2026-05-10 16:37:15,2026-05-22 16:37:15
8248,8248,Debit Card,31.84,Success,2026-04-02 20:35:39,2026-04-08 20:35:39
8249,8249,Credit Card,26.33,Success,2026-02-25 10:40:49,2026-03-02 10:40:49
8250,8250,Google Pay,10.71,Success,2025-12-07 07:24:46,2025-12-28 07:24:46
8251,8251,Credit Card,58.63,Success,2025-08-20 16:38:15,2025-09-14 16:38:15
8252,8252,Debit Card,12.25,Success,2026-03-05 02:29:13,2026-03-21 02:29:13
8253,8253,Debit Card,5.54,Success,2025-08-05 09:51:35,2025-09-03 09:51:35
8254,8254,Google Pay,51.86,Success,2025-08-12 06:29:15,2025-08-31 06:29:15
8255,8255,Cash,49.38,Success,2025-11-14 01:57:14,2025-12-10 01:57:14
8256,8256,Apple Pay,94.37,Success,2025-08-02 21:54:02,2025-08-13 21:54:02
8257,8257,Cash,10.18,Success,2026-05-05 18:49:32,2026-06-03 18:49:32
8258,8258,Debit Card,64.22,Success,2025-07-21 06:08:25,2025-08-16 06:08:25
8259,8259,Debit Card,8.92,Success,2025-12-11 22:45:11,2025-12-26 22:45:11
8260,8260,Credit Card,105.42,Success,2026-05-30 07:21:17,2026-06-08 07:21:17
8261,8261,Apple Pay,47.25,Success,2025-12-22 19:55:12,2026-01-08 19:55:12
8262,8262,Debit Card,97.72,Success,2026-02-09 13:23:50,2026-03-01 13:23:50
8263,8263,Debit Card,13.42,Success,2026-03-12 09:27:27,2026-03-21 09:27:27
8264,8264,Google Pay,6.35,Success,2026-04-30 06:23:23,2026-05-28 06:23:23
8265,8265,Credit Card,88.44,Success,2026-06-02 05:10:23,2026-06-12 05:10:23
8266,8266,Google Pay,28.01,Success,2025-12-03 03:24:33,2025-12-31 03:24:33
8267,8267,Credit Card,21.46,Success,2026-03-31 06:34:52,2026-04-13 06:34:52
8268,8268,Apple Pay,58.29,Success,2026-06-12 10:35:25,2026-06-28 10:35:25
8269,8269,Google Pay,9.08,Success,2025-11-13 13:36:50,2025-12-06 13:36:50
8270,8270,Apple Pay,77.61,Success,2026-04-17 14:55:44,2026-04-22 14:55:44
8271,8271,Credit Card,91.8,Success,2025-08-21 14:51:13,2025-09-07 14:51:13
8272,8272,Google Pay,21.57,Success,2026-05-08 07:37:20,2026-05-15 07:37:20
8273,8273,Credit Card,65.3,Success,2025-11-01 05:53:38,2025-11-02 05:53:38
8274,8274,Debit Card,12.87,Success,2025-10-12 08:39:39,2025-10-28 08:39:39
8275,8275,Debit Card,82.54,Success,2025-08-02 05:12:03,2025-08-19 05:12:03
8276,8276,Debit Card,24.38,Success,2025-10-28 20:19:16,2025-11-15 20:19:16
8277,8277,Debit Card,132.43,Success,2025-09-29 08:24:27,2025-10-27 08:24:27
8278,8278,Apple Pay,61.95,Success,2026-01-14 18:40:45,2026-01-15 18:40:45
8279,8279,Apple Pay,66.8,Success,2026-01-31 06:27:42,2026-02-22 06:27:42
8280,8280,Debit Card,23.37,Success,2025-10-20 07:14:40,2025-10-23 07:14:40
8281,8281,Debit Card,42.71,Success,2026-05-02 13:44:29,2026-05-14 13:44:29
8282,8282,Credit Card,72.72,Success,2025-09-16 10:33:03,2025-10-12 10:33:03
8283,8283,Apple Pay,81.85,Success,2025-09-22 04:23:38,2025-10-08 04:23:38
8284,8284,Credit Card,118.17,Success,2025-10-04 04:45:39,2025-10-20 04:45:39
8285,8285,Debit Card,67.15,Success,2025-09-06 07:29:06,2025-10-02 07:29:06
8286,8286,Debit Card,40.16,Success,2025-11-22 20:26:18,2025-12-12 20:26:18
8287,8287,Google Pay,66.62,Success,2025-09-10 14:28:18,2025-10-05 14:28:18
8288,8288,Google Pay,37.94,Success,2026-06-19 15:28:04,2026-06-21 15:28:04
8289,8289,Apple Pay,28.15,Success,2026-03-17 00:50:03,2026-03-21 00:50:03
8290,8290,Cash,24.98,Success,2026-06-30 13:10:59,2026-07-08 13:10:59
8291,8291,Apple Pay,51.97,Success,2026-04-02 20:21:12,2026-04-20 20:21:12
8292,8292,Debit Card,18.75,Success,2026-01-17 22:49:17,2026-02-12 22:49:17
8293,8293,Google Pay,2.93,Success,2026-07-16 03:08:45,2026-08-06 03:08:45
8294,8294,Debit Card,32.8,Success,2026-05-25 16:52:44,2026-06-08 16:52:44
8295,8295,Credit Card,40.6,Success,2026-01-26 01:17:51,2026-02-14 01:17:51
8296,8296,Apple Pay,73.69,Success,2025-12-05 23:43:27,2025-12-09 23:43:27
8297,8297,Google Pay,32.29,Success,2025-11-23 18:34:57,2025-11-30 18:34:57
8298,8298,Credit Card,44.14,Success,2026-01-21 10:28:13,2026-02-13 10:28:13
8299,8299,Credit Card,83.97,Success,2026-04-15 12:16:50,2026-05-06 12:16:50
8300,8300,Apple Pay,15.67,Success,2025-11-27 02:28:21,2025-12-07 02:28:21
8301,8301,Credit Card,7.87,Success,2026-03-19 03:07:27,2026-03-30 03:07:27
8302,8302,Google Pay,28.49,Success,2025-11-04 00:26:55,2025-11-17 00:26:55
8303,8303,Google Pay,7.86,Success,2026-05-07 18:56:58,2026-05-29 18:56:58
8304,8304,Cash,37.77,Success,2026-04-03 07:38:59,2026-04-20 07:38:59
8305,8305,Google Pay,34.09,Success,2025-11-28 23:50:55,2025-12-13 23:50:55
8306,8306,Google Pay,87.4,Success,2026-01-15 15:38:25,2026-02-08 15:38:25
8307,8307,Debit Card,43.91,Success,2025-11-17 20:58:26,2025-12-12 20:58:26
8308,8308,Google Pay,76.47,Success,2026-06-06 00:41:29,2026-07-05 00:41:29
8309,8309,Google Pay,52.95,Success,2026-06-16 21:17:42,2026-06-17 21:17:42
8310,8310,Credit Card,19.1,Success,2025-10-10 08:53:27,2025-10-21 08:53:27
8311,8311,Debit Card,19.99,Success,2026-05-20 15:13:33,2026-06-16 15:13:33
8312,8312,Credit Card,17.2,Success,2026-02-20 22:11:55,2026-03-10 22:11:55
8313,8313,Apple Pay,52.58,Success,2026-07-06 06:27:00,2026-08-05 06:27:00
8314,8314,Apple Pay,8.1,Success,2025-11-23 10:55:03,2025-12-16 10:55:03
8315,8315,Debit Card,12.18,Success,2025-10-17 23:44:11,2025-11-03 23:44:11
8316,8316,Google Pay,56.66,Success,2026-02-16 21:47:30,2026-02-26 21:47:30
8317,8317,Debit Card,28.22,Success,2025-09-12 07:38:31,2025-09-15 07:38:31
8318,8318,Credit Card,61.1,Success,2025-11-08 23:44:11,2025-11-27 23:44:11
8319,8319,Debit Card,80.8,Success,2025-12-01 11:32:44,2025-12-03 11:32:44
8320,8320,Google Pay,57.26,Success,2025-09-16 08:33:03,2025-10-13 08:33:03
8321,8321,Apple Pay,84.86,Success,2026-01-03 22:54:28,2026-01-07 22:54:28
8322,8322,Debit Card,20.44,Success,2026-06-12 11:47:52,2026-06-20 11:47:52
8323,8323,Debit Card,3.96,Success,2026-06-21 03:31:25,2026-07-09 03:31:25
8324,8324,Cash,63.21,Success,2026-07-09 09:26:29,2026-07-25 09:26:29
8325,8325,Credit Card,63.1,Success,2025-08-10 18:16:39,2025-08-22 18:16:39
8326,8326,Google Pay,6.11,Success,2026-03-08 00:45:06,2026-04-02 00:45:06
8327,8327,Apple Pay,52.14,Success,2025-08-10 04:38:49,2025-08-14 04:38:49
8328,8328,Apple Pay,88.18,Success,2026-04-04 03:36:53,2026-04-16 03:36:53
8329,8329,Apple Pay,74.64,Success,2025-11-12 18:40:57,2025-12-03 18:40:57
8330,8330,Credit Card,75.22,Success,2025-12-31 19:21:50,2026-01-06 19:21:50
8331,8331,Apple Pay,3.12,Success,2025-09-03 14:39:30,2025-09-23 14:39:30
8332,8332,Credit Card,25.87,Success,2025-10-30 03:53:53,2025-11-25 03:53:53
8333,8333,Debit Card,68.01,Success,2026-05-05 04:16:12,2026-05-26 04:16:12
8334,8334,Debit Card,22.76,Success,2026-01-22 02:17:50,2026-02-10 02:17:50
8335,8335,Apple Pay,59.95,Success,2025-09-23 03:49:36,2025-10-07 03:49:36
8336,8336,Debit Card,14.31,Success,2025-08-25 06:27:32,2025-09-13 06:27:32
8337,8337,Google Pay,99.83,Success,2026-01-01 18:57:51,2026-01-04 18:57:51
8338,8338,Apple Pay,28.01,Success,2026-07-20 15:58:26,2026-08-19 15:58:26
8339,8339,Credit Card,14.12,Success,2026-07-18 17:38:18,2026-08-14 17:38:18
8340,8340,Google Pay,27.92,Success,2026-04-28 05:52:10,2026-05-24 05:52:10
8341,8341,Google Pay,92.74,Success,2026-03-04 14:13:11,2026-04-03 14:13:11
8342,8342,Apple Pay,36.58,Success,2026-06-13 13:03:44,2026-06-25 13:03:44
8343,8343,Apple Pay,64.97,Success,2026-01-26 19:06:48,2026-02-02 19:06:48
8344,8344,Credit Card,30.38,Success,2026-05-21 22:19:26,2026-06-12 22:19:26
8345,8345,Debit Card,88.49,Success,2026-06-10 11:35:34,2026-06-15 11:35:34
8346,8346,Cash,65.09,Success,2026-06-21 02:58:30,2026-07-07 02:58:30
8347,8347,Credit Card,71.07,Success,2026-04-16 03:25:51,2026-04-20 03:25:51
8348,8348,Debit Card,52.59,Success,2025-07-28 00:22:29,2025-08-06 00:22:29
8349,8349,Credit Card,85.77,Success,2026-05-14 00:33:36,2026-06-11 00:33:36
8350,8350,Cash,26.32,Success,2025-12-12 20:27:18,2025-12-29 20:27:18
8351,8351,Debit Card,29.81,Success,2026-04-06 13:29:38,2026-04-15 13:29:38
8352,8352,Google Pay,40.42,Success,2025-10-09 07:02:37,2025-10-16 07:02:37
8353,8353,Cash,18.8,Success,2025-07-21 09:07:13,2025-08-04 09:07:13
8354,8354,Debit Card,37.92,Success,2025-09-14 16:20:41,2025-09-15 16:20:41
8355,8355,Credit Card,113.82,Success,2025-07-24 20:03:02,2025-08-19 20:03:02
8356,8356,Credit Card,29.13,Success,2026-07-17 10:00:43,2026-07-21 10:00:43
8357,8357,Apple Pay,42.75,Success,2025-12-19 12:29:05,2025-12-27 12:29:05
8358,8358,Debit Card,37.84,Success,2026-03-26 06:55:43,2026-04-10 06:55:43
8359,8359,Debit Card,21.06,Success,2025-08-11 06:59:54,2025-08-13 06:59:54
8360,8360,Google Pay,116.69,Success,2026-01-14 15:22:21,2026-02-09 15:22:21
8361,8361,Google Pay,56.64,Success,2026-03-12 00:49:05,2026-04-03 00:49:05
8362,8362,Google Pay,83.11,Success,2025-08-14 19:37:57,2025-08-15 19:37:57
8363,8363,Cash,5.66,Success,2025-08-15 17:07:58,2025-09-10 17:07:58
8364,8364,Apple Pay,43.15,Success,2025-08-02 08:47:49,2025-08-29 08:47:49
8365,8365,Google Pay,25.96,Success,2025-09-01 02:03:23,2025-09-27 02:03:23
8366,8366,Google Pay,93.52,Success,2026-02-06 04:41:46,2026-02-20 04:41:46
8367,8367,Debit Card,27.11,Success,2025-12-04 00:13:27,2025-12-05 00:13:27
8368,8368,Google Pay,29.73,Success,2025-12-11 05:47:23,2025-12-25 05:47:23
8369,8369,Debit Card,83.58,Success,2025-10-26 01:07:30,2025-11-09 01:07:30
8370,8370,Debit Card,70.15,Success,2026-01-27 17:43:42,2026-02-17 17:43:42
8371,8371,Google Pay,93.85,Success,2026-03-18 13:56:08,2026-03-27 13:56:08
8372,8372,Cash,36.3,Success,2026-01-28 13:03:07,2026-02-03 13:03:07
8373,8373,Cash,57.21,Success,2025-09-20 13:18:31,2025-10-09 13:18:31
8374,8374,Debit Card,131.07,Success,2025-12-21 11:05:58,2026-01-11 11:05:58
8375,8375,Debit Card,78.78,Success,2026-05-07 09:49:23,2026-06-04 09:49:23
8376,8376,Credit Card,15.1,Success,2025-08-09 18:22:10,2025-08-12 18:22:10
8377,8377,Apple Pay,104.41,Success,2026-04-27 03:12:27,2026-05-09 03:12:27
8378,8378,Cash,12.26,Success,2025-09-20 23:08:47,2025-09-23 23:08:47
8379,8379,Cash,43.13,Success,2026-04-16 01:41:47,2026-05-02 01:41:47
8380,8380,Debit Card,66.1,Success,2026-02-12 01:15:02,2026-02-20 01:15:02
8381,8381,Debit Card,21.71,Success,2025-09-23 02:30:23,2025-10-15 02:30:23
8382,8382,Apple Pay,19.23,Success,2025-08-10 02:00:42,2025-08-31 02:00:42
8383,8383,Cash,64.89,Success,2025-07-24 02:53:25,2025-08-08 02:53:25
8384,8384,Google Pay,75.61,Success,2026-04-27 01:15:25,2026-05-19 01:15:25
8385,8385,Apple Pay,20.77,Success,2026-05-04 06:08:56,2026-06-03 06:08:56
8386,8386,Credit Card,34.11,Success,2025-08-25 18:33:18,2025-09-01 18:33:18
8387,8387,Cash,127.33,Success,2025-11-01 14:42:24,2025-11-02 14:42:24
8388,8388,Apple Pay,33.93,Success,2025-12-23 01:03:00,2026-01-09 01:03:00
8389,8389,Credit Card,117.02,Success,2026-02-09 14:06:05,2026-02-20 14:06:05
8390,8390,Apple Pay,79.18,Success,2025-08-01 00:00:59,2025-08-27 00:00:59
8391,8391,Cash,55.3,Success,2026-03-05 08:44:01,2026-03-07 08:44:01
8392,8392,Apple Pay,31.04,Success,2026-02-20 06:19:40,2026-02-22 06:19:40
8393,8393,Credit Card,45.35,Success,2025-09-18 03:19:06,2025-10-03 03:19:06
8394,8394,Google Pay,29.1,Success,2025-08-22 04:39:39,2025-09-02 04:39:39
8395,8395,Google Pay,27.89,Success,2026-03-05 06:51:45,2026-03-27 06:51:45
8396,8396,Google Pay,49.31,Success,2025-12-19 14:43:44,2026-01-09 14:43:44
8397,8397,Debit Card,89.33,Success,2026-03-06 09:48:37,2026-04-04 09:48:37
8398,8398,Debit Card,14.61,Success,2026-04-18 15:27:30,2026-05-07 15:27:30
8399,8399,Credit Card,67.26,Success,2026-06-29 19:02:51,2026-07-19 19:02:51
8400,8400,Cash,15.51,Success,2025-08-20 14:29:14,2025-09-12 14:29:14
8401,8401,Apple Pay,30.23,Success,2025-10-01 07:11:58,2025-10-09 07:11:58
8402,8402,Debit Card,47.85,Success,2026-02-19 14:53:38,2026-03-19 14:53:38
8403,8403,Google Pay,87.4,Success,2026-04-05 19:17:42,2026-04-24 19:17:42
8404,8404,Credit Card,77.4,Success,2025-11-30 10:17:44,2025-12-06 10:17:44
8405,8405,Apple Pay,68.92,Success,2025-12-24 15:12:12,2026-01-01 15:12:12
8406,8406,Apple Pay,49.3,Success,2025-07-26 14:57:26,2025-07-30 14:57:26
8407,8407,Debit Card,25.18,Success,2026-07-08 12:50:21,2026-08-07 12:50:21
8408,8408,Apple Pay,9.18,Success,2026-02-24 06:44:15,2026-03-17 06:44:15
8409,8409,Apple Pay,81.31,Success,2026-03-11 03:15:14,2026-03-15 03:15:14
8410,8410,Google Pay,33.12,Success,2025-10-13 01:45:07,2025-11-09 01:45:07
8411,8411,Google Pay,65.09,Success,2026-05-07 15:19:01,2026-05-31 15:19:01
8412,8412,Credit Card,41.85,Success,2026-05-18 20:08:47,2026-06-05 20:08:47
8413,8413,Credit Card,13.99,Success,2025-10-07 16:25:57,2025-10-21 16:25:57
8414,8414,Google Pay,75.69,Success,2026-01-12 16:33:38,2026-01-31 16:33:38
8415,8415,Cash,127.28,Success,2026-05-10 03:04:23,2026-05-31 03:04:23
8416,8416,Credit Card,3.44,Success,2025-11-28 19:36:00,2025-12-09 19:36:00
8417,8417,Apple Pay,11.37,Success,2026-01-04 20:40:32,2026-01-20 20:40:32
8418,8418,Cash,18.22,Success,2025-09-20 02:14:57,2025-09-25 02:14:57
8419,8419,Cash,5.3,Success,2026-05-22 16:49:50,2026-05-27 16:49:50
8420,8420,Apple Pay,5.5,Success,2025-07-22 13:38:34,2025-08-20 13:38:34
8421,8421,Cash,126.17,Success,2026-02-05 15:27:12,2026-02-11 15:27:12
8422,8422,Credit Card,125.79,Success,2025-08-21 09:41:40,2025-09-15 09:41:40
8423,8423,Credit Card,41.22,Success,2026-01-03 02:18:57,2026-01-10 02:18:57
8424,8424,Cash,68.11,Success,2026-02-02 13:40:23,2026-03-03 13:40:23
8425,8425,Cash,120.18,Success,2025-09-24 13:02:40,2025-10-12 13:02:40
8426,8426,Apple Pay,30.94,Success,2025-12-24 00:22:24,2026-01-17 00:22:24
8427,8427,Cash,54.72,Success,2026-07-12 05:01:45,2026-08-08 05:01:45
8428,8428,Apple Pay,54.46,Success,2026-01-09 08:20:35,2026-01-18 08:20:35
8429,8429,Google Pay,65.26,Success,2025-07-25 17:13:29,2025-08-23 17:13:29
8430,8430,Apple Pay,24.49,Success,2025-10-20 00:31:48,2025-10-23 00:31:48
8431,8431,Cash,38.65,Success,2026-07-02 23:40:28,2026-07-31 23:40:28
8432,8432,Credit Card,92.94,Success,2026-02-19 20:16:48,2026-03-20 20:16:48
8433,8433,Google Pay,76.95,Success,2026-05-29 08:34:18,2026-06-19 08:34:18
8434,8434,Credit Card,58.35,Success,2025-08-06 00:28:10,2025-08-08 00:28:10
8435,8435,Cash,87.82,Success,2025-08-25 21:50:06,2025-08-29 21:50:06
8436,8436,Google Pay,13.7,Success,2025-12-11 04:41:41,2026-01-10 04:41:41
8437,8437,Google Pay,47.94,Success,2026-05-30 05:26:19,2026-06-03 05:26:19
8438,8438,Credit Card,118.78,Success,2025-11-22 22:54:35,2025-11-28 22:54:35
8439,8439,Debit Card,32.39,Success,2025-08-08 14:41:37,2025-08-16 14:41:37
8440,8440,Cash,54.96,Success,2026-05-28 14:00:25,2026-05-31 14:00:25
8441,8441,Credit Card,26.66,Success,2025-10-06 17:37:01,2025-10-12 17:37:01
8442,8442,Credit Card,34.36,Success,2025-08-08 14:05:42,2025-08-11 14:05:42
8443,8443,Google Pay,112.74,Success,2025-12-18 07:21:10,2025-12-23 07:21:10
8444,8444,Apple Pay,38.98,Success,2025-10-15 13:37:52,2025-10-16 13:37:52
8445,8445,Debit Card,68.58,Success,2025-12-08 03:46:56,2025-12-13 03:46:56
8446,8446,Google Pay,25.46,Success,2026-04-25 04:12:44,2026-05-25 04:12:44
8447,8447,Apple Pay,121.7,Success,2025-07-25 01:00:41,2025-07-26 01:00:41
8448,8448,Google Pay,64.7,Success,2025-09-13 00:10:11,2025-10-11 00:10:11
8449,8449,Debit Card,4.72,Success,2026-03-28 00:03:14,2026-04-27 00:03:14
8450,8450,Debit Card,43.05,Success,2026-05-07 08:17:07,2026-05-15 08:17:07
8451,8451,Google Pay,8.2,Success,2025-12-04 06:21:04,2025-12-11 06:21:04
8452,8452,Credit Card,35.81,Success,2026-04-23 19:58:46,2026-05-22 19:58:46
8453,8453,Debit Card,32.43,Success,2025-08-28 22:16:52,2025-09-23 22:16:52
8454,8454,Debit Card,48.83,Success,2026-02-04 05:18:34,2026-02-22 05:18:34
8455,8455,Debit Card,110.16,Success,2025-10-21 20:09:45,2025-10-25 20:09:45
8456,8456,Cash,13.23,Success,2026-07-01 08:28:53,2026-07-02 08:28:53
8457,8457,Apple Pay,18.71,Success,2026-06-11 15:18:09,2026-07-08 15:18:09
8458,8458,Debit Card,57.43,Success,2026-07-20 10:22:54,2026-07-29 10:22:54
8459,8459,Apple Pay,44.45,Success,2025-10-19 10:02:15,2025-10-29 10:02:15
8460,8460,Apple Pay,60.71,Success,2025-10-07 11:42:42,2025-10-09 11:42:42
8461,8461,Apple Pay,10.39,Success,2026-04-30 02:00:09,2026-05-09 02:00:09
8462,8462,Google Pay,127.84,Success,2025-08-23 11:34:32,2025-09-09 11:34:32
8463,8463,Cash,73.13,Success,2025-08-11 01:33:22,2025-08-26 01:33:22
8464,8464,Google Pay,22.5,Success,2025-09-07 03:08:50,2025-09-08 03:08:50
8465,8465,Google Pay,39.95,Success,2026-06-10 11:15:14,2026-06-11 11:15:14
8466,8466,Apple Pay,7.81,Success,2025-09-30 00:23:41,2025-10-13 00:23:41
8467,8467,Google Pay,16.5,Success,2025-09-07 07:18:31,2025-09-26 07:18:31
8468,8468,Cash,117.9,Success,2025-09-05 18:01:13,2025-10-04 18:01:13
8469,8469,Credit Card,37.25,Success,2026-04-10 17:35:05,2026-05-02 17:35:05
8470,8470,Debit Card,26.49,Success,2026-05-08 01:33:49,2026-05-09 01:33:49
8471,8471,Apple Pay,59.26,Success,2026-04-15 20:02:16,2026-05-09 20:02:16
8472,8472,Debit Card,96.61,Success,2026-01-07 06:13:26,2026-01-22 06:13:26
8473,8473,Debit Card,77.68,Success,2026-01-05 02:45:04,2026-02-01 02:45:04
8474,8474,Apple Pay,90.95,Success,2026-02-10 08:44:39,2026-02-16 08:44:39
8475,8475,Debit Card,18.39,Success,2025-11-12 06:29:41,2025-12-01 06:29:41
8476,8476,Debit Card,74.6,Success,2025-12-14 00:27:12,2026-01-06 00:27:12
8477,8477,Cash,20.18,Success,2025-10-05 23:09:08,2025-10-16 23:09:08
8478,8478,Apple Pay,92.74,Success,2026-02-10 04:51:15,2026-02-19 04:51:15
8479,8479,Credit Card,21.71,Success,2026-07-16 12:17:22,2026-08-09 12:17:22
8480,8480,Apple Pay,5.66,Success,2025-11-01 11:06:14,2025-11-19 11:06:14
8481,8481,Google Pay,66.43,Success,2025-11-03 20:36:26,2025-11-05 20:36:26
8482,8482,Cash,81.15,Success,2026-03-24 09:57:00,2026-04-07 09:57:00
8483,8483,Debit Card,72.13,Success,2026-04-01 18:39:15,2026-04-06 18:39:15
8484,8484,Apple Pay,36.64,Success,2026-03-27 23:36:23,2026-04-22 23:36:23
8485,8485,Google Pay,122.3,Success,2026-02-03 23:04:01,2026-02-11 23:04:01
8486,8486,Debit Card,96.96,Success,2025-08-28 10:37:50,2025-09-06 10:37:50
8487,8487,Debit Card,104.24,Success,2025-12-22 07:34:57,2026-01-16 07:34:57
8488,8488,Debit Card,75.8,Success,2026-06-14 00:32:48,2026-06-29 00:32:48
8489,8489,Credit Card,113.29,Success,2025-08-01 20:15:11,2025-08-14 20:15:11
8490,8490,Cash,66.8,Success,2025-10-02 16:02:28,2025-10-13 16:02:28
8491,8491,Debit Card,2.17,Success,2026-06-19 16:05:01,2026-06-28 16:05:01
8492,8492,Cash,76.62,Success,2026-05-31 03:42:23,2026-06-09 03:42:23
8493,8493,Debit Card,55.35,Success,2025-09-25 04:21:32,2025-10-22 04:21:32
8494,8494,Debit Card,2.39,Success,2025-12-25 01:51:52,2026-01-08 01:51:52
8495,8495,Credit Card,25.37,Success,2026-03-05 08:38:18,2026-03-19 08:38:18
8496,8496,Cash,110.27,Success,2026-06-14 00:16:30,2026-06-20 00:16:30
8497,8497,Credit Card,32.6,Success,2026-05-04 13:03:49,2026-05-26 13:03:49
8498,8498,Credit Card,2.91,Success,2026-05-09 10:48:05,2026-05-29 10:48:05
8499,8499,Debit Card,27.38,Success,2025-08-21 16:35:17,2025-09-12 16:35:17
8500,8500,Cash,9.97,Success,2025-10-05 23:34:58,2025-10-25 23:34:58
8501,8501,Cash,110.48,Success,2026-01-18 12:09:37,2026-01-23 12:09:37
8502,8502,Cash,21.49,Success,2025-10-18 11:25:04,2025-10-30 11:25:04
8503,8503,Cash,35.34,Success,2025-10-27 15:52:30,2025-11-01 15:52:30
8504,8504,Cash,95.2,Success,2025-08-23 13:32:14,2025-08-29 13:32:14
8505,8505,Apple Pay,21.83,Success,2026-07-19 10:03:33,2026-07-26 10:03:33
8506,8506,Google Pay,47.96,Success,2025-12-23 09:26:25,2026-01-12 09:26:25
8507,8507,Apple Pay,123.23,Success,2026-05-18 16:45:27,2026-06-12 16:45:27
8508,8508,Credit Card,19.38,Success,2025-12-19 09:31:40,2025-12-27 09:31:40
8509,8509,Google Pay,47.24,Success,2026-02-02 17:11:42,2026-02-27 17:11:42
8510,8510,Apple Pay,23.78,Success,2025-10-24 21:51:52,2025-11-01 21:51:52
8511,8511,Cash,66.52,Success,2025-07-25 17:24:11,2025-08-04 17:24:11
8512,8512,Credit Card,78.47,Success,2026-06-11 13:25:06,2026-07-07 13:25:06
8513,8513,Debit Card,95.6,Success,2025-11-30 02:13:14,2025-12-01 02:13:14
8514,8514,Apple Pay,8.9,Success,2026-03-06 02:05:44,2026-03-31 02:05:44
8515,8515,Google Pay,39.9,Success,2026-04-06 21:02:15,2026-04-24 21:02:15
8516,8516,Google Pay,84.06,Success,2025-10-06 17:25:22,2025-10-18 17:25:22
8517,8517,Debit Card,111.87,Success,2026-02-08 01:04:11,2026-02-24 01:04:11
8518,8518,Cash,12.68,Success,2026-01-01 14:58:17,2026-01-17 14:58:17
8519,8519,Debit Card,39.12,Success,2026-07-01 05:16:02,2026-07-17 05:16:02
8520,8520,Credit Card,62.61,Success,2026-05-14 21:27:53,2026-06-08 21:27:53
8521,8521,Google Pay,55.68,Success,2026-02-05 14:56:13,2026-03-05 14:56:13
8522,8522,Credit Card,16.01,Success,2026-03-26 15:35:50,2026-03-28 15:35:50
8523,8523,Credit Card,61.28,Success,2025-09-08 03:41:58,2025-09-15 03:41:58
8524,8524,Credit Card,64.85,Success,2025-08-24 21:19:55,2025-09-20 21:19:55
8525,8525,Credit Card,56.72,Success,2026-07-05 22:10:07,2026-07-07 22:10:07
8526,8526,Credit Card,32.61,Success,2026-07-16 21:46:37,2026-07-18 21:46:37
8527,8527,Debit Card,113.04,Success,2026-06-24 02:20:08,2026-07-21 02:20:08
8528,8528,Debit Card,53.84,Success,2026-04-02 16:13:08,2026-04-06 16:13:08
8529,8529,Debit Card,69.69,Success,2025-09-06 14:34:02,2025-10-04 14:34:02
8530,8530,Google Pay,28.59,Success,2025-11-04 10:10:23,2025-11-20 10:10:23
8531,8531,Credit Card,7.15,Success,2025-07-28 11:21:18,2025-08-08 11:21:18
8532,8532,Cash,67.65,Success,2025-12-24 02:01:39,2025-12-28 02:01:39
8533,8533,Google Pay,34.59,Success,2025-12-11 14:47:11,2025-12-30 14:47:11
8534,8534,Apple Pay,62.85,Success,2026-02-22 22:32:06,2026-03-06 22:32:06
8535,8535,Credit Card,22.26,Success,2026-05-20 09:13:22,2026-06-15 09:13:22
8536,8536,Apple Pay,35.57,Success,2025-10-31 12:30:01,2025-11-06 12:30:01
8537,8537,Debit Card,68.15,Success,2026-06-30 02:33:19,2026-07-20 02:33:19
8538,8538,Cash,64.61,Success,2026-02-16 17:26:11,2026-02-28 17:26:11
8539,8539,Google Pay,37.82,Success,2026-04-26 01:47:50,2026-05-12 01:47:50
8540,8540,Google Pay,48.69,Success,2026-07-19 00:31:45,2026-08-04 00:31:45
8541,8541,Credit Card,99.01,Success,2026-02-26 13:19:48,2026-03-09 13:19:48
8542,8542,Debit Card,65.26,Success,2026-04-09 22:33:35,2026-04-15 22:33:35
8543,8543,Cash,33.67,Success,2026-04-05 20:10:50,2026-04-23 20:10:50
8544,8544,Debit Card,106.49,Success,2026-03-01 04:18:32,2026-03-24 04:18:32
8545,8545,Debit Card,89.61,Success,2025-09-29 13:27:45,2025-10-15 13:27:45
8546,8546,Cash,45.4,Success,2026-05-27 20:35:23,2026-06-26 20:35:23
8547,8547,Apple Pay,91.48,Success,2026-04-08 15:15:47,2026-04-19 15:15:47
8548,8548,Cash,103.35,Success,2026-02-10 08:54:45,2026-03-08 08:54:45
8549,8549,Apple Pay,29.7,Success,2026-04-30 20:57:45,2026-05-07 20:57:45
8550,8550,Cash,15.25,Success,2025-11-10 19:39:51,2025-12-08 19:39:51
8551,8551,Cash,86.41,Success,2026-07-15 23:10:50,2026-08-14 23:10:50
8552,8552,Apple Pay,48.87,Success,2025-08-05 23:43:46,2025-08-07 23:43:46
8553,8553,Apple Pay,23.65,Success,2025-11-10 13:40:14,2025-11-16 13:40:14
8554,8554,Cash,17.48,Success,2025-12-04 11:25:16,2025-12-21 11:25:16
8555,8555,Debit Card,66.47,Success,2025-12-15 15:30:19,2025-12-21 15:30:19
8556,8556,Google Pay,90.73,Success,2025-11-07 13:46:44,2025-11-08 13:46:44
8557,8557,Credit Card,38.1,Success,2026-06-30 21:31:13,2026-07-24 21:31:13
8558,8558,Debit Card,28.19,Success,2026-03-08 05:48:54,2026-04-03 05:48:54
8559,8559,Credit Card,18.68,Success,2026-06-21 06:15:08,2026-06-24 06:15:08
8560,8560,Credit Card,102.89,Success,2026-05-28 00:08:17,2026-06-17 00:08:17
8561,8561,Credit Card,35.82,Success,2026-06-23 22:09:20,2026-07-17 22:09:20
8562,8562,Apple Pay,69.18,Success,2026-05-18 20:12:01,2026-06-08 20:12:01
8563,8563,Cash,41.57,Success,2026-05-21 18:53:53,2026-06-14 18:53:53
8564,8564,Credit Card,61.96,Success,2026-01-18 15:31:22,2026-01-24 15:31:22
8565,8565,Credit Card,80.03,Success,2025-12-10 13:05:14,2026-01-08 13:05:14
8566,8566,Debit Card,6.68,Success,2025-08-24 15:36:22,2025-09-23 15:36:22
8567,8567,Credit Card,51.31,Success,2025-11-10 09:22:44,2025-11-27 09:22:44
8568,8568,Cash,112.19,Success,2025-08-19 08:16:40,2025-08-28 08:16:40
8569,8569,Debit Card,56.69,Success,2025-11-02 09:23:50,2025-11-10 09:23:50
8570,8570,Apple Pay,16.12,Success,2026-04-01 07:36:50,2026-04-11 07:36:50
8571,8571,Cash,42.84,Success,2026-05-07 03:15:12,2026-05-11 03:15:12
8572,8572,Credit Card,100.86,Success,2025-08-08 08:30:47,2025-09-02 08:30:47
8573,8573,Cash,93.89,Success,2025-11-12 17:12:25,2025-11-18 17:12:25
8574,8574,Google Pay,45.7,Success,2026-07-04 15:17:43,2026-07-08 15:17:43
8575,8575,Credit Card,25.28,Success,2026-01-02 09:29:39,2026-01-24 09:29:39
8576,8576,Apple Pay,18.5,Success,2025-10-29 09:14:04,2025-11-22 09:14:04
8577,8577,Google Pay,48.31,Success,2026-04-06 04:04:39,2026-04-30 04:04:39
8578,8578,Credit Card,47.2,Success,2025-08-28 01:30:42,2025-09-08 01:30:42
8579,8579,Apple Pay,64.38,Success,2026-04-08 18:17:01,2026-04-27 18:17:01
8580,8580,Google Pay,85.22,Success,2025-07-22 11:09:44,2025-07-26 11:09:44
8581,8581,Cash,34.96,Success,2025-07-21 03:17:13,2025-08-17 03:17:13
8582,8582,Debit Card,68.87,Success,2025-10-01 16:01:53,2025-10-19 16:01:53
8583,8583,Apple Pay,8.59,Success,2026-07-04 18:31:28,2026-07-22 18:31:28
8584,8584,Credit Card,72.42,Success,2026-01-15 06:11:29,2026-02-01 06:11:29
8585,8585,Apple Pay,34.51,Success,2025-07-26 23:24:03,2025-07-31 23:24:03
8586,8586,Debit Card,52.99,Success,2026-01-03 06:32:15,2026-01-16 06:32:15
8587,8587,Debit Card,69.6,Success,2025-09-30 18:42:01,2025-10-28 18:42:01
8588,8588,Debit Card,69.41,Success,2025-09-14 15:47:24,2025-09-23 15:47:24
8589,8589,Cash,58.62,Success,2025-07-31 22:30:17,2025-08-22 22:30:17
8590,8590,Google Pay,65.86,Success,2025-08-22 11:59:31,2025-08-25 11:59:31
8591,8591,Debit Card,39.66,Success,2025-11-26 20:35:51,2025-12-19 20:35:51
8592,8592,Cash,5.9,Success,2025-08-13 12:58:30,2025-09-01 12:58:30
8593,8593,Debit Card,62.19,Success,2025-12-02 18:16:58,2025-12-21 18:16:58
8594,8594,Cash,58.59,Success,2025-08-28 05:36:03,2025-09-06 05:36:03
8595,8595,Cash,100.92,Success,2025-08-14 00:40:39,2025-09-07 00:40:39
8596,8596,Cash,44.08,Success,2025-07-31 10:52:52,2025-08-25 10:52:52
8597,8597,Debit Card,82.75,Success,2025-08-14 15:45:34,2025-09-05 15:45:34
8598,8598,Credit Card,64.5,Success,2025-12-18 08:34:17,2026-01-05 08:34:17
8599,8599,Apple Pay,10.12,Success,2025-11-14 08:02:56,2025-11-15 08:02:56
8600,8600,Apple Pay,47.69,Success,2026-05-28 15:53:27,2026-06-22 15:53:27
8601,8601,Apple Pay,114.67,Success,2025-12-19 21:25:26,2026-01-06 21:25:26
8602,8602,Credit Card,32.73,Success,2025-09-09 16:21:54,2025-10-06 16:21:54
8603,8603,Google Pay,94.18,Success,2026-01-10 12:37:32,2026-02-09 12:37:32
8604,8604,Cash,18.97,Success,2025-10-21 23:47:26,2025-11-18 23:47:26
8605,8605,Apple Pay,83.45,Success,2026-04-24 13:41:30,2026-04-26 13:41:30
8606,8606,Apple Pay,94.07,Success,2026-03-21 00:27:56,2026-04-10 00:27:56
8607,8607,Google Pay,26.69,Success,2026-02-15 13:44:14,2026-03-04 13:44:14
8608,8608,Apple Pay,23.17,Success,2026-06-17 18:49:27,2026-07-09 18:49:27
8609,8609,Google Pay,82.78,Success,2025-09-30 23:34:05,2025-10-14 23:34:05
8610,8610,Cash,44.5,Success,2025-11-06 22:30:42,2025-11-13 22:30:42
8611,8611,Debit Card,134.59,Success,2025-10-11 19:11:04,2025-11-07 19:11:04
8612,8612,Google Pay,27.67,Success,2026-03-26 12:33:33,2026-04-19 12:33:33
8613,8613,Google Pay,9.01,Success,2026-07-07 19:16:07,2026-08-02 19:16:07
8614,8614,Debit Card,60.89,Success,2026-06-06 08:27:06,2026-06-17 08:27:06
8615,8615,Google Pay,82.02,Success,2026-03-23 00:00:33,2026-03-25 00:00:33
8616,8616,Google Pay,11.95,Success,2026-05-04 09:24:13,2026-05-25 09:24:13
8617,8617,Debit Card,37.63,Success,2025-10-27 13:44:56,2025-11-08 13:44:56
8618,8618,Cash,78.76,Success,2026-03-17 01:54:06,2026-04-10 01:54:06
8619,8619,Google Pay,91.7,Success,2025-08-08 07:27:29,2025-08-09 07:27:29
8620,8620,Credit Card,71.93,Success,2025-07-26 04:20:10,2025-08-21 04:20:10
8621,8621,Debit Card,71.76,Success,2026-06-10 03:19:03,2026-06-30 03:19:03
8622,8622,Debit Card,9.77,Success,2026-06-10 22:03:10,2026-06-13 22:03:10
8623,8623,Credit Card,42.82,Success,2025-09-11 22:22:06,2025-09-18 22:22:06
8624,8624,Debit Card,25.01,Success,2026-05-27 22:34:55,2026-05-30 22:34:55
8625,8625,Google Pay,33.72,Success,2025-08-11 15:04:47,2025-08-22 15:04:47
8626,8626,Cash,72.82,Success,2026-04-07 00:51:54,2026-04-10 00:51:54
8627,8627,Cash,86.59,Success,2025-10-09 18:15:21,2025-10-17 18:15:21
8628,8628,Google Pay,58.7,Success,2026-04-24 15:31:10,2026-05-21 15:31:10
8629,8629,Apple Pay,84.18,Success,2026-02-15 00:27:11,2026-02-20 00:27:11
8630,8630,Google Pay,39.48,Success,2026-01-15 13:12:27,2026-01-30 13:12:27
8631,8631,Credit Card,35.95,Success,2025-07-22 21:37:28,2025-08-01 21:37:28
8632,8632,Apple Pay,111.07,Success,2026-05-05 03:40:15,2026-05-11 03:40:15
8633,8633,Cash,38.87,Success,2025-08-15 18:57:41,2025-08-25 18:57:41
8634,8634,Cash,15.63,Success,2026-03-15 20:20:23,2026-04-14 20:20:23
8635,8635,Apple Pay,40.42,Success,2026-05-22 16:12:34,2026-06-15 16:12:34
8636,8636,Credit Card,26.68,Success,2026-02-13 05:07:58,2026-03-12 05:07:58
8637,8637,Google Pay,99.24,Success,2026-04-22 22:24:25,2026-05-14 22:24:25
8638,8638,Apple Pay,70.26,Success,2026-01-09 14:10:27,2026-02-07 14:10:27
8639,8639,Credit Card,39.4,Success,2025-12-11 01:18:17,2025-12-25 01:18:17
8640,8640,Google Pay,77.42,Success,2026-03-29 17:26:44,2026-04-02 17:26:44
8641,8641,Apple Pay,129.17,Success,2025-07-26 00:17:32,2025-08-05 00:17:32
8642,8642,Debit Card,22.29,Success,2026-01-10 00:08:10,2026-01-22 00:08:10
8643,8643,Google Pay,6.45,Success,2026-06-04 20:31:02,2026-07-04 20:31:02
8644,8644,Credit Card,101.54,Success,2026-04-30 15:27:03,2026-05-21 15:27:03
8645,8645,Credit Card,31.76,Success,2026-02-17 03:48:57,2026-03-19 03:48:57
8646,8646,Cash,16.02,Success,2026-04-24 02:09:19,2026-05-05 02:09:19
8647,8647,Credit Card,31.42,Success,2025-10-12 04:07:19,2025-10-14 04:07:19
8648,8648,Credit Card,32.0,Success,2026-05-14 06:19:32,2026-06-11 06:19:32
8649,8649,Credit Card,55.95,Success,2026-07-05 23:31:46,2026-07-18 23:31:46
8650,8650,Cash,10.33,Success,2025-12-22 14:34:44,2026-01-01 14:34:44
8651,8651,Credit Card,47.22,Success,2026-05-31 04:20:14,2026-06-02 04:20:14
8652,8652,Apple Pay,30.98,Success,2025-08-06 09:31:48,2025-08-24 09:31:48
8653,8653,Credit Card,112.4,Success,2026-05-18 08:49:36,2026-05-26 08:49:36
8654,8654,Credit Card,25.27,Success,2026-01-15 15:29:12,2026-01-22 15:29:12
8655,8655,Credit Card,33.99,Success,2026-02-18 09:43:05,2026-03-20 09:43:05
8656,8656,Cash,19.55,Success,2026-04-11 16:05:59,2026-05-02 16:05:59
8657,8657,Apple Pay,64.22,Success,2026-01-26 16:10:45,2026-01-29 16:10:45
8658,8658,Credit Card,41.95,Success,2026-05-30 17:51:06,2026-06-06 17:51:06
8659,8659,Apple Pay,18.27,Success,2026-04-07 19:15:20,2026-04-21 19:15:20
8660,8660,Apple Pay,74.85,Success,2026-04-30 18:14:49,2026-05-07 18:14:49
8661,8661,Google Pay,103.41,Success,2025-11-30 03:14:30,2025-12-23 03:14:30
8662,8662,Google Pay,47.27,Success,2025-09-16 14:42:02,2025-10-03 14:42:02
8663,8663,Credit Card,27.32,Success,2025-11-10 09:36:36,2025-12-05 09:36:36
8664,8664,Google Pay,61.05,Success,2025-08-22 06:44:43,2025-08-31 06:44:43
8665,8665,Apple Pay,14.91,Success,2026-05-26 00:14:18,2026-06-19 00:14:18
8666,8666,Apple Pay,86.74,Success,2025-08-25 10:03:50,2025-09-13 10:03:50
8667,8667,Cash,77.6,Success,2026-06-08 14:48:23,2026-06-29 14:48:23
8668,8668,Google Pay,39.02,Success,2026-01-02 12:47:04,2026-01-28 12:47:04
8669,8669,Cash,56.76,Success,2025-07-26 06:00:25,2025-08-01 06:00:25
8670,8670,Debit Card,54.69,Success,2025-11-07 16:00:39,2025-11-23 16:00:39
8671,8671,Credit Card,70.27,Success,2026-05-06 23:06:49,2026-05-26 23:06:49
8672,8672,Credit Card,99.21,Success,2026-06-17 03:03:34,2026-06-30 03:03:34
8673,8673,Cash,18.75,Success,2026-01-26 00:10:25,2026-02-02 00:10:25
8674,8674,Cash,103.12,Success,2026-02-26 04:11:16,2026-03-07 04:11:16
8675,8675,Credit Card,99.94,Success,2025-08-05 04:36:36,2025-08-18 04:36:36
8676,8676,Debit Card,54.03,Success,2025-09-30 08:39:22,2025-10-01 08:39:22
8677,8677,Debit Card,46.82,Success,2026-04-09 11:47:46,2026-04-10 11:47:46
8678,8678,Cash,107.52,Success,2025-08-11 01:15:43,2025-09-02 01:15:43
8679,8679,Debit Card,59.49,Success,2026-03-15 07:47:40,2026-04-12 07:47:40
8680,8680,Google Pay,109.7,Success,2025-09-07 22:07:47,2025-10-02 22:07:47
8681,8681,Debit Card,56.19,Success,2026-07-05 17:07:11,2026-07-16 17:07:11
8682,8682,Google Pay,61.83,Success,2026-02-02 07:35:36,2026-02-15 07:35:36
8683,8683,Google Pay,9.96,Success,2026-04-02 00:34:03,2026-04-26 00:34:03
8684,8684,Google Pay,58.9,Success,2026-01-20 12:40:27,2026-02-13 12:40:27
8685,8685,Credit Card,49.78,Success,2025-08-10 07:55:05,2025-08-13 07:55:05
8686,8686,Google Pay,23.32,Success,2026-04-06 23:05:41,2026-04-19 23:05:41
8687,8687,Google Pay,62.09,Success,2025-10-31 04:46:04,2025-11-14 04:46:04
8688,8688,Apple Pay,11.07,Success,2025-10-10 17:57:09,2025-10-28 17:57:09
8689,8689,Cash,73.23,Success,2026-05-14 11:53:30,2026-05-23 11:53:30
8690,8690,Debit Card,13.98,Success,2026-06-17 01:04:41,2026-06-21 01:04:41
8691,8691,Credit Card,71.77,Success,2025-12-30 01:49:31,2026-01-15 01:49:31
8692,8692,Apple Pay,42.37,Success,2026-01-04 16:41:36,2026-01-09 16:41:36
8693,8693,Credit Card,16.49,Success,2025-08-10 11:24:23,2025-08-26 11:24:23
8694,8694,Google Pay,24.63,Success,2026-07-14 04:20:48,2026-07-24 04:20:48
8695,8695,Apple Pay,55.63,Success,2026-04-24 06:51:57,2026-05-18 06:51:57
8696,8696,Debit Card,28.85,Success,2025-09-10 21:30:29,2025-09-15 21:30:29
8697,8697,Credit Card,20.95,Success,2025-10-31 01:33:43,2025-11-25 01:33:43
8698,8698,Google Pay,64.44,Success,2026-02-03 21:00:40,2026-02-04 21:00:40
8699,8699,Google Pay,26.4,Success,2026-02-08 17:54:45,2026-03-08 17:54:45
8700,8700,Cash,75.47,Success,2025-08-12 22:01:45,2025-08-22 22:01:45
8701,8701,Cash,10.22,Success,2026-05-16 05:29:14,2026-06-05 05:29:14
8702,8702,Debit Card,35.61,Success,2026-05-31 14:53:17,2026-06-17 14:53:17
8703,8703,Google Pay,100.96,Success,2026-03-25 09:01:45,2026-04-17 09:01:45
8704,8704,Credit Card,17.21,Success,2026-01-12 23:41:03,2026-01-16 23:41:03
8705,8705,Credit Card,116.29,Success,2025-07-24 01:54:53,2025-07-26 01:54:53
8706,8706,Google Pay,36.36,Success,2025-08-09 05:55:21,2025-08-25 05:55:21
8707,8707,Credit Card,69.16,Success,2025-11-05 12:48:49,2025-11-11 12:48:49
8708,8708,Cash,23.83,Success,2025-08-03 18:57:39,2025-09-01 18:57:39
8709,8709,Debit Card,128.61,Success,2025-08-12 09:42:27,2025-08-25 09:42:27
8710,8710,Debit Card,9.94,Success,2025-12-11 13:27:16,2025-12-22 13:27:16
8711,8711,Apple Pay,25.39,Success,2026-01-01 01:29:26,2026-01-09 01:29:26
8712,8712,Debit Card,84.06,Success,2026-05-17 18:45:19,2026-06-06 18:45:19
8713,8713,Apple Pay,28.0,Success,2026-02-08 08:32:53,2026-02-12 08:32:53
8714,8714,Debit Card,28.15,Success,2025-07-27 05:48:35,2025-08-20 05:48:35
8715,8715,Credit Card,52.63,Success,2026-03-16 00:53:52,2026-04-14 00:53:52
8716,8716,Cash,62.23,Success,2026-07-04 12:50:52,2026-07-31 12:50:52
8717,8717,Cash,39.5,Success,2025-08-16 05:48:36,2025-08-17 05:48:36
8718,8718,Debit Card,6.23,Success,2026-06-30 22:56:58,2026-07-09 22:56:58
8719,8719,Apple Pay,34.89,Success,2025-08-22 09:07:40,2025-09-14 09:07:40
8720,8720,Google Pay,22.21,Success,2025-11-29 16:10:16,2025-12-13 16:10:16
8721,8721,Credit Card,28.92,Success,2026-02-22 00:21:17,2026-03-03 00:21:17
8722,8722,Credit Card,73.86,Success,2026-06-14 20:33:43,2026-06-21 20:33:43
8723,8723,Apple Pay,7.04,Success,2025-09-10 19:09:56,2025-10-06 19:09:56
8724,8724,Cash,51.28,Success,2026-05-27 03:49:34,2026-06-24 03:49:34
8725,8725,Google Pay,109.27,Success,2025-08-20 03:25:52,2025-08-27 03:25:52
8726,8726,Credit Card,54.12,Success,2026-02-16 13:35:32,2026-03-12 13:35:32
8727,8727,Credit Card,60.15,Success,2025-08-17 14:06:07,2025-08-25 14:06:07
8728,8728,Apple Pay,54.29,Success,2025-12-20 02:09:33,2025-12-31 02:09:33
8729,8729,Apple Pay,80.21,Success,2026-05-11 18:37:51,2026-06-06 18:37:51
8730,8730,Apple Pay,9.03,Success,2026-03-05 21:13:52,2026-04-03 21:13:52
8731,8731,Debit Card,20.34,Success,2026-04-10 20:10:17,2026-04-19 20:10:17
8732,8732,Google Pay,96.77,Success,2026-06-17 13:20:00,2026-06-22 13:20:00
8733,8733,Debit Card,22.85,Success,2025-08-23 10:31:49,2025-09-01 10:31:49
8734,8734,Debit Card,56.68,Success,2026-01-26 09:31:58,2026-02-22 09:31:58
8735,8735,Cash,52.41,Success,2026-01-17 07:27:41,2026-02-02 07:27:41
8736,8736,Cash,38.5,Success,2025-10-19 03:18:49,2025-10-25 03:18:49
8737,8737,Debit Card,38.71,Success,2026-07-10 13:55:16,2026-08-03 13:55:16
8738,8738,Cash,9.53,Success,2026-01-02 01:01:18,2026-01-05 01:01:18
8739,8739,Google Pay,118.58,Success,2026-04-14 18:21:30,2026-04-26 18:21:30
8740,8740,Credit Card,26.99,Success,2025-12-15 22:00:14,2025-12-25 22:00:14
8741,8741,Credit Card,74.9,Success,2026-07-15 00:04:51,2026-08-09 00:04:51
8742,8742,Credit Card,50.32,Success,2026-02-08 01:06:43,2026-03-01 01:06:43
8743,8743,Credit Card,34.03,Success,2026-03-12 00:01:29,2026-03-17 00:01:29
8744,8744,Cash,74.06,Success,2026-01-11 19:26:50,2026-01-16 19:26:50
8745,8745,Apple Pay,71.26,Success,2025-07-22 00:02:36,2025-08-12 00:02:36
8746,8746,Google Pay,116.91,Success,2025-12-08 12:27:02,2025-12-21 12:27:02
8747,8747,Debit Card,101.15,Success,2025-11-01 08:55:23,2025-11-26 08:55:23
8748,8748,Apple Pay,84.09,Success,2026-06-03 18:00:07,2026-06-27 18:00:07
8749,8749,Apple Pay,27.58,Success,2025-11-29 01:33:53,2025-12-04 01:33:53
8750,8750,Credit Card,78.53,Success,2026-05-29 00:30:03,2026-06-25 00:30:03
8751,8751,Apple Pay,14.45,Success,2025-09-02 21:31:14,2025-09-18 21:31:14
8752,8752,Apple Pay,109.89,Success,2026-02-14 11:00:16,2026-02-27 11:00:16
8753,8753,Credit Card,59.11,Success,2026-04-30 06:11:13,2026-05-12 06:11:13
8754,8754,Cash,85.34,Success,2026-03-01 09:47:05,2026-03-21 09:47:05
8755,8755,Google Pay,9.65,Success,2025-07-30 11:53:48,2025-08-09 11:53:48
8756,8756,Debit Card,96.81,Success,2026-03-19 13:40:39,2026-03-23 13:40:39
8757,8757,Debit Card,12.45,Success,2026-03-18 01:44:12,2026-04-15 01:44:12
8758,8758,Cash,39.12,Success,2026-05-17 02:21:48,2026-05-31 02:21:48
8759,8759,Cash,107.2,Success,2026-01-29 03:57:36,2026-02-05 03:57:36
8760,8760,Apple Pay,19.89,Success,2026-06-03 13:45:25,2026-06-13 13:45:25
8761,8761,Google Pay,100.04,Success,2026-01-10 15:26:58,2026-02-06 15:26:58
8762,8762,Credit Card,72.23,Success,2026-05-19 21:51:01,2026-06-08 21:51:01
8763,8763,Apple Pay,10.08,Success,2026-04-05 23:21:43,2026-04-22 23:21:43
8764,8764,Debit Card,85.61,Success,2026-07-18 19:44:35,2026-08-02 19:44:35
8765,8765,Google Pay,23.59,Success,2026-02-18 19:09:52,2026-03-07 19:09:52
8766,8766,Credit Card,86.11,Success,2026-01-10 07:02:19,2026-02-08 07:02:19
8767,8767,Debit Card,96.49,Success,2026-03-23 06:07:42,2026-03-28 06:07:42
8768,8768,Google Pay,45.02,Success,2025-12-22 22:14:24,2026-01-10 22:14:24
8769,8769,Credit Card,1.95,Success,2025-08-29 07:04:28,2025-09-27 07:04:28
8770,8770,Credit Card,62.79,Success,2025-08-14 19:44:52,2025-09-11 19:44:52
8771,8771,Debit Card,57.02,Success,2025-09-28 10:40:27,2025-10-18 10:40:27
8772,8772,Cash,61.78,Success,2026-06-18 21:23:19,2026-06-23 21:23:19
8773,8773,Cash,70.87,Success,2025-09-30 01:28:03,2025-10-06 01:28:03
8774,8774,Debit Card,47.92,Success,2025-11-05 19:02:20,2025-11-07 19:02:20
8775,8775,Cash,40.83,Success,2025-08-29 14:49:28,2025-09-27 14:49:28
8776,8776,Credit Card,51.96,Success,2026-02-18 22:35:16,2026-03-16 22:35:16
8777,8777,Google Pay,54.14,Success,2025-08-30 15:15:33,2025-09-15 15:15:33
8778,8778,Debit Card,45.06,Success,2025-12-16 18:09:33,2025-12-23 18:09:33
8779,8779,Google Pay,117.79,Success,2025-11-17 11:48:58,2025-11-18 11:48:58
8780,8780,Credit Card,79.25,Success,2026-03-14 17:30:37,2026-03-17 17:30:37
8781,8781,Apple Pay,15.02,Success,2026-01-02 06:37:53,2026-01-28 06:37:53
8782,8782,Cash,16.87,Success,2025-12-15 15:22:34,2026-01-11 15:22:34
8783,8783,Cash,81.04,Success,2026-04-19 20:42:11,2026-05-05 20:42:11
8784,8784,Debit Card,51.34,Success,2026-04-25 17:45:52,2026-04-29 17:45:52
8785,8785,Debit Card,31.25,Success,2025-08-24 10:27:35,2025-09-04 10:27:35
8786,8786,Google Pay,23.13,Success,2025-09-25 16:28:17,2025-10-01 16:28:17
8787,8787,Credit Card,62.45,Success,2025-10-12 15:26:02,2025-10-30 15:26:02
8788,8788,Google Pay,82.56,Success,2025-09-28 15:24:40,2025-09-29 15:24:40
8789,8789,Cash,64.45,Success,2025-09-25 20:06:20,2025-10-10 20:06:20
8790,8790,Google Pay,80.34,Success,2026-03-22 06:19:39,2026-03-28 06:19:39
8791,8791,Google Pay,61.48,Success,2026-01-12 03:05:53,2026-01-26 03:05:53
8792,8792,Cash,44.81,Success,2025-08-16 06:13:19,2025-09-13 06:13:19
8793,8793,Cash,57.31,Success,2026-01-11 11:00:24,2026-02-05 11:00:24
8794,8794,Credit Card,82.74,Success,2026-05-27 12:10:56,2026-06-12 12:10:56
8795,8795,Credit Card,14.34,Success,2025-09-27 14:58:22,2025-10-13 14:58:22
8796,8796,Google Pay,71.67,Success,2026-05-18 15:04:31,2026-06-17 15:04:31
8797,8797,Google Pay,65.66,Success,2026-01-07 14:03:02,2026-01-19 14:03:02
8798,8798,Credit Card,75.91,Success,2025-11-04 04:54:14,2025-11-16 04:54:14
8799,8799,Credit Card,125.1,Success,2025-10-18 18:47:04,2025-10-27 18:47:04
8800,8800,Debit Card,47.26,Success,2026-04-29 00:56:47,2026-05-24 00:56:47
8801,8801,Google Pay,46.74,Success,2026-06-06 00:12:36,2026-06-21 00:12:36
8802,8802,Credit Card,40.46,Success,2026-05-16 20:33:28,2026-05-29 20:33:28
8803,8803,Google Pay,109.42,Success,2025-09-08 23:10:57,2025-09-20 23:10:57
8804,8804,Credit Card,138.11,Success,2026-02-10 12:10:28,2026-02-26 12:10:28
8805,8805,Credit Card,91.08,Success,2026-02-27 07:39:01,2026-03-19 07:39:01
8806,8806,Cash,4.42,Success,2026-01-17 23:47:45,2026-01-19 23:47:45
8807,8807,Debit Card,69.46,Success,2026-03-13 07:16:50,2026-03-21 07:16:50
8808,8808,Apple Pay,31.11,Success,2025-10-20 10:49:48,2025-10-27 10:49:48
8809,8809,Credit Card,44.23,Success,2026-06-16 10:50:24,2026-07-11 10:50:24
8810,8810,Google Pay,50.56,Success,2026-07-15 13:07:12,2026-07-16 13:07:12
8811,8811,Debit Card,130.27,Success,2025-10-25 05:20:49,2025-11-16 05:20:49
8812,8812,Credit Card,53.55,Success,2026-02-08 10:48:08,2026-02-25 10:48:08
8813,8813,Google Pay,33.59,Success,2025-08-18 03:51:27,2025-09-14 03:51:27
8814,8814,Google Pay,24.73,Success,2026-06-05 15:21:52,2026-06-22 15:21:52
8815,8815,Google Pay,53.16,Success,2026-05-21 09:49:30,2026-05-24 09:49:30
8816,8816,Apple Pay,58.45,Success,2026-07-07 09:22:53,2026-07-27 09:22:53
8817,8817,Apple Pay,108.97,Success,2025-11-09 04:44:02,2025-11-22 04:44:02
8818,8818,Debit Card,7.18,Success,2025-10-23 12:15:29,2025-11-11 12:15:29
8819,8819,Google Pay,28.59,Success,2026-06-10 06:41:55,2026-06-29 06:41:55
8820,8820,Credit Card,81.66,Success,2025-08-23 17:26:40,2025-09-11 17:26:40
8821,8821,Google Pay,7.97,Success,2025-11-24 13:45:41,2025-12-17 13:45:41
8822,8822,Apple Pay,32.73,Success,2026-01-28 00:36:50,2026-02-05 00:36:50
8823,8823,Credit Card,107.75,Success,2025-10-03 23:00:39,2025-10-20 23:00:39
8824,8824,Cash,16.06,Success,2026-02-09 05:15:48,2026-02-13 05:15:48
8825,8825,Credit Card,24.57,Success,2026-04-27 10:51:59,2026-05-17 10:51:59
8826,8826,Debit Card,107.18,Success,2025-11-10 19:09:16,2025-11-19 19:09:16
8827,8827,Apple Pay,27.01,Success,2026-05-28 18:27:09,2026-05-30 18:27:09
8828,8828,Credit Card,27.05,Success,2025-10-30 09:36:51,2025-11-14 09:36:51
8829,8829,Cash,68.51,Success,2025-09-11 18:24:20,2025-09-21 18:24:20
8830,8830,Credit Card,21.69,Success,2025-07-27 20:26:11,2025-08-12 20:26:11
8831,8831,Apple Pay,94.16,Success,2026-02-09 06:15:59,2026-02-26 06:15:59
8832,8832,Google Pay,25.48,Success,2026-06-15 18:32:49,2026-06-16 18:32:49
8833,8833,Apple Pay,24.31,Success,2025-11-25 15:06:37,2025-12-11 15:06:37
8834,8834,Credit Card,14.15,Success,2026-05-22 23:36:42,2026-06-16 23:36:42
8835,8835,Credit Card,26.04,Success,2026-07-03 05:16:58,2026-07-29 05:16:58
8836,8836,Google Pay,45.03,Success,2025-10-24 10:18:40,2025-11-19 10:18:40
8837,8837,Cash,35.64,Success,2026-03-05 22:35:00,2026-03-24 22:35:00
8838,8838,Google Pay,84.8,Success,2025-12-23 11:16:23,2026-01-07 11:16:23
8839,8839,Google Pay,106.09,Success,2025-11-29 13:28:31,2025-12-28 13:28:31
8840,8840,Debit Card,6.2,Success,2026-03-25 02:49:23,2026-04-14 02:49:23
8841,8841,Credit Card,35.56,Success,2025-10-06 12:22:08,2025-10-10 12:22:08
8842,8842,Credit Card,48.35,Success,2026-02-22 05:22:04,2026-03-18 05:22:04
8843,8843,Google Pay,34.3,Success,2025-12-01 02:09:49,2025-12-28 02:09:49
8844,8844,Apple Pay,62.18,Success,2026-01-07 22:53:17,2026-01-20 22:53:17
8845,8845,Apple Pay,58.94,Success,2026-06-30 10:03:47,2026-07-04 10:03:47
8846,8846,Apple Pay,32.13,Success,2025-11-11 13:30:20,2025-11-30 13:30:20
8847,8847,Google Pay,8.75,Success,2025-08-12 18:27:02,2025-08-19 18:27:02
8848,8848,Google Pay,66.68,Success,2025-09-11 17:24:15,2025-09-16 17:24:15
8849,8849,Google Pay,61.33,Success,2025-12-03 07:05:38,2025-12-12 07:05:38
8850,8850,Credit Card,90.76,Success,2026-04-09 23:55:54,2026-04-17 23:55:54
8851,8851,Cash,11.28,Success,2026-01-12 08:15:23,2026-01-17 08:15:23
8852,8852,Cash,76.59,Success,2025-08-01 03:19:05,2025-08-25 03:19:05
8853,8853,Credit Card,29.93,Success,2026-03-01 19:46:04,2026-03-22 19:46:04
8854,8854,Cash,76.57,Success,2025-12-07 08:56:37,2025-12-31 08:56:37
8855,8855,Cash,82.44,Success,2025-08-21 02:11:00,2025-08-29 02:11:00
8856,8856,Cash,109.22,Success,2025-09-04 06:54:38,2025-09-09 06:54:38
8857,8857,Cash,47.58,Success,2025-12-28 05:26:22,2026-01-21 05:26:22
8858,8858,Credit Card,87.54,Success,2025-12-18 07:20:29,2026-01-10 07:20:29
8859,8859,Apple Pay,33.84,Success,2025-12-16 18:47:53,2025-12-28 18:47:53
8860,8860,Google Pay,28.91,Success,2026-03-18 09:59:05,2026-04-16 09:59:05
8861,8861,Google Pay,78.62,Success,2026-01-09 10:37:52,2026-02-03 10:37:52
8862,8862,Cash,53.66,Success,2026-04-21 09:56:25,2026-04-22 09:56:25
8863,8863,Apple Pay,97.18,Success,2026-06-26 20:38:28,2026-07-18 20:38:28
8864,8864,Credit Card,2.99,Success,2026-01-15 15:31:38,2026-01-20 15:31:38
8865,8865,Google Pay,67.67,Success,2025-10-07 04:16:54,2025-11-03 04:16:54
8866,8866,Apple Pay,48.56,Success,2025-12-20 14:45:08,2026-01-06 14:45:08
8867,8867,Google Pay,17.06,Success,2026-02-16 00:05:18,2026-03-09 00:05:18
8868,8868,Debit Card,23.47,Success,2025-09-04 11:44:41,2025-09-10 11:44:41
8869,8869,Debit Card,29.2,Success,2026-07-13 12:03:06,2026-07-17 12:03:06
8870,8870,Credit Card,78.29,Success,2026-07-18 01:24:23,2026-07-26 01:24:23
8871,8871,Cash,25.22,Success,2026-03-04 15:52:23,2026-03-21 15:52:23
8872,8872,Cash,20.44,Success,2025-09-27 08:16:15,2025-10-13 08:16:15
8873,8873,Google Pay,49.27,Success,2026-01-12 14:26:07,2026-01-16 14:26:07
8874,8874,Cash,4.14,Success,2026-02-15 18:56:23,2026-02-19 18:56:23
8875,8875,Debit Card,107.01,Success,2026-04-27 15:34:15,2026-05-01 15:34:15
8876,8876,Google Pay,51.02,Success,2025-10-24 20:00:53,2025-11-18 20:00:53
8877,8877,Apple Pay,96.26,Success,2026-07-03 07:17:40,2026-07-26 07:17:40
8878,8878,Debit Card,14.27,Success,2026-02-16 04:06:46,2026-03-18 04:06:46
8879,8879,Google Pay,88.21,Success,2025-09-15 14:15:42,2025-09-18 14:15:42
8880,8880,Debit Card,127.14,Success,2025-08-15 16:22:18,2025-09-07 16:22:18
8881,8881,Credit Card,125.04,Success,2025-07-25 03:51:07,2025-08-10 03:51:07
8882,8882,Credit Card,100.41,Success,2025-12-31 03:33:56,2026-01-05 03:33:56
8883,8883,Debit Card,3.65,Success,2026-05-19 23:14:38,2026-05-21 23:14:38
8884,8884,Cash,41.78,Success,2026-04-11 06:27:30,2026-04-14 06:27:30
8885,8885,Apple Pay,42.67,Success,2025-12-12 18:17:30,2025-12-30 18:17:30
8886,8886,Credit Card,48.17,Success,2025-12-28 10:25:40,2026-01-23 10:25:40
8887,8887,Debit Card,7.85,Success,2026-02-12 22:41:18,2026-02-28 22:41:18
8888,8888,Google Pay,31.32,Success,2025-08-16 02:08:52,2025-09-05 02:08:52
8889,8889,Cash,36.15,Success,2025-10-09 15:57:30,2025-10-28 15:57:30
8890,8890,Cash,44.5,Success,2026-06-14 09:29:51,2026-07-12 09:29:51
8891,8891,Credit Card,48.99,Success,2025-10-22 15:34:14,2025-11-14 15:34:14
8892,8892,Google Pay,15.16,Success,2026-06-12 20:47:14,2026-07-09 20:47:14
8893,8893,Google Pay,85.8,Success,2026-06-17 17:12:56,2026-07-15 17:12:56
8894,8894,Apple Pay,18.57,Success,2025-11-10 19:09:36,2025-11-24 19:09:36
8895,8895,Google Pay,44.3,Success,2025-10-17 02:49:36,2025-10-25 02:49:36
8896,8896,Apple Pay,106.81,Success,2025-07-29 21:23:04,2025-08-07 21:23:04
8897,8897,Google Pay,90.06,Success,2026-04-09 10:08:40,2026-04-30 10:08:40
8898,8898,Cash,48.53,Success,2026-06-17 08:27:37,2026-07-01 08:27:37
8899,8899,Credit Card,15.73,Success,2026-06-16 20:18:02,2026-07-12 20:18:02
8900,8900,Debit Card,32.89,Success,2026-06-08 00:24:49,2026-06-27 00:24:49
8901,8901,Apple Pay,21.15,Success,2026-05-11 18:53:57,2026-05-12 18:53:57
8902,8902,Cash,31.74,Success,2026-07-19 00:37:01,2026-08-07 00:37:01
8903,8903,Cash,40.24,Success,2025-07-28 15:16:09,2025-08-21 15:16:09
8904,8904,Debit Card,14.7,Success,2025-09-11 14:42:08,2025-09-20 14:42:08
8905,8905,Apple Pay,80.95,Success,2026-01-10 02:31:37,2026-01-23 02:31:37
8906,8906,Apple Pay,49.74,Success,2025-10-19 17:37:07,2025-11-08 17:37:07
8907,8907,Apple Pay,56.84,Success,2026-03-09 20:37:49,2026-03-22 20:37:49
8908,8908,Google Pay,42.98,Success,2026-06-15 16:58:23,2026-07-05 16:58:23
8909,8909,Apple Pay,69.1,Success,2026-05-07 13:44:02,2026-05-31 13:44:02
8910,8910,Google Pay,26.84,Success,2025-12-08 06:58:01,2025-12-12 06:58:01
8911,8911,Cash,132.04,Success,2025-09-17 09:51:38,2025-09-23 09:51:38
8912,8912,Google Pay,60.57,Success,2025-12-16 05:15:28,2026-01-13 05:15:28
8913,8913,Cash,31.5,Success,2026-05-03 12:07:59,2026-05-16 12:07:59
8914,8914,Cash,12.01,Success,2026-03-25 22:38:55,2026-04-10 22:38:55
8915,8915,Apple Pay,13.22,Success,2026-02-14 23:46:41,2026-02-23 23:46:41
8916,8916,Cash,38.49,Success,2025-12-12 01:01:19,2026-01-09 01:01:19
8917,8917,Apple Pay,76.45,Success,2026-05-04 07:45:43,2026-06-01 07:45:43
8918,8918,Debit Card,13.08,Success,2026-04-02 23:25:52,2026-04-12 23:25:52
8919,8919,Credit Card,34.74,Success,2025-08-10 19:53:48,2025-08-30 19:53:48
8920,8920,Credit Card,35.45,Success,2026-04-14 05:29:48,2026-04-20 05:29:48
8921,8921,Credit Card,59.22,Success,2025-09-02 04:20:02,2025-09-08 04:20:02
8922,8922,Credit Card,25.6,Success,2026-07-05 02:31:02,2026-07-15 02:31:02
8923,8923,Google Pay,2.44,Success,2026-07-12 07:08:26,2026-07-21 07:08:26
8924,8924,Credit Card,66.56,Success,2025-12-21 21:56:25,2026-01-19 21:56:25
8925,8925,Cash,63.69,Success,2025-11-06 14:52:09,2025-11-23 14:52:09
8926,8926,Credit Card,15.59,Success,2025-08-16 16:49:58,2025-08-27 16:49:58
8927,8927,Google Pay,27.6,Success,2025-07-24 03:04:19,2025-08-08 03:04:19
8928,8928,Credit Card,22.27,Success,2025-09-09 01:12:10,2025-09-21 01:12:10
8929,8929,Cash,15.16,Success,2025-09-02 20:52:30,2025-09-07 20:52:30
8930,8930,Apple Pay,31.01,Success,2026-04-24 19:35:54,2026-05-23 19:35:54
8931,8931,Google Pay,36.2,Success,2026-06-09 20:21:37,2026-06-14 20:21:37
8932,8932,Google Pay,83.24,Success,2026-03-16 03:16:05,2026-03-17 03:16:05
8933,8933,Cash,80.9,Success,2026-06-01 01:54:22,2026-06-03 01:54:22
8934,8934,Google Pay,45.96,Success,2026-02-20 10:07:35,2026-03-05 10:07:35
8935,8935,Credit Card,52.65,Success,2026-06-08 21:13:56,2026-06-25 21:13:56
8936,8936,Debit Card,10.07,Success,2026-02-07 23:24:09,2026-03-08 23:24:09
8937,8937,Google Pay,20.96,Success,2026-04-13 20:58:37,2026-05-06 20:58:37
8938,8938,Credit Card,65.59,Success,2025-11-24 16:38:21,2025-12-08 16:38:21
8939,8939,Apple Pay,73.8,Success,2026-05-25 04:03:49,2026-06-24 04:03:49
8940,8940,Debit Card,92.94,Success,2026-03-05 05:22:54,2026-03-22 05:22:54
8941,8941,Google Pay,77.81,Success,2026-07-12 11:21:03,2026-07-28 11:21:03
8942,8942,Google Pay,38.17,Success,2025-11-02 16:19:45,2025-11-23 16:19:45
8943,8943,Credit Card,27.63,Success,2025-12-08 06:06:40,2025-12-30 06:06:40
8944,8944,Debit Card,64.38,Success,2026-07-15 13:15:40,2026-07-22 13:15:40
8945,8945,Debit Card,75.79,Success,2026-04-23 02:25:08,2026-05-11 02:25:08
8946,8946,Credit Card,50.32,Success,2026-07-07 00:02:27,2026-07-19 00:02:27
8947,8947,Debit Card,50.71,Success,2026-02-04 04:55:07,2026-02-18 04:55:07
8948,8948,Google Pay,28.61,Success,2026-05-18 23:35:42,2026-05-24 23:35:42
8949,8949,Apple Pay,37.92,Success,2026-04-19 00:06:16,2026-04-23 00:06:16
8950,8950,Credit Card,67.58,Success,2025-10-12 16:37:11,2025-10-18 16:37:11
8951,8951,Google Pay,56.45,Success,2026-03-09 13:50:34,2026-04-04 13:50:34
8952,8952,Apple Pay,62.34,Success,2026-05-06 21:45:57,2026-06-02 21:45:57
8953,8953,Cash,116.25,Success,2025-08-18 09:51:38,2025-08-26 09:51:38
8954,8954,Debit Card,85.09,Success,2026-05-13 05:45:29,2026-05-23 05:45:29
8955,8955,Cash,53.61,Success,2026-02-11 20:40:35,2026-02-14 20:40:35
8956,8956,Debit Card,61.52,Success,2026-02-24 00:45:56,2026-03-13 00:45:56
8957,8957,Google Pay,66.24,Success,2026-01-30 14:32:42,2026-02-24 14:32:42
8958,8958,Debit Card,2.66,Success,2026-06-22 09:34:04,2026-07-09 09:34:04
8959,8959,Google Pay,3.33,Success,2025-08-17 09:52:08,2025-09-01 09:52:08
8960,8960,Credit Card,65.94,Success,2025-10-10 06:43:49,2025-10-22 06:43:49
8961,8961,Cash,18.35,Success,2025-09-20 16:55:19,2025-09-29 16:55:19
8962,8962,Google Pay,131.7,Success,2025-12-19 15:39:52,2026-01-14 15:39:52
8963,8963,Credit Card,89.82,Success,2025-09-26 21:13:13,2025-09-29 21:13:13
8964,8964,Credit Card,14.38,Success,2025-11-04 13:01:17,2025-11-24 13:01:17
8965,8965,Credit Card,64.64,Success,2026-04-14 23:04:35,2026-04-28 23:04:35
8966,8966,Credit Card,55.26,Success,2026-04-02 10:13:07,2026-04-26 10:13:07
8967,8967,Google Pay,21.37,Success,2026-04-05 05:52:03,2026-04-23 05:52:03
8968,8968,Credit Card,52.2,Success,2026-04-07 22:10:58,2026-04-30 22:10:58
8969,8969,Debit Card,4.86,Success,2026-06-12 18:09:20,2026-06-29 18:09:20
8970,8970,Cash,14.25,Success,2026-03-02 15:48:08,2026-03-18 15:48:08
8971,8971,Cash,20.24,Success,2025-09-08 19:33:49,2025-09-16 19:33:49
8972,8972,Cash,21.87,Success,2025-10-31 20:23:00,2025-11-02 20:23:00
8973,8973,Credit Card,86.53,Success,2026-01-07 12:26:36,2026-01-18 12:26:36
8974,8974,Credit Card,27.4,Success,2025-10-22 18:03:53,2025-11-21 18:03:53
8975,8975,Debit Card,78.66,Success,2025-11-28 20:37:37,2025-12-28 20:37:37
8976,8976,Google Pay,38.31,Success,2026-07-14 03:08:26,2026-07-28 03:08:26
8977,8977,Credit Card,62.98,Success,2026-02-22 08:36:27,2026-02-24 08:36:27
8978,8978,Credit Card,69.74,Success,2026-04-11 12:12:47,2026-04-22 12:12:47
8979,8979,Debit Card,88.44,Success,2025-08-15 14:31:51,2025-08-16 14:31:51
8980,8980,Apple Pay,68.77,Success,2025-09-23 14:02:39,2025-10-22 14:02:39
8981,8981,Apple Pay,17.29,Success,2026-06-29 00:17:25,2026-07-14 00:17:25
8982,8982,Google Pay,120.5,Success,2026-05-19 12:33:39,2026-06-02 12:33:39
8983,8983,Google Pay,5.87,Success,2025-10-15 19:14:30,2025-10-29 19:14:30
8984,8984,Debit Card,64.12,Success,2026-07-18 17:39:46,2026-07-20 17:39:46
8985,8985,Apple Pay,57.94,Success,2026-02-04 03:24:53,2026-02-20 03:24:53
8986,8986,Debit Card,83.12,Success,2026-03-05 07:58:40,2026-03-18 07:58:40
8987,8987,Google Pay,56.83,Success,2026-07-10 07:06:44,2026-08-01 07:06:44
8988,8988,Google Pay,85.0,Success,2025-12-21 20:09:10,2025-12-26 20:09:10
8989,8989,Cash,36.84,Success,2025-10-24 23:12:03,2025-11-05 23:12:03
8990,8990,Apple Pay,121.59,Success,2026-07-17 00:59:04,2026-08-06 00:59:04
8991,8991,Apple Pay,95.66,Success,2026-03-24 11:24:26,2026-04-13 11:24:26
8992,8992,Google Pay,34.93,Success,2026-06-03 22:09:52,2026-06-09 22:09:52
8993,8993,Credit Card,67.86,Success,2025-09-03 07:41:29,2025-09-26 07:41:29
8994,8994,Google Pay,55.0,Success,2026-02-25 10:49:57,2026-03-02 10:49:57
8995,8995,Credit Card,4.92,Success,2026-02-22 15:24:06,2026-03-04 15:24:06
8996,8996,Apple Pay,8.25,Success,2026-02-24 16:59:25,2026-03-16 16:59:25
8997,8997,Google Pay,86.04,Success,2025-10-11 12:30:38,2025-10-29 12:30:38
8998,8998,Credit Card,115.43,Success,2025-08-11 19:40:21,2025-08-19 19:40:21
8999,8999,Cash,41.32,Success,2026-05-04 23:19:16,2026-05-06 23:19:16
9000,9000,Debit Card,21.22,Success,2025-09-18 04:02:45,2025-10-03 04:02:45
9001,9001,Apple Pay,28.23,Success,2026-07-04 23:23:07,2026-07-06 23:23:07
9002,9002,Debit Card,18.14,Success,2026-02-06 15:06:49,2026-03-05 15:06:49
9003,9003,Cash,17.34,Success,2025-08-06 10:17:39,2025-08-17 10:17:39
9004,9004,Debit Card,24.65,Success,2026-01-10 13:47:36,2026-01-28 13:47:36
9005,9005,Apple Pay,45.37,Success,2026-06-19 11:32:46,2026-07-14 11:32:46
9006,9006,Credit Card,102.89,Success,2026-02-14 16:49:08,2026-02-28 16:49:08
9007,9007,Google Pay,25.44,Success,2025-07-27 15:17:45,2025-08-12 15:17:45
9008,9008,Credit Card,60.15,Success,2025-07-24 22:04:52,2025-08-08 22:04:52
9009,9009,Apple Pay,88.92,Success,2025-12-06 08:43:37,2025-12-21 08:43:37
9010,9010,Debit Card,48.78,Success,2025-08-27 17:24:16,2025-09-19 17:24:16
9011,9011,Credit Card,74.81,Success,2025-09-08 09:04:43,2025-10-08 09:04:43
9012,9012,Credit Card,49.78,Success,2026-05-14 18:34:26,2026-06-03 18:34:26
9013,9013,Cash,8.56,Success,2025-09-17 22:53:38,2025-10-14 22:53:38
9014,9014,Apple Pay,59.77,Success,2026-01-23 18:24:18,2026-02-04 18:24:18
9015,9015,Debit Card,34.81,Success,2026-02-22 08:24:52,2026-02-23 08:24:52
9016,9016,Debit Card,96.02,Success,2026-06-06 05:44:09,2026-06-07 05:44:09
9017,9017,Debit Card,31.73,Success,2026-02-20 06:53:10,2026-02-21 06:53:10
9018,9018,Credit Card,4.32,Success,2026-01-25 04:19:53,2026-02-07 04:19:53
9019,9019,Cash,41.13,Success,2026-06-21 14:06:35,2026-07-08 14:06:35
9020,9020,Credit Card,6.34,Success,2026-03-12 17:03:00,2026-03-13 17:03:00
9021,9021,Credit Card,31.82,Success,2025-09-12 23:38:41,2025-09-17 23:38:41
9022,9022,Debit Card,50.37,Success,2025-11-20 01:11:29,2025-12-17 01:11:29
9023,9023,Apple Pay,96.47,Success,2025-10-25 05:50:24,2025-11-20 05:50:24
9024,9024,Debit Card,46.19,Success,2026-04-15 12:17:44,2026-04-29 12:17:44
9025,9025,Google Pay,100.7,Success,2025-08-22 13:11:41,2025-09-02 13:11:41
9026,9026,Cash,57.43,Success,2025-07-30 10:05:03,2025-08-24 10:05:03
9027,9027,Apple Pay,25.53,Success,2026-07-13 00:52:33,2026-07-17 00:52:33
9028,9028,Apple Pay,87.86,Success,2025-08-03 11:37:36,2025-08-10 11:37:36
9029,9029,Google Pay,69.3,Success,2025-10-18 16:09:45,2025-10-30 16:09:45
9030,9030,Debit Card,75.4,Success,2026-06-08 00:46:41,2026-06-18 00:46:41
9031,9031,Cash,17.84,Success,2026-01-12 08:09:11,2026-01-29 08:09:11
9032,9032,Debit Card,42.51,Success,2026-06-20 02:33:21,2026-07-07 02:33:21
9033,9033,Google Pay,112.71,Success,2026-03-01 15:12:42,2026-03-12 15:12:42
9034,9034,Apple Pay,27.08,Success,2025-09-27 19:41:49,2025-10-27 19:41:49
9035,9035,Debit Card,3.61,Success,2026-04-25 02:39:27,2026-05-08 02:39:27
9036,9036,Debit Card,19.9,Success,2026-07-13 04:47:19,2026-08-01 04:47:19
9037,9037,Apple Pay,42.93,Success,2025-07-24 17:30:13,2025-08-16 17:30:13
9038,9038,Debit Card,25.31,Success,2026-05-29 09:05:37,2026-06-22 09:05:37
9039,9039,Credit Card,76.75,Success,2026-03-31 01:37:02,2026-04-05 01:37:02
9040,9040,Google Pay,48.39,Success,2025-11-27 06:29:02,2025-12-25 06:29:02
9041,9041,Cash,60.89,Success,2026-07-04 15:27:44,2026-07-30 15:27:44
9042,9042,Cash,61.41,Success,2025-11-28 17:42:11,2025-12-11 17:42:11
9043,9043,Apple Pay,15.96,Success,2026-03-04 10:16:52,2026-03-27 10:16:52
9044,9044,Google Pay,39.75,Success,2025-10-02 15:58:28,2025-10-20 15:58:28
9045,9045,Apple Pay,107.78,Success,2025-10-15 09:18:52,2025-11-07 09:18:52
9046,9046,Cash,34.01,Success,2026-06-09 22:42:01,2026-07-07 22:42:01
9047,9047,Debit Card,31.5,Success,2026-05-08 22:45:20,2026-06-03 22:45:20
9048,9048,Google Pay,5.02,Success,2026-05-17 10:50:44,2026-06-13 10:50:44
9049,9049,Google Pay,51.88,Success,2025-11-26 21:37:53,2025-12-01 21:37:53
9050,9050,Cash,40.15,Success,2025-11-08 04:47:40,2025-11-18 04:47:40
9051,9051,Debit Card,4.72,Success,2026-04-29 20:38:47,2026-05-14 20:38:47
9052,9052,Google Pay,24.85,Success,2026-07-05 22:00:19,2026-07-11 22:00:19
9053,9053,Credit Card,80.93,Success,2025-08-07 14:25:39,2025-08-13 14:25:39
9054,9054,Credit Card,43.62,Success,2025-08-28 14:12:37,2025-09-10 14:12:37
9055,9055,Debit Card,101.32,Success,2026-01-17 05:11:57,2026-01-21 05:11:57
9056,9056,Google Pay,7.06,Success,2026-07-12 20:20:58,2026-07-23 20:20:58
9057,9057,Credit Card,87.16,Success,2025-08-21 21:47:11,2025-08-23 21:47:11
9058,9058,Google Pay,50.48,Success,2025-09-02 15:59:09,2025-09-11 15:59:09
9059,9059,Credit Card,43.59,Success,2025-10-16 18:56:26,2025-11-11 18:56:26
9060,9060,Credit Card,5.31,Success,2026-05-20 06:15:08,2026-06-17 06:15:08
9061,9061,Credit Card,64.21,Success,2026-03-31 05:12:42,2026-04-28 05:12:42
9062,9062,Debit Card,88.59,Success,2026-02-16 11:10:25,2026-02-21 11:10:25
9063,9063,Debit Card,33.05,Success,2026-01-28 21:28:43,2026-02-09 21:28:43
9064,9064,Cash,38.5,Success,2026-01-08 03:48:08,2026-02-03 03:48:08
9065,9065,Debit Card,75.44,Success,2025-12-13 12:48:23,2025-12-21 12:48:23
9066,9066,Apple Pay,111.94,Success,2026-04-27 12:03:11,2026-05-23 12:03:11
9067,9067,Google Pay,28.08,Success,2025-11-11 05:52:52,2025-12-09 05:52:52
9068,9068,Google Pay,10.9,Success,2026-07-09 04:20:19,2026-07-28 04:20:19
9069,9069,Apple Pay,47.68,Success,2025-10-20 13:28:46,2025-11-08 13:28:46
9070,9070,Credit Card,50.66,Success,2026-01-04 06:07:14,2026-01-27 06:07:14
9071,9071,Debit Card,27.56,Success,2025-09-30 02:06:25,2025-10-11 02:06:25
9072,9072,Google Pay,83.35,Success,2026-03-17 11:56:59,2026-03-21 11:56:59
9073,9073,Cash,50.25,Success,2026-07-13 17:03:56,2026-08-04 17:03:56
9074,9074,Google Pay,55.24,Success,2025-11-06 01:22:14,2025-12-01 01:22:14
9075,9075,Debit Card,50.76,Success,2026-04-27 04:09:13,2026-05-13 04:09:13
9076,9076,Debit Card,12.97,Success,2026-05-13 05:21:11,2026-06-08 05:21:11
9077,9077,Cash,68.9,Success,2026-05-09 16:54:14,2026-06-04 16:54:14
9078,9078,Cash,52.95,Success,2026-07-04 21:44:20,2026-07-29 21:44:20
9079,9079,Credit Card,26.7,Success,2025-12-06 21:09:54,2025-12-25 21:09:54
9080,9080,Cash,54.29,Success,2026-03-05 01:10:21,2026-03-10 01:10:21
9081,9081,Credit Card,51.92,Success,2025-12-02 11:28:06,2025-12-27 11:28:06
9082,9082,Apple Pay,116.45,Success,2026-02-09 18:01:17,2026-03-07 18:01:17
9083,9083,Cash,24.31,Success,2026-02-18 04:33:09,2026-03-10 04:33:09
9084,9084,Google Pay,42.63,Success,2025-09-05 19:28:18,2025-09-24 19:28:18
9085,9085,Apple Pay,55.73,Success,2025-11-03 04:11:23,2025-11-07 04:11:23
9086,9086,Credit Card,73.78,Success,2026-05-22 07:24:18,2026-06-13 07:24:18
9087,9087,Cash,67.01,Success,2025-12-02 18:12:02,2025-12-26 18:12:02
9088,9088,Apple Pay,24.13,Success,2025-12-24 17:36:37,2026-01-15 17:36:37
9089,9089,Cash,6.12,Success,2026-07-08 10:15:23,2026-07-27 10:15:23
9090,9090,Debit Card,104.17,Success,2026-02-12 07:25:04,2026-02-22 07:25:04
9091,9091,Cash,10.82,Success,2026-02-28 04:20:23,2026-03-02 04:20:23
9092,9092,Debit Card,19.29,Success,2025-09-23 19:00:48,2025-10-20 19:00:48
9093,9093,Google Pay,69.03,Success,2026-02-18 02:44:21,2026-02-22 02:44:21
9094,9094,Cash,9.8,Success,2025-07-30 16:48:34,2025-08-27 16:48:34
9095,9095,Apple Pay,24.64,Success,2026-05-27 02:28:57,2026-06-22 02:28:57
9096,9096,Cash,29.3,Success,2026-07-14 04:39:16,2026-08-06 04:39:16
9097,9097,Debit Card,59.8,Success,2026-05-11 17:25:37,2026-05-19 17:25:37
9098,9098,Cash,67.2,Success,2026-04-11 13:56:08,2026-05-06 13:56:08
9099,9099,Google Pay,86.93,Success,2025-08-31 09:07:36,2025-09-15 09:07:36
9100,9100,Google Pay,9.59,Success,2026-06-30 03:54:38,2026-07-26 03:54:38
9101,9101,Cash,21.56,Success,2026-06-15 20:22:56,2026-06-16 20:22:56
9102,9102,Cash,12.53,Success,2025-12-26 16:05:02,2025-12-31 16:05:02
9103,9103,Credit Card,44.44,Success,2026-02-22 11:49:09,2026-02-26 11:49:09
9104,9104,Google Pay,45.92,Success,2026-07-11 23:03:26,2026-07-27 23:03:26
9105,9105,Cash,58.29,Success,2026-02-25 22:16:32,2026-03-07 22:16:32
9106,9106,Google Pay,42.76,Success,2025-12-20 14:31:23,2026-01-08 14:31:23
9107,9107,Debit Card,56.24,Success,2026-01-11 03:47:24,2026-01-31 03:47:24
9108,9108,Cash,24.38,Success,2025-12-22 09:57:10,2026-01-05 09:57:10
9109,9109,Debit Card,13.86,Success,2026-01-03 05:40:37,2026-01-23 05:40:37
9110,9110,Debit Card,5.66,Success,2025-11-18 21:02:10,2025-11-30 21:02:10
9111,9111,Google Pay,49.5,Success,2025-10-23 01:30:35,2025-10-31 01:30:35
9112,9112,Cash,48.35,Success,2025-10-24 10:58:32,2025-11-19 10:58:32
9113,9113,Google Pay,51.39,Success,2025-08-30 08:55:14,2025-09-18 08:55:14
9114,9114,Apple Pay,53.85,Success,2025-07-30 06:05:39,2025-08-05 06:05:39
9115,9115,Debit Card,39.36,Success,2025-09-27 06:04:40,2025-10-07 06:04:40
9116,9116,Cash,92.46,Success,2026-03-19 11:22:44,2026-04-14 11:22:44
9117,9117,Credit Card,74.59,Success,2025-09-14 17:03:17,2025-09-16 17:03:17
9118,9118,Debit Card,64.15,Success,2026-02-12 19:09:36,2026-03-06 19:09:36
9119,9119,Google Pay,57.24,Success,2025-12-31 15:41:04,2026-01-24 15:41:04
9120,9120,Debit Card,28.15,Success,2025-10-12 05:22:21,2025-11-01 05:22:21
9121,9121,Apple Pay,56.4,Success,2025-10-02 17:08:44,2025-10-27 17:08:44
9122,9122,Debit Card,18.04,Success,2026-02-15 17:43:21,2026-03-05 17:43:21
9123,9123,Apple Pay,85.55,Success,2025-12-04 20:18:10,2025-12-07 20:18:10
9124,9124,Google Pay,9.29,Success,2026-07-03 10:43:29,2026-07-08 10:43:29
9125,9125,Cash,47.05,Success,2026-03-21 02:12:58,2026-04-10 02:12:58
9126,9126,Cash,35.39,Success,2026-02-14 00:09:31,2026-02-16 00:09:31
9127,9127,Debit Card,40.56,Success,2026-03-21 06:57:41,2026-03-23 06:57:41
9128,9128,Cash,55.04,Success,2026-03-16 03:18:26,2026-04-13 03:18:26
9129,9129,Cash,4.33,Success,2026-06-01 18:54:47,2026-06-05 18:54:47
9130,9130,Debit Card,58.3,Success,2026-02-03 17:30:20,2026-03-02 17:30:20
9131,9131,Credit Card,101.07,Success,2026-07-19 18:45:21,2026-07-23 18:45:21
9132,9132,Credit Card,31.15,Success,2025-11-04 19:34:07,2025-11-28 19:34:07
9133,9133,Credit Card,127.58,Success,2025-08-01 00:55:04,2025-08-09 00:55:04
9134,9134,Apple Pay,81.18,Success,2025-10-12 18:21:19,2025-10-20 18:21:19
9135,9135,Google Pay,8.41,Success,2025-12-20 23:44:16,2026-01-07 23:44:16
9136,9136,Apple Pay,115.04,Success,2025-08-26 00:09:37,2025-09-12 00:09:37
9137,9137,Google Pay,78.32,Success,2026-06-13 22:08:57,2026-06-27 22:08:57
9138,9138,Apple Pay,58.06,Success,2026-03-25 00:26:53,2026-04-11 00:26:53
9139,9139,Apple Pay,93.54,Success,2025-11-29 15:30:58,2025-12-06 15:30:58
9140,9140,Google Pay,2.57,Success,2025-08-24 22:55:25,2025-08-28 22:55:25
9141,9141,Debit Card,38.8,Success,2026-03-18 14:59:53,2026-04-16 14:59:53
9142,9142,Credit Card,10.84,Success,2025-12-02 06:19:57,2025-12-08 06:19:57
9143,9143,Credit Card,14.92,Success,2025-12-15 23:53:23,2026-01-04 23:53:23
9144,9144,Cash,51.34,Success,2025-10-01 03:30:03,2025-10-08 03:30:03
9145,9145,Credit Card,77.98,Success,2025-09-22 17:48:55,2025-10-22 17:48:55
9146,9146,Apple Pay,9.82,Success,2025-07-29 18:22:56,2025-08-17 18:22:56
9147,9147,Cash,72.47,Success,2026-02-05 17:31:44,2026-03-02 17:31:44
9148,9148,Apple Pay,16.55,Success,2026-03-28 16:44:39,2026-04-23 16:44:39
9149,9149,Cash,38.65,Success,2025-10-26 09:35:41,2025-11-04 09:35:41
9150,9150,Google Pay,35.26,Success,2025-11-05 12:32:09,2025-11-14 12:32:09
9151,9151,Debit Card,36.07,Success,2026-05-04 04:25:34,2026-05-25 04:25:34
9152,9152,Credit Card,100.06,Success,2026-07-09 04:37:48,2026-07-10 04:37:48
9153,9153,Apple Pay,83.68,Success,2026-02-14 11:41:14,2026-02-15 11:41:14
9154,9154,Google Pay,103.39,Success,2026-06-11 08:16:43,2026-07-02 08:16:43
9155,9155,Cash,99.22,Success,2026-02-26 01:27:17,2026-03-05 01:27:17
9156,9156,Debit Card,36.09,Success,2026-07-13 05:54:36,2026-07-19 05:54:36
9157,9157,Credit Card,123.52,Success,2026-06-20 11:57:03,2026-07-18 11:57:03
9158,9158,Credit Card,75.01,Success,2026-04-25 17:53:35,2026-05-16 17:53:35
9159,9159,Apple Pay,3.84,Success,2025-07-30 12:29:46,2025-08-03 12:29:46
9160,9160,Cash,45.13,Success,2026-06-28 15:31:34,2026-06-29 15:31:34
9161,9161,Cash,3.69,Success,2026-01-14 03:41:09,2026-02-13 03:41:09
9162,9162,Cash,66.33,Success,2026-07-17 11:01:53,2026-08-11 11:01:53
9163,9163,Debit Card,125.48,Success,2026-01-23 06:35:27,2026-02-10 06:35:27
9164,9164,Google Pay,46.36,Success,2025-07-27 07:26:01,2025-08-15 07:26:01
9165,9165,Debit Card,69.47,Success,2026-06-10 16:06:32,2026-06-27 16:06:32
9166,9166,Credit Card,25.21,Success,2025-09-24 19:34:42,2025-09-27 19:34:42
9167,9167,Cash,28.83,Success,2026-07-10 14:12:41,2026-08-03 14:12:41
9168,9168,Apple Pay,12.96,Success,2026-01-08 23:12:40,2026-01-27 23:12:40
9169,9169,Cash,46.3,Success,2026-04-14 17:51:23,2026-05-05 17:51:23
9170,9170,Debit Card,91.37,Success,2026-03-13 16:02:59,2026-03-24 16:02:59
9171,9171,Credit Card,38.56,Success,2026-04-08 18:34:09,2026-04-19 18:34:09
9172,9172,Credit Card,84.24,Success,2026-02-22 04:22:42,2026-03-08 04:22:42
9173,9173,Credit Card,38.54,Success,2026-02-07 06:23:08,2026-02-24 06:23:08
9174,9174,Debit Card,7.28,Success,2026-01-26 08:37:34,2026-02-24 08:37:34
9175,9175,Cash,38.73,Success,2025-08-27 01:01:08,2025-08-29 01:01:08
9176,9176,Apple Pay,43.21,Success,2025-08-20 16:53:14,2025-09-11 16:53:14
9177,9177,Debit Card,69.8,Success,2026-05-17 00:24:16,2026-05-21 00:24:16
9178,9178,Debit Card,22.57,Success,2026-05-17 13:24:06,2026-06-06 13:24:06
9179,9179,Credit Card,31.45,Success,2025-12-25 05:42:40,2026-01-05 05:42:40
9180,9180,Apple Pay,48.25,Success,2025-09-14 16:11:30,2025-10-07 16:11:30
9181,9181,Cash,17.75,Success,2026-03-08 18:39:52,2026-04-02 18:39:52
9182,9182,Credit Card,26.89,Success,2026-05-03 14:42:51,2026-05-28 14:42:51
9183,9183,Google Pay,24.19,Success,2025-11-08 23:25:57,2025-12-05 23:25:57
9184,9184,Google Pay,23.32,Success,2026-06-08 20:06:59,2026-06-10 20:06:59
9185,9185,Debit Card,74.01,Success,2025-08-22 17:43:29,2025-09-21 17:43:29
9186,9186,Debit Card,86.03,Success,2025-08-15 11:12:59,2025-09-13 11:12:59
9187,9187,Debit Card,41.79,Success,2026-05-11 23:08:38,2026-05-27 23:08:38
9188,9188,Google Pay,25.72,Success,2026-03-10 01:01:08,2026-03-14 01:01:08
9189,9189,Credit Card,115.09,Success,2026-03-25 16:16:17,2026-04-17 16:16:17
9190,9190,Debit Card,53.26,Success,2025-09-14 21:56:48,2025-09-17 21:56:48
9191,9191,Credit Card,40.65,Success,2026-04-16 15:00:11,2026-05-06 15:00:11
9192,9192,Cash,48.66,Success,2026-01-03 15:29:23,2026-01-13 15:29:23
9193,9193,Cash,88.12,Success,2025-11-04 21:31:31,2025-12-03 21:31:31
9194,9194,Credit Card,29.59,Success,2026-03-30 02:52:07,2026-04-17 02:52:07
9195,9195,Debit Card,22.95,Success,2025-08-11 11:03:26,2025-08-20 11:03:26
9196,9196,Credit Card,65.04,Success,2025-10-09 16:02:17,2025-10-15 16:02:17
9197,9197,Credit Card,43.52,Success,2026-06-28 18:12:37,2026-07-12 18:12:37
9198,9198,Apple Pay,99.24,Success,2026-02-19 00:23:16,2026-03-10 00:23:16
9199,9199,Google Pay,119.73,Success,2026-04-23 05:58:31,2026-05-18 05:58:31
9200,9200,Debit Card,54.13,Success,2025-10-07 21:26:40,2025-10-21 21:26:40
9201,9201,Credit Card,90.84,Success,2026-05-08 09:54:22,2026-05-22 09:54:22
9202,9202,Credit Card,125.41,Success,2026-04-23 05:18:54,2026-05-08 05:18:54
9203,9203,Google Pay,82.54,Success,2025-08-04 08:06:39,2025-08-17 08:06:39
9204,9204,Credit Card,7.14,Success,2025-12-13 14:51:48,2025-12-19 14:51:48
9205,9205,Google Pay,35.84,Success,2026-04-04 04:01:30,2026-04-24 04:01:30
9206,9206,Debit Card,20.43,Success,2026-02-16 13:22:58,2026-03-04 13:22:58
9207,9207,Apple Pay,69.61,Success,2026-04-08 17:34:02,2026-04-24 17:34:02
9208,9208,Debit Card,83.36,Success,2025-09-25 16:54:20,2025-10-08 16:54:20
9209,9209,Cash,34.59,Success,2025-10-07 16:45:21,2025-10-30 16:45:21
9210,9210,Google Pay,4.7,Success,2026-01-11 07:49:08,2026-02-05 07:49:08
9211,9211,Credit Card,8.52,Success,2025-08-12 03:39:54,2025-09-07 03:39:54
9212,9212,Debit Card,16.91,Success,2025-08-23 20:05:13,2025-09-09 20:05:13
9213,9213,Cash,40.44,Success,2026-06-29 19:58:42,2026-07-02 19:58:42
9214,9214,Google Pay,78.56,Success,2026-04-19 21:59:52,2026-05-15 21:59:52
9215,9215,Debit Card,31.24,Success,2026-02-07 11:30:13,2026-02-10 11:30:13
9216,9216,Cash,104.01,Success,2026-03-22 01:51:32,2026-04-03 01:51:32
9217,9217,Cash,5.54,Success,2026-06-13 14:07:11,2026-06-27 14:07:11
9218,9218,Apple Pay,79.15,Success,2026-01-05 11:32:28,2026-01-28 11:32:28
9219,9219,Google Pay,33.46,Success,2026-07-09 08:27:19,2026-07-24 08:27:19
9220,9220,Credit Card,12.73,Success,2026-05-14 14:44:34,2026-05-25 14:44:34
9221,9221,Credit Card,46.59,Success,2025-09-25 00:31:20,2025-10-25 00:31:20
9222,9222,Apple Pay,69.77,Success,2025-12-22 06:52:08,2026-01-13 06:52:08
9223,9223,Google Pay,31.93,Success,2026-03-09 07:44:27,2026-04-07 07:44:27
9224,9224,Credit Card,36.22,Success,2025-09-17 16:51:39,2025-10-17 16:51:39
9225,9225,Debit Card,71.84,Success,2026-01-04 12:33:33,2026-01-14 12:33:33
9226,9226,Cash,5.5,Success,2025-11-12 14:57:31,2025-11-17 14:57:31
9227,9227,Debit Card,30.98,Success,2026-02-14 12:36:05,2026-02-28 12:36:05
9228,9228,Google Pay,51.81,Success,2026-04-17 06:01:59,2026-05-01 06:01:59
9229,9229,Apple Pay,58.92,Success,2026-06-06 06:59:10,2026-06-25 06:59:10
9230,9230,Apple Pay,52.76,Success,2025-08-08 03:18:20,2025-08-25 03:18:20
9231,9231,Google Pay,24.06,Success,2026-06-29 02:53:49,2026-07-25 02:53:49
9232,9232,Credit Card,84.31,Success,2025-11-02 15:50:32,2025-11-04 15:50:32
9233,9233,Google Pay,91.68,Success,2025-10-28 09:44:10,2025-11-03 09:44:10
9234,9234,Credit Card,40.37,Success,2026-03-05 11:33:32,2026-03-18 11:33:32
9235,9235,Cash,10.94,Success,2026-05-02 19:30:51,2026-05-06 19:30:51
9236,9236,Apple Pay,23.18,Success,2025-10-28 02:55:58,2025-11-16 02:55:58
9237,9237,Cash,34.88,Success,2026-05-27 07:12:55,2026-06-18 07:12:55
9238,9238,Cash,82.99,Success,2026-02-26 22:42:25,2026-03-28 22:42:25
9239,9239,Apple Pay,5.19,Success,2026-06-16 19:13:08,2026-06-18 19:13:08
9240,9240,Google Pay,39.55,Success,2026-01-01 03:57:14,2026-01-09 03:57:14
9241,9241,Credit Card,38.73,Success,2026-01-04 08:46:07,2026-01-05 08:46:07
9242,9242,Credit Card,6.54,Success,2026-06-11 08:22:59,2026-07-10 08:22:59
9243,9243,Credit Card,116.35,Success,2026-04-01 20:44:43,2026-04-13 20:44:43
9244,9244,Apple Pay,94.5,Success,2026-01-04 07:33:46,2026-01-29 07:33:46
9245,9245,Credit Card,21.36,Success,2025-12-01 00:28:43,2025-12-04 00:28:43
9246,9246,Debit Card,89.89,Success,2026-01-11 21:52:50,2026-01-12 21:52:50
9247,9247,Google Pay,89.71,Success,2026-04-04 13:38:20,2026-04-14 13:38:20
9248,9248,Credit Card,52.24,Success,2026-05-08 22:55:01,2026-05-25 22:55:01
9249,9249,Cash,34.1,Success,2025-09-18 06:22:02,2025-09-30 06:22:02
9250,9250,Credit Card,54.34,Success,2026-01-26 14:50:45,2026-02-17 14:50:45
9251,9251,Cash,71.72,Success,2025-10-31 10:08:50,2025-11-30 10:08:50
9252,9252,Debit Card,71.03,Success,2025-11-17 14:11:52,2025-11-18 14:11:52
9253,9253,Debit Card,80.93,Success,2026-01-07 15:32:09,2026-01-09 15:32:09
9254,9254,Debit Card,17.19,Success,2026-01-16 13:52:11,2026-01-23 13:52:11
9255,9255,Debit Card,53.24,Success,2026-06-14 23:42:04,2026-07-05 23:42:04
9256,9256,Cash,33.67,Success,2026-04-20 07:20:28,2026-04-22 07:20:28
9257,9257,Cash,47.99,Success,2026-06-20 16:49:40,2026-07-05 16:49:40
9258,9258,Debit Card,89.21,Success,2026-06-05 12:36:48,2026-07-03 12:36:48
9259,9259,Google Pay,49.58,Success,2025-12-01 01:06:34,2025-12-10 01:06:34
9260,9260,Apple Pay,25.81,Success,2025-12-25 04:05:13,2025-12-31 04:05:13
9261,9261,Google Pay,6.82,Success,2025-09-22 07:09:15,2025-09-25 07:09:15
9262,9262,Credit Card,31.18,Success,2026-04-19 09:06:06,2026-05-09 09:06:06
9263,9263,Cash,55.37,Success,2025-10-30 01:53:09,2025-11-20 01:53:09
9264,9264,Debit Card,61.02,Success,2026-03-27 02:37:23,2026-04-23 02:37:23
9265,9265,Credit Card,88.1,Success,2025-10-17 15:47:20,2025-10-28 15:47:20
9266,9266,Google Pay,17.48,Success,2026-04-06 04:03:39,2026-04-19 04:03:39
9267,9267,Apple Pay,78.38,Success,2026-01-13 04:57:34,2026-01-27 04:57:34
9268,9268,Apple Pay,58.54,Success,2026-04-16 14:19:06,2026-05-09 14:19:06
9269,9269,Apple Pay,55.71,Success,2025-11-29 10:26:44,2025-12-08 10:26:44
9270,9270,Credit Card,27.71,Success,2025-07-26 00:11:12,2025-07-31 00:11:12
9271,9271,Debit Card,43.6,Success,2026-07-18 01:03:37,2026-07-28 01:03:37
9272,9272,Google Pay,55.33,Success,2025-11-20 08:20:25,2025-11-28 08:20:25
9273,9273,Google Pay,17.72,Success,2025-08-08 08:36:45,2025-08-19 08:36:45
9274,9274,Google Pay,25.16,Success,2026-05-27 11:31:36,2026-06-11 11:31:36
9275,9275,Credit Card,8.53,Success,2026-05-06 13:00:28,2026-05-28 13:00:28
9276,9276,Apple Pay,28.02,Success,2025-11-04 21:57:24,2025-11-24 21:57:24
9277,9277,Credit Card,44.71,Success,2026-03-12 20:50:39,2026-03-13 20:50:39
9278,9278,Google Pay,8.81,Success,2025-08-27 23:17:25,2025-09-04 23:17:25
9279,9279,Apple Pay,78.7,Success,2026-02-14 19:50:26,2026-03-07 19:50:26
9280,9280,Apple Pay,91.89,Success,2026-06-12 16:26:22,2026-07-03 16:26:22
9281,9281,Apple Pay,46.65,Success,2025-09-06 13:46:31,2025-09-08 13:46:31
9282,9282,Debit Card,100.02,Success,2025-10-30 04:05:02,2025-11-23 04:05:02
9283,9283,Credit Card,37.02,Success,2026-02-16 18:53:51,2026-03-03 18:53:51
9284,9284,Google Pay,59.36,Success,2025-12-17 05:01:46,2026-01-07 05:01:46
9285,9285,Credit Card,60.9,Success,2025-09-28 21:15:58,2025-10-22 21:15:58
9286,9286,Google Pay,57.84,Success,2025-09-17 20:46:31,2025-09-28 20:46:31
9287,9287,Debit Card,37.68,Success,2026-03-16 12:49:29,2026-04-01 12:49:29
9288,9288,Debit Card,38.62,Success,2026-01-01 17:48:18,2026-01-30 17:48:18
9289,9289,Debit Card,108.26,Success,2026-02-11 03:45:03,2026-03-01 03:45:03
9290,9290,Google Pay,56.79,Success,2026-01-19 06:33:20,2026-02-12 06:33:20
9291,9291,Google Pay,21.98,Success,2026-03-10 12:08:08,2026-03-18 12:08:08
9292,9292,Cash,40.69,Success,2026-04-11 04:20:09,2026-04-15 04:20:09
9293,9293,Apple Pay,41.5,Success,2025-10-04 15:24:13,2025-11-01 15:24:13
9294,9294,Credit Card,49.0,Success,2026-05-18 18:53:48,2026-06-14 18:53:48
9295,9295,Cash,19.9,Success,2026-03-12 08:20:17,2026-03-15 08:20:17
9296,9296,Credit Card,48.74,Success,2026-01-23 04:36:43,2026-01-30 04:36:43
9297,9297,Debit Card,53.97,Success,2025-08-08 05:55:21,2025-09-07 05:55:21
9298,9298,Debit Card,73.3,Success,2026-05-30 14:35:49,2026-06-13 14:35:49
9299,9299,Google Pay,44.47,Success,2025-10-09 14:59:28,2025-11-03 14:59:28
9300,9300,Apple Pay,63.06,Success,2025-08-28 20:06:15,2025-09-22 20:06:15
9301,9301,Google Pay,9.28,Success,2025-12-11 12:05:25,2025-12-29 12:05:25
9302,9302,Cash,23.04,Success,2025-12-05 00:17:41,2025-12-29 00:17:41
9303,9303,Google Pay,53.22,Success,2025-10-31 16:55:47,2025-11-13 16:55:47
9304,9304,Cash,15.42,Success,2025-08-21 06:56:19,2025-08-26 06:56:19
9305,9305,Cash,6.81,Success,2025-08-21 03:02:22,2025-09-08 03:02:22
9306,9306,Debit Card,32.12,Success,2025-09-26 03:45:45,2025-10-25 03:45:45
9307,9307,Debit Card,13.52,Success,2026-06-08 06:32:14,2026-06-21 06:32:14
9308,9308,Google Pay,10.35,Success,2025-12-07 02:54:08,2025-12-10 02:54:08
9309,9309,Google Pay,64.53,Success,2025-08-26 12:42:34,2025-09-12 12:42:34
9310,9310,Credit Card,92.21,Success,2026-06-28 10:12:27,2026-07-10 10:12:27
9311,9311,Apple Pay,59.07,Success,2026-01-03 22:37:10,2026-01-22 22:37:10
9312,9312,Credit Card,55.07,Success,2026-02-18 21:11:17,2026-03-10 21:11:17
9313,9313,Google Pay,77.69,Success,2026-05-13 01:37:36,2026-06-10 01:37:36
9314,9314,Credit Card,4.14,Success,2025-08-18 21:36:41,2025-09-04 21:36:41
9315,9315,Debit Card,50.28,Success,2026-04-15 10:12:14,2026-05-05 10:12:14
9316,9316,Credit Card,27.13,Success,2026-01-05 02:58:31,2026-01-26 02:58:31
9317,9317,Google Pay,59.18,Success,2025-11-13 06:53:10,2025-11-14 06:53:10
9318,9318,Apple Pay,57.15,Success,2025-10-22 20:10:15,2025-11-05 20:10:15
9319,9319,Cash,82.76,Success,2026-04-12 04:16:31,2026-04-21 04:16:31
9320,9320,Google Pay,11.85,Success,2025-09-11 16:38:15,2025-10-05 16:38:15
9321,9321,Apple Pay,42.2,Success,2025-07-29 10:59:19,2025-08-02 10:59:19
9322,9322,Apple Pay,4.4,Success,2026-05-29 10:30:49,2026-05-31 10:30:49
9323,9323,Credit Card,54.5,Success,2025-12-23 00:36:41,2025-12-30 00:36:41
9324,9324,Cash,82.14,Success,2025-10-21 09:40:26,2025-10-24 09:40:26
9325,9325,Debit Card,28.63,Success,2025-09-12 08:25:00,2025-09-13 08:25:00
9326,9326,Apple Pay,113.56,Success,2026-01-05 14:29:20,2026-01-12 14:29:20
9327,9327,Apple Pay,106.03,Success,2025-12-25 12:32:19,2026-01-07 12:32:19
9328,9328,Credit Card,64.59,Success,2025-08-13 13:37:17,2025-08-21 13:37:17
9329,9329,Cash,63.12,Success,2025-12-10 10:01:53,2025-12-31 10:01:53
9330,9330,Debit Card,46.85,Success,2025-10-08 10:12:57,2025-11-05 10:12:57
9331,9331,Google Pay,83.07,Success,2025-07-22 22:26:49,2025-08-09 22:26:49
9332,9332,Apple Pay,14.07,Success,2026-01-29 22:48:13,2026-02-16 22:48:13
9333,9333,Debit Card,2.76,Success,2026-02-26 23:19:31,2026-03-24 23:19:31
9334,9334,Debit Card,32.65,Success,2025-11-06 12:44:00,2025-11-11 12:44:00
9335,9335,Google Pay,88.79,Success,2025-10-21 17:34:15,2025-11-07 17:34:15
9336,9336,Debit Card,65.86,Success,2026-03-03 19:30:04,2026-03-28 19:30:04
9337,9337,Cash,41.17,Success,2025-12-08 13:40:19,2026-01-04 13:40:19
9338,9338,Cash,47.64,Success,2026-03-26 07:15:09,2026-04-03 07:15:09
9339,9339,Credit Card,97.68,Success,2025-08-22 13:15:27,2025-09-12 13:15:27
9340,9340,Cash,75.04,Success,2025-10-04 08:51:19,2025-10-10 08:51:19
9341,9341,Apple Pay,77.05,Success,2025-11-07 11:28:19,2025-12-07 11:28:19
9342,9342,Apple Pay,64.95,Success,2026-02-25 15:54:16,2026-03-04 15:54:16
9343,9343,Cash,12.83,Success,2025-11-03 17:58:06,2025-12-02 17:58:06
9344,9344,Cash,81.99,Success,2025-07-24 01:42:54,2025-08-01 01:42:54
9345,9345,Credit Card,113.5,Success,2025-09-26 09:53:19,2025-10-19 09:53:19
9346,9346,Debit Card,67.88,Success,2026-05-20 16:07:59,2026-05-21 16:07:59
9347,9347,Credit Card,36.47,Success,2026-07-02 17:28:56,2026-07-12 17:28:56
9348,9348,Debit Card,61.59,Success,2026-06-15 01:22:50,2026-06-18 01:22:50
9349,9349,Credit Card,29.01,Success,2025-10-23 06:51:09,2025-10-29 06:51:09
9350,9350,Google Pay,69.86,Success,2025-09-06 13:19:09,2025-09-08 13:19:09
9351,9351,Apple Pay,66.37,Success,2025-12-27 12:44:22,2026-01-08 12:44:22
9352,9352,Apple Pay,88.47,Success,2026-05-14 18:30:17,2026-05-28 18:30:17
9353,9353,Credit Card,81.5,Success,2026-04-19 14:01:55,2026-05-04 14:01:55
9354,9354,Debit Card,83.55,Success,2026-04-22 00:34:25,2026-05-04 00:34:25
9355,9355,Cash,33.58,Success,2025-08-16 17:11:18,2025-08-19 17:11:18
9356,9356,Cash,93.76,Success,2026-05-28 02:41:56,2026-06-11 02:41:56
9357,9357,Credit Card,36.49,Success,2026-04-23 01:33:31,2026-05-09 01:33:31
9358,9358,Google Pay,81.13,Success,2026-01-23 23:09:14,2026-02-02 23:09:14
9359,9359,Credit Card,24.97,Success,2026-02-21 15:53:57,2026-02-26 15:53:57
9360,9360,Credit Card,16.1,Success,2025-09-08 06:21:01,2025-09-28 06:21:01
9361,9361,Debit Card,73.64,Success,2025-12-13 01:32:19,2025-12-29 01:32:19
9362,9362,Cash,105.78,Success,2026-07-11 15:50:24,2026-07-14 15:50:24
9363,9363,Google Pay,95.02,Success,2025-11-03 02:08:56,2025-11-26 02:08:56
9364,9364,Google Pay,41.28,Success,2026-01-26 14:42:07,2026-02-22 14:42:07
9365,9365,Debit Card,38.79,Success,2025-08-22 08:35:05,2025-08-30 08:35:05
9366,9366,Credit Card,32.43,Success,2026-04-26 00:13:44,2026-05-10 00:13:44
9367,9367,Cash,20.65,Success,2025-07-31 22:22:12,2025-08-22 22:22:12
9368,9368,Apple Pay,86.26,Success,2026-01-11 21:17:01,2026-02-05 21:17:01
9369,9369,Credit Card,74.18,Success,2026-06-29 00:24:27,2026-07-07 00:24:27
9370,9370,Cash,31.78,Success,2026-04-07 22:29:22,2026-04-12 22:29:22
9371,9371,Credit Card,19.96,Success,2026-06-14 22:37:17,2026-07-07 22:37:17
9372,9372,Debit Card,25.15,Success,2026-01-31 21:31:40,2026-03-02 21:31:40
9373,9373,Google Pay,39.24,Success,2026-04-25 02:21:20,2026-05-09 02:21:20
9374,9374,Apple Pay,56.73,Success,2025-09-24 20:40:20,2025-10-09 20:40:20
9375,9375,Credit Card,16.05,Success,2025-09-30 23:21:23,2025-10-03 23:21:23
9376,9376,Google Pay,57.48,Success,2025-07-21 07:39:34,2025-07-23 07:39:34
9377,9377,Cash,92.82,Success,2026-02-24 03:57:51,2026-03-21 03:57:51
9378,9378,Credit Card,32.44,Success,2026-02-01 07:46:04,2026-02-16 07:46:04
9379,9379,Google Pay,70.4,Success,2025-08-31 00:10:22,2025-09-09 00:10:22
9380,9380,Google Pay,41.1,Success,2025-12-05 17:04:46,2025-12-28 17:04:46
9381,9381,Google Pay,96.46,Success,2026-04-26 16:11:29,2026-05-04 16:11:29
9382,9382,Credit Card,18.45,Success,2026-05-19 05:51:00,2026-05-22 05:51:00
9383,9383,Google Pay,42.9,Success,2025-11-04 17:33:13,2025-11-23 17:33:13
9384,9384,Google Pay,25.08,Success,2025-10-23 09:11:12,2025-10-31 09:11:12
9385,9385,Cash,33.91,Success,2025-07-27 17:13:48,2025-07-29 17:13:48
9386,9386,Debit Card,23.43,Success,2026-01-20 13:52:10,2026-02-11 13:52:10
9387,9387,Apple Pay,38.46,Success,2025-12-10 07:57:11,2026-01-05 07:57:11
9388,9388,Credit Card,51.16,Success,2025-11-12 19:48:02,2025-12-06 19:48:02
9389,9389,Credit Card,17.13,Success,2026-05-11 13:22:36,2026-06-01 13:22:36
9390,9390,Apple Pay,99.49,Success,2025-10-29 16:06:47,2025-11-08 16:06:47
9391,9391,Debit Card,69.0,Success,2026-02-23 19:10:00,2026-03-24 19:10:00
9392,9392,Credit Card,39.6,Success,2025-10-23 18:26:26,2025-10-25 18:26:26
9393,9393,Google Pay,29.24,Success,2026-07-01 16:17:52,2026-07-21 16:17:52
9394,9394,Credit Card,114.54,Success,2025-12-01 00:12:23,2025-12-27 00:12:23
9395,9395,Credit Card,101.39,Success,2025-11-07 07:00:14,2025-11-18 07:00:14
9396,9396,Debit Card,46.5,Success,2025-10-13 14:29:08,2025-10-29 14:29:08
9397,9397,Credit Card,6.43,Success,2025-10-02 17:56:12,2025-10-27 17:56:12
9398,9398,Debit Card,126.35,Success,2026-06-15 09:42:05,2026-07-14 09:42:05
9399,9399,Debit Card,89.14,Success,2026-04-09 16:45:00,2026-04-14 16:45:00
9400,9400,Google Pay,11.0,Success,2025-09-21 06:26:06,2025-10-20 06:26:06
9401,9401,Debit Card,24.33,Success,2025-10-27 03:17:04,2025-11-07 03:17:04
9402,9402,Cash,86.86,Success,2026-01-17 12:40:21,2026-01-25 12:40:21
9403,9403,Apple Pay,50.1,Success,2025-12-24 02:59:39,2026-01-04 02:59:39
9404,9404,Credit Card,67.13,Success,2026-03-17 07:30:55,2026-03-22 07:30:55
9405,9405,Cash,102.93,Success,2026-07-12 22:35:58,2026-07-30 22:35:58
9406,9406,Google Pay,105.48,Success,2026-05-19 15:52:18,2026-06-11 15:52:18
9407,9407,Debit Card,51.48,Success,2026-04-14 08:58:31,2026-04-16 08:58:31
9408,9408,Cash,32.38,Success,2026-05-31 20:55:35,2026-06-03 20:55:35
9409,9409,Cash,55.05,Success,2025-10-26 20:27:43,2025-11-05 20:27:43
9410,9410,Apple Pay,34.77,Success,2026-04-20 21:13:06,2026-05-13 21:13:06
9411,9411,Credit Card,17.54,Success,2025-08-16 14:34:53,2025-08-25 14:34:53
9412,9412,Cash,74.4,Success,2026-04-25 19:41:27,2026-05-06 19:41:27
9413,9413,Google Pay,78.09,Success,2025-11-12 19:25:44,2025-11-27 19:25:44
9414,9414,Apple Pay,4.2,Success,2026-05-28 16:41:28,2026-06-04 16:41:28
9415,9415,Debit Card,71.9,Success,2026-03-11 19:00:26,2026-04-09 19:00:26
9416,9416,Debit Card,11.26,Success,2026-03-12 05:11:32,2026-04-08 05:11:32
9417,9417,Credit Card,84.61,Success,2025-09-05 02:35:38,2025-09-26 02:35:38
9418,9418,Credit Card,68.62,Success,2025-10-23 20:15:51,2025-11-09 20:15:51
9419,9419,Google Pay,61.65,Success,2026-02-04 09:22:20,2026-02-12 09:22:20
9420,9420,Credit Card,124.14,Success,2026-07-15 15:46:51,2026-07-30 15:46:51
9421,9421,Debit Card,102.96,Success,2025-08-21 05:54:18,2025-09-07 05:54:18
9422,9422,Apple Pay,24.39,Success,2025-09-30 18:02:20,2025-10-27 18:02:20
9423,9423,Google Pay,97.4,Success,2026-01-21 23:29:04,2026-01-23 23:29:04
9424,9424,Debit Card,55.43,Success,2026-02-14 01:50:40,2026-02-17 01:50:40
9425,9425,Cash,8.84,Success,2025-10-02 11:26:10,2025-10-31 11:26:10
9426,9426,Cash,52.15,Success,2025-08-22 01:55:44,2025-09-20 01:55:44
9427,9427,Apple Pay,12.59,Success,2025-11-22 20:27:05,2025-12-13 20:27:05
9428,9428,Debit Card,50.99,Success,2025-12-06 08:17:17,2025-12-30 08:17:17
9429,9429,Apple Pay,85.22,Success,2025-12-11 00:56:31,2025-12-24 00:56:31
9430,9430,Credit Card,20.01,Success,2025-09-22 17:23:56,2025-10-07 17:23:56
9431,9431,Apple Pay,61.71,Success,2026-03-15 08:53:45,2026-03-30 08:53:45
9432,9432,Apple Pay,11.88,Success,2026-02-15 06:08:31,2026-03-11 06:08:31
9433,9433,Cash,79.92,Success,2026-02-18 00:15:37,2026-03-11 00:15:37
9434,9434,Apple Pay,67.93,Success,2026-06-05 04:24:55,2026-06-13 04:24:55
9435,9435,Cash,10.27,Success,2026-01-06 02:32:10,2026-01-20 02:32:10
9436,9436,Cash,3.69,Success,2025-07-21 21:57:27,2025-08-12 21:57:27
9437,9437,Credit Card,86.5,Success,2025-10-24 04:10:54,2025-11-05 04:10:54
9438,9438,Debit Card,2.93,Success,2026-02-14 04:20:46,2026-03-09 04:20:46
9439,9439,Credit Card,73.6,Success,2026-02-01 16:07:00,2026-02-21 16:07:00
9440,9440,Cash,73.26,Success,2025-10-07 10:35:30,2025-10-08 10:35:30
9441,9441,Google Pay,44.29,Success,2025-11-13 06:46:47,2025-12-10 06:46:47
9442,9442,Apple Pay,19.47,Success,2026-06-21 12:48:37,2026-07-14 12:48:37
9443,9443,Debit Card,4.55,Success,2026-07-14 13:39:54,2026-07-25 13:39:54
9444,9444,Apple Pay,14.02,Success,2025-08-10 10:05:22,2025-09-04 10:05:22
9445,9445,Debit Card,53.54,Success,2025-09-05 04:11:03,2025-09-14 04:11:03
9446,9446,Cash,90.73,Success,2026-05-31 15:05:40,2026-06-21 15:05:40
9447,9447,Apple Pay,70.94,Success,2025-12-22 21:35:12,2026-01-20 21:35:12
9448,9448,Cash,39.7,Success,2026-02-10 10:45:38,2026-02-24 10:45:38
9449,9449,Debit Card,50.65,Success,2025-08-13 14:07:59,2025-08-23 14:07:59
9450,9450,Debit Card,3.86,Success,2026-02-21 01:21:55,2026-02-27 01:21:55
9451,9451,Debit Card,20.8,Success,2025-09-17 09:17:24,2025-10-05 09:17:24
9452,9452,Apple Pay,56.0,Success,2026-03-23 07:55:00,2026-04-19 07:55:00
9453,9453,Credit Card,4.87,Success,2025-09-28 17:42:55,2025-10-28 17:42:55
9454,9454,Credit Card,78.54,Success,2025-09-09 05:45:29,2025-09-15 05:45:29
9455,9455,Debit Card,70.94,Success,2025-07-27 04:10:33,2025-08-02 04:10:33
9456,9456,Credit Card,18.71,Success,2025-10-20 23:02:57,2025-10-30 23:02:57
9457,9457,Google Pay,3.13,Success,2025-12-23 03:48:56,2026-01-02 03:48:56
9458,9458,Credit Card,40.67,Success,2026-04-18 16:01:05,2026-04-19 16:01:05
9459,9459,Cash,71.83,Success,2026-04-04 02:57:14,2026-04-11 02:57:14
9460,9460,Cash,44.54,Success,2025-10-24 11:35:56,2025-11-02 11:35:56
9461,9461,Debit Card,95.18,Success,2025-09-28 22:54:11,2025-10-25 22:54:11
9462,9462,Apple Pay,65.71,Success,2025-08-25 02:12:29,2025-09-18 02:12:29
9463,9463,Debit Card,76.41,Success,2026-03-10 09:43:43,2026-03-27 09:43:43
9464,9464,Apple Pay,97.5,Success,2026-05-06 12:26:22,2026-05-11 12:26:22
9465,9465,Debit Card,19.25,Success,2025-12-25 13:42:01,2026-01-03 13:42:01
9466,9466,Debit Card,61.99,Success,2026-01-07 05:47:08,2026-01-16 05:47:08
9467,9467,Apple Pay,57.53,Success,2026-04-30 09:10:03,2026-05-06 09:10:03
9468,9468,Cash,92.37,Success,2025-08-29 12:03:37,2025-09-26 12:03:37
9469,9469,Cash,22.55,Success,2025-07-23 04:12:19,2025-08-02 04:12:19
9470,9470,Apple Pay,41.33,Success,2026-07-06 22:13:24,2026-07-19 22:13:24
9471,9471,Google Pay,83.97,Success,2025-12-29 18:58:48,2026-01-25 18:58:48
9472,9472,Cash,74.73,Success,2025-10-03 11:16:30,2025-10-25 11:16:30
9473,9473,Google Pay,38.45,Success,2025-08-01 10:29:03,2025-08-21 10:29:03
9474,9474,Google Pay,19.9,Success,2025-08-09 15:36:26,2025-08-19 15:36:26
9475,9475,Debit Card,87.08,Success,2025-11-11 16:58:19,2025-12-05 16:58:19
9476,9476,Cash,17.1,Success,2025-12-10 06:02:08,2025-12-29 06:02:08
9477,9477,Cash,21.05,Success,2026-07-05 02:44:44,2026-07-17 02:44:44
9478,9478,Google Pay,70.45,Success,2026-02-04 17:05:42,2026-02-20 17:05:42
9479,9479,Google Pay,15.15,Success,2026-01-20 15:49:38,2026-01-29 15:49:38
9480,9480,Debit Card,8.5,Success,2025-10-30 04:16:55,2025-11-29 04:16:55
9481,9481,Credit Card,77.99,Success,2026-05-04 14:07:17,2026-05-21 14:07:17
9482,9482,Credit Card,44.85,Success,2025-08-29 23:19:26,2025-08-31 23:19:26
9483,9483,Debit Card,40.07,Success,2026-07-07 06:08:40,2026-07-15 06:08:40
9484,9484,Google Pay,37.1,Success,2025-11-11 05:10:20,2025-12-02 05:10:20
9485,9485,Apple Pay,31.73,Success,2026-07-06 03:39:12,2026-07-25 03:39:12
9486,9486,Credit Card,70.57,Success,2025-07-21 07:43:39,2025-08-07 07:43:39
9487,9487,Cash,82.5,Success,2026-07-10 22:34:28,2026-08-03 22:34:28
9488,9488,Apple Pay,36.38,Success,2026-01-28 13:36:49,2026-02-19 13:36:49
9489,9489,Google Pay,8.02,Success,2025-11-27 19:17:18,2025-12-08 19:17:18
9490,9490,Apple Pay,23.66,Success,2025-09-18 12:07:07,2025-10-10 12:07:07
9491,9491,Apple Pay,4.51,Success,2025-09-13 20:00:59,2025-10-06 20:00:59
9492,9492,Credit Card,32.78,Success,2026-04-15 05:42:52,2026-04-21 05:42:52
9493,9493,Apple Pay,48.44,Success,2026-01-29 20:03:20,2026-02-12 20:03:20
9494,9494,Cash,121.7,Success,2026-04-11 04:07:30,2026-05-07 04:07:30
9495,9495,Credit Card,97.0,Success,2026-02-21 14:50:49,2026-03-22 14:50:49
9496,9496,Credit Card,3.53,Success,2026-04-12 18:09:21,2026-05-01 18:09:21
9497,9497,Credit Card,115.65,Success,2025-10-26 21:38:05,2025-11-23 21:38:05
9498,9498,Apple Pay,52.67,Success,2026-06-05 19:47:13,2026-06-29 19:47:13
9499,9499,Cash,17.0,Success,2026-03-01 20:10:53,2026-03-24 20:10:53
9500,9500,Cash,36.08,Success,2025-11-13 14:31:59,2025-12-10 14:31:59
9501,9501,Google Pay,43.77,Success,2025-11-04 15:05:46,2025-11-29 15:05:46
9502,9502,Google Pay,88.61,Success,2026-04-25 04:41:14,2026-05-05 04:41:14
9503,9503,Google Pay,27.46,Success,2026-04-18 01:25:33,2026-04-28 01:25:33
9504,9504,Debit Card,30.7,Success,2026-07-05 21:33:25,2026-07-19 21:33:25
9505,9505,Cash,75.42,Success,2026-07-16 15:34:37,2026-08-04 15:34:37
9506,9506,Debit Card,30.8,Success,2026-04-23 03:18:58,2026-05-08 03:18:58
9507,9507,Cash,10.09,Success,2026-07-11 14:11:10,2026-07-27 14:11:10
9508,9508,Cash,63.44,Success,2025-09-18 14:57:27,2025-10-08 14:57:27
9509,9509,Credit Card,120.37,Success,2026-01-23 09:28:22,2026-02-03 09:28:22
9510,9510,Apple Pay,80.64,Success,2026-04-19 17:12:41,2026-04-29 17:12:41
9511,9511,Google Pay,11.59,Success,2025-09-10 12:32:29,2025-09-14 12:32:29
9512,9512,Credit Card,97.68,Success,2026-06-23 09:50:45,2026-06-29 09:50:45
9513,9513,Debit Card,58.25,Success,2026-01-09 05:45:30,2026-02-02 05:45:30
9514,9514,Cash,26.89,Success,2026-06-10 14:03:27,2026-06-13 14:03:27
9515,9515,Cash,32.96,Success,2025-12-27 12:07:37,2026-01-18 12:07:37
9516,9516,Google Pay,4.51,Success,2026-03-08 01:26:04,2026-03-23 01:26:04
9517,9517,Google Pay,35.63,Success,2025-12-18 04:16:16,2025-12-21 04:16:16
9518,9518,Apple Pay,15.42,Success,2026-06-12 15:44:08,2026-07-05 15:44:08
9519,9519,Cash,92.58,Success,2026-06-10 14:04:25,2026-06-11 14:04:25
9520,9520,Google Pay,32.88,Success,2025-12-04 03:10:41,2025-12-08 03:10:41
9521,9521,Google Pay,54.45,Success,2025-11-17 02:59:06,2025-11-19 02:59:06
9522,9522,Apple Pay,37.46,Success,2026-02-01 22:51:25,2026-02-15 22:51:25
9523,9523,Google Pay,65.88,Success,2026-06-09 12:08:57,2026-06-13 12:08:57
9524,9524,Apple Pay,59.47,Success,2026-04-17 17:49:02,2026-04-26 17:49:02
9525,9525,Credit Card,11.41,Success,2025-07-23 20:18:03,2025-07-25 20:18:03
9526,9526,Google Pay,6.47,Success,2025-07-29 15:06:58,2025-08-20 15:06:58
9527,9527,Google Pay,117.54,Success,2026-03-26 06:54:30,2026-03-28 06:54:30
9528,9528,Credit Card,15.6,Success,2026-07-07 19:01:27,2026-08-04 19:01:27
9529,9529,Apple Pay,66.82,Success,2026-03-19 17:39:29,2026-04-15 17:39:29
9530,9530,Google Pay,58.41,Success,2026-02-24 22:38:37,2026-03-01 22:38:37
9531,9531,Cash,14.63,Success,2026-04-13 09:24:54,2026-05-02 09:24:54
9532,9532,Google Pay,23.12,Success,2025-11-21 17:27:14,2025-12-16 17:27:14
9533,9533,Cash,95.82,Success,2026-06-12 11:04:21,2026-06-17 11:04:21
9534,9534,Cash,68.41,Success,2026-03-04 21:35:29,2026-04-02 21:35:29
9535,9535,Apple Pay,16.05,Success,2025-10-29 06:45:53,2025-11-15 06:45:53
9536,9536,Apple Pay,50.14,Success,2026-03-19 11:35:01,2026-03-30 11:35:01
9537,9537,Debit Card,105.24,Success,2025-09-09 23:47:34,2025-09-26 23:47:34
9538,9538,Cash,122.06,Success,2026-06-20 03:20:11,2026-07-01 03:20:11
9539,9539,Cash,28.48,Success,2026-05-01 10:13:01,2026-05-14 10:13:01
9540,9540,Cash,13.18,Success,2026-06-29 09:56:18,2026-07-19 09:56:18
9541,9541,Debit Card,50.85,Success,2026-06-08 09:37:44,2026-07-02 09:37:44
9542,9542,Debit Card,106.82,Success,2026-01-20 23:33:32,2026-02-08 23:33:32
9543,9543,Cash,33.46,Success,2026-05-07 11:43:45,2026-06-02 11:43:45
9544,9544,Credit Card,12.36,Success,2026-02-06 02:23:28,2026-02-15 02:23:28
9545,9545,Credit Card,31.7,Success,2025-11-21 18:26:03,2025-11-25 18:26:03
9546,9546,Credit Card,95.92,Success,2026-07-08 22:35:05,2026-07-18 22:35:05
9547,9547,Apple Pay,28.37,Success,2026-03-13 00:53:07,2026-04-10 00:53:07
9548,9548,Apple Pay,37.89,Success,2026-04-06 16:56:15,2026-04-18 16:56:15
9549,9549,Google Pay,109.81,Success,2025-09-10 09:13:34,2025-10-01 09:13:34
9550,9550,Debit Card,69.37,Success,2025-11-18 12:27:32,2025-12-07 12:27:32
9551,9551,Cash,21.59,Success,2026-05-01 19:55:15,2026-05-14 19:55:15
9552,9552,Cash,87.26,Success,2026-02-15 03:42:32,2026-03-04 03:42:32
9553,9553,Apple Pay,77.01,Success,2026-06-12 06:05:41,2026-06-26 06:05:41
9554,9554,Cash,93.86,Success,2026-01-24 19:57:30,2026-01-25 19:57:30
9555,9555,Apple Pay,69.01,Success,2026-05-24 16:09:35,2026-06-05 16:09:35
9556,9556,Google Pay,6.3,Success,2026-04-13 09:16:27,2026-04-29 09:16:27
9557,9557,Debit Card,27.61,Success,2025-09-05 23:04:38,2025-09-29 23:04:38
9558,9558,Debit Card,50.3,Success,2026-05-02 12:45:54,2026-05-29 12:45:54
9559,9559,Credit Card,46.66,Success,2026-01-09 06:04:32,2026-01-27 06:04:32
9560,9560,Credit Card,73.0,Success,2026-02-27 20:20:34,2026-03-19 20:20:34
9561,9561,Credit Card,2.88,Success,2026-06-01 04:12:43,2026-06-13 04:12:43
9562,9562,Google Pay,74.64,Success,2025-12-21 13:03:04,2026-01-17 13:03:04
9563,9563,Apple Pay,69.44,Success,2026-07-07 18:23:56,2026-07-31 18:23:56
9564,9564,Debit Card,20.55,Success,2025-11-16 14:28:33,2025-12-05 14:28:33
9565,9565,Google Pay,21.69,Success,2026-03-04 00:08:39,2026-03-23 00:08:39
9566,9566,Cash,28.33,Success,2026-01-19 18:39:07,2026-02-05 18:39:07
9567,9567,Cash,118.33,Success,2025-09-05 13:41:41,2025-09-23 13:41:41
9568,9568,Credit Card,83.99,Success,2026-02-01 14:46:37,2026-02-16 14:46:37
9569,9569,Google Pay,27.31,Success,2025-11-25 20:44:21,2025-11-30 20:44:21
9570,9570,Cash,36.51,Success,2026-02-07 19:43:21,2026-02-16 19:43:21
9571,9571,Apple Pay,42.02,Success,2026-05-04 02:54:13,2026-05-05 02:54:13
9572,9572,Cash,27.5,Success,2026-05-11 17:27:07,2026-05-20 17:27:07
9573,9573,Credit Card,52.3,Success,2026-07-15 20:45:50,2026-07-18 20:45:50
9574,9574,Debit Card,5.15,Success,2026-04-18 21:10:27,2026-05-13 21:10:27
9575,9575,Cash,63.76,Success,2026-06-04 00:56:08,2026-06-24 00:56:08
9576,9576,Debit Card,66.58,Success,2026-03-11 00:42:01,2026-04-04 00:42:01
9577,9577,Cash,101.56,Success,2026-01-17 03:23:51,2026-01-25 03:23:51
9578,9578,Google Pay,99.44,Success,2026-06-24 08:39:31,2026-07-21 08:39:31
9579,9579,Google Pay,41.72,Success,2026-03-30 08:18:22,2026-04-11 08:18:22
9580,9580,Apple Pay,93.33,Success,2026-02-08 02:21:24,2026-02-09 02:21:24
9581,9581,Debit Card,21.49,Success,2025-07-24 12:20:45,2025-08-16 12:20:45
9582,9582,Debit Card,131.64,Success,2026-06-07 04:10:33,2026-07-03 04:10:33
9583,9583,Debit Card,74.28,Success,2026-05-05 03:08:48,2026-05-16 03:08:48
9584,9584,Credit Card,98.48,Success,2026-03-28 23:13:14,2026-04-06 23:13:14
9585,9585,Credit Card,32.2,Success,2026-03-10 07:34:24,2026-03-22 07:34:24
9586,9586,Credit Card,31.73,Success,2026-03-10 20:29:25,2026-03-12 20:29:25
9587,9587,Debit Card,10.2,Success,2025-11-08 23:51:50,2025-11-10 23:51:50
9588,9588,Credit Card,90.78,Success,2026-06-25 02:18:11,2026-06-30 02:18:11
9589,9589,Credit Card,29.75,Success,2026-04-01 10:38:42,2026-04-22 10:38:42
9590,9590,Credit Card,103.85,Success,2025-10-10 12:08:14,2025-10-19 12:08:14
9591,9591,Debit Card,53.48,Success,2026-03-19 08:54:28,2026-03-31 08:54:28
9592,9592,Google Pay,58.0,Success,2025-11-30 18:29:15,2025-12-30 18:29:15
9593,9593,Credit Card,30.82,Success,2026-06-04 05:25:44,2026-06-14 05:25:44
9594,9594,Apple Pay,54.03,Success,2026-06-11 15:28:20,2026-06-12 15:28:20
9595,9595,Debit Card,120.85,Success,2025-11-11 13:01:45,2025-11-22 13:01:45
9596,9596,Google Pay,15.75,Success,2025-08-22 10:00:55,2025-08-28 10:00:55
9597,9597,Credit Card,8.42,Success,2026-07-10 17:59:11,2026-07-14 17:59:11
9598,9598,Google Pay,23.18,Success,2026-03-22 16:47:59,2026-04-08 16:47:59
9599,9599,Cash,109.78,Success,2025-09-17 04:40:37,2025-09-23 04:40:37
9600,9600,Credit Card,8.61,Success,2025-11-19 22:16:43,2025-12-05 22:16:43
9601,9601,Google Pay,51.21,Success,2026-02-28 08:53:50,2026-03-25 08:53:50
9602,9602,Apple Pay,11.26,Success,2025-11-29 22:51:00,2025-12-01 22:51:00
9603,9603,Apple Pay,43.15,Success,2026-04-27 21:10:48,2026-05-01 21:10:48
9604,9604,Cash,48.16,Success,2026-04-12 21:00:06,2026-05-01 21:00:06
9605,9605,Apple Pay,10.12,Success,2025-12-23 14:23:18,2026-01-11 14:23:18
9606,9606,Apple Pay,27.69,Success,2026-06-23 19:21:06,2026-07-23 19:21:06
9607,9607,Cash,57.54,Success,2026-06-04 20:29:12,2026-06-06 20:29:12
9608,9608,Apple Pay,19.54,Success,2026-07-14 19:44:53,2026-07-18 19:44:53
9609,9609,Debit Card,15.5,Success,2026-05-11 04:56:53,2026-06-05 04:56:53
9610,9610,Credit Card,31.15,Success,2025-11-13 01:17:29,2025-11-14 01:17:29
9611,9611,Google Pay,15.39,Success,2025-08-01 21:40:18,2025-08-23 21:40:18
9612,9612,Google Pay,81.64,Success,2025-07-31 15:23:08,2025-08-27 15:23:08
9613,9613,Debit Card,22.06,Success,2026-01-11 08:03:52,2026-01-22 08:03:52
9614,9614,Credit Card,121.27,Success,2025-09-12 05:13:20,2025-10-10 05:13:20
9615,9615,Debit Card,98.8,Success,2026-01-07 09:12:52,2026-01-19 09:12:52
9616,9616,Google Pay,100.7,Success,2025-11-21 23:19:23,2025-12-08 23:19:23
9617,9617,Debit Card,38.36,Success,2026-01-25 07:01:57,2026-02-03 07:01:57
9618,9618,Apple Pay,55.97,Success,2026-06-14 09:05:22,2026-06-27 09:05:22
9619,9619,Google Pay,49.21,Success,2026-02-20 05:45:21,2026-03-02 05:45:21
9620,9620,Google Pay,32.26,Success,2025-09-19 20:31:12,2025-10-11 20:31:12
9621,9621,Apple Pay,54.88,Success,2026-05-07 12:31:56,2026-05-27 12:31:56
9622,9622,Apple Pay,64.52,Success,2025-11-05 04:08:22,2025-11-28 04:08:22
9623,9623,Credit Card,98.95,Success,2026-05-14 16:08:09,2026-05-17 16:08:09
9624,9624,Credit Card,54.99,Success,2026-02-10 18:41:13,2026-02-24 18:41:13
9625,9625,Apple Pay,48.72,Success,2026-07-16 16:35:13,2026-07-29 16:35:13
9626,9626,Debit Card,54.13,Success,2025-10-07 22:22:26,2025-10-13 22:22:26
9627,9627,Apple Pay,48.22,Success,2025-10-24 17:30:46,2025-11-01 17:30:46
9628,9628,Google Pay,37.8,Success,2026-05-10 16:07:03,2026-05-28 16:07:03
9629,9629,Google Pay,77.32,Success,2026-04-21 23:08:26,2026-05-06 23:08:26
9630,9630,Apple Pay,93.65,Success,2026-03-11 20:48:30,2026-03-24 20:48:30
9631,9631,Debit Card,56.34,Success,2026-06-14 10:47:14,2026-06-24 10:47:14
9632,9632,Google Pay,19.48,Success,2026-03-26 14:47:35,2026-04-16 14:47:35
9633,9633,Google Pay,65.37,Success,2025-07-31 15:16:08,2025-08-27 15:16:08
9634,9634,Credit Card,31.97,Success,2026-06-27 09:57:49,2026-07-10 09:57:49
9635,9635,Debit Card,87.42,Success,2025-11-05 01:40:09,2025-12-05 01:40:09
9636,9636,Debit Card,8.35,Success,2026-07-10 11:28:56,2026-07-21 11:28:56
9637,9637,Cash,101.42,Success,2025-09-27 13:37:59,2025-10-07 13:37:59
9638,9638,Cash,79.74,Success,2025-09-01 00:14:49,2025-09-12 00:14:49
9639,9639,Cash,27.61,Success,2026-01-28 07:35:15,2026-01-29 07:35:15
9640,9640,Cash,63.61,Success,2026-06-29 22:00:02,2026-07-25 22:00:02
9641,9641,Apple Pay,12.65,Success,2025-09-08 23:43:41,2025-09-26 23:43:41
9642,9642,Debit Card,48.04,Success,2025-12-25 21:16:46,2025-12-29 21:16:46
9643,9643,Debit Card,14.22,Success,2025-12-17 02:04:27,2025-12-21 02:04:27
9644,9644,Apple Pay,52.96,Success,2025-07-21 17:12:52,2025-07-27 17:12:52
9645,9645,Google Pay,9.62,Success,2026-01-25 07:11:52,2026-01-27 07:11:52
9646,9646,Debit Card,61.82,Success,2026-02-04 21:06:25,2026-02-19 21:06:25
9647,9647,Cash,18.51,Success,2026-06-27 11:18:23,2026-07-08 11:18:23
9648,9648,Cash,81.96,Success,2025-10-12 22:04:40,2025-10-13 22:04:40
9649,9649,Apple Pay,73.26,Success,2025-10-04 16:03:11,2025-10-14 16:03:11
9650,9650,Debit Card,20.91,Success,2026-02-01 05:15:34,2026-02-10 05:15:34
9651,9651,Debit Card,83.37,Success,2025-08-08 19:29:17,2025-08-09 19:29:17
9652,9652,Google Pay,32.32,Success,2026-02-20 19:07:56,2026-03-11 19:07:56
9653,9653,Credit Card,58.12,Success,2026-01-20 14:55:25,2026-02-13 14:55:25
9654,9654,Google Pay,15.12,Success,2026-01-01 22:16:57,2026-01-28 22:16:57
9655,9655,Cash,52.29,Success,2025-10-19 18:58:48,2025-11-09 18:58:48
9656,9656,Apple Pay,39.25,Success,2025-11-11 21:50:36,2025-12-11 21:50:36
9657,9657,Credit Card,57.73,Success,2026-04-08 05:48:13,2026-04-30 05:48:13
9658,9658,Apple Pay,17.63,Success,2025-12-12 05:27:34,2026-01-02 05:27:34
9659,9659,Apple Pay,119.46,Success,2025-09-07 14:28:42,2025-09-14 14:28:42
9660,9660,Google Pay,65.1,Success,2025-11-14 10:12:31,2025-11-26 10:12:31
9661,9661,Google Pay,59.14,Success,2026-02-27 08:05:16,2026-03-10 08:05:16
9662,9662,Google Pay,90.92,Success,2025-11-02 23:55:47,2025-11-13 23:55:47
9663,9663,Credit Card,19.28,Success,2025-07-24 22:35:21,2025-07-31 22:35:21
9664,9664,Debit Card,78.91,Success,2025-12-20 05:47:13,2025-12-21 05:47:13
9665,9665,Debit Card,52.51,Success,2025-09-16 04:11:46,2025-10-10 04:11:46
9666,9666,Apple Pay,105.31,Success,2025-08-08 06:36:46,2025-09-01 06:36:46
9667,9667,Apple Pay,25.16,Success,2026-02-15 04:32:37,2026-03-04 04:32:37
9668,9668,Cash,79.43,Success,2025-08-31 09:55:50,2025-09-25 09:55:50
9669,9669,Apple Pay,27.18,Success,2025-08-18 12:56:49,2025-08-29 12:56:49
9670,9670,Credit Card,69.41,Success,2025-08-24 02:23:56,2025-09-17 02:23:56
9671,9671,Apple Pay,56.71,Success,2025-11-18 09:19:15,2025-12-18 09:19:15
9672,9672,Google Pay,2.14,Success,2025-09-18 02:09:18,2025-10-15 02:09:18
9673,9673,Credit Card,51.37,Success,2026-02-11 03:10:05,2026-02-17 03:10:05
9674,9674,Credit Card,42.4,Success,2025-10-15 17:10:18,2025-11-12 17:10:18
9675,9675,Cash,24.6,Success,2026-03-02 10:01:11,2026-03-21 10:01:11
9676,9676,Google Pay,117.59,Success,2025-08-10 22:26:34,2025-08-11 22:26:34
9677,9677,Credit Card,106.11,Success,2026-02-20 22:53:22,2026-03-05 22:53:22
9678,9678,Credit Card,39.05,Success,2025-09-11 13:28:16,2025-09-24 13:28:16
9679,9679,Credit Card,14.9,Success,2026-03-14 11:47:56,2026-03-20 11:47:56
9680,9680,Cash,15.1,Success,2025-11-15 06:12:46,2025-12-04 06:12:46
9681,9681,Google Pay,71.03,Success,2025-11-26 08:41:56,2025-11-28 08:41:56
9682,9682,Google Pay,62.39,Success,2026-04-02 06:04:18,2026-05-01 06:04:18
9683,9683,Cash,24.34,Success,2026-04-03 14:15:48,2026-04-04 14:15:48
9684,9684,Credit Card,33.32,Success,2026-03-08 13:24:21,2026-03-23 13:24:21
9685,9685,Debit Card,121.53,Success,2025-12-04 22:58:21,2025-12-16 22:58:21
9686,9686,Debit Card,56.97,Success,2025-12-20 01:33:25,2025-12-24 01:33:25
9687,9687,Google Pay,29.16,Success,2026-06-27 10:27:17,2026-07-15 10:27:17
9688,9688,Google Pay,66.95,Success,2026-05-15 15:38:25,2026-05-22 15:38:25
9689,9689,Apple Pay,10.66,Success,2025-08-01 02:19:48,2025-08-24 02:19:48
9690,9690,Google Pay,84.38,Success,2025-08-27 02:12:44,2025-09-05 02:12:44
9691,9691,Google Pay,68.23,Success,2026-05-22 21:08:18,2026-06-12 21:08:18
9692,9692,Google Pay,84.52,Success,2026-05-09 20:11:45,2026-05-12 20:11:45
9693,9693,Cash,87.94,Success,2026-05-24 00:09:17,2026-06-22 00:09:17
9694,9694,Google Pay,99.72,Success,2026-02-04 13:35:40,2026-03-01 13:35:40
9695,9695,Credit Card,31.29,Success,2025-12-02 23:03:11,2025-12-24 23:03:11
9696,9696,Google Pay,58.82,Success,2025-10-10 06:46:38,2025-11-06 06:46:38
9697,9697,Debit Card,27.03,Success,2025-07-26 23:23:04,2025-08-10 23:23:04
9698,9698,Debit Card,16.93,Success,2025-10-11 05:01:23,2025-10-31 05:01:23
9699,9699,Debit Card,18.18,Success,2026-05-05 07:37:26,2026-05-31 07:37:26
9700,9700,Apple Pay,20.37,Success,2026-05-30 14:31:09,2026-06-11 14:31:09
9701,9701,Credit Card,36.93,Success,2025-11-23 12:16:49,2025-11-30 12:16:49
9702,9702,Debit Card,98.69,Success,2025-12-25 17:19:05,2026-01-22 17:19:05
9703,9703,Credit Card,56.05,Success,2025-08-03 08:40:57,2025-08-15 08:40:57
9704,9704,Apple Pay,18.38,Success,2025-08-19 21:58:03,2025-09-09 21:58:03
9705,9705,Cash,36.3,Success,2026-02-01 20:58:00,2026-02-22 20:58:00
9706,9706,Cash,78.5,Success,2025-12-22 00:28:00,2026-01-20 00:28:00
9707,9707,Credit Card,67.75,Success,2026-01-05 05:43:41,2026-01-29 05:43:41
9708,9708,Google Pay,15.46,Success,2025-10-31 20:26:36,2025-11-02 20:26:36
9709,9709,Google Pay,41.18,Success,2025-09-09 19:02:32,2025-09-20 19:02:32
9710,9710,Apple Pay,14.66,Success,2026-02-09 12:05:13,2026-02-22 12:05:13
9711,9711,Cash,37.9,Success,2025-09-12 23:32:04,2025-09-16 23:32:04
9712,9712,Debit Card,61.36,Success,2025-11-05 13:15:46,2025-11-17 13:15:46
9713,9713,Credit Card,29.44,Success,2026-03-06 00:27:28,2026-04-04 00:27:28
9714,9714,Cash,17.69,Success,2026-04-20 23:46:16,2026-04-21 23:46:16
9715,9715,Debit Card,81.22,Success,2025-07-29 07:11:05,2025-08-13 07:11:05
9716,9716,Google Pay,67.75,Success,2025-12-05 19:03:37,2025-12-12 19:03:37
9717,9717,Cash,95.95,Success,2025-08-16 01:23:30,2025-08-28 01:23:30
9718,9718,Cash,86.46,Success,2025-07-23 23:13:11,2025-07-27 23:13:11
9719,9719,Google Pay,31.59,Success,2026-02-04 09:46:02,2026-03-02 09:46:02
9720,9720,Apple Pay,59.24,Success,2025-09-15 20:25:28,2025-09-16 20:25:28
9721,9721,Apple Pay,87.6,Success,2026-05-08 04:57:05,2026-05-24 04:57:05
9722,9722,Credit Card,71.02,Success,2025-10-05 22:54:35,2025-11-02 22:54:35
9723,9723,Cash,54.77,Success,2025-12-02 07:51:39,2025-12-07 07:51:39
9724,9724,Debit Card,96.57,Success,2026-06-16 12:21:57,2026-06-19 12:21:57
9725,9725,Credit Card,9.1,Success,2026-07-18 22:31:17,2026-07-23 22:31:17
9726,9726,Apple Pay,22.89,Success,2026-01-13 15:39:17,2026-02-11 15:39:17
9727,9727,Debit Card,2.68,Success,2025-12-10 09:49:35,2025-12-14 09:49:35
9728,9728,Google Pay,29.78,Success,2025-08-01 17:21:53,2025-08-19 17:21:53
9729,9729,Debit Card,99.11,Success,2026-02-07 16:15:11,2026-02-25 16:15:11
9730,9730,Google Pay,26.84,Success,2026-01-24 23:17:04,2026-01-29 23:17:04
9731,9731,Cash,132.29,Success,2025-08-19 04:19:09,2025-08-20 04:19:09
9732,9732,Debit Card,11.59,Success,2025-12-06 04:21:18,2025-12-09 04:21:18
9733,9733,Debit Card,18.39,Success,2026-05-08 11:19:21,2026-05-20 11:19:21
9734,9734,Google Pay,44.06,Success,2026-05-09 05:43:51,2026-06-02 05:43:51
9735,9735,Apple Pay,18.22,Success,2026-07-13 11:51:58,2026-07-27 11:51:58
9736,9736,Cash,46.11,Success,2026-01-15 11:22:33,2026-01-23 11:22:33
9737,9737,Apple Pay,40.86,Success,2025-08-17 10:48:20,2025-09-02 10:48:20
9738,9738,Google Pay,63.7,Success,2026-06-07 21:32:11,2026-06-14 21:32:11
9739,9739,Debit Card,86.66,Success,2026-05-06 05:14:39,2026-05-25 05:14:39
9740,9740,Debit Card,25.91,Success,2025-12-05 00:59:23,2025-12-06 00:59:23
9741,9741,Credit Card,127.5,Success,2025-11-09 15:07:25,2025-11-20 15:07:25
9742,9742,Google Pay,7.2,Success,2025-12-24 11:38:25,2026-01-05 11:38:25
9743,9743,Debit Card,100.69,Success,2025-11-10 23:44:45,2025-11-17 23:44:45
9744,9744,Debit Card,28.77,Success,2025-11-27 07:42:22,2025-12-01 07:42:22
9745,9745,Google Pay,13.31,Success,2025-07-20 14:17:07,2025-08-12 14:17:07
9746,9746,Credit Card,49.72,Success,2025-11-09 20:38:20,2025-11-21 20:38:20
9747,9747,Google Pay,43.42,Success,2026-05-15 06:43:58,2026-06-08 06:43:58
9748,9748,Credit Card,124.17,Success,2026-04-22 10:36:20,2026-05-13 10:36:20
9749,9749,Google Pay,69.94,Success,2026-01-05 22:42:59,2026-01-21 22:42:59
9750,9750,Debit Card,59.27,Success,2025-09-11 15:41:55,2025-09-28 15:41:55
9751,9751,Credit Card,54.59,Success,2026-02-06 21:32:24,2026-03-02 21:32:24
9752,9752,Google Pay,3.71,Success,2026-03-16 13:47:30,2026-03-20 13:47:30
9753,9753,Google Pay,65.63,Success,2026-02-08 20:52:34,2026-02-23 20:52:34
9754,9754,Google Pay,105.94,Success,2026-05-06 00:47:35,2026-05-26 00:47:35
9755,9755,Cash,56.39,Success,2026-06-04 09:33:59,2026-06-06 09:33:59
9756,9756,Credit Card,27.34,Success,2026-04-20 18:09:27,2026-04-28 18:09:27
9757,9757,Google Pay,29.32,Success,2025-07-30 06:41:43,2025-08-26 06:41:43
9758,9758,Credit Card,29.6,Success,2025-12-15 11:17:18,2025-12-19 11:17:18
9759,9759,Debit Card,86.35,Success,2025-10-20 20:04:54,2025-11-18 20:04:54
9760,9760,Debit Card,53.68,Success,2025-09-24 02:02:22,2025-10-07 02:02:22
9761,9761,Google Pay,37.33,Success,2026-05-10 01:20:17,2026-05-23 01:20:17
9762,9762,Debit Card,6.87,Success,2026-01-31 22:21:39,2026-02-08 22:21:39
9763,9763,Cash,6.66,Success,2026-01-22 04:28:48,2026-02-10 04:28:48
9764,9764,Credit Card,21.5,Success,2026-02-07 10:19:45,2026-02-13 10:19:45
9765,9765,Google Pay,38.57,Success,2026-02-23 05:22:42,2026-03-22 05:22:42
9766,9766,Apple Pay,6.92,Success,2026-06-10 16:31:40,2026-06-15 16:31:40
9767,9767,Credit Card,48.28,Success,2025-10-26 02:23:32,2025-11-25 02:23:32
9768,9768,Google Pay,101.89,Success,2025-11-26 20:36:31,2025-12-04 20:36:31
9769,9769,Cash,50.64,Success,2025-09-23 15:45:19,2025-10-19 15:45:19
9770,9770,Google Pay,118.61,Success,2026-01-08 10:31:00,2026-01-21 10:31:00
9771,9771,Credit Card,17.57,Success,2026-05-28 23:24:02,2026-06-18 23:24:02
9772,9772,Credit Card,69.02,Success,2025-07-28 06:59:32,2025-07-30 06:59:32
9773,9773,Debit Card,66.29,Success,2026-04-14 21:54:27,2026-04-17 21:54:27
9774,9774,Debit Card,18.74,Success,2026-06-01 20:37:31,2026-06-16 20:37:31
9775,9775,Google Pay,28.07,Success,2025-10-28 03:45:14,2025-11-27 03:45:14
9776,9776,Cash,34.64,Success,2025-10-24 10:57:28,2025-11-02 10:57:28
9777,9777,Credit Card,57.14,Success,2025-12-11 10:30:46,2025-12-12 10:30:46
9778,9778,Google Pay,112.07,Success,2026-02-27 17:03:47,2026-03-28 17:03:47
9779,9779,Google Pay,15.45,Success,2026-06-15 14:44:21,2026-07-15 14:44:21
9780,9780,Google Pay,102.42,Success,2025-10-26 09:59:00,2025-11-01 09:59:00
9781,9781,Cash,48.16,Success,2026-01-09 05:41:12,2026-01-29 05:41:12
9782,9782,Credit Card,23.11,Success,2026-05-05 17:52:40,2026-05-11 17:52:40
9783,9783,Debit Card,82.19,Success,2026-02-01 06:14:18,2026-02-23 06:14:18
9784,9784,Cash,40.68,Success,2026-04-11 15:05:54,2026-05-09 15:05:54
9785,9785,Google Pay,89.1,Success,2026-04-13 04:14:01,2026-04-29 04:14:01
9786,9786,Credit Card,17.26,Success,2025-08-08 02:51:48,2025-08-19 02:51:48
9787,9787,Credit Card,3.66,Success,2026-03-17 15:11:09,2026-03-21 15:11:09
9788,9788,Cash,30.81,Success,2026-04-11 05:56:14,2026-04-19 05:56:14
9789,9789,Credit Card,24.48,Success,2026-04-26 07:48:13,2026-04-30 07:48:13
9790,9790,Apple Pay,44.07,Success,2026-03-15 02:06:23,2026-03-31 02:06:23
9791,9791,Cash,20.98,Success,2025-07-26 19:26:49,2025-08-24 19:26:49
9792,9792,Debit Card,83.31,Success,2026-05-15 22:36:08,2026-06-06 22:36:08
9793,9793,Credit Card,42.89,Success,2025-10-28 08:47:26,2025-11-13 08:47:26
9794,9794,Debit Card,26.99,Success,2026-04-22 07:11:44,2026-05-03 07:11:44
9795,9795,Cash,55.06,Success,2025-12-15 03:19:53,2026-01-09 03:19:53
9796,9796,Debit Card,69.81,Success,2025-10-07 00:56:19,2025-10-31 00:56:19
9797,9797,Apple Pay,60.73,Success,2026-02-03 13:03:51,2026-02-15 13:03:51
9798,9798,Apple Pay,26.13,Success,2025-09-23 08:35:59,2025-10-05 08:35:59
9799,9799,Google Pay,95.14,Success,2026-06-13 03:41:47,2026-06-22 03:41:47
9800,9800,Credit Card,63.08,Success,2026-01-19 04:22:11,2026-01-24 04:22:11
9801,9801,Debit Card,61.88,Success,2025-12-09 17:56:04,2025-12-22 17:56:04
9802,9802,Debit Card,118.84,Success,2026-02-15 19:41:55,2026-02-25 19:41:55
9803,9803,Credit Card,54.71,Success,2025-09-16 09:44:07,2025-09-25 09:44:07
9804,9804,Cash,46.8,Success,2025-09-21 19:45:38,2025-10-19 19:45:38
9805,9805,Apple Pay,11.85,Success,2025-09-28 17:22:19,2025-10-02 17:22:19
9806,9806,Google Pay,29.74,Success,2026-07-13 13:51:12,2026-07-23 13:51:12
9807,9807,Cash,95.87,Success,2026-03-30 20:38:44,2026-04-20 20:38:44
9808,9808,Cash,21.78,Success,2026-05-14 01:32:47,2026-05-23 01:32:47
9809,9809,Debit Card,18.39,Success,2025-12-06 05:03:32,2026-01-02 05:03:32
9810,9810,Google Pay,62.83,Success,2025-07-29 10:58:47,2025-08-28 10:58:47
9811,9811,Debit Card,81.61,Success,2026-04-11 09:53:52,2026-05-02 09:53:52
9812,9812,Credit Card,65.24,Success,2025-08-10 14:31:53,2025-08-24 14:31:53
9813,9813,Debit Card,105.69,Success,2025-08-22 09:46:28,2025-09-07 09:46:28
9814,9814,Debit Card,17.53,Success,2025-10-18 16:05:15,2025-10-28 16:05:15
9815,9815,Apple Pay,58.58,Success,2025-12-25 08:58:11,2025-12-30 08:58:11
9816,9816,Credit Card,101.17,Success,2026-03-27 13:35:49,2026-03-30 13:35:49
9817,9817,Credit Card,55.7,Success,2025-08-24 07:44:14,2025-09-08 07:44:14
9818,9818,Apple Pay,11.9,Success,2026-01-02 10:24:48,2026-01-20 10:24:48
9819,9819,Debit Card,36.28,Success,2026-05-16 12:56:31,2026-05-23 12:56:31
9820,9820,Credit Card,101.69,Success,2025-11-29 18:08:48,2025-12-28 18:08:48
9821,9821,Credit Card,30.18,Success,2026-06-30 21:51:53,2026-07-03 21:51:53
9822,9822,Apple Pay,3.3,Success,2026-02-09 08:55:00,2026-03-11 08:55:00
9823,9823,Cash,16.52,Success,2025-09-17 13:41:19,2025-09-24 13:41:19
9824,9824,Credit Card,57.55,Success,2025-11-25 01:19:56,2025-12-06 01:19:56
9825,9825,Credit Card,93.69,Success,2026-01-07 01:38:05,2026-01-18 01:38:05
9826,9826,Apple Pay,85.88,Success,2025-12-05 15:29:16,2025-12-29 15:29:16
9827,9827,Credit Card,103.59,Success,2025-10-30 11:59:44,2025-11-08 11:59:44
9828,9828,Credit Card,20.14,Success,2025-09-07 15:03:02,2025-09-12 15:03:02
9829,9829,Apple Pay,65.3,Success,2026-07-03 15:05:57,2026-07-18 15:05:57
9830,9830,Google Pay,43.74,Success,2026-07-08 15:26:58,2026-07-12 15:26:58
9831,9831,Debit Card,18.99,Success,2026-02-18 14:50:19,2026-02-27 14:50:19
9832,9832,Credit Card,82.02,Success,2026-04-11 19:31:44,2026-04-20 19:31:44
9833,9833,Google Pay,63.31,Success,2026-07-11 06:22:24,2026-07-19 06:22:24
9834,9834,Cash,32.83,Success,2026-03-03 11:02:21,2026-03-09 11:02:21
9835,9835,Credit Card,32.82,Success,2025-12-21 14:35:31,2026-01-10 14:35:31
9836,9836,Cash,74.81,Success,2026-02-09 15:00:07,2026-02-12 15:00:07
9837,9837,Google Pay,54.88,Success,2025-11-11 10:58:13,2025-12-07 10:58:13
9838,9838,Debit Card,6.5,Success,2025-08-21 01:11:31,2025-09-16 01:11:31
9839,9839,Apple Pay,10.61,Success,2026-07-14 06:48:32,2026-08-03 06:48:32
9840,9840,Apple Pay,72.64,Success,2026-03-19 15:05:09,2026-04-01 15:05:09
9841,9841,Debit Card,88.83,Success,2026-05-31 23:28:20,2026-06-14 23:28:20
9842,9842,Debit Card,7.03,Success,2025-07-24 18:01:15,2025-08-16 18:01:15
9843,9843,Credit Card,76.12,Success,2025-08-16 12:32:25,2025-08-23 12:32:25
9844,9844,Cash,64.38,Success,2025-08-26 05:22:30,2025-09-09 05:22:30
9845,9845,Credit Card,65.92,Success,2026-02-19 23:55:47,2026-03-20 23:55:47
9846,9846,Apple Pay,44.28,Success,2026-03-16 01:27:35,2026-03-25 01:27:35
9847,9847,Cash,70.94,Success,2026-02-13 16:20:15,2026-02-14 16:20:15
9848,9848,Cash,87.55,Success,2026-01-29 18:00:47,2026-02-02 18:00:47
9849,9849,Debit Card,40.66,Success,2026-04-11 14:37:26,2026-05-05 14:37:26
9850,9850,Apple Pay,17.62,Success,2025-11-11 07:05:11,2025-11-26 07:05:11
9851,9851,Google Pay,42.18,Success,2025-11-09 05:06:19,2025-11-12 05:06:19
9852,9852,Credit Card,21.56,Success,2025-08-13 04:04:12,2025-09-04 04:04:12
9853,9853,Google Pay,5.37,Success,2025-08-07 02:30:09,2025-08-15 02:30:09
9854,9854,Google Pay,4.18,Success,2025-08-25 09:01:44,2025-09-21 09:01:44
9855,9855,Credit Card,49.16,Success,2026-04-17 03:10:51,2026-05-02 03:10:51
9856,9856,Apple Pay,61.01,Success,2025-12-31 23:35:39,2026-01-09 23:35:39
9857,9857,Apple Pay,67.1,Success,2026-06-21 16:57:16,2026-07-12 16:57:16
9858,9858,Debit Card,30.74,Success,2026-03-14 20:57:26,2026-03-16 20:57:26
9859,9859,Google Pay,75.57,Success,2026-01-22 19:36:42,2026-02-19 19:36:42
9860,9860,Debit Card,45.23,Success,2025-12-21 22:15:06,2025-12-23 22:15:06
9861,9861,Cash,104.81,Success,2025-07-30 06:32:22,2025-08-15 06:32:22
9862,9862,Cash,102.9,Success,2025-11-07 07:49:37,2025-12-03 07:49:37
9863,9863,Cash,41.49,Success,2026-02-05 02:51:22,2026-02-23 02:51:22
9864,9864,Apple Pay,13.06,Success,2025-08-23 18:38:32,2025-08-26 18:38:32
9865,9865,Debit Card,78.35,Success,2025-10-26 01:18:15,2025-11-20 01:18:15
9866,9866,Debit Card,33.94,Success,2026-03-16 10:39:11,2026-04-01 10:39:11
9867,9867,Debit Card,12.79,Success,2026-05-23 13:31:21,2026-06-14 13:31:21
9868,9868,Apple Pay,52.2,Success,2026-04-30 15:34:55,2026-05-09 15:34:55
9869,9869,Credit Card,56.54,Success,2025-09-09 23:53:12,2025-10-02 23:53:12
9870,9870,Apple Pay,46.41,Success,2026-03-09 23:18:41,2026-03-18 23:18:41
9871,9871,Credit Card,116.61,Success,2025-10-19 10:50:35,2025-11-14 10:50:35
9872,9872,Credit Card,14.34,Success,2025-10-11 20:11:31,2025-11-04 20:11:31
9873,9873,Debit Card,43.08,Success,2026-01-17 03:05:49,2026-02-01 03:05:49
9874,9874,Cash,82.12,Success,2025-09-08 19:25:45,2025-09-27 19:25:45
9875,9875,Apple Pay,20.91,Success,2025-08-01 08:14:28,2025-08-09 08:14:28
9876,9876,Apple Pay,8.03,Success,2025-12-23 17:15:31,2026-01-03 17:15:31
9877,9877,Credit Card,61.71,Success,2026-05-24 07:38:07,2026-06-09 07:38:07
9878,9878,Cash,47.06,Success,2025-12-08 11:35:59,2025-12-31 11:35:59
9879,9879,Apple Pay,36.21,Success,2025-12-31 06:38:07,2026-01-21 06:38:07
9880,9880,Apple Pay,19.5,Success,2026-01-28 06:08:32,2026-02-26 06:08:32
9881,9881,Apple Pay,43.8,Success,2026-05-18 19:36:38,2026-05-19 19:36:38
9882,9882,Credit Card,104.31,Success,2026-06-25 07:49:47,2026-07-06 07:49:47
9883,9883,Cash,85.06,Success,2025-11-08 09:32:57,2025-11-17 09:32:57
9884,9884,Cash,36.91,Success,2025-08-25 08:47:55,2025-09-09 08:47:55
9885,9885,Apple Pay,20.66,Success,2025-12-13 15:34:21,2025-12-17 15:34:21
9886,9886,Debit Card,12.65,Success,2025-08-06 15:03:33,2025-08-24 15:03:33
9887,9887,Debit Card,47.03,Success,2026-05-15 04:38:04,2026-05-24 04:38:04
9888,9888,Google Pay,26.55,Success,2025-09-11 19:18:47,2025-09-17 19:18:47
9889,9889,Google Pay,51.02,Success,2025-10-30 18:12:32,2025-11-14 18:12:32
9890,9890,Google Pay,86.45,Success,2026-07-17 07:27:40,2026-07-31 07:27:40
9891,9891,Debit Card,39.64,Success,2025-09-13 23:02:10,2025-09-21 23:02:10
9892,9892,Debit Card,39.06,Success,2025-09-14 10:22:04,2025-10-12 10:22:04
9893,9893,Debit Card,14.85,Success,2026-02-23 18:35:26,2026-02-28 18:35:26
9894,9894,Debit Card,134.41,Success,2025-12-14 03:22:05,2026-01-12 03:22:05
9895,9895,Google Pay,74.72,Success,2026-03-01 16:44:55,2026-03-15 16:44:55
9896,9896,Apple Pay,66.53,Success,2025-11-27 21:54:16,2025-12-20 21:54:16
9897,9897,Apple Pay,28.21,Success,2026-03-04 04:12:58,2026-03-11 04:12:58
9898,9898,Cash,45.88,Success,2026-01-18 19:07:18,2026-02-06 19:07:18
9899,9899,Google Pay,44.33,Success,2025-09-09 04:03:57,2025-09-22 04:03:57
9900,9900,Google Pay,27.1,Success,2026-06-02 06:32:33,2026-06-21 06:32:33
9901,9901,Google Pay,59.45,Success,2026-02-03 10:38:52,2026-02-13 10:38:52
9902,9902,Cash,97.98,Success,2026-03-09 15:14:14,2026-03-27 15:14:14
9903,9903,Google Pay,34.42,Success,2025-12-07 03:08:38,2025-12-24 03:08:38
9904,9904,Debit Card,8.03,Success,2026-01-08 04:29:46,2026-01-18 04:29:46
9905,9905,Debit Card,92.02,Success,2025-11-18 08:10:50,2025-11-23 08:10:50
9906,9906,Credit Card,16.01,Success,2026-05-20 12:59:39,2026-06-14 12:59:39
9907,9907,Google Pay,80.4,Success,2025-12-28 15:16:51,2026-01-06 15:16:51
9908,9908,Google Pay,79.33,Success,2025-10-06 11:55:35,2025-10-16 11:55:35
9909,9909,Credit Card,86.36,Success,2025-08-27 08:57:10,2025-09-11 08:57:10
9910,9910,Google Pay,58.21,Success,2025-09-11 17:45:59,2025-09-12 17:45:59
9911,9911,Apple Pay,87.0,Success,2026-02-04 14:46:43,2026-02-07 14:46:43
9912,9912,Cash,34.0,Success,2026-01-13 18:48:53,2026-02-09 18:48:53
9913,9913,Google Pay,55.73,Success,2026-06-28 20:36:12,2026-07-07 20:36:12
9914,9914,Cash,77.36,Success,2026-03-11 04:28:11,2026-03-13 04:28:11
9915,9915,Debit Card,84.61,Success,2026-03-01 15:30:50,2026-03-23 15:30:50
9916,9916,Debit Card,57.49,Success,2025-09-21 00:41:13,2025-10-21 00:41:13
9917,9917,Apple Pay,45.01,Success,2025-10-24 23:05:04,2025-11-15 23:05:04
9918,9918,Apple Pay,16.34,Success,2026-03-27 19:15:44,2026-04-23 19:15:44
9919,9919,Google Pay,44.57,Success,2025-11-13 04:02:38,2025-11-19 04:02:38
9920,9920,Debit Card,108.51,Success,2025-07-22 23:30:29,2025-08-06 23:30:29
9921,9921,Credit Card,51.22,Success,2026-05-05 07:55:22,2026-05-18 07:55:22
9922,9922,Cash,28.16,Success,2026-05-01 07:10:22,2026-05-20 07:10:22
9923,9923,Cash,8.92,Success,2026-02-11 12:15:14,2026-02-25 12:15:14
9924,9924,Debit Card,65.17,Success,2025-11-24 11:19:56,2025-12-20 11:19:56
9925,9925,Cash,5.93,Success,2025-09-07 02:19:08,2025-10-05 02:19:08
9926,9926,Debit Card,68.45,Success,2026-03-31 21:19:39,2026-04-10 21:19:39
9927,9927,Google Pay,21.46,Success,2025-12-24 17:55:54,2026-01-04 17:55:54
9928,9928,Apple Pay,92.38,Success,2026-02-17 13:10:32,2026-02-28 13:10:32
9929,9929,Apple Pay,34.85,Success,2026-05-11 18:46:09,2026-05-21 18:46:09
9930,9930,Google Pay,49.58,Success,2025-12-16 01:20:43,2026-01-15 01:20:43
9931,9931,Google Pay,55.79,Success,2026-04-26 18:29:00,2026-05-15 18:29:00
9932,9932,Google Pay,72.91,Success,2026-06-17 08:13:49,2026-06-24 08:13:49
9933,9933,Apple Pay,83.18,Success,2026-04-16 04:43:01,2026-05-16 04:43:01
9934,9934,Credit Card,45.32,Success,2025-08-27 16:59:23,2025-09-05 16:59:23
9935,9935,Apple Pay,85.6,Success,2025-11-22 22:50:02,2025-12-06 22:50:02
9936,9936,Cash,135.84,Success,2026-01-23 13:24:59,2026-02-14 13:24:59
9937,9937,Debit Card,107.89,Success,2026-01-04 14:23:11,2026-01-27 14:23:11
9938,9938,Credit Card,110.36,Success,2026-07-13 04:19:30,2026-08-09 04:19:30
9939,9939,Cash,75.73,Success,2025-08-19 11:43:18,2025-09-04 11:43:18
9940,9940,Debit Card,52.67,Success,2026-03-03 08:54:22,2026-04-01 08:54:22
9941,9941,Cash,46.47,Success,2025-11-05 23:04:45,2025-11-11 23:04:45
9942,9942,Apple Pay,12.07,Success,2026-06-30 12:54:55,2026-07-09 12:54:55
9943,9943,Google Pay,21.37,Success,2026-05-15 13:44:22,2026-05-18 13:44:22
9944,9944,Credit Card,19.37,Success,2026-03-08 01:11:47,2026-04-01 01:11:47
9945,9945,Credit Card,30.98,Success,2025-12-01 05:16:49,2025-12-14 05:16:49
9946,9946,Google Pay,117.44,Success,2026-05-02 21:03:14,2026-05-10 21:03:14
9947,9947,Cash,13.51,Success,2026-01-25 22:03:15,2026-02-11 22:03:15
9948,9948,Credit Card,35.43,Success,2026-03-31 00:33:39,2026-04-23 00:33:39
9949,9949,Debit Card,42.91,Success,2026-06-15 01:53:17,2026-07-11 01:53:17
9950,9950,Credit Card,71.96,Success,2026-03-22 14:55:13,2026-03-31 14:55:13
9951,9951,Google Pay,55.29,Success,2025-12-20 10:20:24,2025-12-23 10:20:24
9952,9952,Cash,16.64,Success,2025-08-21 06:09:37,2025-09-16 06:09:37
9953,9953,Credit Card,43.09,Success,2025-12-27 10:53:06,2026-01-09 10:53:06
9954,9954,Debit Card,49.16,Success,2025-08-15 19:46:45,2025-09-01 19:46:45
9955,9955,Debit Card,61.19,Success,2025-10-08 12:17:34,2025-10-28 12:17:34
9956,9956,Apple Pay,42.17,Success,2026-04-03 04:38:56,2026-04-04 04:38:56
9957,9957,Google Pay,28.88,Success,2026-06-08 03:26:15,2026-07-05 03:26:15
9958,9958,Debit Card,18.22,Success,2026-05-23 10:36:47,2026-06-03 10:36:47
9959,9959,Debit Card,49.37,Success,2026-01-17 20:34:55,2026-01-23 20:34:55
9960,9960,Apple Pay,55.12,Success,2026-05-22 11:27:35,2026-05-24 11:27:35
9961,9961,Apple Pay,58.59,Success,2026-06-18 06:21:06,2026-06-21 06:21:06
9962,9962,Debit Card,87.27,Success,2026-01-01 06:28:58,2026-01-06 06:28:58
9963,9963,Google Pay,57.24,Success,2025-10-10 21:09:28,2025-11-05 21:09:28
9964,9964,Cash,23.97,Success,2025-12-24 21:15:44,2026-01-22 21:15:44
9965,9965,Cash,31.44,Success,2025-10-19 22:23:10,2025-11-03 22:23:10
9966,9966,Google Pay,45.99,Success,2025-10-14 00:07:18,2025-11-10 00:07:18
9967,9967,Cash,54.2,Success,2026-03-17 06:24:58,2026-04-16 06:24:58
9968,9968,Apple Pay,53.04,Success,2025-08-22 05:21:42,2025-08-31 05:21:42
9969,9969,Apple Pay,37.54,Success,2026-06-12 18:49:46,2026-07-12 18:49:46
9970,9970,Apple Pay,32.72,Success,2026-06-29 22:06:52,2026-07-29 22:06:52
9971,9971,Apple Pay,73.01,Success,2025-10-30 20:13:53,2025-11-23 20:13:53
9972,9972,Debit Card,50.91,Success,2026-03-02 01:49:46,2026-03-13 01:49:46
9973,9973,Debit Card,91.28,Success,2026-06-22 05:28:43,2026-06-26 05:28:43
9974,9974,Credit Card,111.75,Success,2026-03-29 21:40:15,2026-04-23 21:40:15
9975,9975,Credit Card,7.42,Success,2025-08-21 11:57:07,2025-09-04 11:57:07
9976,9976,Cash,39.99,Success,2026-04-10 00:59:44,2026-05-03 00:59:44
9977,9977,Cash,62.53,Success,2025-08-25 07:28:25,2025-09-13 07:28:25
9978,9978,Debit Card,75.96,Success,2025-12-13 19:43:58,2026-01-10 19:43:58
9979,9979,Debit Card,50.15,Success,2025-07-26 01:11:19,2025-08-25 01:11:19
9980,9980,Google Pay,69.69,Success,2026-05-15 08:57:27,2026-05-25 08:57:27
9981,9981,Google Pay,101.38,Success,2026-07-19 12:08:25,2026-08-18 12:08:25
9982,9982,Cash,23.46,Success,2025-08-20 18:42:27,2025-09-12 18:42:27
9983,9983,Apple Pay,124.97,Success,2026-02-18 21:13:30,2026-03-02 21:13:30
9984,9984,Google Pay,84.94,Success,2026-05-27 06:00:50,2026-06-16 06:00:50
9985,9985,Cash,36.49,Success,2025-10-15 05:00:33,2025-11-04 05:00:33
9986,9986,Credit Card,95.22,Success,2025-12-21 07:33:29,2026-01-15 07:33:29
9987,9987,Cash,44.07,Success,2025-08-04 00:25:13,2025-08-08 00:25:13
9988,9988,Credit Card,99.67,Success,2026-05-31 21:13:35,2026-06-01 21:13:35
9989,9989,Google Pay,100.02,Success,2026-03-01 06:27:54,2026-03-25 06:27:54
9990,9990,Apple Pay,27.74,Success,2026-02-12 09:38:15,2026-03-11 09:38:15
9991,9991,Apple Pay,57.46,Success,2026-01-10 19:33:42,2026-01-29 19:33:42
9992,9992,Cash,74.21,Success,2026-06-03 00:08:46,2026-07-02 00:08:46
9993,9993,Cash,18.9,Success,2026-05-17 13:44:21,2026-06-01 13:44:21
9994,9994,Debit Card,42.0,Success,2025-12-26 00:10:35,2026-01-11 00:10:35
9995,9995,Google Pay,72.33,Success,2025-08-17 08:52:10,2025-08-22 08:52:10
9996,9996,Apple Pay,67.78,Success,2026-07-13 19:55:44,2026-07-27 19:55:44
9997,9997,Cash,7.33,Success,2026-01-03 17:24:04,2026-01-28 17:24:04
9998,9998,Google Pay,48.23,Success,2026-06-03 00:57:36,2026-06-06 00:57:36
9999,9999,Debit Card,11.97,Success,2025-09-18 03:38:09,2025-10-13 03:38:09
10000,10000,Credit Card,15.41,Success,2026-03-04 04:05:53,2026-03-11 04:05:53
